datetime,ghi,dni,dhi,temperature,relative_humidity,dew_point,wind_speed,wind_direction,surface_albedo,solar_zenith_angle,doy_sin,doy_cos,month_sin,month_cos,daylight_hours
2015-01-01,0.044062817760705,0.002398656752218757,0.09866048428645027,0.3445378151260503,0.7313606532356531,0.42314215232809127,0.20812720848056537,0.7295636910732197,1.0,0.9904681954391852,0.5086043202025801,0.9999306437314268,0.75,0.9330127018922194,0.0
2015-01-02,0.14246977742627953,0.2784040937075238,0.11360123647604328,0.3901043175891045,0.9126793345543345,0.5049337033610855,0.25159010600706716,0.6008024072216651,1.0,0.9886617218880835,0.5172026274050304,0.9997087252218304,0.75,0.9330127018922194,0.0
2015-01-03,0.08484916958535758,0.013912209162868793,0.18341061308603812,0.1743697478991596,0.48934803622303624,0.19680851063829785,0.48551236749116616,0.7907472417251757,1.0,0.986600216776826,0.5257958450994664,0.9993389340057308,0.75,0.9330127018922194,0.0
2015-01-04,0.2154558806914473,0.5157911569521068,0.05976300875837197,0.09403071573456961,0.43419948107448103,0.10638297872340419,0.3537102473498234,0.9009528585757274,1.0,0.98444307483051,0.5343814304145206,0.9988213795102985,0.75,0.9330127018922194,0.0
2015-01-05,0.06044514744096713,0.0880307028064284,0.09299330242143225,0.10279629093016512,0.5954670329670331,0.14893617021276595,0.22049469964664314,0.5965396188565697,1.0,0.9821690434191233,0.5429568427373694,0.998156214888235,0.75,0.9330127018922194,0.0
2015-01-06,0.12800813467404815,0.08875029983209402,0.2220504894384338,0.13372935381048962,0.5725223850223851,0.1756860931236509,0.41448763250883397,0.899824473420261,1.0,0.9797143646526258,0.5515195444655416,0.9973436369724538,0.75,0.9330127018922194,0.0
2015-01-07,0.21150152525138402,0.4341568721515951,0.06311179804224627,0.12713706172124012,0.49761523199023194,0.15209682392846136,0.2964664310954064,0.7054914744232699,1.0,0.9770896648460248,0.5600670017578351,0.996383886217833,0.75,0.9330127018922194,0.0
2015-01-08,0.15659247542650548,0.3206204525465739,0.09428129829984544,0.20935960591133,0.5922301078551078,0.25740055504162807,0.6791519434628975,0.8818956870611836,1.0,0.9744118334643908,0.5685966852841216,0.9952772466300619,0.75,0.9330127018922194,0.0
2015-01-09,0.22494633374759915,0.5353002318701526,0.05023183925811438,0.1264850767893363,0.47493131868131855,0.14700894233734196,0.3392226148409895,0.8109327983951855,1.0,0.9714683442075951,0.5771060709738164,0.9940240456815989,0.75,0.9330127018922194,0.0
2015-01-10,0.18528979776296464,0.3283761093787479,0.10793405461102526,0.1783541002607939,0.49697293447293445,0.20521122417514642,0.1318021201413428,0.5992978936810431,1.0,0.9684717233757678,0.585592640762791,0.9926246542147663,0.75,0.9330127018922194,0.0
2015-01-11,0.20076827477121229,0.4048133045494523,0.07727975270479134,0.18400463633729347,0.5642297517297516,0.22301880974406413,0.14487632508833925,0.7787111334002008,1.0,0.9652732025588162,0.5940538833385093,0.9910794863320134,0.75,0.9330127018922194,0.0
2015-01-12,0.22223477573155576,0.48093067881986085,0.05770221535291087,0.11004056795131834,0.6569431725681725,0.16736046870181925,0.196113074204947,0.42953861584754266,1.0,0.9618621554417355,0.6024872948831644,0.989388999273376,0.75,0.9330127018922194,0.0
2015-01-13,0.19624901141113998,0.35628048292955944,0.11076764554353427,0.22413793103448268,0.7699748168498168,0.30612087573234653,0.2837455830388693,0.6990972918756269,1.0,0.9584404820096486,0.6108903798146001,0.9875536932811722,0.75,0.9330127018922194,0.0
2015-01-14,0.04858208112077732,0.0006396418005916686,0.11051004636785164,0.37503622138510573,0.8425671550671552,0.477104532839963,0.2438162544169612,0.7517552657973923,0.9776643267389916,0.9548169085924378,0.6192606515247924,0.9855741114519722,0.75,0.9330127018922194,0.0
2015-01-15,0.21771551237148346,0.44103302150795554,0.07187017001545595,0.41212691973341053,0.8927999084249083,0.5242830712303422,0.20106007067137815,0.7397191574724173,0.9278876834716016,0.9510551930801436,0.6275956331156775,0.9834508395758876,0.75,0.9330127018922194,0.0
2015-01-16,0.15354197265845668,0.19908851043415687,0.14683153013910355,0.4204578383077368,0.8890733109483109,0.5326857847671909,0.22650176678445233,0.5283350050150453,0.8895979578813017,0.9471659617877712,0.6358928581321057,0.9811845059632269,0.75,0.9330127018922194,0.0
2015-01-17,0.2244944074115919,0.4607020068761493,0.060793405461102526,0.4825412923790205,0.7156084656084656,0.5607462226333642,0.5424028268551236,0.8434052156469409,0.7881301850670069,0.9430642041952688,0.6441498712917051,0.9787757812585678,0.75,0.9330127018922194,0.0
2015-01-18,0.20585244605129366,0.3497241544734948,0.1239052035033488,0.45052158794552294,0.8422046703296702,0.5540394696268887,0.10318021201413428,0.7220411233701105,0.8136566687938734,0.9388455571376957,0.6523642292114393,0.9762253782423029,0.75,0.9330127018922194,0.0
2015-01-19,0.10349113094565586,0.06644279203645957,0.18882019577537354,0.4922486235873659,0.8665674603174602,0.6032223250077089,0.3505300353356891,0.820085255767302,0.7791959157626037,0.9345312732450637,0.6605335011306435,0.9735340516197171,0.75,0.9330127018922194,0.0
2015-01-20,0.050502768048808044,0.0009594627008875029,0.11437403400309121,0.44588525065198487,0.9080242673992673,0.5641381436941104,0.25300353356890465,0.929789368104313,0.8410976388002552,0.9300363419973219,0.6686552696303258,0.9707025977976569,0.75,0.9330127018922194,0.125
2015-01-21,0.05965427635295446,0.009034940433357319,0.1246780010303967,0.36438713416401036,0.8330535205535206,0.4631514030218933,0.18197879858657245,0.8277331995987964,0.9521378430121249,0.9247338108090872,0.6767271313485206,0.9677318546488622,0.75,0.9330127018922194,0.125
2015-01-22,0.17772003163484354,0.3199808107459822,0.07393096342091705,0.4258186033033902,0.7513672669922669,0.5108695652173914,0.3204946996466431,0.6344032096288867,0.9221442246330566,0.9200901111512549,0.6847466976914816,0.9646227012640256,0.75,0.9330127018922194,0.125
2015-01-23,0.24946333747599145,0.5225073958583193,0.0674909840288511,0.4745001448855403,0.8845963064713065,0.5879586802343509,0.2964664310954064,0.8432798395185557,0.7702616464582003,0.9152338851932926,0.6927115955405055,0.9613760576916547,0.75,0.9330127018922194,0.125
2015-01-24,0.04711332052875382,0.0011993283761093786,0.10613086038124678,0.48181686467690515,0.9445398351648351,0.6088498304039469,0.3074204946996467,0.8689819458375128,0.7791959157626037,0.9103139013452917,0.700619467954176,0.9579928846658162,0.75,0.9330127018922194,0.125
2015-01-25,0.06360863179301773,0.0023187015271447986,0.14219474497681608,0.46348884381338734,0.8687042124542124,0.5746222633364169,0.2151943462897527,0.818455366098295,0.5864709636247606,0.9051388859371348,0.7084679748658202,0.9544741833218385,0.75,0.9330127018922194,0.125
2015-01-26,0.22618913117161904,0.36947309506676257,0.12442040185471406,0.5081135902636916,0.8474130036630036,0.6147086031452359,0.2445229681978799,0.7357071213640922,0.0657306955966816,0.8999532442139717,0.716254793775973,0.9508209949000599,0.75,0.9330127018922194,0.125
2015-01-27,0.19455428765111288,0.1658271368033901,0.26455435342606903,0.5100695450594029,0.9494810744810744,0.6369873573851372,0.1784452296819788,0.5902708124373119,0.0657306955966816,0.8945763288206914,0.7239776204396406,0.9470344004377083,0.75,0.9330127018922194,0.125
2015-01-28,0.05411817873686589,0.004077716478771888,0.11849562081401341,0.4755867864387133,0.902618793243793,0.5942799876657416,0.35512367491166086,0.9332998996990973,0.0657306955966816,0.8891144029073597,0.7316341695481653,0.9431155204490055,0.75,0.9330127018922194,0.25
2015-01-29,0.12371483448197945,0.0642840009594627,0.2385368366821226,0.38894523326572,0.5582074175824174,0.431236509404872,0.2893992932862191,0.7323219658976932,0.0657306955966816,0.8834293243788918,0.7392221754054835,0.9390655145935891,0.75,0.9330127018922194,0.25
2015-01-30,0.278499604564456,0.5719197249540258,0.06543019062339,0.4285714285714285,0.7518315018315018,0.5117175454825779,0.25159010600706716,0.5941574724172518,0.0657306955966816,0.8777867511104498,0.746739392598583,0.9348855813333501,0.75,0.9330127018922194,0.25
2015-01-31,0.1390803299062253,0.0461341648676741,0.25502318392581147,0.2770211532889017,0.464012260887261,0.2940949737897009,0.42226148409894004,0.12098796389167504,0.33822590938098274,0.8718785199668457,0.7541835966619558,0.9305769575777887,0.75,0.9330127018922194,0.25
2015-02-01,0.30188679245283023,0.5353002318701526,0.10175167439464194,0.16321356128658354,0.31304054741554743,0.14423373419673136,0.2296819787985866,0.5552908726178536,1.0,0.865906530933203,0.7615525847358539,0.9261409183179932,0.9330127018922193,0.75,0.25
2015-02-02,0.24878544797198057,0.35372191572719275,0.2274600721277692,0.2584758041147493,0.5713458994708993,0.30296022201665124,0.20883392226148417,0.7338264794383149,1.0,0.8598920366395335,0.7688441762181506,0.9215787762493497,0.9330127018922193,0.75,0.25
2015-02-03,0.12168116596994691,0.06876149356360438,0.17877382792375066,0.25528832222544184,0.667258089133089,0.31968855997533147,0.15971731448763254,0.601554663991976,1.0,0.8537181476207678,0.7760562134096158,0.9168918813830942,0.9330127018922193,0.75,0.25
2015-02-04,0.3083267427409332,0.5021188134644599,0.10175167439464194,0.1992900608519269,0.5688784595034595,0.23920752389762562,0.28091872791519434,0.7533851554663993,1.0,0.8474486217669432,0.7831865621524141,0.9120816206468223,0.9330127018922193,0.75,0.25
2015-02-05,0.3114902270929839,0.5696010234268809,0.08500772797527048,0.3627209504491451,0.7700447700447701,0.44950662966389143,0.1600706713780919,0.5611835506519558,0.9865985960433951,0.841062206448048,0.7902331124616363,0.9071494174740756,0.9330127018922193,0.75,0.25
2015-02-06,0.24392723985990286,0.27144798912608936,0.28490468830499743,0.4009707331208345,0.879438848188848,0.5087110699969164,0.18939929328621913,0.3324974924774323,0.9049138481174216,0.8346332858691259,0.7971937791496777,0.9020967313831245,0.9330127018922193,0.75,0.25
2015-02-07,0.2156818438594509,0.16110977852402653,0.28438948995363217,0.47392060272384806,0.9202978734228735,0.593432007400555,0.1554770318021202,0.5787362086258776,0.8123803446075303,0.8280662231951204,0.8040665024432789,0.8969250575450732,0.9330127018922193,0.75,0.25
2015-02-08,0.1025872782736414,0.0028783881026625087,0.2302936630602782,0.3915531729933352,0.8263634513634515,0.4915972864631514,0.12473498233215548,0.20649448345035107,0.9042756860242499,0.8213503921110235,0.810849248593046,0.8916359263414146,0.9330127018922193,0.75,0.25
2015-02-09,0.10959213648175348,0.02358679139681778,0.24265842349304484,0.3953201970443349,0.7912087912087911,0.488513721862473,0.23392226148409895,0.3001504513540622,0.9514996809189534,0.8145389241918686,0.8175400104752691,0.8862309029111658,0.9330127018922193,0.75,0.25
2015-02-10,0.12281098180996497,0.05189094107299912,0.24137042761463162,0.3810489713126629,0.7305466524216524,0.461917977181622,0.5113074204946996,0.7502507522567703,0.9349074664964899,0.8076849510126878,0.8241368081858635,0.8807115866877182,0.9330127018922193,0.75,0.25
2015-02-11,0.19873460625917977,0.11681458383305349,0.3848531684698609,0.21935670820052153,0.4916755698005699,0.24614554424915197,0.42296819787985873,0.6725175526579739,1.0,0.8006609567934029,0.8306376896262546,0.8750796109255397,0.9330127018922193,0.75,0.25
2015-02-12,0.09942379392159079,0.0037578955784760533,0.2220504894384338,0.23884381338742386,0.6248092185592184,0.29185938945420903,0.27526501766784456,0.5105315947843532,1.0,0.7936369625741184,0.8370407310810345,0.869336642216868,0.9330127018922193,0.75,0.25
2015-02-13,0.11354649192181673,0.03406092588150635,0.2478104070066976,0.3930020283975658,0.8773656898656896,0.5009250693802035,0.23038869257950534,0.6494483450351054,1.0,0.7865279578347817,0.843344037787222,0.8634843799985397,0.9330127018922193,0.75,0.25
2015-02-14,0.14981358038639703,0.007835612057247941,0.33024214322514167,0.17625325992465946,0.35827482702482705,0.16859389454209067,0.4282685512367492,0.2891173520561685,1.0,0.7792383057403356,0.8495457444949523,0.8575245560490985,0.9330127018922193,0.75,0.25
2015-02-15,0.23364591571573837,0.12512992724074518,0.3889747552807831,0.2944074181396696,0.6676205738705738,0.3580789392537774,0.20848056537102472,0.7792126379137412,1.0,0.7719911589059145,0.8556440160194346,0.8514589339763361,0.9330127018922193,0.75,0.25
2015-02-16,0.12970285843407525,0.003917806028623971,0.2900566718186502,0.30665024630541865,0.7024699837199837,0.3777366635831021,0.30388692579505305,0.9958625877632898,1.0,0.7645846173463964,0.8616370477840132,0.8452893086954099,0.9330127018922193,0.75,0.25
2015-02-17,0.3480962603095695,0.4214439913648357,0.2601751674394642,0.1887134164010431,0.4050162800162801,0.19372494603761953,0.5805653710247349,0.948470411233701,1.0,0.7571249442118466,0.8675230663541702,0.8390175058977003,0.9330127018922193,0.75,0.25
2015-02-18,0.41645011863066317,0.6395618453665947,0.13420917053065431,0.15415821501014193,0.4643175111925112,0.17160037002775208,0.18233215547703185,0.779839518555667,1.0,0.7495908868722503,0.8733003299623139,0.8326453815105587,0.9330127018922193,0.75,0.25
2015-02-19,0.26561970398824997,0.17174382345886302,0.3889747552807831,0.2787597797739785,0.5595110907610907,0.3199969164353993,0.27632508833922265,0.4961133400200602,0.9955328653477983,0.7420355769026417,0.8789671290231953,0.8261748211481089,0.9330127018922193,0.75,0.25
2015-02-20,0.15354197265845668,0.011193731510354202,0.3379701184956208,0.3919878296146044,0.9135314916564918,0.5078630897317299,0.25406360424028274,0.6223671013039118,0.9891512444160816,0.7343527511529553,0.8845217866398023,0.8196077395532636,0.9330127018922193,0.75,0.25
2015-02-21,0.28719918653259524,0.27432637722875186,0.3480164863472437,0.23717762967255862,0.476069647944648,0.2577860006167129,0.3862190812720849,0.6320210631895686,1.0,0.7265849148832166,0.8899626590995804,0.8129460800311208,0.9330127018922193,0.75,0.25
2015-02-22,0.44661620155914583,0.6661869353162229,0.12828438948995363,0.11206896551724127,0.37797619047619047,0.11000616712920136,0.21342756183745587,0.8592026078234705,1.0,0.7187958259834653,0.8952881363608334,0.8061918138739088,0.9330127018922193,0.75,0.25
2015-02-23,0.30380747938086095,0.11321659870472535,0.5195775373518805,0.32092147203709065,0.5115295584045584,0.3429694727104533,0.4477031802120141,0.7153961885656972,0.9687300574345884,0.7109961107687073,0.9004966425291608,0.7993469397776494,0.9330127018922193,0.75,0.25
2015-02-24,0.17048921025872782,0.010554089709762533,0.3750643997939207,0.3979281367719501,0.7008229039479039,0.469472710453284,0.3081272084805654,0.624874623871615,0.9240587109125716,0.703068879773872,0.9055866363237911,0.792413483250711,0.9330127018922193,0.75,0.25
2015-02-25,0.2914924867246639,0.20068761493563603,0.42967542503863987,0.24166908142567367,0.5166043447293448,0.2720474868948504,0.41342756183745594,0.5348545636910733,1.0,0.6951310224640301,0.9105566115336701,0.7853934960144285,0.9330127018922193,0.75,0.25
2015-02-26,0.4650321997514405,0.6661069800911489,0.12854198866563626,0.16632860040567948,0.4543523606023606,0.18108233117483807,0.230035335689046,0.9607572718154465,1.0,0.6864174441587143,0.9154050974631737,0.7782890553959659,0.9330127018922193,0.75,0.25
2015-02-27,0.4883064060558129,0.7410250259854481,0.1151468315301391,0.22609388583019407,0.4183836996336997,0.225254394079556,0.2597173144876326,0.5379889669007021,1.0,0.6784370815888465,0.9201306593673111,0.7711022637136017,0.9330127018922193,0.75,0.25
2015-02-28,0.40334425488645353,0.4136883345326617,0.3204533745492015,0.2706461895102868,0.5432755901505901,0.3056583410422448,0.2749116607773852,0.7473671013039118,1.0,0.6703823348139335,0.9247318988762877,0.7638352476546191,0.9330127018922193,0.75,0.25
2015-03-01,0.3327307648853237,0.0866714639801711,0.6692426584234932,0.3012894813097652,0.6318490537240538,0.35900400863398085,0.24699646643109546,0.793505516549649,1.0,0.6622850827789941,0.9292074544093061,0.7564901576459847,1.0,0.5,0.25
2015-03-02,0.4597220653033556,0.5538498440873111,0.21612570839773315,0.3755433207765864,0.6730642043142043,0.4372494603761949,0.38409893992932864,0.5732196589769307,0.7319719208679003,0.6535396255286594,0.9335560015774793,0.7490691672180035,1.0,0.5,0.375
2015-03-03,0.31702632470907244,0.13136643479651394,0.5981452859350851,0.2433352651405389,0.4195729039479039,0.2503083564600678,0.5515901060070671,0.9178786359077233,0.08104658583280161,0.6453042313986357,0.9377762535757386,0.7415744723611354,1.0,0.5,0.375
2015-03-04,0.48672466387978763,0.6087790837131206,0.20530654301906234,0.16198203419298746,0.35924145299145305,0.1536386062288005,0.32650176678445236,0.865972918756269,0.08104658583280161,0.6370900898986247,0.9418669615636207,0.7340082908761664,1.0,0.5,0.375
2015-03-05,0.4931646141678906,0.7038458463260574,0.1321483771251932,0.3144016227180526,0.48576770451770457,0.33271662041319766,0.26890459363957603,0.671765295887663,0.08104658583280161,0.6288865747136207,0.9458269150348186,0.7263728617179261,1.0,0.5,0.375
2015-03-06,0.2995141791887922,0.0932277924362357,0.5345182895414735,0.46348884381338734,0.7740193833943834,0.5472556275053962,0.22544169611307424,0.8416499498495487,0.08104658583280161,0.620651180583597,0.9496549421753908,0.7186704443327449,1.0,0.5,0.375
2015-03-07,0.4567845441193086,0.519149276405213,0.2302936630602782,0.48529411764705876,0.7703818172568173,0.5703052728954672,0.24558303886925797,0.873370110330993,0.08104658583280161,0.6123307759335219,0.9533499102105194,0.7109033179898466,1.0,0.5,0.375
2015-03-08,0.44390464354310244,0.540417366274886,0.28413189077794954,0.513474355259345,0.5954861111111112,0.5531144002466851,0.23144876325088343,0.7540120361083249,0.08104658583280161,0.6039784923384266,0.9569107257397163,0.7030737811068777,1.0,0.5,0.5
2015-03-09,0.5138402440402214,0.7369473095066762,0.12081401339515713,0.561721240220226,0.4525335775335776,0.5684551341350601,0.1763250883392226,0.7516298896690072,0.08104658583280161,0.5956474613733449,0.9603363350603784,0.6951841505697665,1.0,0.5,0.5
2015-03-10,0.5194893232403118,0.7192772047653314,0.12261720762493561,0.5575920023181685,0.4952177452177452,0.574390995991366,0.24664310954063612,0.7145185556670011,0.08104658583280161,0.5872207935732043,0.9636257244795952,0.6872367610471211,1.0,0.5,0.5
2015-03-11,0.44119308552705916,0.3845046773806668,0.3526532715095312,0.5734569689944943,0.522811100936101,0.6059975331483195,0.2526501766784453,0.5131644934804414,0.08104658583280161,0.5787941257730647,0.9667779206141163,0.6792339642993624,1.0,0.5,0.5
2015-03-12,0.4498926674951983,0.4049732149996002,0.4255538382277177,0.6241669081425673,0.5321911884411884,0.6537927844588344,0.1964664310954064,0.8571965897693079,0.08104658583280161,0.5703568316579175,0.9697919906783913,0.6711781284828007,1.0,0.5,0.5
2015-03-13,0.5482996271607727,0.7572559366754616,0.12751159196290573,0.5859171254708779,0.5782394688644688,0.6217237126117792,0.24770318021201415,0.9058425275827484,0.08104658583280161,0.5618664059677383,0.9726670427605966,0.6630716374488601,1.0,0.5,0.5
2015-03-14,0.4542989492712688,0.40697209562644915,0.3683668212261721,0.6396696609678354,0.3721446377696378,0.6162503854455751,0.3618374558303888,0.5941574724172518,0.08104658583280161,0.5533653539625525,0.975402226086566,0.6549168900386584,1.0,0.5,0.5
2015-03-15,0.44435656987910976,0.3548412888782282,0.37171561051004637,0.7047232686177919,0.4728136446886446,0.7201665124884367,0.21484098939929336,0.5664493480441324,0.08104658583280161,0.5448961809023865,0.9779967312715485,0.6467162993731514,1.0,0.5,0.5
2015-03-16,0.1702632470907242,0.02910370192692092,0.35059247810407007,0.5117357287742682,0.5934765466015466,0.5619025593586185,0.3113074204946997,0.2106318956870612,0.08104658583280161,0.5363526236371752,0.9804497905597181,0.6384722921390523,1.0,0.5,0.5
2015-03-17,0.4557677098632923,0.29231630287039256,0.5025759917568264,0.45820052158794544,0.4162151505901506,0.45783225408572303,0.07137809187279152,0.5752256770310933,0.08104658583280161,0.5278409453169828,0.9827606780513657,0.6301873078707345,1.0,0.5,0.5
2015-03-18,0.05897638684894363,0.0007195970256656272,0.13317877382792376,0.4787742683280208,0.6339794464794464,0.5373882207832255,0.34169611307420494,0.3702357071213641,0.2820676451818761,0.5192867617367649,0.9849287099177038,0.6218637982283358,1.0,0.5,0.5
2015-03-19,0.2831318495085301,0.19836891340849122,0.4739824832560536,0.5136916835699796,0.5914797008547008,0.5598982423681776,0.26537102473498236,0.8131895687061184,0.5692405871091257,0.5107750834165725,0.986953244603223,0.6135042262722716,1.0,0.5,0.5
2015-03-20,0.4775731555756412,0.44615015591268886,0.21792890262751158,0.5410750507099391,0.5908946377696378,0.5876503237742831,0.27279151943462904,0.5327231695085255,0.08104658583280161,0.502263405096381,0.988833683015538,0.6051110657343766,1.0,0.5,0.5
2015-03-21,0.41532030279064514,0.24202446629887261,0.5530654301906235,0.48022312373225146,0.5341816748066747,0.5124113475177305,0.372791519434629,0.3470411233701104,0.08104658583280161,0.49373047414617544,0.9905694687026694,0.5966868002858867,1.0,0.5,0.5
2015-03-22,0.2186193650434979,0.015591268889421923,0.4706336939721793,0.4327731092436974,0.5999313186813187,0.4821924144310823,0.3113074204946997,0.39129889669007023,0.08104658583280161,0.4852187958259835,0.9921600880177063,0.5882339228024817,1.0,0.5,0.5
2015-03-23,0.5546265958648741,0.49404333573199005,0.36913961875322,0.5235439003187481,0.6260302197802199,0.5773203823620104,0.20459363957597176,0.45611835506519566,0.08104658583280161,0.47672837013580427,0.9936050702708027,0.5797549346266023,1.0,0.5,0.5
2015-03-24,0.23048243136368773,0.1299272407451827,0.3580628541988666,0.5382497826716892,0.6551371082621082,0.6041473943879124,0.6314487632508834,0.6587261785356069,0.13465220165922143,0.46822731813061846,0.9949039878684625,0.5712523448272637,1.0,0.5,0.5
2015-03-25,0.33431250706134896,0.04589429919245223,0.6669242658423493,0.4706606780643291,0.5078729141229142,0.49606845513413506,0.426148409893993,0.9136158475426279,0.21123165283982126,0.45972626612543266,0.9960564564400708,0.5627286694575813,1.0,0.5,0.5
2015-03-26,0.38673596203818783,0.08731110578076277,0.7256568778979908,0.468197623877137,0.48199023199023194,0.4912118408880666,0.14063604240282684,0.27382146439317956,0.08104658583280161,0.45124646675026003,0.997062134951636,0.5541864308102296,1.0,0.5,0.5
2015-03-27,0.3288893910292623,0.08259374750139921,0.5991756826378156,0.5057954216169226,0.6423547517297516,0.5657570151094665,0.28586572438162544,0.4984954864593782,0.08104658583280161,0.4427985463201072,0.9979207258067064,0.5456281566710555,1.0,0.5,0.5
2015-03-28,0.5504462772568072,0.49444311185735984,0.2606903657908295,0.6068530860620109,0.5902269027269029,0.6466234967622572,0.4342756183745584,0.5660732196589771,0.08104658583280161,0.4343825048349732,0.998631974934435,0.5370563795710666,1.0,0.5,0.5
2015-03-29,0.6636538244266185,0.8208203406092588,0.1396187532199897,0.6068530860620109,0.4403807997557997,0.601063829787234,0.4226148409893994,0.8660982948846541,0.08104658583280161,0.4253713897094764,0.9991956718647619,0.528473636037013,1.0,0.5,0.5
2015-03-30,0.6430911761382895,0.6875349804109698,0.22900566718186505,0.6388727904955085,0.3807170838420839,0.6214153561517114,0.35123674911660785,0.8225927783350051,0.08104658583280161,0.4170084797993754,0.9996116497906962,0.5198824658407896,1.0,0.5,0.5
2015-03-31,0.6443339735623094,0.7035260254257615,0.2153529108706852,0.6833526514053896,0.3096446377696378,0.6425377736663583,0.17067137809187283,0.437061183550652,0.08104658583280161,0.4087518330393385,0.9998797856176773,0.5112854112478764,1.0,0.5,0.5
2015-04-01,0.47271494746356346,0.3159830494922843,0.5332302936630604,0.6442335554911619,0.37903820716320713,0.6339808818994758,0.48162544169611315,0.8045386158475427,0.08104658583280161,0.4004526810192761,1.0,0.5026850162650404,0.9330127018922194,0.2500000000000001,0.5
2015-04-02,0.41283470794260535,0.17782042056448388,0.7259144770736734,0.4849319037960011,0.41121667684167684,0.48781991982732037,0.5197879858657244,0.8722417251755266,0.08104658583280161,0.39215352899921374,0.9999722573642948,0.49408382588752436,0.9330127018922194,0.2500000000000001,0.625
2015-04-03,0.5137272624562196,0.38010714000159906,0.6522411128284389,0.4939872500724427,0.3809587403337402,0.4781837804502004,0.2289752650176679,0.8421514543630892,0.08104658583280161,0.3839393874992032,0.9997965659200537,0.4854843853459405,0.9330127018922194,0.2500000000000001,0.625
2015-04-04,0.6459157157383346,0.5430558887023267,0.43353941267387947,0.5621558968414951,0.33981990231990233,0.5292938637064446,0.10671378091872792,0.4434553660982949,0.08104658583280161,0.37576775125921813,0.9994729776572018,0.476889239353097,0.9330127018922194,0.2500000000000001,0.625
2015-04-05,0.5832109366173314,0.42744063324538256,0.4778464708912931,0.49079976818313525,0.5341498778998778,0.5249768732654949,0.42791519434628983,0.20649448345035107,0.08104658583280161,0.36757486238922077,0.999001588330712,0.4683009313509757,0.9330127018922194,0.2500000000000001,0.625
2015-04-06,0.38763981471020226,0.07507795634444711,0.7539927872230809,0.4808026658939437,0.36938466625966615,0.47363552266419984,0.39681978798586587,0.19458375125376132,0.08104658583280161,0.3594563577242682,0.9983825374322698,0.45972200275808717,0.9330127018922194,0.2500000000000001,0.625
2015-04-07,0.2362444921477799,0.020548492844007355,0.503606388459557,0.5095624456679223,0.685382326007326,0.5803268578476719,0.15936395759717314,0.4285356068204614,0.08104658583280161,0.35138035831934156,0.9976160081489959,0.4511549922174234,0.9330127018922194,0.2500000000000001,0.625
2015-04-08,0.15670545701050728,0.016230910690013593,0.3482740855229263,0.5180382497826717,0.7495230463980465,0.6009096515572001,0.17950530035335693,0.24824473420260784,0.08551372048500316,0.34330435891441535,0.9967022273092373,0.4426024348452336,0.9330127018922194,0.2500000000000001,0.625
2015-04-09,0.603999548073664,0.5136323658751099,0.49098402885110765,0.5733845262242827,0.4799743080993081,0.5766265803268579,0.3544169611307421,0.7917502507522569,0.10082961072112312,0.3353452489745603,0.995641465315446,0.4340668614808413,0.9330127018922194,0.2500000000000001,0.625
2015-04-10,0.7444356569879109,0.8480850723594786,0.18675940236991243,0.5763546798029556,0.2895299145299145,0.5221245760098674,0.08409893992932864,0.7008525576730191,0.11167836630504147,0.32738613903470526,0.9944340360641617,0.42555079793772954,0.9330127018922194,0.2500000000000001,0.625
2015-04-11,0.7061349000112982,0.6843367714080115,0.27614631633178777,0.6900173862648507,0.2318630443630444,0.612473018809744,0.22049469964664314,0.5337261785356069,0.11167836630504147,0.3194907869848893,0.9930802968531257,0.41705676425611093,0.9330127018922194,0.2500000000000001,0.625
2015-04-12,0.35634391594170156,0.11185735987846805,0.6749098402885112,0.6304694291509706,0.33884055759055753,0.5940487203206907,0.4240282685512368,0.857948846539619,0.11167836630504147,0.3116379401950993,0.9915806482755501,0.4085872739572076,0.9330127018922194,0.2500000000000001,0.625
2015-04-13,0.7713252739803412,0.8583193411689454,0.20324574961360126,0.6043900318748188,0.17849511599511603,0.5043169904409497,0.2833922261484099,0.7703109327983952,0.11167836630504147,0.3038382249803413,0.9899355341015761,0.4001448332994602,0.9330127018922194,0.2500000000000001,0.625
2015-04-14,0.7569766128121116,0.8123450867514191,0.25502318392581147,0.7100115908432337,0.10017933455433459,0.5732346592661116,0.5406360424028269,0.43179538615847546,0.1072112316528398,0.2961022676556224,0.988145441146955,0.39173194053688476,0.9330127018922194,0.2500000000000001,0.625
2015-04-15,0.7243249350355891,0.6804989206044615,0.3086038124678001,0.7142132715155027,0.24701745014245025,0.6503237742830712,0.503886925795053,0.47417251755265805,0.09636247606892151,0.2878243682655728,0.986210899128992,0.3833510851798006,0.9330127018922194,0.2500000000000001,0.625
2015-04-16,0.64749745791436,0.5317822019668985,0.4015971148892324,0.6512605042016806,0.41943935693935686,0.6409959913660191,0.22190812720848063,0.4438314944834504,0.09636247606892151,0.28021592672093165,0.9841324805097938,0.37500474725814276,0.9330127018922194,0.2500000000000001,0.625
2015-04-17,0.7400293752118404,0.6449188454465499,0.43894899536321486,0.6703853955375253,0.1776048026048026,0.5746993524514339,0.115547703180212,0.5915245737211636,0.10082961072112312,0.27268186938133576,0.9819108003268686,0.36669539658758177,0.9330127018922194,0.2500000000000001,0.625
2015-04-18,0.2911535419726584,0.03550011993283761,0.6303451828954147,0.6514778325123152,0.5132847476597477,0.667977181621955,0.1837455830388693,0.5678284854563691,0.11167836630504147,0.26522219624678556,0.9795465160111259,0.35842549203866586,0.9330127018922194,0.2500000000000001,0.625
2015-04-19,0.5002824539600045,0.23386903334132883,0.7885110767645545,0.5679513184584177,0.49670584045584043,0.5929694727104533,0.5222614840989399,0.9257773319959881,0.1072112316528398,0.2578369073172806,0.9770403271923322,0.35019748080920077,0.9330127018922194,0.2500000000000001,0.625
2015-04-20,0.8260083606372162,0.874470296633885,0.2403400309119011,0.5386844392929585,0.21999007936507942,0.4444187480727721,0.4597173144876326,0.940320962888666,0.09636247606892151,0.2504728710177888,0.9743929754920799,0.34201379770008533,0.9330127018922194,0.2500000000000001,0.625
2015-04-21,0.8103039204609649,0.816582713680339,0.3011334363730036,0.5144885540423065,0.3446212352462352,0.48674067221708295,0.2731448763250884,0.7429789368104314,0.09636247606892151,0.24321509786836115,0.9716052443043288,0.3338768643948147,0.9330127018922194,0.2500000000000001,0.75
2015-04-22,0.8177607050050841,0.8398496841768609,0.26867594023699126,0.550709939148073,0.16564916564916565,0.46091581868640147,0.07738515901060071,0.34227683049147445,0.10082961072112312,0.23601045629396644,0.9686779585635876,0.32578908874286405,0.9330127018922194,0.2500000000000001,0.75
2015-04-23,0.595751892441532,0.37842808027504593,0.6718186501803194,0.5764271225731671,0.254718660968661,0.517113783533765,0.31978798586572443,0.3434052156469409,0.11167836630504147,0.22891207786963674,0.9656119845008027,0.31775286404716896,0.9330127018922194,0.2500000000000001,0.75
2015-04-24,0.7994576883967913,0.8148236987287119,0.26481195260175167,0.6391625615763545,0.533965455840456,0.6640456367560901,0.23674911660777387,0.18079237713139418,0.11614550095724313,0.22188808365035184,0.9624082293870257,0.3097705683559071,0.9330127018922194,0.2500000000000001,0.75
2015-04-25,0.17037622867472602,0.024546254097705285,0.3773827923750644,0.6256157635467979,0.7347120472120472,0.7116867098365711,0.2558303886925795,0.31018054162487463,0.12699425654116148,0.21490659469109286,0.9590676412649386,0.3018445637587963,0.9330127018922194,0.2500000000000001,0.75
2015-04-26,0.2955598237487289,0.05588870232669704,0.562596599690881,0.6578527962909301,0.6466600529100528,0.7191643539932162,0.15971731448763254,0.34816950852557677,0.11805998723675809,0.20804199519690547,0.9555912086683114,0.2939771956881142,0.9330127018922194,0.2500000000000001,0.75
2015-04-27,0.2270929838436335,0.0028783881026625087,0.5115919629057186,0.6056940017386264,0.7013189356939356,0.6842429848905335,0.17102473498233217,0.8768806419257775,0.09636247606892151,0.20119864833273127,0.9519799603294798,0.2861707922246466,0.9330127018922194,0.2500000000000001,0.75
2015-04-28,0.8321093661733138,0.8071479971216119,0.330757341576507,0.6599536366270645,0.3705929487179488,0.6222633364168979,0.04840989399293287,0.7502507522567703,0.09189534141671979,0.19450406987864755,0.948234964874927,0.27842766340877123,0.9330127018922194,0.2500000000000001,0.75
2015-04-29,0.8434075245734945,0.8296953705924681,0.25218959299330246,0.7079107505070993,0.17619301994302006,0.60699969164354,0.23816254416961136,0.49573721163490475,0.08104658583280161,0.1878626229995961,0.9443573305090589,0.27075010055687976,0.9330127018922194,0.2500000000000001,0.75
2015-04-30,0.6485142921703763,0.4256016630686815,0.4945904173106646,0.7003042596348884,0.3398834961334961,0.6745297563983965,0.3084805653710248,0.7041123370110332,0.08104658583280161,0.18133806558561627,0.9403482046862693,0.2631403755833399,0.9330127018922194,0.2500000000000001,0.75
2015-05-01,0.8240876737091855,0.7208763092668106,0.3583204533745492,0.7331208345407128,0.19500407000407016,0.6369873573851372,0.17349823321554775,0.6938314944834505,0.08104658583280161,0.1742928187363184,0.9362087737713902,0.25560074032820035,0.75,0.06698729810778065,0.75
2015-05-02,0.6929160546830867,0.5080355001199328,0.6604842864502833,0.7808606201101129,0.22051154863654865,0.7013567684242985,0.2855123674911661,0.6332748244734203,0.08104658583280161,0.16798078762246815,0.9319402626886263,0.24813342589083415,0.75,0.06698729810778065,0.75
2015-05-03,0.6363122810981809,0.32517790037578953,0.76172076249356,0.6997971602434077,0.16823107448107455,0.5925069380203515,0.2833922261484099,0.654839518555667,0.07211231652839822,0.16175376702866995,0.9275439345590806,0.24074064196972078,0.75,0.06698729810778065,0.75
2015-05-04,0.7383346514518133,0.44135284240825134,0.7122617207624935,0.6982034192987538,0.15710215710215725,0.5928152944804194,0.14734982332155477,0.3587011033099298,0.0548819400127632,0.1555905043249104,0.9230210903269767,0.23342457620856094,0.75,0.06698729810778065,0.75
2015-05-05,0.779685911196475,0.59846485967858,0.512879958784132,0.7581860330339031,0.2867127085877087,0.7007400555041629,0.3809187279151944,0.4264042126379138,0.06126356094447993,0.14959726266125428,0.9183730683746885,0.22618739354891737,0.75,0.06698729810778065,0.75
2015-05-06,0.3696757428539148,0.09074918045894298,0.6470891293147862,0.7420312952767313,0.8606405168905169,0.8622417514646932,0.21943462897526506,0.4529839518555667,0.05041480536056164,0.14362527362761135,0.9136012441266914,0.21903123558957455,0.75,0.06698729810778065,0.75
2015-05-07,0.345497683877528,0.09970416566722634,0.5922205048943843,0.6565488264271224,0.48591397028897043,0.6712149244526673,0.4477031802120141,0.9645185556670011,0.05041480536056164,0.13775954774403343,0.9087070296425512,0.21195821995280367,0.75,0.06698729810778065,0.875
2015-05-08,0.6693029036267089,0.39593827456624286,0.7207624935600205,0.6103303390321645,0.35440196377696376,0.5881899475794018,0.17985865724381628,0.4306670010030091,0.05041480536056164,0.13196820606550053,0.9036918731990744,0.20497043965772593,0.75,0.06698729810778065,0.875
2015-05-09,0.5059315331600949,0.11897337491005036,0.8701700154559506,0.5523036800927267,0.46419032356532364,0.5693031144002467,0.18939929328621913,0.13327482447342026,0.05041480536056164,0.12632563279705877,0.8985572588617388,0.1980699625009531,0.75,0.06698729810778065,0.875
2015-05-10,0.1656310021466501,0.0018389701767010473,0.3730036063884596,0.5002173283106345,0.879903083028083,0.6162503854455751,0.46466431095406374,0.04952357071213641,0.05041480536056164,0.12081057530869432,0.8933047060455347,0.19125883044469383,0.75,0.06698729810778065,0.875
2015-05-11,0.7924528301886793,0.5437754857279923,0.5329726944873776,0.5912054476963198,0.4984037952787953,0.6078476719087265,0.36077738515901064,0.8134403209628887,0.05041480536056164,0.11536990202537556,0.8879357690653457,0.18453905901250395,0.75,0.06698729810778065,0.875
2015-05-12,0.567619478025082,0.22315503318141838,0.7235960844925298,0.6188785859171254,0.5150844525844526,0.6437711995066296,0.34240282685512374,0.35707121364092276,0.05041480536056164,0.11004611820712817,0.8824520366760022,0.17791263669286117,0.75,0.06698729810778065,0.875
2015-05-13,0.6146198169698339,0.32189973614775724,0.6561051004636786,0.6853810489713126,0.7357359076109076,0.7715078630897317,0.29293286219081277,0.31770310932798396,0.05041480536056164,0.10484985016895831,0.8768551316021433,0.17138152435073895,0.75,0.06698729810778065,0.875
2015-05-14,0.2625692012202011,0.04045734388742304,0.56053580628542,0.6553172993335264,0.8738107956857957,0.774822695035461,0.15724381625441702,0.5458876629889668,0.05041480536056164,0.09972796633583392,0.8711467100580257,0.16494765464735456,0.75,0.06698729810778065,0.875
2015-05-15,0.5137272624562196,0.1673462860797953,0.8560020607934056,0.6584323384526223,0.6907496438746439,0.7275670675300647,0.19434628975265017,0.20774824473420264,0.05041480536056164,0.09473359828278727,0.8653284612574239,0.15861293146826433,0.75,0.06698729810778065,0.875
2015-05-16,0.21602078861145635,0.021987686895338608,0.44796496651210715,0.7206606780643291,0.8582493894993894,0.8398859081097749,0.288339222614841,0.41700100300902715,0.05041480536056164,0.08986674600981859,0.8594021069137645,0.15237922935997272,0.75,0.06698729810778065,0.875
2015-05-17,0.15919105185854707,0.0014391940513312543,0.36063884595569295,0.5655607070414372,0.8776327838827838,0.6841658957755165,0.5236749116607774,0.962888665997994,0.05041480536056164,0.08511678320192106,0.8533694007306438,0.14624839297522424,0.75,0.06698729810778065,0.875
2015-05-18,0.7807027454524913,0.5029183657151994,0.734672849046883,0.5451318458417849,0.4237192205942205,0.54386370644465,0.34628975265017675,0.6387913741223672,0.05041480536056164,0.08043057828406242,0.8472321278828785,0.140222236527141,0.75,0.06698729810778065,0.875
2015-05-19,0.9492712687831883,0.8752698488846246,0.3086038124678001,0.5960591133004925,0.3743577024827025,0.5729263028060438,0.06289752650176679,0.27770812437311937,0.05041480536056164,0.07589314177629514,0.8409921044882432,0.13430254325236746,0.75,0.06698729810778065,0.875
2015-05-20,0.9397808157270365,0.9023746701846965,0.29881504379185986,0.6610402781802375,0.2917938542938542,0.60699969164354,0.09681978798586575,0.8523069207622869,0.04594767070835992,0.07147259473359813,0.8346511770700529,0.1284910648833822,0.75,0.06698729810778065,0.875
2015-05-21,0.8286069370692577,0.6755416966498761,0.42890262751159197,0.7214575485366559,0.31425518925518936,0.6819303114400247,0.13780918727915198,0.5694583751253761,0.0395660497766433,0.06720081610099271,0.828211222010746,0.12278952113013225,0.75,0.06698729810778065,0.875
2015-05-22,0.8253304711332052,0.6302870392580154,0.6151468315301392,0.730295566502463,0.36020171957671965,0.6968085106382979,0.20106007067137815,0.48345035105315953,0.05041480536056164,0.06302467430344505,0.8216741449966338,0.11719959917114331,0.75,0.06698729810778065,0.875
2015-05-23,0.6550672240424811,0.391860558087471,0.6447707367336424,0.6860330339032163,0.6745141432641433,0.7568609312365094,0.15371024734982336,0.34741725175526583,0.05041480536056164,0.05901855354600127,0.8150418804539763,0.11172295315425645,0.75,0.06698729810778065,0.875
2015-05-24,0.4698904078635182,0.08731110578076277,0.8619268418341062,0.7074036511156185,0.7712657712657713,0.8051187172371261,0.13780918727915198,0.2264292878635908,0.05041480536056164,0.055118695938622286,0.8083163909765543,0.10636120370713859,0.75,0.06698729810778065,0.875
2015-05-25,0.5018641961360298,0.14008155432957542,0.8060278207109737,0.7121124311793682,0.8068910256410255,0.8189947579401788,0.11201413427561839,0.37562688064192584,0.05041480536056164,0.051303848851295575,0.801499666744907,0.10111593745771341,0.75,0.06698729810778065,0.875
2015-05-26,0.8286069370692577,0.6288478452066842,0.5224111282843895,0.7868733700376702,0.4606990231990232,0.7877736663583101,0.17561837455830392,0.9124874623871615,0.05041480536056164,0.04764839648906527,0.794593724937405,0.09598870656465225,0.75,0.06698729810778065,0.875
2015-05-27,0.7956163145407299,0.4627008875029983,0.834363730036064,0.7944798609098811,0.5090621184371185,0.8112858464384829,0.19257950530035334,0.578109327983952,0.04594767070835992,0.04415233885193315,0.787600609133335,0.0909810282580657,0.75,0.06698729810778065,0.875
2015-05-28,0.6639927691786239,0.3211801391220916,0.8124678001030397,0.7931034482758619,0.6293053011803014,0.8482115325316065,0.21166077738515904,0.7601554663991976,0.0395660497766433,0.04074129173485219,0.7805223887081723,0.08609438439053063,0.75,0.06698729810778065,0.875
2015-05-29,0.6316800361541068,0.37922763252578556,0.7372488408037094,0.6602434077079107,0.45486747049247045,0.664199814986124,0.31978798586572443,0.14581243731193583,0.05041480536056164,0.03747901302786216,0.7733611582212179,0.08133022099858572,0.75,0.06698729810778065,0.875
2015-05-30,0.9342447181109479,0.808747101623091,0.3822771767130345,0.6290930165169515,0.34451948514448516,0.5984427998766574,0.2113074204946997,0.2987713139418255,0.04594767070835992,0.034322997470937144,0.766119036795786,0.0766899478748268,0.75,0.06698729810778065,0.875
2015-05-31,0.4507965201672127,0.11017830015191492,0.8565172591447707,0.6529991306867574,0.6263163919413919,0.7153098982423682,0.30494699646643114,0.3753761283851555,0.03509891512444163,0.0313263766391092,0.7587981674921209,0.0721749381507259,0.75,0.06698729810778065,0.875
2015-06-01,0.7707603660603322,0.5079555448948588,0.6190108191653787,0.795276731382208,0.6290700040700039,0.8503700277520814,0.2639575971731449,0.4506018054162488,0.03509891512444163,0.028489150532378327,0.7514007166732315,0.06778652789030004,0.5000000000000001,0.0,0.875
2015-06-02,0.5942831318495085,0.23690733189413926,0.8825347758887172,0.8050565053607649,0.7848366910866911,0.9062596361393771,0.1402826855123675,0.6258776328986961,0.03509891512444163,0.025141861305336466,0.7439288733638278,0.0635260156947478,0.5000000000000001,0.0,0.875
2015-06-03,0.7400293752118404,0.4877268729511473,0.7387944358578054,0.7401477832512314,0.49399674399674387,0.7520043169904409,0.2289752650176679,0.5975426278836511,0.03509891512444163,0.02258091938877449,0.7363848486025563,0.0593946623181732,0.5000000000000001,0.0,0.875
2015-06-04,0.49327759575189245,0.16350843527624528,0.8405461102524472,0.7210953346855983,0.5689611314611314,0.7629509713228492,0.10954063604240287,0.2007271815446339,0.03509891512444163,0.020115614307270713,0.7287708747877152,0.05539369029450725,0.5000000000000001,0.0,0.875
2015-06-05,0.7413851542198622,0.39857679699368354,0.7251416795466255,0.7953491741524195,0.6288855820105821,0.8556891766882516,0.1816254416961131,0.3116850551654965,0.03509891512444163,0.017862835525896514,0.7210892050166531,0.051524283575741125,0.5000000000000001,0.0,0.875
2015-06-06,0.6589085978985425,0.38546414008155433,0.7660999484801649,0.7991886409736307,0.7168549043549042,0.8859081097748998,0.2250883392226149,0.7180290872617854,0.03509891512444163,0.015695067264573925,0.7133421124190418,0.04778758718157594,0.5000000000000001,0.0,0.875
2015-06-07,0.8275901028132414,0.714080115135524,0.5216383307573416,0.8149087221095335,0.4627403846153847,0.8199969164353993,0.24522968197879863,0.8790120361083251,0.0395660497766433,0.013654814783329305,0.7055318894842194,0.044184706860592116,0.5000000000000001,0.0,0.875
2015-06-08,0.8761721839340187,0.7321499960022387,0.4703760947964967,0.8553317878875687,0.4147970085470085,0.8462072155411655,0.15724381625441702,0.6631143430290873,0.05041480536056164,0.011784583342188348,0.6976608473828072,0.040716708763041676,0.5000000000000001,0.0,0.875
2015-06-09,0.9468986555191504,0.8924602222755257,0.28851107676455434,0.8535931614024919,0.38060897435897434,0.8361856305889608,0.2448763250883393,0.5930290872617854,0.05041480536056164,0.010041867681125582,0.6897313152827955,0.03738461912535618,0.5000000000000001,0.0,0.875
2015-06-10,0.1799796633148797,0.0017590149516270887,0.4064914992272025,0.7224717473196174,0.6987942612942613,0.8061208757323466,0.07243816254416961,0.2681795386158476,0.05041480536056164,0.008384162540114426,0.6817456396603067,0.034189423966467736,0.5000000000000001,0.0,0.875
2015-06-11,0.6772116145068354,0.27400655632845605,0.9036579082946934,0.774630541871921,0.5965799247049246,0.822463768115942,0.05689045936395763,0.3130641925777332,0.05041480536056164,0.006938983699232626,0.6737061836052344,0.031132068796029422,0.5000000000000001,0.0,0.875
2015-06-12,0.9458818212631341,0.8767090429359559,0.3104070066975786,0.816212691973341,0.4506766381766383,0.8210761640456368,0.287279151943463,0.48783851554664,0.05041480536056164,0.005621320638429017,0.6656153261219682,0.02821345833462452,0.5000000000000001,0.0,0.875
2015-06-13,0.6688509772907016,0.3150235867913968,0.7395672333848533,0.8224427702115328,0.5000190781440781,0.8502158495220475,0.19717314487632515,0.55641925777332,0.05041480536056164,0.004431173357702933,0.6574754614254064,0.025434456246044346,0.5000000000000001,0.0,0.875
2015-06-14,0.8914246977742628,0.7496601902934357,0.31761978361669246,0.7466676325702694,0.5423789173789175,0.7826857847671909,0.2151943462897527,0.46050651955867605,0.05041480536056164,0.0033685418570550407,0.6492889982324707,0.0227958848817168,0.5000000000000001,0.0,0.875
2015-06-15,0.8751553496780025,0.6416406812185176,0.5170015455950541,0.7363083164300201,0.42359839234839247,0.7325778600061672,0.1830388692579506,0.5872617853560682,0.05041480536056164,0.002444052451490819,0.641058359049327,0.02029852503735896,0.5000000000000001,0.0,0.875
2015-06-16,0.14472940910631568,0.0022387463020708404,0.32715095311695,0.6779918864097362,0.8105349511599511,0.786154794942954,0.2639575971731449,0.25639418254764296,0.05041480536056164,0.0016364525109981987,0.6327859794545286,0.017943115721927694,0.5000000000000001,0.0,0.875
2015-06-17,0.7039882499152638,0.4299192452226753,0.7107161257083978,0.7646334395827296,0.5405728530728531,0.7940178846746839,0.04275618374558304,0.6613590772316951,0.05041480536056164,0.0010732578156549266,0.6244743073782868,0.015730353938934127,0.5000000000000001,0.0,0.875
2015-06-18,0.4494407411591911,0.07563764291996482,0.8753219989696033,0.7458707620979426,0.6632643976393977,0.818763490595128,0.18692579505300355,0.2956369107321966,0.05041480536056164,0.0005844473253564519,0.6161258023780913,0.013660894480189922,0.5000000000000001,0.0,0.875
2015-06-19,0.8271381764772342,0.5580874710162309,0.5963420917053066,0.8228049840625904,0.702889702889703,0.9054887449892075,0.16183745583038872,0.4299147442326981,0.05041480536056164,0.0002762841901686741,0.6077429349108862,0.01173534973204321,0.5000000000000001,0.0,0.875
2015-06-20,0.9335668286069371,0.8076277284720556,0.3498196805770222,0.8256302521008403,0.5970250814000815,0.8713382670366945,0.1954063604240283,0.7901203610832497,0.05041480536056164,7.43842050454635e-05,0.5993281856020221,0.009954289494164048,0.5000000000000001,0.0,0.875
2015-06-21,0.7983278725567733,0.6094187255137122,0.5100463678516229,0.8412054476963198,0.500801282051282,0.8584643848288622,0.14346289752650182,0.42590270812437314,0.05041480536056164,2.125263001295785e-05,0.5908840445111997,0.008318240810931299,0.5000000000000001,0.0,1.0
2015-06-22,0.8444243588295108,0.7562165187495002,0.46831530139103555,0.7852796290930164,0.5165789072039071,0.8095898859081098,0.2862190812720849,0.9188816449348045,0.05041480536056164,8.50105200518314e-05,0.5824130103956213,0.006827687815471828,0.5000000000000001,0.0,1.0
2015-06-23,0.8884871765902158,0.7430239066122971,0.36733642452344156,0.8214285714285714,0.43063822751322756,0.8190718470551959,0.12438162544169613,0.6530842527582748,0.05041480536056164,0.00029753682018163197,0.5739175899705675,0.005483071586397714,0.5000000000000001,0.0,1.0
2015-06-24,0.6460286973223365,0.2830414967618134,0.9155074703760948,0.8054911619820342,0.662971866096866,0.8718008017267962,0.10106007067137811,0.5539117352056169,0.05041480536056164,0.0007013367904280532,0.5654002971676201,0.004284790017283879,0.5000000000000001,0.0,1.0
2015-06-25,0.7099762738673596,0.3977772447429439,0.7874806800618239,0.8209214720370905,0.5828436609686609,0.8713382670366945,0.026855123674911663,0.3579488465396189,0.05041480536056164,0.0012007735957324517,0.5568636523907493,0.0032331976989251054,0.5000000000000001,0.0,1.0
2015-06-26,0.9586487402553384,0.920684416726633,0.2622359608449253,0.8438858301941465,0.4423649267399268,0.8458988590810977,0.0431095406360424,0.4680290872617853,0.05041480536056164,0.0018596051261345892,0.5483101817704863,0.0023286058144070254,0.5000000000000001,0.0,1.0
2015-06-27,0.9264489888148232,0.8063484448708723,0.3894899536321484,0.8606201101130107,0.40923254985754987,0.851295097132285,0.23109540636042408,0.8289869608826479,0.05041480536056164,0.0026672050666272096,0.5397424164163998,0.001571282047021616,0.5000000000000001,0.0,1.0
2015-06-28,0.8410349113094565,0.6474774126489166,0.6213292117465223,0.8366415531729933,0.45838420838420835,0.8450508788159112,0.15547703180212014,0.9625125376128385,0.05041480536056164,0.003612947102203945,0.5311628916681003,0.0009614505010558938,0.5000000000000001,0.0,1.0
2015-06-29,0.9275788046548412,0.8269768929399536,0.327923750643998,0.8934366850188351,0.39235475172975165,0.8745760098674067,0.11943462897526501,0.6344032096288867,0.05041480536056164,0.0046968312328652395,0.5225741463449918,0.0004992916354755184,0.5000000000000001,0.0,1.0
2015-06-30,0.3562309343576997,0.04477492604141681,0.7344152498712004,0.8304114749348015,0.7280346967846969,0.9205211224175147,0.09787985865724382,0.38941825476429287,0.05041480536056164,0.005908231143604059,0.5139787219949951,0.00018494221052428594,0.5000000000000001,0.0,1.0
2015-07-01,0.6288554965540617,0.19780922683297353,0.9742400824317363,0.8388872790495507,0.7198183760683761,0.9257631822386679,0.05088339222614842,0.24473420260782347,0.05041480536056164,0.007268399464433806,0.5053791621424623,1.849524725433538e-05,0.2500000000000001,0.06698729810778059,1.0
2015-07-02,0.7823974692125184,0.41728631966098984,0.8608964451313756,0.8377281947261663,0.654552045177045,0.9042553191489362,0.13427561837455831,0.9539869608826481,0.05041480536056164,0.008766709880347667,0.49677801153550777,0.0,0.2500000000000001,0.06698729810778059,0.875
2015-07-03,0.7956163145407299,0.36931318461661466,0.9829984544049459,0.8582294986960299,0.5624936406186405,0.8969318532223249,0.05123674911660779,0.6868104312938816,0.05041480536056164,0.010435041336365414,0.48817781539297506,0.00012946194180257775,0.2500000000000001,0.06698729810778059,0.875
2015-07-04,0.8510902722856174,0.5692812025265851,0.5677485832045337,0.9069110402781801,0.5327126577126576,0.9394850447116867,0.21201413427561838,0.4714142427281846,0.0548819400127632,0.012209635942448172,0.4795811186512666,0.0004068427627906268,0.2500000000000001,0.06698729810778059,0.875
2015-07-05,0.42040447407072645,0.08891021028224194,0.7130345182895415,0.8277310924369747,0.6610068172568171,0.900786308973173,0.2208480565371025,0.6953360080240722,0.0657306955966816,0.014101120013601642,0.47099046521125565,0.0008320603815165084,0.2500000000000001,0.06698729810778059,0.875
2015-07-06,0.6893006439950288,0.3178220196689853,0.9469345698093767,0.7559403071573456,0.50246743996744,0.7829941412272587,0.17526501766784458,0.6654964894684052,0.0657306955966816,0.016151998809852852,0.46240839718550564,0.0014049889692458462,0.2500000000000001,0.06698729810778059,0.875
2015-07-07,0.8064625466049034,0.5185096346046214,0.6911385883565173,0.7852796290930164,0.4613731176231176,0.7979494295405489,0.19010600706713787,0.4574974924774323,0.0657306955966816,0.01830914075616863,0.4538374541460177,0.0021254589871919083,0.2500000000000001,0.06698729810778059,0.875
2015-07-08,0.9221556886227545,0.7929959222835212,0.3923235445646574,0.7944074181396696,0.45044770044770044,0.7936324390995991,0.16819787985865725,0.591900702106319,0.0657306955966816,0.0206256774275817,0.4452801723727302,0.0029932572366851984,0.2500000000000001,0.06698729810778059,0.875
2015-07-09,0.9272398599028359,0.8321739825697608,0.37223080886141163,0.8377281947261663,0.2850592694342694,0.7836879432624113,0.18939929328621913,0.5633149448345036,0.0657306955966816,0.023090982509085478,0.4367390841029935,0.004008126922262156,0.2500000000000001,0.06698729810778059,0.875
2015-07-10,0.850751327533612,0.6863356520348605,0.46367851622874806,0.8783685888148363,0.5611963268213269,0.9189022510021585,0.2759717314487633,0.4438314944834504,0.0657306955966816,0.02573693494569973,0.42821671678223944,0.005169767727655095,0.2500000000000001,0.06698729810778059,0.875
2015-07-11,0.8697322336459157,0.7627728472055648,0.2800103039670273,0.9161837148652563,0.5053927553927553,0.9338575393154487,0.2197879858657244,0.5186810431293882,0.0657306955966816,0.028478524217371737,0.4197155923160698,0.0064778359046607226,0.2500000000000001,0.06698729810778059,0.875
2015-07-12,0.816065981245057,0.6365235468137842,0.5589902112313241,0.9213995943204867,0.33784213471713476,0.8815911193339501,0.13851590106007067,0.7741975927783351,0.06126356094447993,0.03131575032410283,0.411238226323984,0.007931944374860722,0.2500000000000001,0.06698729810778059,0.875
2015-07-13,0.8482657326855723,0.6657871591908531,0.5280783101494075,0.8787308026658939,0.5024229242979242,0.906490903484428,0.2862190812720849,0.8658475426278838,0.0548819400127632,0.03428049221091123,0.40278712739496714,0.00953166284416429,0.2500000000000001,0.06698729810778059,0.875
2015-07-14,0.8275901028132414,0.7165587271128168,0.4860896445131376,0.9156041727035641,0.4206285612535613,0.9058741905642924,0.0480565371024735,0.7927532597793381,0.0657306955966816,0.03741525513782351,0.39436479634515725,0.011276517930139396,0.2500000000000001,0.06698729810778059,0.875
2015-07-15,0.5286408315444583,0.19940833133445268,0.6823802163833077,0.9016227180527383,0.47911579161579165,0.9182855380820227,0.17173144876325092,0.5010030090270812,0.0657306955966816,0.04067753384481332,0.3859737254778142,0.013165993302094225,0.2500000000000001,0.06698729810778059,0.875
2015-07-16,0.7574285391481188,0.5125929479491484,0.6692426584234932,0.8642422486235872,0.6140745828245828,0.9209836571076164,0.10388692579505303,0.6527081243731194,0.06126356094447993,0.04403544938686177,0.3776163978458068,0.015199529833867298,0.2500000000000001,0.06698729810778059,0.875
2015-07-17,0.30866568749293866,0.15527304709362755,0.47655847501288,0.7988988698927846,0.5903922466422467,0.852913968547641,0.17314487632508835,0.82660481444333,0.05041480536056164,0.047520880708987745,0.3692952865168381,0.017376525769282503,0.2500000000000001,0.06698729810778059,0.875
2015-07-18,0.867811546717885,0.7928360118333733,0.42323544564657395,0.797594900028977,0.43799603174603174,0.7966389145852606,0.3289752650176679,0.7981444332998997,0.05041480536056164,0.0511232014961851,0.36101285384162396,0.019696336900218048,0.2500000000000001,0.06698729810778059,0.875
2015-07-19,0.9215907807027455,0.926361237706884,0.2212776919113859,0.8693132425383946,0.30408653846153844,0.8125963613937712,0.26749116607773854,0.803284854563691,0.05041480536056164,0.05489554332348634,0.35277155072524496,0.022158276757238082,0.2500000000000001,0.06698729810778059,0.875
2015-07-20,0.8281550107332505,0.7640521308067482,0.48196805770221535,0.8259200231816863,0.3589934371184371,0.8030373111316682,0.17985865724381628,0.7578986960882648,0.05041480536056164,0.05935859562620882,0.34457381590188274,0.024761616812730036,0.2500000000000001,0.06698729810778059,0.875
2015-07-21,0.6372161337701955,0.5762373071080195,0.46239052035033495,0.855911330049261,0.3909620472120472,0.8456675917360469,0.2063604240282686,0.4381895687061184,0.05041480536056164,0.06341784795868488,0.33642207521316037,0.02750558669648795,0.2500000000000001,0.06698729810778059,0.875
2015-07-22,0.8834030053101345,0.8465659230830734,0.26455435342606903,0.899014778325123,0.48012693325193323,0.9140456367560901,0.29752650176678447,0.4764292878635908,0.05041480536056164,0.06755148449620618,0.32831874089029633,0.030389374423676896,0.2500000000000001,0.06698729810778059,0.875
2015-07-23,0.8660038413738561,0.8287359078915807,0.23724884080370945,0.9177774558099101,0.5431611212861212,0.9410268270120259,0.2374558303886926,0.5609327983951855,0.05041480536056164,0.07179138418379272,0.3202662108402873,0.03341212663511267,0.2500000000000001,0.06698729810778059,0.875
2015-07-24,0.8864535080781832,0.8611977292716079,0.27228232869654817,0.882280498406259,0.4092134717134718,0.8609312365094048,0.15300353356890461,0.7008525576730191,0.05041480536056164,0.07616942596646337,0.31226686793632763,0.03657294884978457,0.2500000000000001,0.06698729810778059,0.875
2015-07-25,0.7088464580273416,0.557767650115935,0.4665121071612571,0.9056795131845841,0.4183264652014652,0.9020197348134444,0.24275618374558305,0.49974924774322976,0.05041480536056164,0.08068560984421835,0.30432307931267977,0.039870905729546546,0.2500000000000001,0.06698729810778059,0.875
2015-07-26,0.877189018190035,0.837850803550012,0.241112828438949,0.920892494929006,0.34459579772079774,0.8755010792476102,0.21696113074204953,0.4472166499498496,0.05041480536056164,0.08526555161201199,0.29643719566420024,0.043305021355898865,0.2500000000000001,0.06698729810778059,0.875
2015-07-27,0.8347079426053553,0.7159190853122251,0.28773827923750644,0.9276296725586786,0.5988756613756614,0.9791859389454209,0.365017667844523,0.3983199598796389,0.05041480536056164,0.08998363547489019,0.28861155055073284,0.04687427951877804,0.2500000000000001,0.06698729810778059,0.875
2015-07-28,0.6834256016269348,0.5083553210202286,0.593250901597115,0.8302665893943784,0.2942867317867318,0.778754239901326,0.6438162544169612,0.7586509528585759,0.05041480536056164,0.09481860880283932,0.28084845970656885,0.05057762401726984,0.2500000000000001,0.06698729810778059,0.875
2015-07-29,0.8500734380296012,0.8556808187415047,0.30448222565687794,0.8430165169516082,0.1942409442409443,0.7586339808818995,0.3985865724381626,0.8494232698094284,0.05041480536056164,0.09975984528085347,0.2731502203551856,0.05441395897215595,0.2500000000000001,0.06698729810778059,0.875
2015-07-30,0.8875833239182014,0.9142879987207163,0.2017001545595054,0.8570704143726455,0.1829911986161986,0.7588652482269503,0.20459363957597176,0.7093781344032097,0.05041480536056164,0.10481797122393899,0.26551911052945965,0.05838214915020273,0.2500000000000001,0.06698729810778059,0.75
2015-07-31,0.8806914472940911,0.9074118493643559,0.1993817619783617,0.8795276731382208,0.17972883597883604,0.7757477644156645,0.14204946996466433,0.5876379137412238,0.0548819400127632,0.1099823603170893,0.25795738839756116,0.06248102030009428,0.2500000000000001,0.06698729810778059,0.75
2015-08-01,0.8750423680940007,0.8934996402014871,0.20968572900566718,0.9093740944653722,0.19752874440374446,0.8143694110391613,0.11060070671378093,0.6301404212637913,0.0657306955966816,0.11526363887531077,0.2504672915947252,0.06670935949991313,0.06698729810778081,0.24999999999999978,0.75
2015-08-02,0.8614845780137838,0.8713520428560005,0.23364245234415248,0.8387423935091276,0.30205789580789577,0.7934011717545483,0.25618374558303886,0.9779338014042127,0.0657306955966816,0.12064055426859088,0.24305103656110022,0.07106591551606228,0.06698729810778081,0.24999999999999978,0.75
2015-08-03,0.8635182465258163,0.885983849044535,0.21767130345182895,0.841640104317589,0.25616859991859997,0.7732038236201049,0.08975265017667845,0.734704112337011,0.0657306955966816,0.1261131064969292,0.23571081788586645,0.07554939917352649,0.06698729810778081,0.24999999999999978,0.75
2015-08-04,0.8074793808609196,0.6794595026785,0.42993302421432256,0.8736598087510865,0.26959961334961335,0.8106691335183471,0.1579505300353357,0.37324473420260784,0.0657306955966816,0.1316919218753323,0.22844880765782277,0.08015848373735907,0.06698729810778081,0.24999999999999978,0.75
2015-08-05,0.4963280985199412,0.30095146717838006,0.5015455950540959,0.8617067516661836,0.6014575702075702,0.9187480727721247,0.17420494699646644,0.4593781344032096,0.0657306955966816,0.1373770004038002,0.22126715482262993,0.0848918053052849,0.06698729810778081,0.24999999999999978,0.75
2015-08-06,0.4337363009829398,0.1882145998240985,0.6761978361669243,0.8478701825557808,0.6394612332112333,0.9164353993216159,0.06961130742049469,0.6767803410230693,0.0657306955966816,0.1431470894523197,0.2141679845469039,0.08974796321129969,0.06698729810778081,0.24999999999999978,0.75
2015-08-07,0.7958422777087335,0.706484368753498,0.2715095311695003,0.8509127789046651,0.3463128306878308,0.8167591736046871,0.11908127208480566,0.7008525576730191,0.0657306955966816,0.14961851529126724,0.20715339758934354,0.09472552044015142,0.06698729810778081,0.24999999999999978,0.75
2015-08-08,0.7453395096599255,0.6059006956104581,0.4106130860381247,0.8587365980875108,0.34703144078144077,0.8260098674067222,0.10141342756183745,0.42590270812437314,0.0657306955966816,0.1556436358999429,0.20022546967908378,0.09982300405257472,0.06698729810778081,0.24999999999999978,0.75
2015-08-09,0.49226076149587616,0.17574158471256096,0.7202472952086554,0.800709939148073,0.6317727411477412,0.8674067221708295,0.0971731448763251,0.38465396188565704,0.0657306955966816,0.16175376702866995,0.1933862509014529,0.10503890562115786,0.06698729810778081,0.24999999999999978,0.75
2015-08-10,0.8234097842051745,0.8502438634364755,0.22539927872230808,0.8554766734279917,0.41536299348799355,0.843509096515572,0.08798586572438165,0.5127883650952858,0.0657306955966816,0.16791702973242928,0.18663776509131952,0.11037168167671108,0.06698729810778081,0.24999999999999978,0.75
2015-08-11,0.8279290475652469,0.8639961621491964,0.21432251416795467,0.8882932483338162,0.29296398046398053,0.8310977489978415,0.2049469964664311,0.4344282848545637,0.0657306955966816,0.17421843453127317,0.17998200923420765,0.11581975416500345,0.06698729810778081,0.24999999999999978,0.75
2015-08-12,0.7306519037396905,0.6000639641800591,0.45775373518804746,0.9514633439582729,0.42071759259259256,0.9436478569226026,0.17985865724381628,0.49598796389167504,0.0657306955966816,0.18058359722015593,0.17342095287535603,0.12138151091373472,0.06698729810778081,0.24999999999999978,0.75
2015-08-13,0.6967574285391481,0.6058207403853841,0.3601236476043277,0.9451608229498695,0.3979255698005698,0.9337033610854147,0.068904593639576,0.6001755265797393,0.06126356094447993,0.18706564937410985,0.1669565375368987,0.12705530610960258,0.06698729810778081,0.24999999999999978,0.75
2015-08-14,0.7813806349565021,0.7215959062924762,0.3261205564142195,0.9554476963199072,0.29135505698005704,0.8948504471168671,0.19187279151943465,0.4275325977933802,0.05041480536056164,0.1936008331030965,0.16059067614333672,0.1328394607853262,0.06698729810778081,0.24999999999999978,0.75
2015-08-15,0.6946107784431138,0.6123770688414487,0.47758887171561054,0.9572587655751955,0.32292302604802603,0.9155103299414122,0.3678445229681979,0.6848044132397193,0.05041480536056164,0.2002635326121609,0.15432525245547324,0.13873226331647887,0.06698729810778081,0.24999999999999978,0.75
2015-08-16,0.42650547960682406,0.12289118093867434,0.6612570839773313,0.7723848159953637,0.4138939763939765,0.7718162195497995,0.24063604240282693,0.9522316950852558,0.05041480536056164,0.20693685843623122,0.14816212051297828,0.1447319699279857,0.06698729810778081,0.24999999999999978,0.75
2015-08-17,0.5466049034007456,0.3572399456304469,0.58397733127254,0.783323674297305,0.3460075803825804,0.7530835646006784,0.04593639575971732,0.23407723169508526,0.05041480536056164,0.21373770004037995,0.14210310408574933,0.15083680521013415,0.06698729810778081,0.24999999999999978,0.75
2015-08-18,0.3816517907581064,0.06316462780842727,0.7364760432766615,0.7397131266299621,0.5636128917378918,0.7830712303422757,0.11660777385159012,0.3786359077231696,0.05041480536056164,0.22058104690455416,0.13614999613422685,0.15704496264394718,0.06698729810778081,0.24999999999999978,0.75
2015-08-19,0.7593492260761496,0.7419045334612616,0.33565172591447706,0.7717328310634598,0.35437652625152627,0.7486123959296948,0.1540636042402827,0.823345035105316,0.05041480536056164,0.2274987779737745,0.13030455827883058,0.1633546051357599,0.06698729810778081,0.24999999999999978,0.75
2015-08-20,0.7701954581403231,0.8027504597425441,0.22359608449252966,0.8180237612286293,0.30052528490028485,0.7682701202590194,0.20883392226148417,0.5381143430290873,0.05041480536056164,0.23457590376809145,0.12456852027866577,0.169763865560847,0.06698729810778081,0.24999999999999978,0.75
2015-08-21,0.6198169698339171,0.29719357159990406,0.8132405976300876,0.877789046653144,0.3803927553927554,0.8464384828862165,0.237809187279152,0.5274573721163491,0.05041480536056164,0.24162115061738865,0.11894357951966056,0.1762708473159335,0.06698729810778081,0.24999999999999978,0.75
2015-08-22,0.19929951417918879,0.0247061645478532,0.4386913961875322,0.732613735149232,0.6381321225071224,0.8008788159111934,0.5477031802120141,0.7760782347041124,0.05041480536056164,0.2487726606167513,0.11343140051228207,0.18287362488043107,0.06698729810778081,0.24999999999999978,0.75
2015-08-23,0.788498474748616,0.8963780283041496,0.16306027820710975,0.6973341060562155,0.3552604802604804,0.6722170829478877,0.40706713780918735,0.9138665997993982,0.05041480536056164,0.2559666758761394,0.10803361439898135,0.18957024438622927,0.06698729810778081,0.24999999999999978,0.75
2015-08-24,0.767370918540278,0.7821220116734628,0.24008243173621846,0.7336279339321935,0.30215328652828655,0.679309281529448,0.08551236749116607,0.7454864593781345,0.05041480536056164,0.2632563279705864,0.10275181847151083,0.1963587241958789,0.06698729810778081,0.24999999999999978,0.625
2015-08-25,0.665122585018642,0.48860638042696086,0.5687789799072642,0.76890756302521,0.3317307692307693,0.7330403946962689,0.19787985865724383,0.4344282848545637,0.05041480536056164,0.27058848532505886,0.09758757569826165,0.20323705548898768,0.06698729810778081,0.24999999999999978,0.625
2015-08-26,0.5643430120890295,0.3148636763412489,0.6885625965996909,0.78875688206317,0.599187271062271,0.8426611162503854,0.11978798586572441,0.39092276830491474,0.05041480536056164,0.2780269058295963,0.09254241426175541,0.21020320285666405,0.06698729810778081,0.24999999999999978,0.625
2015-08-27,0.555191503784883,0.28480051171344045,0.7452344152498713,0.8120834540712836,0.7752403846153846,0.9129663891458526,0.08939929328621908,0.5012537612838517,0.05041480536056164,0.2854759526491404,0.08761782710642946,0.217255104903828,0.06698729810778081,0.24999999999999978,0.625
2015-08-28,0.5742853914811885,0.2646517949948029,0.7627511591962906,0.8788032454361053,0.4917137260887261,0.8961609620721553,0.17349823321554775,0.656469408224674,0.05041480536056164,0.2929993836737297,0.0828152714968523,0.22439067485920916,0.06698729810778081,0.24999999999999978,0.625
2015-08-29,0.6030956954016495,0.38554409530662825,0.6324059763008758,0.8977108084613155,0.34801714489214486,0.8570767807585569,0.141696113074205,0.6028084252758275,0.05041480536056164,0.3011922725437275,0.07813616858649447,0.23160780119285762,0.06698729810778081,0.24999999999999978,0.625
2015-08-30,0.574624336233194,0.32669704965219476,0.6810922205048944,0.9170530281077948,0.3503573972323972,0.8757323465926612,0.2473498233215548,0.45561685055165496,0.05041480536056164,0.3088538456634007,0.0735819029971867,0.23890434824097873,0.06698729810778081,0.24999999999999978,0.625
2015-08-31,0.574624336233194,0.36179739345966255,0.6651210716125708,0.8360620110113008,0.332042378917379,0.7934011717545483,0.21554770318021205,0.7244232698094284,0.05041480536056164,0.31658980298812,0.06915382240938822,0.2462781568379105,0.06698729810778081,0.24999999999999978,0.625
2015-09-01,0.6617331374985878,0.6415607259934436,0.3140133951571355,0.862431179368299,0.44791666666666674,0.8686401480111008,0.14876325088339226,0.4600050150451354,0.05041480536056164,0.3243576392578582,0.06485323716338537,0.2537270449550566,0.0,0.4999999999999999,0.625
2015-09-02,0.6735962038187775,0.6940113536419604,0.23905203503348788,0.9060417270356418,0.44557005494505497,0.889377119950663,0.17491166077738518,0.4264042126379138,0.05041480536056164,0.33218923341763507,0.060681419871542686,0.2612488083465813,0.0,0.4999999999999999,0.625
2015-09-03,0.4442435882951079,0.2650515711201727,0.4992272024729521,0.9353810489713126,0.43983389295889297,0.9189022510021585,0.2681978798586573,0.47316950852557677,0.05041480536056164,0.34007395915244487,0.05663960504171456,0.2688412212016844,0.0,0.4999999999999999,0.625
2015-09-04,0.3496780024855949,0.2883185416166946,0.35033487892838744,0.8830049261083743,0.6482435388685386,0.9512796793092815,0.1307420494699647,0.3337512537612839,0.0548819400127632,0.3480011901472806,0.05272898871193582,0.27650203680325147,0.0,0.4999999999999999,0.625
2015-09-05,0.14868376454637894,0.04157671703845846,0.29237506439979394,0.8214285714285714,0.8147575803825804,0.9344742522355843,0.1738515901060071,0.25050150451354064,0.0657306955966816,0.35594967377212905,0.04895072809649448,0.28422898819269493,0.0,0.4999999999999999,0.625
2015-09-06,0.6495311264263925,0.6701846965699209,0.20788253477588875,0.7740509997102288,0.3864786833536834,0.7449121184088807,0.28657243816254424,0.8459127382146441,0.0657306955966816,0.3639194100269907,0.045305941243492465,0.29201978884078467,0.0,0.4999999999999999,0.625
2015-09-07,0.27025194893232407,0.18133845046773805,0.40546110252447193,0.7460880904085772,0.36140364265364255,0.7289546716003701,0.13604240282685515,0.48959378134403214,0.0657306955966816,0.37197415680190415,0.04179570670399896,0.29987213332426665,0.0,0.4999999999999999,0.625
2015-09-08,0.6030956954016495,0.6326057407851603,0.3253477588871716,0.7343523616343088,0.33153998778998783,0.6959605303731113,0.19363957597173148,0.8222166499498496,0.06126356094447993,0.3800289035768172,0.03842106321288835,0.30778369800807615,0.0,0.4999999999999999,0.625
2015-09-09,0.43260648514292177,0.16047013672343485,0.6772282328696548,0.745653433787308,0.3695690883190884,0.7259481961147086,0.16325088339222615,0.6441825476429288,0.05041480536056164,0.38816866087178337,0.03518300938146257,0.31575214173293803,0.0,0.4999999999999999,0.625
2015-09-10,0.5812902496893007,0.5600063964180059,0.3518804739824833,0.6827731092436974,0.3928825803825803,0.667823003391921,0.1353356890459364,0.26053159478435306,0.0548819400127632,0.39631904448175437,0.03208250340194535,0.3237751065081549,0.0,0.4999999999999999,0.625
2015-09-11,0.6498700711783979,0.7562964739745742,0.17336424523441527,0.7042161692263111,0.35670405982905995,0.677536231884058,0.042402826855123685,0.6538365095285859,0.0657306955966816,0.40446942809172626,0.029120462763938537,0.33185021820937227,0.0,0.4999999999999999,0.625
2015-09-12,0.6313410914021015,0.7344686975293835,0.20556414219474498,0.7768762677484786,0.39054868742368753,0.757554733271662,0.18197879858657245,0.6094533600802408,0.0657306955966816,0.4126835695917368,0.026297763982921718,0.33997508728112136,0.0,0.4999999999999999,0.625
2015-09-13,0.6360863179301773,0.7828416086991284,0.14863472436888203,0.8328745291219934,0.3874771062271062,0.7994141227258711,0.2759717314487633,0.5743480441323972,0.06126356094447993,0.4209189637217605,0.023615242340876696,0.348147309443928,0.0,0.4999999999999999,0.625
2015-09-14,0.5175686363122811,0.39825697609338767,0.5041215868109221,0.7616632860040567,0.5752759971509971,0.8043478260869565,0.21837455830388697,0.18129388164493482,0.05041480536056164,0.42919686311181016,0.021073691639115155,0.3563644664057755,0.0,0.4999999999999999,0.625
2015-09-15,0.3885436673822167,0.19988806268489645,0.538382277176713,0.8207765864966675,0.5356061762311761,0.852991057662658,0.23180212014134277,0.5121614844533602,0.05041480536056164,0.43744288355684,0.0186738639633795,0.36462412657771703,0.0,0.4999999999999999,0.625
2015-09-16,0.5572251722969156,0.5420964260014391,0.29804224626481196,0.7925239061141698,0.4285269129019129,0.7870027752081405,0.18551236749116612,0.5055165496489469,0.05041480536056164,0.44573140926189625,0.016416469461288274,0.3729238457934233,0.0,0.4999999999999999,0.5
2015-09-17,0.4906790193198508,0.41704645398576795,0.4448737764039155,0.7204433497536945,0.4095060032560033,0.713845205057046,0.3113074204946997,0.7389669007021062,0.05041480536056164,0.4539880560219327,0.014302176132192812,0.3812611680324481,0.0,0.4999999999999999,0.5
2015-09-18,0.3816517907581064,0.3466059006956104,0.3371973209685729,0.669950738916256,0.5303278897028897,0.7068300955905026,0.0756183745583039,0.754889669007021,0.05041480536056164,0.4623190869870144,0.012331609629504747,0.389633626147007,0.0,0.4999999999999999,0.5
2015-09-19,0.536436560840583,0.48708723115055563,0.3534260690365791,0.7224717473196174,0.38348341473341474,0.7027443724946038,0.28021201413427566,0.5674523570712138,0.05041480536056164,0.4706182390070772,0.010505353075555668,0.3980387425920435,0.0,0.4999999999999999,0.5
2015-09-20,0.5818551576093097,0.7297513392500199,0.125193199381762,0.7781077948420747,0.32379426129426137,0.736740672217083,0.1742049469964665,0.7143931795386158,0.05041480536056164,0.47899177523218484,0.008823946889041479,0.40647403015837646,0.0,0.4999999999999999,0.5
2015-09-21,0.5767709863292283,0.74126489166067,0.12648119526017518,0.8016516951608228,0.28970797720797714,0.7516959605303731,0.30318021201413436,0.6920762286860582,0.05041480536056164,0.4873121798822604,0.0072878886251041,0.414936992708704,0.0,0.4999999999999999,0.5
2015-09-22,0.41475539487063606,0.33885024386343643,0.36707882534775893,0.7078383077368877,0.1840023402523403,0.6106228800493371,0.22685512367491167,0.1540872617853561,0.05041480536056164,0.4956007055873166,0.005897632828096633,0.4234251259162512,0.0,0.4999999999999999,0.5
2015-09-23,0.4152073212066433,0.36779403534020944,0.3086038124678001,0.7397131266299621,0.5146838115588115,0.7711224175146469,0.24098939929328628,0.31193580742226684,0.05041480536056164,0.5046330733428261,0.004653590897076287,0.43193591800584186,0.0,0.4999999999999999,0.5
2015-09-24,0.3555530448536889,0.3465259454705365,0.36604842864502835,0.7919443639524775,0.6596395502645502,0.856768424298489,0.12968197879858662,0.46050651955867605,0.05041480536056164,0.5129534779929017,0.0035561309640653183,0.4404668504971708,0.0,0.4999999999999999,0.375
2015-09-25,0.42209919783075356,0.4423922603342128,0.2635239567233385,0.8043320776586496,0.6381003256003255,0.864631514030219,0.3109540636042404,0.4892176529588767,0.05041480536056164,0.5213482668480225,0.002605577785114388,0.44901539895006387,0.0,0.4999999999999999,0.375
2015-09-26,0.5275110157044401,0.6398017110418165,0.15919629057187018,0.8392494929006085,0.5438733719983719,0.8695652173913044,0.46713780918727915,0.5011283851554664,0.05041480536056164,0.5297218030731301,0.0018022126442019393,0.45757903371150177,0.0,0.4999999999999999,0.375
2015-09-27,0.5093209806801491,0.5799152474614215,0.18778979907264298,0.7925963488843812,0.4540979853479853,0.7993370336108542,0.1978798586572439,0.24222668004012038,0.05041480536056164,0.5380528340382122,0.001146273269998166,0.4661552206641821,0.0,0.4999999999999999,0.375
2015-09-28,0.49915263811998645,0.5665627248740704,0.18444100978876868,0.6998696030136191,0.2426167582417582,0.624036386062288,0.16643109540636047,0.17740722166499498,0.05041480536056164,0.5470001912736704,0.000637953765516841,0.47474142197640884,0.0,0.4999999999999999,0.375
2015-09-29,0.46367642074341886,0.4856480370992244,0.3588356517259145,0.6995798319327731,0.36309523809523814,0.6820074005550416,0.2738515901060071,0.469282848545637,0.05041480536056164,0.555373727498778,0.0002774045506774847,0.48333509685307463,0.0,0.4999999999999999,0.375
2015-09-30,0.5102248333521636,0.6753817861997281,0.13781555899021122,0.7429730512894812,0.4487179487179488,0.755781683626272,0.37491166077738525,0.4546138415245738,0.05041480536056164,0.5637685163538988,6.473231779347e-05,0.4919337022875245,0.0,0.4999999999999999,0.375
2015-10-01,0.3587165292057395,0.2540177500599664,0.42503863987635243,0.7263112141408287,0.34673890923890927,0.7065217391304348,0.44028268551236754,0.38954363089267807,0.05041480536056164,0.5721420525790064,0.0,0.5005346938140721,0.0669872981077807,0.75,0.375
2015-10-02,0.10676759688170828,0.008395298632765651,0.23080886141164347,0.6440162271805273,0.4983211233211232,0.6757631822386679,0.4515901060070672,0.3896690070210632,0.0548819400127632,0.5804412045990688,8.322675263150447e-05,0.5091355262609477,0.0669872981077807,0.75,0.375
2015-10-03,0.0924189357134787,0.0015991045014791716,0.20788253477588875,0.6153288901767603,0.6546919515669516,0.687095282146161,0.38833922261484105,0.3844032096288867,0.0657306955966816,0.5887828618791575,0.00031438794755273003,0.517733654503457,0.0669872981077807,0.75,0.375
2015-10-04,0.041916167664670656,7.995522507395858e-05,0.095311695002576,0.6511880614314691,0.6926574582824583,0.7311131668208449,0.21201413427561838,0.5303410230692076,0.0657306955966816,0.5971032665292331,0.0006934151804470767,0.526326534217122,0.0669872981077807,0.75,0.375
2015-10-05,0.1276691899220427,0.03190213480450947,0.2746007212776919,0.6438713416401043,0.6358999796499796,0.7058279370952821,0.0734982332155477,0.8602056168505516,0.0657306955966816,0.6053917922342889,0.0012201962910585173,0.534911622630589,0.0669872981077807,0.75,0.375
2015-10-06,0.47983278725567735,0.6585112337091229,0.12158681092220505,0.6391625615763545,0.5706336487586487,0.6760715386987357,0.11342756183745588,0.6805416248746239,0.0657306955966816,0.613669691624338,0.001894575396381215,0.5434863792780764,0.0669872981077807,0.75,0.375
2015-10-07,0.22505931533160095,0.06996082193971376,0.44513137557959814,0.6976238771370616,0.4623079466829467,0.7169287696577243,0.30954063604240284,0.6078234704112337,0.0657306955966816,0.6219263383843749,0.0027163529367881245,0.5520482667511368,0.0669872981077807,0.75,0.375
2015-10-08,0.3816517907581064,0.4481490365395378,0.1872746007212777,0.6653144016227179,0.49252772690272684,0.6896392229417206,0.2388692579505301,0.7024824473420261,0.06126356094447993,0.6301404798843859,0.003685285735084032,0.5605947514495203,0.0669872981077807,0.75,0.375
2015-10-09,0.3117161902609875,0.23778683936995282,0.39927872230808864,0.6749492900608518,0.5813682844932844,0.7248689485044711,0.2388692579505301,0.5511534603811434,0.05041480536056164,0.6382802371793508,0.004801087068465271,0.5691233043309044,0.0669872981077807,0.75,0.375
2015-10-10,0.3973562309343577,0.4874070520508515,0.22565687789799072,0.7975224572587656,0.38537215099715105,0.7784458834412581,0.21908127208480566,0.7339518555667002,0.05041480536056164,0.6464943786793618,0.006063426753365853,0.5776314016592805,0.0669872981077807,0.75,0.375
2015-10-11,0.3358942492373743,0.3833853042296314,0.270994332818135,0.7606490872210951,0.3092439967439967,0.725177304964539,0.5664310954063604,0.7513791374122367,0.05041480536056164,0.6546022570293069,0.007471931243163699,0.5861165257517666,0.0669872981077807,0.75,0.375
2015-10-12,0.4047000338944752,0.5468937395058767,0.17181865018031944,0.6526369168356998,0.3322458791208791,0.6275824853530682,0.5173144876325088,0.8665997993981946,0.05041480536056164,0.6626144985441949,0.009026183738719717,0.5945761657236313,0.0669872981077807,0.75,0.375
2015-10-13,0.44853688848717665,0.7074438314543855,0.08938691396187531,0.6630686757461605,0.28491936304436305,0.6177150786308974,0.24911660777385164,0.8358826479438317,0.05041480536056164,0.6706798716341145,0.01072572431171509,0.6030078182313049,0.0669872981077807,0.75,0.375
2015-10-14,0.40741159191051857,0.530742784040937,0.1702730551262236,0.653216458997392,0.30302452177452177,0.6086956521739131,0.20459363957597176,0.8934302908726179,0.05041480536056164,0.6786708605189893,0.012570050040751068,0.6114089882131574,0.0669872981077807,0.75,0.375
2015-10-15,0.4335103378149362,0.6976892939953625,0.08732612055641423,0.5844682700666473,0.37196657509157516,0.5718470551958064,0.28586572438162544,0.9358074222668005,0.05041480536056164,0.6865768388838118,0.014558615160172317,0.6197771896278301,0.0669872981077807,0.75,0.375
2015-10-16,0.3335216359733364,0.3596386023826657,0.30628541988665636,0.5730947551434367,0.3941480972730972,0.5625192722787542,0.07031802120141344,0.5645687061183551,0.05041480536056164,0.6944721909336282,0.016690831221566893,0.6281099461898927,0.0669872981077807,0.75,0.375
2015-10-17,0.41407750536662524,0.6650675621651875,0.09479649665121073,0.5875833091857432,0.37638634513634517,0.5696114708603145,0.24628975265017672,0.3703610832497493,0.05041480536056164,0.7023037850934055,0.01896606726789818,0.6364047921026168,0.0669872981077807,0.75,0.375
2015-10-18,0.3887696305502203,0.5932677700487726,0.10741885625965997,0.6744421906693711,0.5464362026862026,0.711917977181622,0.25406360424028274,0.5372367101303912,0.05041480536056164,0.7101247529381758,0.02138365002021514,0.6446592727876465,0.0669872981077807,0.75,0.375
2015-10-19,0.35860354762173763,0.45646437994722955,0.23802163833075735,0.6857432628223702,0.438517501017501,0.6890995991366019,0.18833922261484104,0.32033600802407225,0.05041480536056164,0.7178500839478885,0.023942864076886228,0.6528709456113447,0.0669872981077807,0.75,0.375
2015-10-20,0.33069709637329114,0.3496441992484209,0.25450798557444615,0.6869023471457547,0.5629769536019535,0.7281066913351835,0.3342756183745584,0.5436308926780342,0.05041480536056164,0.7255329096975749,0.02664295212529799,0.6610373806076096,0.0669872981077807,0.75,0.375
2015-10-21,0.3931759123262908,0.6591508755097145,0.08809891808346212,0.6219211822660098,0.3625737688237689,0.5952821461609621,0.22190812720848063,0.8057923771313944,0.05041480536056164,0.7331200986122033,0.029483115165957197,0.6691561611969415,0.0669872981077807,0.75,0.375
2015-10-22,0.378940232742063,0.619493083873031,0.0865533230293663,0.6253259924659518,0.4125903032153032,0.6115479494295405,0.2250883392226149,0.47442326980942834,0.05041480536056164,0.7406754085818119,0.03246251274892564,0.677224884901544,0.0669872981077807,0.75,0.375
2015-10-23,0.06078409219297255,0.004237626928919804,0.13163317877382794,0.5815705592581859,0.8395464489214488,0.6929540548874499,0.2696113074204948,0.7378385155466398,0.0548819400127632,0.7481138290863494,0.03558026322252511,0.6852411640562606,0.0669872981077807,0.75,0.375
2015-10-24,0.3576996949497232,0.5458543215799152,0.10870685213807316,0.5988119385685308,0.4789568070818071,0.6133209990749307,0.13745583038869263,0.5752256770310933,0.06126356094447993,0.7555416232758803,0.038835443994230334,0.6932026265151192,0.0669872981077807,0.75,0.375
2015-10-25,0.09411365947350582,0.022627328695930277,0.2050489438433797,0.5471602434077079,0.7263621794871793,0.6277366635831021,0.11201413427561839,0.17853560682046138,0.05041480536056164,0.7628419016853334,0.042227091803680394,0.7011069163532914,0.0669872981077807,0.75,0.375
2015-10-26,0.17647723421082365,0.04341568721515951,0.3397733127253993,0.534265430310055,0.893022486772487,0.6529448041936479,0.26749116607773854,0.23106820461384153,0.05041480536056164,0.7700677958897413,0.04575420300772215,0.7089516945642459,0.0669872981077807,0.75,0.25
2015-10-27,0.09207999096147328,0.013192612137203165,0.2022153529108707,0.5545494059692841,0.8376322751322751,0.6635060129509713,0.2855123674911661,0.6754012036108326,0.05041480536056164,0.7772936900941487,0.04941573387740428,0.7167346397518992,0.0669872981077807,0.75,0.25
2015-10-28,0.0690317478251045,0.001359238826257296,0.1561051004636785,0.47536945812807874,0.5143849206349207,0.5085568917668825,0.5303886925795053,0.912863590772317,0.05041480536056164,0.7843389369434464,0.05321060090683438,0.7244534488175558,0.0669872981077807,0.75,0.25
2015-10-29,0.14687605920235003,0.08163428480051171,0.2874806800618238,0.4732686177919443,0.6787113349613347,0.5416281221091581,0.1784452296819788,0.7231695085255767,0.05041480536056164,0.7913523048477247,0.057137681133804796,0.7321058376414289,0.0669872981077807,0.75,0.25
2015-10-30,0.29646367642074345,0.43039897657311904,0.1409067490984029,0.5696899449434946,0.5707417582417582,0.6117021276595744,0.20883392226148417,0.6476930792377131,0.05041480536056164,0.7983019148619643,0.061195812472095434,0.7396895417585501,0.0669872981077807,0.75,0.125
2015-10-31,0.31476669302903626,0.5011593507635723,0.13446676970633695,0.6025065198493189,0.4318592287342288,0.6081560283687943,0.4406360424028269,0.8110581745235708,0.05041480536056164,0.8057934669415339,0.06538379405535477,0.7472023170288616,0.0669872981077807,0.75,0.125
2015-11-01,0.2112755620833804,0.17997921164148076,0.2498712004121587,0.6183714865256447,0.4823654354904354,0.6429232192414431,0.1830388692579506,0.7076228686058175,0.05041480536056164,0.812583682230676,0.06970038659245392,0.7546419403012921,0.24999999999999978,0.9330127018922192,0.125
2015-11-02,0.2703649305163258,0.38042696090189493,0.2184441009788769,0.6002607939727614,0.5598099816849818,0.6345975948196114,0.15088339222614844,0.6715145436308927,0.05041480536056164,0.8193101396297786,0.07414431273421379,0.7620062100716227,0.24999999999999978,0.9330127018922192,0.125
2015-11-03,0.13975821941023614,0.056608299352362675,0.24343122102009274,0.5662851347435525,0.6810706654456653,0.6376811594202898,0.2939929328621908,0.1428034102306921,0.05041480536056164,0.825919707563811,0.07871425745139299,0.7692929471339487,0.24999999999999978,0.9330127018922192,0.125
2015-11-04,0.031634843520506155,0.037339090109538654,0.054611025244719225,0.5321645899739205,0.8730031542531544,0.6476256552574776,0.26749116607773854,0.7118856569709129,0.05041480536056164,0.8323698807727458,0.08340886842382678,0.7764999952255415,0.24999999999999978,0.9330127018922192,0.125
2015-11-05,0.06959665574511355,0.011513552410650035,0.14219474497681608,0.5071718342509417,0.7913995726495726,0.6036848596978107,0.2780918727915194,0.8817703109327986,0.05041480536056164,0.8394895118270886,0.08822675644059919,0.7836252216649202,0.24999999999999978,0.9330127018922192,0.125
2015-11-06,0.11038300756976613,0.0606060606060606,0.2153529108706852,0.4702260214430599,0.6592389092389093,0.536308973172988,0.2756183745583039,0.8461634904714141,0.05041480536056164,0.845833421885958,0.09316649581113345,0.7906665179829475,0.24999999999999978,0.9330127018922192,0.125
2015-11-07,0.2762399728844198,0.44950827536579513,0.12210200927357032,0.5163720660678064,0.4996120777370777,0.5367715078630897,0.23392226148409895,0.6512036108324974,0.05041480536056164,0.8521348266848023,0.0982266247870775,0.7976218005467597,0.24999999999999978,0.9330127018922192,0.125
2015-11-08,0.29205739464467295,0.5711201727032861,0.06156620298815044,0.5688930744711677,0.48556420431420433,0.5887295713845205,0.1060070671378092,0.7046138415245737,0.05041480536056164,0.8582874630735553,0.10340564599485752,0.8044890111763461,0.24999999999999978,0.9330127018922192,0.125
2015-11-09,0.2186193650434979,0.2507395858319341,0.25218959299330246,0.5801217038539552,0.4818630443630444,0.6027597903176072,0.0667844522968198,0.48959378134403214,0.05041480536056164,0.864365715257263,0.10870202687877534,0.8112661177535982,0.24999999999999978,0.9330127018922192,0.125
2015-11-10,0.049937860128799,0.038298552810426156,0.09866048428645027,0.5158649666763256,0.8638392857142856,0.6273512180080173,0.17137809187279152,0.9449598796389169,0.05041480536056164,0.8702845727158737,0.11411420015451745,0.8179511148236478,0.24999999999999978,0.9330127018922192,0.125
2015-11-11,0.060106202688961705,0.05380986647477412,0.11746522411128285,0.4715299913068675,0.8702431827431827,0.5824082639531298,0.17915194346289753,0.9425777331995988,0.05041480536056164,0.8761502985994518,0.11964056427293779,0.8245420241883097,0.24999999999999978,0.9330127018922192,0.125
2015-11-12,0.2736413964523783,0.5180299032541776,0.08938691396187531,0.4784844972471747,0.5335266585266586,0.5067838421214924,0.43604240282685514,0.8624623871614845,0.05041480536056164,0.8818460034429259,0.12527948389398308,0.8310368954914655,0.24999999999999978,0.9330127018922192,0.125
2015-11-13,0.24223251609987576,0.39313984168865435,0.11875321998969604,0.514416111272095,0.45682615995116005,0.5262102991057662,0.2745583038869258,0.6203610832497493,0.05041480536056164,0.887509829341381,0.13102929037061556,0.837433806796204,0.24999999999999978,0.9330127018922192,0.125
2015-11-14,0.222686702067563,0.2862397057647717,0.1553323029366306,0.6010576644450882,0.5312054843304843,0.6365248226950354,0.145583038869258,0.6560932798395185,0.05041480536056164,0.893046139459758,0.13688828224259403,0.8437308651535544,0.24999999999999978,0.9330127018922192,0.125
2015-11-15,0.2574850299401198,0.5400975453745902,0.05821741370427615,0.5924369747899159,0.6684790903540905,0.6571076164045637,0.23215547703180212,0.4287863590772317,0.05041480536056164,0.898433681168044,0.14285472573996105,0.8499262071626383,0.24999999999999978,0.9330127018922192,0.125
2015-11-16,0.2066433171393063,0.28424082513792276,0.17748583204533747,0.5547667342799187,0.7157865282865283,0.6333641689793401,0.3554770318021202,0.6449348044132397,0.05041480536056164,0.9036937070962532,0.14892685529609467,0.8560179995220816,0.24999999999999978,0.9330127018922192,0.125
2015-11-17,0.20777313297932437,0.32901575117933957,0.12493560020607936,0.4810199942045783,0.4059383903133903,0.48119025593586184,0.28515901060070675,0.8930541624874626,0.05041480536056164,0.9088155909293771,0.15510287407016865,0.8620044395725182,0.24999999999999978,0.9330127018922192,0.125
2015-11-18,0.062365834368997855,0.008155432957543776,0.1321483771251932,0.4710953346855983,0.379101800976801,0.46692876965772434,0.6625441696113075,0.7804663991975929,0.05041480536056164,0.9138843431874695,0.16138095447886447,0.8678837558300239,0.24999999999999978,0.9330127018922192,0.125
2015-11-19,0.2586148457801378,0.5668025905492924,0.057444616177228236,0.40133294697189215,0.19429181929181927,0.335877274128893,0.5802120141342756,0.8506770310932799,0.05041480536056164,0.9187299428304252,0.16775923873718535,0.8736542085103296,0.24999999999999978,0.9330127018922192,0.125
2015-11-20,0.24313636877189018,0.5027584552650516,0.08371973209685729,0.40155027528252674,0.3220327126577127,0.381668208448967,0.14134275618374564,0.6137161484453362,0.05041480536056164,0.9235436635283611,0.17423583940820214,0.8793140900436494,0.24999999999999978,0.9330127018922192,0.125
2015-11-21,0.14156592475426505,0.07299912049252419,0.2622359608449253,0.3787308026658939,0.5389384920634919,0.4152790625963614,0.11024734982332156,0.754764292878636,0.05041480536056164,0.928144857926168,0.18080883996157754,0.8848617255799784,0.24999999999999978,0.9330127018922192,0.125
2015-11-22,0.23240311829171847,0.5009994403134245,0.06826378155589902,0.47167487684729054,0.5099269943019943,0.5026210299105767,0.3742049469964665,0.8103059177532599,0.05041480536056164,0.9327035470639489,0.18747629534069887,0.8902954734847094,0.24999999999999978,0.9330127018922192,0.125
2015-11-23,0.19692690091515083,0.31590309426721036,0.1470891293147862,0.46356128658359885,0.5393136955636955,0.5024668516805427,0.12402826855123679,0.6311434302908727,0.05041480536056164,0.9370497099016002,0.1942362325382503,0.8956137258244161,0.24999999999999978,0.9330127018922192,0.125
2015-11-24,0.20235001694723762,0.341648676741025,0.11154044307058217,0.4664589973920602,0.6591880341880341,0.5345359235275979,0.22190812720848063,0.42377131394182554,0.05041480536056164,0.9413214885342058,0.20108665118005764,0.9008149088426689,0.24999999999999978,0.9330127018922192,0.125
2015-11-25,0.03683199638458931,0.0003997761253697929,0.08320453374549203,0.4102434077079107,0.65583664021164,0.47602528522972554,0.37561837455830394,0.9904714142427282,0.32737715379706445,0.9453913671816885,0.2080255241170333,0.9058974834257341,0.24999999999999978,0.9330127018922192,0.125
2015-11-26,0.16653485481866456,0.24066522747261532,0.1764554353426069,0.3031005505650536,0.4513125763125764,0.31930311440024667,0.12756183745583044,0.7992728184553661,0.7275047862156988,0.9493443563641,0.21505079802503763,0.9108599455580206,0.24999999999999978,0.9330127018922192,0.125
2015-11-27,0.2319511919557112,0.5569680978651954,0.04842864502833591,0.3247609388583019,0.4712746743996744,0.3391150169596053,0.1826855123674912,0.6721414242728185,0.0657306955966816,0.953201708711453,0.2221603940124977,0.9157008267671469,0.24999999999999978,0.9330127018922192,0.125
2015-11-28,0.2181674387074907,0.4854881266490765,0.06594538897475528,0.385685308606201,0.4349053724053725,0.3943108233117484,0.13215547703180214,0.6939568706118355,0.0657306955966816,0.9568677873886893,0.22935220823557684,0.9204186945584796,0.24999999999999978,0.9330127018922192,0.125
2015-11-29,0.09287086204948594,0.04453506036619493,0.1823802163833076,0.4129962329759489,0.7694406288156288,0.5013105149552883,0.09187279151943466,0.5106569709127382,0.0657306955966816,0.9604382292308675,0.23662411252074145,0.9250121528390364,0.24999999999999978,0.9330127018922192,0.125
2015-11-30,0.0864309117613829,0.013192612137203165,0.1859866048428645,0.39901477832512305,0.8420584045584043,0.50177304964539,0.09328621908127209,0.2587763289869609,0.3024888321633694,0.963870528977961,0.24397395499452046,0.9294798423306105,0.24999999999999978,0.9330127018922192,0.125
2015-12-01,0.03626708846458027,0.02686495562485008,0.07753735188047399,0.41219936250362205,0.7304957773707774,0.4934474252235584,0.29893992932862196,0.8441574724172518,0.9087428206764515,0.9670903024249249,0.25139956072027764,0.933820440972003,0.4999999999999999,1.0,0.125
2015-12-02,0.2181674387074907,0.5278643959382745,0.05692941782586296,0.3995218777166038,0.7131155881155882,0.4763336416897934,0.19823321554770323,0.820210631895687,0.9355456285896616,0.9702144390368308,0.25889873234181326,0.938032664310243,0.4999999999999999,1.0,0.125
2015-12-03,0.20393175912326292,0.4818101862956744,0.0455950540958269,0.45841784989858003,0.8012248168498168,0.5558896083872957,0.17102473498233217,0.7022316950852558,0.8072750478621568,0.9732004335536519,0.266469250733593,0.9421152658806755,0.4999999999999999,1.0,0.125
2015-12-04,0.20562648288329002,0.4837291116974494,0.05151983513652757,0.46855983772819465,0.7867190679690681,0.5623650940487204,0.3176678445229682,0.551654964894684,0.7811104020421186,0.9760057807153633,0.2741088756574279,0.946067037575814,0.4999999999999999,1.0,0.125
2015-12-05,0.14710202237035364,0.2268329735348205,0.15404430705821742,0.4776876267748478,0.8647041615791615,0.5887295713845205,0.16537102473498239,0.8556920762286861,0.7702616464582003,0.9786623594669837,0.2818153464253925,0.9498868100028355,0.4999999999999999,1.0,0.125
2015-12-06,0.1728618235227658,0.29791316862556966,0.13833075734157652,0.47232686177919436,0.8326210826210827,0.5746993524514339,0.1929328621908128,0.59265295887663,0.5558391831525207,0.9811595434935074,0.2895863825688022,0.9535734528296247,0.4999999999999999,1.0,0.125
2015-12-07,0.15614054909049827,0.24234428719916845,0.13781555899021122,0.5047087800637495,0.7067943630443629,0.5831020659882824,0.2102473498233216,0.7348294884653961,0.03509891512444163,0.9835610906849719,0.29741968451303735,0.9571258751192568,0.4999999999999999,1.0,0.125
2015-12-08,0.06699807931307197,0.04437514991604701,0.13369397217928902,0.5031874818893074,0.9216460622710623,0.6251156336725254,0.19045936395759722,0.823345035105316,0.03509891512444163,0.9857501115763072,0.30531293425802775,0.9605430256528238,0.4999999999999999,1.0,0.125
2015-12-09,0.12507061349000112,0.12105221076197328,0.17671303451828954,0.5591133004926108,0.8370790089540088,0.6673604687018193,0.22720848056537107,0.7264292878635907,0.03509891512444163,0.987832869317578,0.31326379606418364,0.9638238932405055,0.4999999999999999,1.0,0.125
2015-12-10,0.07264715851316235,0.08227392660110337,0.09247810407006699,0.4878296146044624,0.719920126170126,0.5683780450200432,0.40706713780918735,0.7189067201604815,0.2763241863433312,0.9896924744437121,0.32126991714357844,0.9669675070207987,0.4999999999999999,1.0,0.125
2015-12-11,0.01728618235227658,0.01399216438794275,0.03709428129829985,0.42364532019704426,0.8649903337403335,0.5323003391921061,0.09823321554770319,0.26253761283851557,0.8710912571793233,0.9914033111597558,0.3293289283561797,0.9699729367478103,0.4999999999999999,1.0,0.125
2015-12-12,0.06428652129702858,0.04565443351723035,0.1239052035033488,0.4232106635757751,0.9051053113553114,0.5393154486586493,0.10282685512367494,0.4756770310932799,0.8883216336949583,0.9929653794657085,0.3374384449109119,0.9728392930665308,0.4999999999999999,1.0,0.125
2015-12-13,0.0690317478251045,0.14383944990805148,0.06826378155589902,0.41879165459287154,0.9122977716727716,0.5355380820228184,0.0939929328621908,0.3681043129388165,0.8908742820676449,0.9943786793615712,0.3455960670713577,0.9755657277760108,0.4999999999999999,1.0,0.125
2015-12-14,0.07343802960117501,0.11585512113216598,0.08294693456980937,0.4030715734569689,0.8755532661782661,0.5130280604378662,0.20565371024734985,0.031845536609829486,0.936821952776005,0.9956644634773548,0.3537993808658755,0.9781514340803552,0.4999999999999999,1.0,0.0
2015-12-15,0.01954581403231273,0.0,0.04456465739309634,0.38307736887858584,0.7196403133903133,0.46207215541165586,0.2685512367491167,0.038365095285857576,0.9783024888321631,0.9967377212930097,0.36204595880193563,0.980595646827469,0.4999999999999999,1.0,0.0
2015-12-16,0.034685346288554963,0.0015991045014791716,0.07727975270479134,0.360257896261953,0.737643722018722,0.44249152019734816,0.45477031802120144,0.9256519558676028,1.0,0.9976940896435935,0.3703333605844513,0.9828976427354764,0.4999999999999999,1.0,0.0
2015-12-17,0.15162128573042594,0.2717678100263852,0.10510046367851622,0.300709939148073,0.5952126577126575,0.34952204748689486,0.4017667844522969,0.874874623871615,1.0,0.9984273053790407,0.378659133837905,0.985056740606753,0.4999999999999999,1.0,0.0
2015-12-18,0.049937860128799,0.08843047893179819,0.07650695517774343,0.24514633439582725,0.5196886446886447,0.2775208140610546,0.2671378091872792,0.8405215646940822,1.0,0.9990436316494162,0.38702081483204037,0.9870723015295015,0.4999999999999999,1.0,0.0
2015-12-19,0.04711332052875382,0.0014391940513312543,0.10638845955692941,0.310634598667053,0.7624007936507937,0.39377119950662964,0.19257950530035334,0.5252006018054163,1.0,0.9995324421397149,0.39541592921092605,0.9889437290668184,0.4999999999999999,1.0,0.0
2015-12-20,0.08835159868941363,0.14503877828416087,0.10252447192168984,0.3362793393219356,0.8530919312169312,0.4386370644465002,0.10918727915194347,0.6587261785356069,1.0,0.9998512315899091,0.4038419927251526,0.9906704694331863,0.4999999999999999,1.0,0.0
2015-12-21,0.05886340526494181,0.09018949388342527,0.09453889747552807,0.3506230078238191,0.902733262108262,0.4629201356768424,0.23498233215547704,0.5020060180541626,1.0,0.9999787473699873,0.4122965119669632,0.9922520116583506,0.4999999999999999,1.0,0.0
2015-12-22,0.03547621737656762,0.02694491084992404,0.07521895929933024,0.37532599246595183,0.9083740333740333,0.48990132593277824,0.2395759717314488,0.6024322968906721,1.0,0.9999787473699873,0.4207769851080956,0.9936878877385225,0.4999999999999999,1.0,0.0
2015-12-23,0.0703875268331262,0.06052610538098664,0.10175167439464194,0.328310634598667,0.8763418294668295,0.43485969781066913,0.1441696113074205,0.9279087261785357,1.0,0.9997768473848638,0.4292809026401072,0.9949776727748683,0.4999999999999999,1.0,0.0
2015-12-24,0.042029149248672466,0.026705045174702166,0.0899021123132406,0.32664445088380173,0.8474575193325193,0.42838421214924455,0.05477031802120143,0.5946589769307924,1.0,0.9994368053046561,0.43780574811698825,0.9961209850992455,0.4999999999999999,1.0,0.0
2015-12-25,0.04157722291266524,0.02926361237706884,0.08758371973209686,0.2968704723268617,0.7725694444444444,0.38236201048411966,0.2597173144876326,0.2286860581745236,1.0,0.9988842369243192,0.4463489988998083,0.9971174863871431,0.4999999999999999,1.0,0.0
2015-12-26,0.15365495424245848,0.2976733029503478,0.10072127769191139,0.21971892205157917,0.5731328856328857,0.2632593277829171,0.21307420494699653,0.4729187562688065,1.0,0.9981616475038786,0.4549081269032143,0.9979668817577979,0.4999999999999999,1.0,0.0
2015-12-27,0.13252739803412045,0.30510913888222596,0.0455950540958269,0.2184149521877716,0.7847476597476597,0.3034998458217699,0.1964664310954064,0.561308926780341,1.0,0.9973859265084051,0.46348059934352615,0.9986689198614541,0.4999999999999999,1.0,0.0
2015-12-28,0.06959665574511355,0.06668265771168146,0.1069036579082947,0.247971602434077,0.6454517704517704,0.3068917668825162,0.25265017667844525,0.3645937813440321,1.0,0.9963976792128024,0.47206387948823164,0.9992233929537424,0.4999999999999999,1.0,0.0
2015-12-29,0.04349790984069597,0.0009594627008875029,0.09840288511076764,0.2862938278759779,0.6730705636955636,0.3534535923527598,0.022261484098939924,0.44859578736208633,1.0,0.9952606635071088,0.4806554274066444,0.9996301369571539,0.4999999999999999,1.0,0.0
2015-12-30,0.026776635408428423,7.995522507395858e-05,0.060793405461102526,0.26028687337003764,0.6913283475783476,0.3294017884674684,0.12720848056537104,0.8437813440320965,1.0,0.9939323741312989,0.48925270072150934,0.9998890315095941,0.4999999999999999,1.0,0.0
2015-12-31,0.1700372839227206,0.3948988566402814,0.056671818650180325,0.29998551144595764,0.7551065832315833,0.3829787234042553,0.38727915194346296,0.8269809428284856,1.0,0.9922746689902877,0.49785315536133695,1.0,0.4999999999999999,1.0,0.0
2016-01-01,0.1948932324031183,0.48085072359478687,0.04662545079855744,0.3679368299043755,0.6999325905575906,0.44241443108233114,0.37102473498233224,0.8350050150451354,1.0,0.990861369094425,0.5086043202025801,0.9999306437314268,0.75,0.9330127018922194,0.0
2016-01-02,0.19624901141113998,0.4974014551850963,0.036836682122617204,0.3491017096493769,0.6993411680911681,0.42090656799259946,0.3091872791519435,0.8792627883650952,1.0,0.9890867744883431,0.5172026274050304,0.9997087252218304,0.75,0.9330127018922194,0.0
2016-01-03,0.1699243023387188,0.37962740865115535,0.04714064914992272,0.32150101419878285,0.898116351241351,0.4309281529448042,0.10459363957597177,0.7093781344032097,1.0,0.9871421588421563,0.5257958450994664,0.9993389340057308,0.75,0.9330127018922194,0.0
2016-01-04,0.08304146424132866,0.06644279203645957,0.14348274085522927,0.35793972761518394,0.8681191493691491,0.46384520505704596,0.287279151943463,0.49623871614844534,1.0,0.9850381484708728,0.5343814304145206,0.9988213795102985,0.75,0.9330127018922194,0.0
2016-01-05,0.09659925432154559,0.13480450947469416,0.0899021123132406,0.35685308606201094,0.8603289072039071,0.461840888066605,0.10141342756183745,0.34490972918756274,1.0,0.9828172486345186,0.5429568427373694,0.998156214888235,0.75,0.9330127018922194,0.0
2016-01-06,0.027002598576432044,0.0006396418005916686,0.060793405461102526,0.3466386554621848,0.8134284696784697,0.4429540548874499,0.10848056537102475,0.16085757271815446,1.0,0.9804157014430532,0.5515195444655416,0.9973436369724538,0.75,0.9330127018922194,0.0
2016-01-07,0.05355327081685686,0.03765891100983449,0.10587326120556415,0.3493914807302231,0.8503828347578346,0.4521276595744681,0.09257950530035335,0.23558174523570713,1.0,0.9778441332114842,0.5600670017578351,0.996383886217833,0.75,0.9330127018922194,0.0
2016-01-08,0.0865438933453847,0.03102262732869593,0.18366821226172078,0.27245725876557514,0.6808544464794466,0.33980881899475796,0.2823321554770319,0.9459628886659981,1.0,0.9750812913097993,0.5685966852841216,0.9952772466300619,0.75,0.9330127018922194,0.0
2016-01-09,0.11117387865777878,0.23850643639561844,0.10046367851622875,0.1677050130396986,0.491446632071632,0.19303114400246685,0.2024734982332156,0.8969408224674023,1.0,0.9721803073130295,0.5771060709738164,0.9940240456815989,0.75,0.9330127018922194,0.0
2016-01-10,0.07400293752118405,0.004237626928919804,0.16563626996393613,0.19334975369458124,0.7021202177452177,0.26233425840271346,0.12826855123674913,0.801529588766299,1.0,0.9691943127962084,0.585592640762791,0.9926246542147663,0.75,0.9330127018922194,0.0
2016-01-11,0.05908936843294543,0.002718477652514592,0.1321483771251932,0.2637641263401912,0.6759513634513634,0.330172679617638,0.4190812720848057,0.9163741223671014,1.0,0.9660808024993095,0.5940538833385093,0.9910794863320134,0.75,0.9330127018922194,0.0
2016-01-12,0.055473957744887586,0.0038378508035500115,0.12287480680061824,0.23681541582150095,0.591867623117623,0.2833795868023435,0.12226148409893996,0.7471163490471415,1.0,0.9627228869572604,0.6024872948831644,0.989388999273376,0.75,0.9330127018922194,0.0
2016-01-13,0.05784657100892554,0.005197089629807307,0.1267387944358578,0.40133294697189215,0.8932577838827838,0.5141843971631206,0.1303886925795053,0.6876880641925778,0.9776643267389916,0.9593330924701933,0.6108903798146001,0.9875536932811722,0.75,0.9330127018922194,0.0
2016-01-14,0.02124053779233985,0.00015991045014791716,0.04842864502833591,0.35417270356418423,0.8976203194953196,0.46631205673758863,0.21625441696113074,0.7197843530591777,0.9457562220804084,0.9557626506280155,0.6192606515247924,0.9855741114519722,0.75,0.9330127018922194,0.0
2016-01-15,0.05344028923285504,0.02910370192692092,0.10793405461102526,0.26521298174442187,0.7414275539275541,0.3441258094357077,0.1021201413427562,0.49786860581745246,1.0,0.951969056170701,0.6275956331156775,0.9834508395758876,0.75,0.9330127018922194,0.0
2016-01-16,0.19602304824313638,0.3447669305189094,0.11360123647604328,0.11322804984062584,0.466581450956451,0.13320999074930617,0.36395759717314496,0.956494483450351,1.0,0.9480266933032961,0.6358928581321057,0.9811845059632269,0.75,0.9330127018922194,0.0
2016-01-17,0.09422664105750762,0.17110418165827135,0.11772282328696548,0.10511445957693416,0.5407000407000409,0.13891458526056122,0.20282685512367493,0.8889167502507525,1.0,0.9439568146558135,0.6441498712917051,0.9787757812585678,0.75,0.9330127018922194,0.0
2016-01-18,0.062139871200994234,0.0011993283761093786,0.14064914992272026,0.17277600695450585,0.6580433455433456,0.23234659266111624,0.14770318021201417,0.4788114343029088,1.0,0.9398125518032852,0.6523642292114393,0.9762253782423029,0.75,0.9330127018922194,0.0
2016-01-19,0.07117839792113885,0.09114895658431278,0.1205564142194745,0.2916545928716313,0.8616198616198616,0.393077397471477,0.2335689045936396,0.5366098294884654,1.0,0.9355513994856861,0.6605335011306435,0.9735340516197171,0.75,0.9330127018922194,0.0
2016-01-20,0.06824087673709185,0.0025585672023666745,0.1532715095311695,0.30570849029266867,0.899636243386243,0.41535615171137835,0.11166077738515905,0.2526328986960883,1.0,0.9310989734979702,0.6686552696303258,0.9707025977976569,0.75,0.9330127018922194,0.125
2016-01-21,0.04135125974466162,0.0007195970256656272,0.09325090159711488,0.3082439872500724,0.8117050773300774,0.40201973481344433,0.045229681978798605,0.465270812437312,1.0,0.9258283212547549,0.6767271313485206,0.9677318546488622,0.75,0.9330127018922194,0.125
2016-01-22,0.031747825104507965,0.0012792836011833373,0.07135497166409067,0.3325847580411474,0.8367928367928368,0.4320074005550416,0.3734982332155477,0.4842026078234704,0.9821314613911932,0.9211739952819156,0.6847466976914816,0.9646227012640256,0.75,0.9330127018922194,0.125
2016-01-23,0.1376115693142018,0.19876868953386104,0.09041731066460587,0.42538394668212104,0.9160688848188847,0.5430928152944804,0.2438162544169612,0.7568956870611836,0.9432035737077215,0.9164559114190376,0.6927115955405055,0.9613760576916547,0.75,0.9330127018922194,0.125
2016-01-24,0.03750988588860016,0.0005596865755177101,0.08526532715095311,0.37387713706172115,0.860907610907611,0.4797255627505396,0.07526501766784453,0.3319959879638917,0.967453733248245,0.9114615433659914,0.700619467954176,0.9579928846658162,0.75,0.9330127018922194,0.125
2016-01-25,0.044062817760705,0.00015991045014791716,0.10020607934054612,0.34852216748768466,0.873480107855108,0.4551341350601295,0.26643109540636045,0.9162487462387161,1.0,0.9063821647928929,0.7084679748658202,0.9544741833218385,0.75,0.9330127018922194,0.125
2016-01-26,0.08744774601739917,0.04797313504437515,0.17516743946419372,0.3547522457258765,0.7700066137566137,0.44241443108233114,0.16183745583038872,0.7759528585757272,0.9329929802169751,0.9011752704397171,0.716254793775973,0.9508209949000599,0.75,0.9330127018922194,0.125
2016-01-27,0.26663653824426614,0.5256256496362037,0.06439979392065945,0.48964068385975074,0.7821721102971102,0.5833333333333334,0.49611307420494716,0.8071715145436309,0.774728781110402,0.8959046181965018,0.7239776204396406,0.9470344004377083,0.75,0.9330127018922194,0.125
2016-01-28,0.19873460625917977,0.2652914367953946,0.13858835651725915,0.46211243117936823,0.8847934472934473,0.5755473327166204,0.2445229681978799,0.6510782347041124,0.7811104020421186,0.8904426922831701,0.7316341695481653,0.9431155204490055,0.75,0.9330127018922194,0.25
2016-01-29,0.18574172409897188,0.24682177980331013,0.19629057187017002,0.5173138220805563,0.7524229242979243,0.6067684242984891,0.3491166077738516,0.7887412236710132,0.7702616464582003,0.8848851295347795,0.7392221754054835,0.9390655145935891,0.75,0.9330127018922194,0.25
2016-01-30,0.10823635747373178,0.061005836731430396,0.1872746007212777,0.4823239640683859,0.7715137871387872,0.5732346592661116,0.14134275618374564,0.8382647943831494,0.7791959157626037,0.8791787983762989,0.746739392598583,0.9348855813333501,0.75,0.9330127018922194,0.25
2016-01-31,0.2642639249802282,0.3861837371072199,0.160741885625966,0.45602723848159943,0.7917684167684167,0.5473327166204132,0.19681978798586575,0.8713640922768304,0.8098276962348435,0.8733768303827594,0.7541835966619558,0.9305769575777887,0.75,0.9330127018922194,0.25
2016-02-01,0.234436786803751,0.1590309426721036,0.3508500772797527,0.44624746450304253,0.741694647944648,0.5279833487511563,0.03568904593639577,0.636283851554664,0.6171027440970006,0.867447346609143,0.7615525847358539,0.9261409183179932,0.9330127018922193,0.75,0.25
2016-02-02,0.15060445147440968,0.04925241864555848,0.27872230808861415,0.3864097363083163,0.6081539987789986,0.43925377736663584,0.22332155477031806,0.04037111334002007,0.09636247606892151,0.8613797207404414,0.7688441762181506,0.9215787762493497,0.9330127018922193,0.75,0.25
2016-02-03,0.11976047904191617,0.039258015511313665,0.25373518804739825,0.37358736598087505,0.5736479955229956,0.41913351834720936,0.21413427561837461,0.8235957873620863,0.3554562858966177,0.8552483369817012,0.7760562134096158,0.9168918813830942,0.9330127018922193,0.75,0.25
2016-02-04,0.2999661055247995,0.4898856640281442,0.16589386913961876,0.3890176760359315,0.6436011904761907,0.44364785692260256,0.16643109540636047,0.7398445336008024,0.9444798978940651,0.8490213163879026,0.7831865621524141,0.9120816206468223,0.9330127018922193,0.75,0.25
2016-02-05,0.3001920686928031,0.47917166386823373,0.10458526532715096,0.435163720660678,0.6059218559218558,0.4853530681467777,0.1975265017667845,0.8401454363089267,0.824505424377792,0.8425923958089814,0.7902331124616363,0.9071494174740756,0.9330127018922193,0.75,0.25
2016-02-06,0.08134674048130155,0.0028783881026625087,0.1823802163833076,0.5041292379020573,0.5387731481481483,0.5389300030835646,0.4989399293286219,0.7621614844533602,0.5737077217613272,0.8361741015450663,0.7971937791496777,0.9020967313831245,0.9330127018922193,0.75,0.25
2016-02-07,0.10202237035363236,0.09802510594067322,0.18160741885625967,0.4468994494349463,0.46412672975172975,0.46754548257786,0.8515901060070672,0.9109829488465397,0.09636247606892151,0.8296176651860665,0.8040665024432789,0.8969250575450732,0.9330127018922193,0.75,0.25
2016-02-08,0.22946559710767145,0.18117854001759015,0.32122617207624937,0.3837293538104896,0.5083625864875866,0.4145081714461918,0.4802120141342758,0.9826980942828485,0.09636247606892151,0.8229230867319828,0.810849248593046,0.8916359263414146,0.9330127018922193,0.75,0.25
2016-02-09,0.18867924528301888,0.11217718077876389,0.26841834106130863,0.4017676035931613,0.6479319291819292,0.46584952204748686,0.07279151943462896,0.6722668004012036,0.09636247606892151,0.8161647503878608,0.8175400104752691,0.8862309029111658,0.9330127018922193,0.75,0.25
2016-02-10,0.12371483448197945,0.02414647797233549,0.2586295723853684,0.3709069834830483,0.7368487993487993,0.4518963922294172,0.12897526501766787,0.2597793380140421,0.3599234205488193,0.8093107772086796,0.8241368081858635,0.8807115866877182,0.9330127018922193,0.75,0.25
2016-02-11,0.17331374985877301,0.016790597265531303,0.37094281298299847,0.3259924659518979,0.7177770146520146,0.4024051803885291,0.11166077738515899,0.6807923771313942,1.0,0.802371793509447,0.8306376896262546,0.8750796109255397,0.9330127018922193,0.75,0.25
2016-02-12,0.2912665235566603,0.26904933237387063,0.3083462132921175,0.2507244277021153,0.39967439967439966,0.24830403946962687,0.2063604240282686,0.37913741223671016,1.0,0.7953265466601493,0.8370407310810345,0.869336642216868,0.9330127018922193,0.75,0.25
2016-02-13,0.10383007569766128,0.002078835851922923,0.2341576506955178,0.3010721529991306,0.6250190781440781,0.354995374653099,0.4109540636042403,0.4474674022066199,0.9776643267389916,0.7882175419208126,0.843344037787222,0.8634843799985397,0.9330127018922193,0.75,0.25
2016-02-14,0.20540051971528642,0.1571120172703286,0.3281813498196806,0.43581570559258176,0.9109241452991452,0.5511871723712611,0.2098939929328622,0.8375125376128385,0.8966177409061901,0.781023526661424,0.8495457444949523,0.8575245560490985,0.9330127018922193,0.75,0.25
2016-02-15,0.18834030053101344,0.057807627728472054,0.3529108706852138,0.44392929585627344,0.8881702787952788,0.5565063213074314,0.14876325088339226,0.8108074222668005,0.8315252074026801,0.7737445008819841,0.8556440160194346,0.8514589339763361,0.9330127018922193,0.75,0.25
2016-02-16,0.14145294317026325,0.022147597345486526,0.2918598660484287,0.4382787597797739,0.8386752136752136,0.5410884983040395,0.12544169611307426,0.6509528585757272,0.8359923420548819,0.7663804645824919,0.8616370477840132,0.8452893086954099,0.9330127018922193,0.75,0.25
2016-02-17,0.08959439611343352,0.03669944830894699,0.19010819165378673,0.4499420457838307,0.8287672975172975,0.5497995683009559,0.265017667844523,0.4400702106318957,0.824505424377792,0.758952670392961,0.8675230663541702,0.8390175058977003,0.9330127018922193,0.75,0.25
2016-02-18,0.12416676081798667,0.0015991045014791716,0.28052550231839257,0.4810924369747898,0.9109813797313795,0.6002158495220475,0.17455830388692584,0.42728184553660986,0.5469049138481173,0.7514823709434038,0.8733003299623139,0.8326453815105587,0.9330127018922193,0.75,0.25
2016-02-19,0.35442322901367074,0.45406572319501076,0.13936115404430707,0.542958562735439,0.5370942714692714,0.5696114708603145,0.6936395759717314,0.8529338014042127,0.004467134652201665,0.7438845557137697,0.8789671290231953,0.8261748211481089,0.9330127018922193,0.75,0.25
2016-02-20,0.29284826573268563,0.27096825777564565,0.30808861411643484,0.477035641842944,0.778432794057794,0.5657570151094665,0.09787985865724382,0.6243731193580742,0.23675813656668793,0.7362017299640833,0.8845217866398023,0.8196077395532636,0.9330127018922193,0.75,0.25
2016-02-21,0.22381651790758106,0.11713440473334932,0.4227202472952087,0.43567082005215874,0.6709210927960929,0.5013876040703052,0.16713780918727922,0.5107823470411235,0.568602425015954,0.7285082778993899,0.8899626590995804,0.8129460800311208,0.9330127018922193,0.75,0.25
2016-02-22,0.3195119195571122,0.34540657231950106,0.3150437918598661,0.4708055636047522,0.6261383292633291,0.5272124576009868,0.1731448763250884,0.6816700100300903,0.004467134652201665,0.7207404416296517,0.8952881363608334,0.8061918138739088,0.9330127018922193,0.75,0.25
2016-02-23,0.3511467630776184,0.4020148716718637,0.2812982998454405,0.45646189510286866,0.5572789479039479,0.49498920752389763,0.31166077738515907,0.9057171514543632,0.004467134652201665,0.7128875948398612,0.9004966425291608,0.7993469397776494,0.9330127018922193,0.75,0.25
2016-02-24,0.15173426731442774,0.023746701846965697,0.315816589386914,0.4446537235583888,0.560382326007326,0.4868177613320999,0.38833922261484105,0.9167502507522569,0.004467134652201665,0.7049816164750387,0.9055866363237911,0.792413483250711,0.9330127018922193,0.75,0.25
2016-02-25,0.3283244831092532,0.28655952666506757,0.33668212261720765,0.43958272964358147,0.4512044668294668,0.45158803576934936,0.141696113074205,0.8261033099297894,0.0,0.6970437591651963,0.9105566115336701,0.7853934960144285,0.9330127018922193,0.75,0.25
2016-02-26,0.39690430459835047,0.5479331574318381,0.21947449768160743,0.5060127499275572,0.39559167684167684,0.5043940795559667,0.23074204946996474,0.7784603811434303,0.015954052329291646,0.688436444009946,0.9154050974631737,0.7782890553959659,0.9330127018922193,0.75,0.25
2016-02-27,0.35656987910970517,0.3677140801151355,0.2828438948995363,0.564039408866995,0.5242610398860399,0.5952050570459451,0.25759717314487635,0.8126880641925778,0.08104658583280161,0.6804773340700914,0.9201306593673111,0.7711022637136017,0.9330127018922193,0.75,0.25
2016-02-28,0.3423341995254774,0.4124890061565523,0.1839258114374034,0.4889162561576354,0.5578894485144485,0.5276749922910885,0.3759717314487633,0.8198345035105317,0.08104658583280161,0.6723907083501581,0.9247318988762877,0.7638352476546191,0.9330127018922193,0.75,0.25
2016-02-29,0.15354197265845668,0.012792836011833373,0.3286965481710459,0.3152709359605911,0.20304868742368742,0.2526210299105766,0.28021201413427566,0.16060682046138416,0.08104658583280161,0.6642828300002126,0.9292074544093061,0.7564901576459847,0.9330127018922193,0.75,0.25
2016-03-01,0.2615523669641848,0.14351962900775564,0.4459041731066461,0.3786583598956823,0.5004705942205943,0.4078014184397163,0.12084805653710247,0.8082998996990973,0.308870453095086,0.6561430727052473,0.9335560015774793,0.7490691672180035,1.0,0.5,0.25
2016-03-02,0.15806123601852898,0.0035180299032541774,0.35497166409067493,0.4313242538394667,0.8232855107855108,0.5326857847671909,0.12014134275618378,0.31519558676028087,0.875558391831525,0.6473551101948867,0.9377762535757386,0.7415744723611354,1.0,0.5,0.375
2016-03-03,0.19365043497909842,0.017350283841049013,0.4090674909840289,0.41987829614604455,0.7190107346357346,0.4971477027443725,0.14840989399293286,0.37550150451354064,0.6579451180599871,0.6391303423798691,0.9418669615636207,0.7340082908761664,1.0,0.5,0.375
2016-03-04,0.43407524573494527,0.5424962021268089,0.30061823802163834,0.4977542741234424,0.6291463166463167,0.5518038852913969,0.39010600706713794,0.696715145436309,0.05041480536056164,0.6309587061398845,0.9458269150348186,0.7263728617179261,1.0,0.5,0.375
2016-03-05,0.4655971076714496,0.588630366994483,0.17259144770736734,0.5334685598377281,0.6413436100936101,0.5868794326241135,0.3194346289752651,0.493480441323972,0.05041480536056164,0.6226701804348287,0.9496549421753908,0.7186704443327449,1.0,0.5,0.375
2016-03-06,0.48051067675968817,0.6258895018789478,0.1326635754765585,0.6221385105766444,0.5766687016687015,0.6531760715386987,0.1505300353356891,0.4509779338014042,0.05041480536056164,0.6143922810447795,0.9533499102105194,0.7109033179898466,1.0,0.5,0.375
2016-03-07,0.39792113885436675,0.4794914847685296,0.26326635754765587,0.5576644450883801,0.8571873728123727,0.6669750231267345,0.24593639575971737,0.603309929789368,0.05041480536056164,0.6060081185046648,0.9569107257397163,0.7030737811068777,1.0,0.5,0.375
2016-03-08,0.21624675177945996,0.1945310626049412,0.27228232869654817,0.48978556940017376,0.7475262006512007,0.5740055504162812,0.3643109540636043,0.6747743229689067,0.05041480536056164,0.5976239559645502,0.9603363350603784,0.6951841505697665,1.0,0.5,0.5
2016-03-09,0.5010733250480172,0.6025425761573519,0.1975785677485832,0.5283251231527093,0.4831539987789988,0.5399321615787851,0.054063604240282684,0.671639919759278,0.05041480536056164,0.5892079144794167,0.9636257244795952,0.6872367610471211,1.0,0.5,0.5
2016-03-10,0.5092079990961473,0.6681058607179979,0.1403915507470376,0.5855549116198202,0.34226190476190477,0.5541165587419057,0.26077738515901067,0.5458876629889668,0.05041480536056164,0.5808024993092893,0.9667779206141163,0.6792339642993624,1.0,0.5,0.5
2016-03-11,0.45463789402327426,0.4800511713440473,0.2660999484801649,0.6167053028107794,0.3408882783882783,0.5689176688251619,0.2438162544169612,0.5942828485456368,0.05041480536056164,0.5723545788791364,0.9697919906783913,0.6711781284828007,1.0,0.5,0.5
2016-03-12,0.48107558467969724,0.517310306228512,0.31633178773827925,0.6382208055636047,0.2936253561253561,0.5911193339500462,0.43074204946996475,0.364468405215647,0.05041480536056164,0.5639172847639893,0.9726670427605966,0.6630716374488601,1.0,0.5,0.5
2016-03-13,0.5297706473844763,0.6497161589509874,0.16331787738279238,0.6448130976528541,0.48422237484737485,0.650709219858156,0.2487632508833923,0.7290621865596791,0.05041480536056164,0.5554374853888167,0.975402226086566,0.6549168900386584,1.0,0.5,0.5
2016-03-14,0.434188227318947,0.36691452786439593,0.43070582174137045,0.614604462474645,0.5004960317460317,0.6315911193339501,0.4197879858657244,0.5732196589769307,0.05041480536056164,0.5469151807536186,0.9779967312715485,0.6467162993731514,1.0,0.5,0.5
2016-03-15,0.47102022370353636,0.4029743343727512,0.3804739824832561,0.5433932193567081,0.3801701770451771,0.5288313290163429,0.3865724381625442,0.8393931795386158,0.05041480536056164,0.5383928761184196,0.9804497905597181,0.6384722921390523,1.0,0.5,0.5
2016-03-16,0.41057507626256917,0.30854721356040615,0.5494590417310665,0.49717473196175016,0.5487828144078144,0.5319919827320382,0.4674911660777385,0.8669759277833502,0.16656030631780466,0.529870571483221,0.9827606780513657,0.6301873078707345,1.0,0.5,0.5
2016-03-17,0.3012089029488193,0.067562165187495,0.5649149922720247,0.407707910750507,0.4974944037444037,0.4360160345359235,0.46395759717314483,0.9042126379137412,0.45309508615188254,0.5212738826429768,0.9849287099177038,0.6218637982283358,1.0,0.5,0.5
2016-03-18,0.1480058750423681,0.005037179179659391,0.3289541473467285,0.4253115039119095,0.6216804029304028,0.48442799876657416,0.37314487632508836,0.9590020060180542,0.5711550733886407,0.512825962212824,0.986953244603223,0.6135042262722716,1.0,0.5,0.5
2016-03-19,0.31036041125296576,0.016710642040457344,0.6736218444100979,0.4419733410605621,0.49278210215710216,0.4680080172679617,0.22544169611307424,0.9567452357071213,0.6081684747925973,0.5042930312626184,0.988833683015538,0.6051110657343766,1.0,0.5,0.5
2016-03-20,0.5872782736413964,0.7117614136083793,0.23338485316846985,0.47297884671109813,0.3847870879120878,0.4645390070921986,0.2007067137809187,0.5115346038114343,0.0657306955966816,0.49578135294242687,0.9905694687026694,0.5966868002858867,1.0,0.5,0.5
2016-03-21,0.45124844650321994,0.3051890941072999,0.449510561566203,0.5051434366850187,0.4411121286121287,0.5097903176071539,0.3098939929328622,0.31519558676028087,0.0657306955966816,0.48726967462223447,0.9921600880177063,0.5882339228024817,1.0,0.5,0.5
2016-03-22,0.3349903965653599,0.16894539058127447,0.48969603297269454,0.495653433787308,0.6035307285307285,0.5467160037002775,0.3060070671378093,0.18167001003009028,0.0657306955966816,0.4787579963020425,0.9936050702708027,0.5797549346266023,1.0,0.5,0.5
2016-03-23,0.4633374759914134,0.34596625889501875,0.48505924781040705,0.45269487105186895,0.2946619352869354,0.41897934011717547,0.22720848056537107,0.12738214643931797,0.0657306955966816,0.47025694429685716,0.9949039878684625,0.5712523448272637,1.0,0.5,0.5
2016-03-24,0.6079539035137272,0.6714639801711041,0.21071612570839776,0.5473775717183424,0.3558773402523403,0.5276749922910885,0.23109540636042408,0.5929037111334001,0.0657306955966816,0.4617983975516968,0.9960564564400708,0.5627286694575813,1.0,0.5,0.5
2016-03-25,0.24709072421195347,0.06772207563764292,0.4528593508500773,0.4576934221964647,0.5728975885225887,0.5041628122109159,0.32862190812720854,0.17326980942828485,0.0657306955966816,0.4533079718615176,0.997062134951636,0.5541864308102296,1.0,0.5,0.5
2016-03-26,0.6697548299627161,0.8427280722795234,0.14657393096342092,0.4363228049840625,0.25172339234839225,0.3809744064138144,0.10106007067137811,0.5423771313941825,0.0657306955966816,0.44486005143136476,0.9979207258067064,0.5456281566710555,1.0,0.5,0.5
2016-03-27,0.5910066659134561,0.5863116654673383,0.3905203503348789,0.5377426832802086,0.32346993284493286,0.5061671292013568,0.1826855123674912,0.5594282848545638,0.0657306955966816,0.4364440099462308,0.998631974934435,0.5370563795710666,1.0,0.5,0.5
2016-03-28,0.6079539035137272,0.5740785160310226,0.2957238536836682,0.5787452912199361,0.40289224664224654,0.5579710144927537,0.32190812720848067,0.2675526579739218,0.0657306955966816,0.4273797632457015,0.9991956718647619,0.528473636037013,1.0,0.5,0.5
2016-03-29,0.4324935035589199,0.173742704085712,0.6419371458011334,0.6027238481599535,0.5459846866096867,0.6342892383595437,0.3024734982332156,0.23345035105315948,0.0657306955966816,0.4190381059656132,0.9996116497906962,0.5198824658407896,1.0,0.5,0.5
2016-03-30,0.5159868941362558,0.4086511553530023,0.4873776403915508,0.5771515502752824,0.526283323158323,0.5952821461609621,0.27420494699646647,0.7526328986960884,0.0657306955966816,0.4107495802605574,0.9998797856176773,0.5112854112478764,1.0,0.5,0.5
2016-03-31,0.2879900576206078,0.13888222595346605,0.4126738794435858,0.4994204578383077,0.6695029507529509,0.5671446191797718,0.4469964664310954,0.893555667001003,0.2712188895979578,0.4024504282404946,1.0,0.5026850162650404,1.0,0.5,0.5
2016-04-01,0.624562196361993,0.4725353801870952,0.545595054095827,0.49521877716603874,0.42014524827024835,0.488513721862473,0.4045936395759718,0.8427783350050151,0.564773452456924,0.39419378148045814,0.9999722573642948,0.49408382588752436,0.9330127018922194,0.2500000000000001,0.5
2016-04-02,0.673935148570783,0.7608539218037899,0.20195775373518807,0.5907707910750506,0.3813021469271468,0.5720012334258403,0.19081272084805662,0.8335005015045136,0.0657306955966816,0.38594776103542827,0.9997965659200537,0.4854843853459405,0.9330127018922194,0.2500000000000001,0.625
2016-04-03,0.5955259292735284,0.6320460542096425,0.26661514683153015,0.6138800347725296,0.4098112535612536,0.6118563058896084,0.41448763250883397,0.6602306920762286,0.0657306955966816,0.3777442458504239,0.9994729776572018,0.476889239353097,0.9330127018922194,0.2500000000000001,0.625
2016-04-04,0.6981132075471698,0.789397937155193,0.20427614631633179,0.558461315560707,0.36810007122507116,0.538159111933395,0.196113074204947,0.4270310932798395,0.0657306955966816,0.3695407306654195,0.999001588330712,0.4683009313509757,0.9330127018922194,0.2500000000000001,0.625
2016-04-05,0.5478477008247655,0.3715519309186855,0.4690880989180835,0.6056215589684149,0.4284823972323972,0.5909651557200123,0.46325088339222614,0.7226680040120361,0.0657306955966816,0.3614647312604933,0.9983825374322698,0.45972200275808717,0.9330127018922194,0.2500000000000001,0.625
2016-04-06,0.3435769969494973,0.1403214200047973,0.5984028851107677,0.5565778035352071,0.4884895197395198,0.580095590502621,0.44416961130742055,0.911108324974925,0.0657306955966816,0.3532930950205091,0.9976160081489959,0.4511549922174234,0.9330127018922194,0.2500000000000001,0.625
2016-04-07,0.4344141904869506,0.3099864076117374,0.6354971664090676,0.5373804694291509,0.4314077126577127,0.5393154486586493,0.5159010600706714,0.9617602808425276,0.0657306955966816,0.3452489745606018,0.9967022273092373,0.4426024348452336,0.9330127018922194,0.2500000000000001,0.625
2016-04-08,0.7236470455315783,0.7934756536339649,0.2825862957238537,0.4552303680092726,0.302960927960928,0.41273512180080174,0.26749116607773854,0.6611083249749248,0.0657306955966816,0.3372367330457142,0.995641465315446,0.4340668614808413,0.9330127018922194,0.2500000000000001,0.625
2016-04-09,0.6261439385380183,0.5120332613736307,0.524214322514168,0.5911330049261083,0.26584757834757833,0.5403176071538699,0.45795053003533576,0.6619859578736209,0.0657306955966816,0.3292776231058592,0.9944340360641617,0.42555079793772954,0.9330127018922194,0.2500000000000001,0.625
2016-04-10,0.3022257372048356,0.2526585112337091,0.44899536321483774,0.495653433787308,0.43572573260073255,0.49576009867406723,0.46784452296819795,0.9119859578736209,0.0657306955966816,0.3213716447410371,0.9930802968531257,0.41705676425611093,0.9330127018922194,0.2500000000000001,0.625
2016-04-11,0.7675968817082816,0.8292156392420245,0.21638330757341578,0.462764416111272,0.1821263227513228,0.3856768424298489,0.17985865724381628,0.7473671013039118,0.07019783024888321,0.31348691900622727,0.9915806482755501,0.4085872739572076,0.9330127018922194,0.2500000000000001,0.625
2016-04-12,0.6167664670658682,0.5554489485887902,0.538382277176713,0.5675891046073601,0.29766356328856336,0.5241288930003084,0.2646643109540637,0.34089769307923773,0.08104658583280161,0.3056872037914693,0.9899355341015761,0.4001448332994602,0.9330127018922194,0.2500000000000001,0.625
2016-04-13,0.7430798779798893,0.7806028623970576,0.22308088614116434,0.6490147783251231,0.4042722323972324,0.6222633364168979,0.23568904593639578,0.38866599799398194,0.08104658583280161,0.2979406201517434,0.988145441146955,0.39173194053688476,0.9330127018922194,0.2500000000000001,0.625
2016-04-14,0.5501073325048017,0.28272167586151753,0.6826378155589903,0.7155896841495217,0.4602029914529915,0.7274899784150478,0.2395759717314488,0.45611835506519566,0.08104658583280161,0.28964146813168146,0.986210899128992,0.3833510851798006,0.9330127018922194,0.2500000000000001,0.625
2016-04-15,0.5242345497683878,0.1999680179099704,0.7527047913446678,0.7015357867284844,0.5146329365079365,0.7193956213382671,0.3625441696113075,0.7207873620862588,0.08104658583280161,0.28206490553205965,0.9841324805097938,0.37500474725814276,0.9330127018922194,0.2500000000000001,0.625
2016-04-16,0.11196474974579143,0.0011193731510354202,0.25373518804739825,0.4943494639235003,0.8335304741554741,0.6006783842121493,0.37243816254416967,0.5743480441323972,0.08104658583280161,0.27444583767241193,0.9819108003268686,0.36669539658758177,0.9330127018922194,0.2500000000000001,0.625
2016-04-17,0.19579708507513277,0.007355880706804189,0.42890262751159197,0.47739785569400167,0.8512286324786325,0.5857230958988591,0.2780918727915194,0.30416248746238717,0.08104658583280161,0.2669861645378617,0.9795465160111259,0.35842549203866586,0.9330127018922194,0.2500000000000001,0.625
2016-04-18,0.15704440176251272,0.0023187015271447986,0.35316846986089645,0.5265140538974209,0.9372456247456247,0.6547949429540549,0.3600706713780919,0.2511283851554664,0.08104658583280161,0.2595796229783436,0.9770403271923322,0.35019748080920077,0.9330127018922194,0.2500000000000001,0.625
2016-04-19,0.7098632922833578,0.5694411129767329,0.3773827923750644,0.6250362213851057,0.6962759462759462,0.6958834412580943,0.20777385159010603,0.4396940822467403,0.07657945118059989,0.25223683930886454,0.9743929754920799,0.34201379770008533,0.9330127018922194,0.2500000000000001,0.625
2016-04-20,0.7752796294204045,0.772207563764292,0.29778464708912933,0.6585772239930454,0.55366045991046,0.6924915201973482,0.07455830388692582,0.791875626880642,0.0657306955966816,0.24500031878945006,0.9716052443043288,0.3338768643948147,0.9330127018922194,0.2500000000000001,0.75
2016-04-21,0.8195684103491131,0.8914208043495642,0.20865533230293665,0.5995363662706461,0.47208231583231575,0.6061517113783533,0.288339222614841,0.1937061183550652,0.05679642629227827,0.23776379827003602,0.9686779585635876,0.32578908874286405,0.9330127018922194,0.2500000000000001,0.75
2016-04-22,0.7795729296124732,0.7500599664188055,0.3106646058732612,0.6356128658359894,0.34713955026455035,0.6046870181930312,0.36077738515901064,0.36384152457372115,0.03509891512444163,0.23063354090068655,0.9656119845008027,0.31775286404716896,0.9330127018922194,0.2500000000000001,0.75
2016-04-23,0.5049146989040786,0.23794674982010072,0.6246780010303967,0.7110257896261951,0.568350630850631,0.75177304964539,0.4459363957597174,0.2745737211634905,0.03509891512444163,0.22362017299640824,0.9624082293870257,0.3097705683559071,0.9330127018922194,0.2500000000000001,0.75
2016-04-24,0.10880126539374083,0.0022387463020708404,0.24471921689850595,0.6080121703853955,0.9060464997964999,0.7340425531914894,0.5904593639575971,0.160481444332999,0.03509891512444163,0.21659617877712334,0.9590676412649386,0.3018445637587963,0.9330127018922194,0.2500000000000001,0.75
2016-04-25,0.16958535758671336,0.0031182537778843846,0.381246780010304,0.5312952767313821,0.8339819902319903,0.6377582485353068,0.26148409893992935,0.23633400200601806,0.03509891512444163,0.2096784477079039,0.9555912086683114,0.2939771956881142,0.9330127018922194,0.2500000000000001,0.75
2016-04-26,0.14970059880239522,0.025105940673222995,0.3281813498196806,0.5281077948420747,0.8715532153032153,0.6426919518963923,0.2208480565371025,0.15270812437311937,0.03509891512444163,0.20283510084372947,0.9519799603294798,0.2861707922246466,0.9330127018922194,0.2500000000000001,0.75
2016-04-27,0.2259631680036154,0.005756776205325017,0.5020607934054611,0.5360764995653433,0.7457074175824177,0.622186247301881,0.2597173144876326,0.13703610832497493,0.03509891512444163,0.1961086434446262,0.948234964874927,0.27842766340877123,0.9330127018922194,0.2500000000000001,0.75
2016-04-28,0.5945090950175121,0.25777564563844246,0.7333848531684699,0.5770066647348594,0.5339272995522997,0.6019888991674376,0.21342756183745587,0.14581243731193583,0.03509891512444163,0.18948844919558772,0.9443573305090589,0.27075010055687976,0.9330127018922194,0.2500000000000001,0.75
2016-04-29,0.8083832335329342,0.7145598464859678,0.3905203503348789,0.6045349174152419,0.4667531542531542,0.6138606228800494,0.16607773851590107,0.21364092276830493,0.03509891512444163,0.18294263915159492,0.9403482046862693,0.2631403755833399,0.9330127018922194,0.2500000000000001,0.75
2016-04-30,0.7858998983165744,0.5960662029263613,0.5095311695002576,0.6080121703853955,0.4852335164835164,0.6186401480111008,0.3017667844522968,0.14869608826479438,0.03509891512444163,0.17582300809725204,0.9362087737713902,0.25560074032820035,0.9330127018922194,0.2500000000000001,0.75
2016-05-01,0.8641961360298271,0.8794275205884704,0.2478104070066976,0.6334395827296435,0.3357435388685389,0.5966697502312673,0.092226148409894,0.4388164493480442,0.03509891512444163,0.1694897243533886,0.9319402626886263,0.24813342589083415,0.75,0.06698729810778065,0.75
2016-05-02,0.6756298723308101,0.503797873191013,0.49974240082431737,0.6711098232396406,0.4601902726902728,0.6820844896700586,0.15371024734982336,0.5017552657973923,0.03509891512444163,0.16328395638960336,0.9275439345590806,0.24074064196972078,0.75,0.06698729810778065,0.75
2016-05-03,0.8451022483335217,0.8339329975213879,0.26403915507470377,0.7197189220515792,0.37012235449735453,0.6951125501079247,0.25865724381625443,0.6006770310932799,0.03509891512444163,0.15708881474082403,0.9230210903269767,0.23342457620856094,0.75,0.06698729810778065,0.75
2016-05-04,0.8403570218054457,0.810905892700088,0.2967542503863988,0.7513039698638075,0.3067701973951975,0.7018193031144002,0.08551236749116607,0.5183049147442327,0.03509891512444163,0.1510318151871295,0.9183730683746885,0.22618739354891737,0.75,0.06698729810778065,0.75
2016-05-05,0.8573042594057169,0.7879587431038618,0.3075734157650696,0.8244711677774557,0.30407381969881975,0.7630280604378662,0.17526501766784458,0.5799899699097293,0.03509891512444163,0.14510233141351248,0.9136012441266914,0.21903123558957455,0.75,0.06698729810778065,0.75
2016-05-06,0.7076036606033217,0.4606220516510754,0.6249356002060793,0.7695595479571138,0.4438848188848188,0.7773666358310207,0.3042402826855124,0.2320712136409228,0.03509891512444163,0.13921535289992137,0.9087070296425512,0.21195821995280367,0.75,0.06698729810778065,0.875
2016-05-07,0.8461190825895379,0.7293515631246501,0.4484801648634725,0.7145030425963488,0.2563339438339438,0.6423835954363244,0.07667844522968197,0.3718655967903712,0.0395660497766433,0.1334240112213887,0.9036918731990744,0.20497043965772593,0.75,0.06698729810778065,0.875
2016-05-08,0.8367416111173879,0.7407851603102262,0.4134466769706337,0.722689075630252,0.37229726292226295,0.7017422139993833,0.2438162544169612,0.48319959879638924,0.05041480536056164,0.12777081163794035,0.8985572588617388,0.1980699625009531,0.75,0.06698729810778065,0.875
2016-05-09,0.34075245734945203,0.02414647797233549,0.7269448737764039,0.7284844972471747,0.6342211029711029,0.7896238051187172,0.3477031802120142,0.319332998996991,0.05041480536056164,0.12214949099951133,0.8933047060455347,0.19125883044469383,0.75,0.06698729810778065,0.875
2016-05-10,0.2897977629646368,0.16110977852402653,0.48171045852653277,0.6800927267458707,0.5893811050061051,0.7279525131051495,0.32226148409894,0.526579739217653,0.05041480536056164,0.11670881771619257,0.8879357690653457,0.18453905901250395,0.75,0.06698729810778065,0.875
2016-05-11,0.41034911309456557,0.14759734548652753,0.741112828438949,0.6325702694871052,0.4053914835164836,0.6313598519888992,0.49010600706713786,0.7431043129388164,0.05041480536056164,0.11133190232291246,0.8824520366760022,0.17791263669286117,0.75,0.06698729810778065,0.875
2016-05-12,0.7178849847474862,0.47485408171424,0.5497166409067491,0.6188061431469138,0.3284238909238909,0.5815602836879432,0.37844522968197886,0.8345035105315948,0.05041480536056164,0.10606125007969736,0.8768551316021433,0.17138152435073895,0.75,0.06698729810778065,0.875
2016-05-13,0.42481075584679695,0.26593107859598625,0.6308603812467801,0.5417270356418429,0.3787393162393162,0.5282917052112241,0.4176678445229683,0.9359327983951857,0.0548819400127632,0.10093936624657296,0.8711467100580257,0.16494765464735456,0.75,0.06698729810778065,0.875
2016-05-14,0.5544006326968705,0.223954585432158,0.8490468830499742,0.6011301072152998,0.3586818274318274,0.5793246993524515,0.2830388692579506,0.9207622868605818,0.06126356094447993,0.09590249293350062,0.8653284612574239,0.15861293146826433,0.75,0.06698729810778065,0.875
2016-05-15,0.8272511580612361,0.563604381546334,0.6640906749098403,0.6732106635757751,0.2633928571428572,0.6108541473943879,0.11307420494699648,0.8390170511534605,0.05041480536056164,0.09101438803051898,0.8594021069137645,0.15237922935997272,0.75,0.06698729810778065,0.875
2016-05-16,0.9010281324144165,0.8379307587750859,0.3400309119010819,0.6888583019414661,0.30129477004477,0.6471631205673759,0.15441696113074205,0.32810932798395187,0.05041480536056164,0.08621129364758873,0.8533694007306438,0.14624839297522424,0.75,0.06698729810778065,0.875
2016-05-17,0.9204609648627273,0.8844646997681298,0.29881504379185986,0.7079831932773109,0.22358948921448918,0.6294326241134752,0.07279151943462896,0.38528084252758277,0.05041480536056164,0.08155696767474985,0.8472321278828785,0.140222236527141,0.75,0.06698729810778065,0.875
2016-05-18,0.8820472263021127,0.6948109058927,0.47604327666151475,0.7427557229788466,0.2124224155474156,0.6551803885291397,0.28975265017667856,0.5008776328986961,0.05041480536056164,0.07699827853696894,0.8409921044882432,0.13430254325236746,0.75,0.06698729810778065,0.875
2016-05-19,0.899559371822393,0.8438474454305588,0.3153013910355487,0.7839756592292089,0.3233618233618234,0.7465309898242368,0.4,0.4360581745235707,0.05041480536056164,0.07258835780927897,0.8346511770700529,0.1284910648833822,0.75,0.06698729810778065,0.875
2016-05-20,0.8805784657100892,0.7615735188294555,0.35986604842864506,0.7627499275572297,0.4142818986568987,0.7592506938020351,0.39929328621908133,0.37098796389167504,0.05041480536056164,0.06823156865662128,0.828211222010746,0.12278952113013225,0.75,0.06698729810778065,0.875
2016-05-21,0.6913343125070613,0.3876229311585512,0.8047398248325606,0.7904230657780353,0.5093101343101344,0.8153715695343817,0.5328621908127208,0.4139919759277834,0.05041480536056164,0.06406605317408043,0.8216741449966338,0.11719959917114331,0.75,0.06698729810778065,0.875
2016-05-22,0.48005875042368096,0.19157271927720476,0.7501287995878414,0.8033903216458996,0.49821937321937315,0.8273974714770275,0.24982332155477033,0.5917753259779339,0.05041480536056164,0.060028053471617326,0.8150418804539763,0.11172295315425645,0.75,0.06698729810778065,0.875
2016-05-23,0.8445373404135126,0.6579515471336052,0.539927872230809,0.796363372935381,0.2123906186406187,0.6969626888683318,0.16148409893992938,0.7839769307923772,0.05041480536056164,0.056064437974199466,0.8083163909765543,0.10636120370713859,0.75,0.06698729810778065,0.875
2016-05-24,0.8650999887018416,0.7246342048452866,0.45904173106646057,0.7858591712547087,0.2490079365079365,0.7127659574468085,0.06819787985865726,0.5119107321965899,0.05041480536056164,0.05223896457186572,0.801499666744907,0.10111593745771341,0.75,0.06698729810778065,0.875
2016-05-25,0.41452943170263246,0.09970416566722634,0.6890777949510563,0.7286293827875977,0.7142348392348392,0.8151403021893309,0.11625441696113077,0.5379889669007021,0.05041480536056164,0.048562259579623124,0.794593724937405,0.09598870656465225,0.75,0.06698729810778065,0.875
2016-05-26,0.7218393401875495,0.5238666346845766,0.734672849046883,0.740509997102289,0.4228034696784697,0.7306506321307431,0.1685512367491166,0.7555165496489469,0.05041480536056164,0.04501307036745805,0.787600609133335,0.0909810282580657,0.75,0.06698729810778065,0.875
2016-05-27,0.8036380070048582,0.5620852322699288,0.6591962905718702,0.7505795421616921,0.4763494607244606,0.7654178230033919,0.042402826855123685,0.6942076228686058,0.05041480536056164,0.04157014430535777,0.7805223887081723,0.08609438439053063,0.75,0.06698729810778065,0.875
2016-05-28,0.5642300305050276,0.2107619732949548,0.783874291602267,0.7610113010721529,0.5172339234839236,0.7910884983040395,0.04770318021201414,0.753134403209629,0.04594767070835992,0.038275986653348415,0.7733611582212179,0.08133022099858572,0.75,0.06698729810778065,0.875
2016-05-29,0.9386509998870184,0.8445670424562245,0.31169500257599175,0.7959287163141118,0.33315527065527073,0.7447579401788468,0.18939929328621913,0.7584002006018056,0.03509891512444163,0.03510934478141681,0.766119036795786,0.0766899478748268,0.75,0.06698729810778065,0.875
2016-05-30,0.6234323805219749,0.4029743343727512,0.5906749098402886,0.7693422196464792,0.7133954008954009,0.8525285229725563,0.22190812720848058,0.5472668004012036,0.0395660497766433,0.032091471319576126,0.7587981674921209,0.0721749381507259,0.75,0.06698729810778065,0.875
2016-05-31,0.5531578352728506,0.30854721356040615,0.7869654817104585,0.674152419588525,0.6490829772079771,0.7408263953129819,0.47561837455830397,0.7891173520561685,0.04594767070835992,0.029190487322806158,0.7514007166732315,0.06778652789030004,0.75,0.06698729810778065,0.875
2016-06-01,0.609309682521749,0.32533781082593743,0.8560020607934056,0.7064618951028686,0.3983007733007734,0.690872648781992,0.31166077738515907,0.7872367101303912,0.03509891512444163,0.02641701910611438,0.7439288733638278,0.0635260156947478,0.5000000000000001,0.0,0.875
2016-06-02,0.8230708394531692,0.6201327256736228,0.5319422977846471,0.7738336713995942,0.5219398656898656,0.7960992907801419,0.2021201413427562,0.4833249749247744,0.03509891512444163,0.023207871974156857,0.7363848486025563,0.0593946623181732,0.5000000000000001,0.0,0.875
2016-06-03,0.7785560953564569,0.4984408731110578,0.7210200927357033,0.8062880324543609,0.45645095645095646,0.8081251927227876,0.3657243816254418,0.8571965897693079,0.03509891512444163,0.02074256689265308,0.7287708747877152,0.05539369029450725,0.5000000000000001,0.0,0.875
2016-06-04,0.9657665800474523,0.9479491484768529,0.24574961360123648,0.7911474934801506,0.3430949837199837,0.7550878815911193,0.31978798586572443,0.9215145436308927,0.03509891512444163,0.01838352496121387,0.7210892050166531,0.051524283575741125,0.5000000000000001,0.0,0.875
2016-06-05,0.9719805671675517,0.9559446709842487,0.2431736218444101,0.8149087221095335,0.20287062474562478,0.7237126117792168,0.35901060070671387,0.9180040120361084,0.0395660497766433,0.016226383014898316,0.7133421124190418,0.04778758718157594,0.5000000000000001,0.0,0.875
2016-06-06,0.8230708394531692,0.6641880546893739,0.6339515713549717,0.7509417560127498,0.39718152218152214,0.744372494603762,0.2385159010600707,0.6969658976930793,0.05041480536056164,0.0141223726436146,0.7055318894842194,0.044184706860592116,0.5000000000000001,0.0,0.875
2016-06-07,0.9511919557112191,0.8887822819221236,0.27691911385883566,0.791075050709939,0.4012197293447294,0.7781375269811902,0.17455830388692584,0.40132898696088265,0.05041480536056164,0.01222026225745454,0.6976608473828072,0.040716708763041676,0.5000000000000001,0.0,0.875
2016-06-08,0.8103039204609649,0.5544894858879027,0.6823802163833077,0.8286728484497246,0.3953881766381767,0.8152173913043479,0.1929328621908128,0.37324473420260784,0.05041480536056164,0.010456293966378372,0.6897313152827955,0.03738461912535618,0.5000000000000001,0.0,0.875
2016-06-09,0.9398937973110383,0.9043735508115455,0.2578567748583205,0.9145899739206027,0.4049145299145299,0.8919210607462227,0.18127208480565377,0.4307923771313942,0.05041480536056164,0.00883046777038654,0.6817456396603067,0.034189423966467736,0.5000000000000001,0.0,0.875
2016-06-10,0.9560501638232968,0.9092508195410569,0.24600721277691912,0.8972761518400463,0.3521253052503053,0.8489824236817761,0.17455830388692584,0.6433049147442327,0.05041480536056164,0.007321531039466533,0.6737061836052344,0.031132068796029422,0.5000000000000001,0.0,0.875
2016-06-11,0.8882612134222122,0.715999040537299,0.3712004121586811,0.8886554621848739,0.3073870573870574,0.8499074930619797,0.44028268551236754,0.2784603811434303,0.05041480536056164,0.005950736403629975,0.6656153261219682,0.02821345833462452,0.5000000000000001,0.0,0.875
2016-06-12,0.7813806349565021,0.49380347005676817,0.6908809891808347,0.8568530860620109,0.43100071225071224,0.8583102065988282,0.2823321554770319,0.6223671013039118,0.05041480536056164,0.004728710177884565,0.6574754614254064,0.025434456246044346,0.5000000000000001,0.0,0.875
2016-06-13,0.9044175799344707,0.6836171743823458,0.37815558990211234,0.8578672848449724,0.16400844525844538,0.7488436632747456,0.11908127208480566,0.401579739217653,0.05041480536056164,0.003612947102203945,0.6492889982324707,0.0227958848817168,0.5000000000000001,0.0,0.875
2016-06-14,0.419500621398712,0.1468777484608619,0.6383307573415766,0.7727470298464212,0.6072191697191698,0.833872957138452,0.1593639575971732,0.27018555667001004,0.05041480536056164,0.0026672050666272096,0.641058359049327,0.02029852503735896,0.5000000000000001,0.0,0.875
2016-06-15,0.9548073663992769,0.928360118333733,0.2514167954662545,0.8298319327731092,0.40415776353276345,0.8120567375886525,0.1639575971731449,0.3686058174523571,0.05041480536056164,0.0018596051261345892,0.6327859794545286,0.017943115721927694,0.5000000000000001,0.0,0.875
2016-06-16,0.9380860919670094,0.8657551771008235,0.2792375064399794,0.9040857722399304,0.4677897334147335,0.9103453592352759,0.3328621908127209,0.5058926780341024,0.05041480536056164,0.0012113999107390416,0.6244743073782868,0.015730353938934127,0.5000000000000001,0.0,0.875
2016-06-17,0.9504010846232064,0.889741744623011,0.2601751674394642,0.8668501883512025,0.267939814814815,0.7971014492753623,0.2703180212014135,0.33187061183550653,0.05041480536056164,0.0007119631054344211,0.6161258023780913,0.013660894480189922,0.5000000000000001,0.0,0.875
2016-06-18,0.8508643091176138,0.6550731590309427,0.4337970118495621,0.8651115618661256,0.49249592999592995,0.8918439716312057,0.23992932862190813,0.34904714142427284,0.05041480536056164,0.0003506683952139156,0.6077429349108862,0.01173534973204321,0.5000000000000001,0.0,0.875
2016-06-19,0.9340187549429443,0.831934116894539,0.32457496136012365,0.885685308606201,0.30218508343508343,0.8222325007708912,0.39752650176678456,0.811308926780341,0.05041480536056164,0.00010626315006478926,0.5993281856020221,0.009954289494164048,0.5000000000000001,0.0,0.875
2016-06-20,0.9931081233758897,0.9854481490365394,0.24291602266872747,0.8252680382497826,0.15313390313390318,0.7126888683317916,0.20318021201413428,0.7637913741223672,0.05041480536056164,0.0,0.5908840445111997,0.008318240810931299,0.5000000000000001,0.0,1.0
2016-06-21,0.8710880126539374,0.6304469497081634,0.4448737764039155,0.8626485076789335,0.26863298738298746,0.8034998458217699,0.24063604240282693,0.3500501504513541,0.05041480536056164,8.50105200518314e-05,0.5824130103956213,0.006827687815471828,0.5000000000000001,0.0,1.0
2016-06-22,0.7916619591006666,0.49484288798272963,0.9119010819165378,0.8046218487394957,0.4884513634513634,0.8199198273203823,0.33144876325088346,0.6965897693079237,0.05041480536056164,0.00025503156015571626,0.5739175899705675,0.005483071586397714,0.5000000000000001,0.0,1.0
2016-06-23,0.9433962264150944,0.8903813864236028,0.3601236476043277,0.8105621558968414,0.36401098901098905,0.7782146160962072,0.1593639575971732,0.3210882647943832,0.05041480536056164,0.0006163262703757777,0.5654002971676201,0.004284790017283879,0.5000000000000001,0.0,1.0
2016-06-24,0.9197830753587165,0.8276964899656192,0.30422462648119525,0.9287887568820631,0.28906567969067964,0.8675609004008633,0.2434628975265018,0.49385656970912745,0.05041480536056164,0.0011051367606742524,0.5568636523907493,0.0032331976989251054,0.5000000000000001,0.0,1.0
2016-06-25,0.9768387752796295,0.9210042376269288,0.24832560535806286,0.846928426543031,0.19704543142043152,0.7465309898242368,0.46254416961130745,0.824849548645938,0.05041480536056164,0.0016789577710241144,0.5483101817704863,0.0023286058144070254,0.5000000000000001,0.0,1.0
2016-06-26,0.9642978194554288,0.9567442232349883,0.23724884080370945,0.8443929295856273,0.27179359991859997,0.7885445575084797,0.39222614840989406,0.7244232698094284,0.05041480536056164,0.002454678766497409,0.5397424164163998,0.001571282047021616,0.5000000000000001,0.0,1.0
2016-06-27,0.7752796294204045,0.5612057247941152,0.7199896960329728,0.8110692552883221,0.3925836894586895,0.7987974098057354,0.12791519434628978,0.5023821464393181,0.05041480536056164,0.003326036597029125,0.5311628916681003,0.0009614505010558938,0.5000000000000001,0.0,1.0
2016-06-28,0.9567280533273077,0.8916606700247861,0.3057702215352911,0.8505505650536076,0.2837937525437526,0.7898550724637681,0.025441696113074216,0.39092276830491474,0.05041480536056164,0.0043992944126836075,0.5225741463449918,0.0004992916354755184,0.5000000000000001,0.0,1.0
2016-06-29,0.6602643769065643,0.5412968737506996,0.437403400309119,0.861489423355549,0.42871769434269447,0.8565371569534381,0.06325088339222616,0.6792878635907724,0.05041480536056164,0.005600068008416059,0.5139787219949951,0.00018494221052428594,0.5000000000000001,0.0,1.0
2016-06-30,0.9569540164953113,0.9268409690573278,0.24188562596599694,0.7918719211822659,0.33020451770451775,0.7452204748689485,0.21307420494699653,0.09139919759277834,0.05041480536056164,0.006917731069219668,0.5053791621424623,1.849524725433538e-05,0.5000000000000001,0.0,1.0
2016-07-01,0.6660264376906564,0.4210442152394659,0.6983513652756312,0.7665169516082294,0.3647359584859584,0.7473018809744064,0.2448763250883393,0.4406970912738215,0.05041480536056164,0.008394788855120794,0.49677801153550777,0.0,0.2500000000000001,0.06698729810778059,0.875
2016-07-02,0.7926787933566829,0.5600063964180059,0.681349819680577,0.8437409446537234,0.39330865893365885,0.8273974714770275,0.28515901060070675,0.4719157472417252,0.05041480536056164,0.009978109791086709,0.48817781539297506,0.00012946194180257775,0.2500000000000001,0.06698729810778059,0.875
2016-07-03,0.6668173087786691,0.38802270728392096,0.5613086038124677,0.8770646189510285,0.44823463573463584,0.8826703669441875,0.3438162544169612,0.493480441323972,0.05041480536056164,0.011742078082162655,0.4795811186512666,0.0004068427627906268,0.2500000000000001,0.06698729810778059,0.875
2016-07-04,0.9468986555191504,0.9386743423682737,0.23596084492529623,0.9258186033033902,0.25524013024013037,0.8334104224483503,0.1787985865724382,0.6164744232698094,0.05041480536056164,0.013654814783329305,0.47099046521125565,0.0008320603815165084,0.2500000000000001,0.06698729810778059,0.875
2016-07-05,0.8114337363009829,0.580954665387383,0.6275115919629057,0.8625036221385105,0.30823921448921454,0.8175300647548567,0.15053003533568904,0.5089017051153462,0.05041480536056164,0.01564193568954164,0.46240839718550564,0.0014049889692458462,0.2500000000000001,0.06698729810778059,0.875
2016-07-06,0.5647949384250367,0.3077476613096666,0.7614631633178774,0.8005650536076498,0.41537571225071235,0.801649707061363,0.14310954063604242,0.41461885656970915,0.05041480536056164,0.017777825005844683,0.4538374541460177,0.0021254589871919083,0.2500000000000001,0.06698729810778059,0.875
2016-07-07,0.7734719240763755,0.5870312624930039,0.5674909840288511,0.7921616922631121,0.4897995522995523,0.8042707369719395,0.25088339222614847,0.7617853560682046,0.05041480536056164,0.020073109047244797,0.4452801723727302,0.0029932572366851984,0.2500000000000001,0.06698729810778059,0.875
2016-07-08,0.9340187549429443,0.8780682817622131,0.27485832045337455,0.8395392639814545,0.311482498982499,0.786154794942954,0.08197879858657244,0.5239468405215648,0.05041480536056164,0.022517161498735616,0.4367390841029935,0.004008126922262156,0.2500000000000001,0.06698729810778059,0.875
2016-07-09,0.7817195797085075,0.60997841208923,0.33822771767130344,0.9082874529121993,0.43478454415954415,0.910422448350293,0.2855123674911661,0.41913239719157475,0.05041480536056164,0.025088729730304182,0.42821671678223944,0.005169767727655095,0.2500000000000001,0.06698729810778059,0.875
2016-07-10,0.7927917749406846,0.567442232349884,0.4920144255538383,0.9135033323674296,0.6731150793650793,0.9806506321307431,0.230035335689046,0.2901203610832498,0.05041480536056164,0.027798440056957086,0.4197155923160698,0.0064778359046607226,0.2500000000000001,0.06698729810778059,0.875
2016-07-11,0.569879109705118,0.16494762932757653,0.8985059247810407,0.8499710228919153,0.49625432437932426,0.8593894542090657,0.27031802120141346,0.7311935807422267,0.05041480536056164,0.030614413533675,0.411238226323984,0.007931944374860722,0.2500000000000001,0.06698729810778059,0.875
2016-07-12,0.7546039995480737,0.5798352922363476,0.6172076249356002,0.8393943784410315,0.30946021571021565,0.799722479185939,0.5265017667844523,0.7709378134403209,0.05041480536056164,0.03356852910547681,0.40278712739496714,0.00953166284416429,0.2500000000000001,0.06698729810778059,0.875
2016-07-13,0.6819568410349113,0.3765891100983449,0.6973209685729005,0.8097652854245145,0.40228810541310545,0.8055812519272278,0.38586572438162553,0.8492978936810431,0.05041480536056164,0.03661828151233726,0.39436479634515725,0.011276517930139396,0.2500000000000001,0.06698729810778059,0.875
2016-07-14,0.6812789515309005,0.38050691612696885,0.7516743946419371,0.7891915386844393,0.45939535002035004,0.8012642614862782,0.1837455830388693,0.7202858575727182,0.05041480536056164,0.039795549699275456,0.3859737254778142,0.013165993302094225,0.2500000000000001,0.06698729810778059,0.875
2016-07-15,0.5678454411930856,0.3492444231230511,0.7372488408037094,0.8264271225731671,0.38062805250305254,0.8105149552883133,0.10742049469964664,0.48106820461384153,0.05041480536056164,0.043174717871336865,0.3776163978458068,0.015199529833867298,0.2500000000000001,0.06698729810778059,0.875
2016-07-16,0.38989944639023844,0.2369872871192132,0.4605873261205565,0.8310634598667052,0.6355311355311357,0.897086031452359,0.24770318021201415,0.6035606820461386,0.05041480536056164,0.04662827024844329,0.3692952865168381,0.017376525769282503,0.2500000000000001,0.06698729810778059,0.875
2016-07-17,0.890746808270252,0.8226593107859598,0.28876867594023703,0.8331643002028397,0.4636497761497761,0.8382670366944187,0.192226148409894,0.7691825476429288,0.05041480536056164,0.05023059103564065,0.36101285384162396,0.019696336900218048,0.2500000000000001,0.06698729810778059,0.875
2016-07-18,0.8732346627499717,0.8111457583753098,0.36810922205048946,0.8971312662996231,0.3029036935286935,0.8482115325316065,0.22226148409893998,0.39305416248746244,0.05041480536056164,0.05396042760291575,0.35277155072524496,0.022158276757238082,0.2500000000000001,0.06698729810778059,0.875
2016-07-19,0.8583210936617331,0.7287918765491325,0.371973209685729,0.9416835699797159,0.4633381664631665,0.9554424915201973,0.2660777385159011,0.44633901705115353,0.05041480536056164,0.058412853590632086,0.34457381590188274,0.024761616812730036,0.2500000000000001,0.06698729810778059,0.875
2016-07-20,0.7752796294204045,0.5581674262413049,0.479392065945389,0.971457548536656,0.42418345543345537,0.9491982732038237,0.10565371024734983,0.3500501504513541,0.05041480536056164,0.06240834803306927,0.33642207521316037,0.02750558669648795,0.2500000000000001,0.06698729810778059,0.875
2016-07-21,0.8664557677098633,0.7522987127208762,0.3493044822256569,0.9494349463923499,0.2799717643467644,0.8686401480111008,0.09893992932862193,0.1543380140421264,0.05041480536056164,0.06651010562557125,0.32831874089029633,0.030389374423676896,0.2500000000000001,0.06698729810778059,0.875
2016-07-22,0.6206078409219297,0.4181658271368034,0.5729005667181866,0.9400898290350621,0.4684638278388279,0.9512025901942646,0.18798586572438164,0.34804413239719156,0.05041480536056164,0.07072875268314438,0.3202662108402873,0.03341212663511267,0.2500000000000001,0.06698729810778059,0.875
2016-07-23,0.7327985538357248,0.5488126649076517,0.548428645028336,0.8918429440741813,0.5124135124135124,0.9105766265803268,0.3021201413427563,0.7046138415245737,0.05041480536056164,0.07509616815080888,0.31226686793632763,0.03657294884978457,0.2500000000000001,0.06698729810778059,0.875
2016-07-24,0.8949271268783189,0.9036539537858799,0.22642967542503867,0.870182555780933,0.29703398453398444,0.8179925994449584,0.20176678445229684,0.7698094282848547,0.05041480536056164,0.079516715193505,0.30432307931267977,0.039870905729546546,0.2500000000000001,0.06698729810778059,0.875
2016-07-25,0.8705231047339284,0.8130646837770847,0.26326635754765587,0.945233265720081,0.23836233211233204,0.8677150786308974,0.2,0.4613841524573722,0.05041480536056164,0.08411790959131205,0.29643719566420024,0.043305021355898865,0.2500000000000001,0.06698729810778059,0.875
2016-07-26,0.4542989492712688,0.22131606300471734,0.5865533230293662,0.8767748478701824,0.5190399877899878,0.9077243293246994,0.2243816254416962,0.10519057171514545,0.05041480536056164,0.0888041145091707,0.28861155055073284,0.04687427951877804,0.2500000000000001,0.06698729810778059,0.875
2016-07-27,0.5907807027454525,0.32917566162948747,0.7622359608449254,0.8392494929006085,0.5591422466422467,0.8802806043786617,0.09646643109540635,0.0802407221664995,0.05041480536056164,0.09359658257709391,0.28084845970656885,0.05057762401726984,0.2500000000000001,0.06698729810778059,0.875
2016-07-28,0.49034007456784545,0.10002398656752218,0.9052035033487893,0.8206317009562445,0.4553380647130646,0.830249768732655,0.10494699646643112,0.12512537612838517,0.05041480536056164,0.0985165664250951,0.2731502203551856,0.05441395897215595,0.2500000000000001,0.06698729810778059,0.875
2016-07-29,0.6473844763303581,0.3970576477172783,0.7570839773312725,0.8495363662706461,0.4348290598290597,0.8546870181930312,0.05265017667844524,0.4963640922768306,0.05041480536056164,0.10355343973816766,0.26551911052945965,0.05838214915020273,0.2500000000000001,0.06698729810778059,0.75
2016-07-30,0.7910970511806575,0.6759414727752459,0.35522926326635756,0.8885105766444508,0.4821682946682947,0.9012488436632747,0.20883392226148417,0.4732948846539619,0.05041480536056164,0.10871782883131798,0.25795738839756116,0.06248102030009428,0.2500000000000001,0.06698729810778059,0.75
2016-07-31,0.8300756976612812,0.7814823698728711,0.22308088614116434,0.9279194436395247,0.47913486975986974,0.9384057971014493,0.29293286219081277,0.44922266800401206,0.05041480536056164,0.11397785475952649,0.2504672915947252,0.06670935949991313,0.2500000000000001,0.06698729810778059,0.75
2016-08-01,0.7116709976273867,0.4408731110578076,0.6280267903142711,0.8806143146913938,0.6414644383394383,0.9473481344434166,0.15830388692579506,0.4759277833500502,0.05041480536056164,0.1192910122627675,0.24305103656110022,0.07106591551606228,0.06698729810778081,0.24999999999999978,0.75
2016-08-02,0.8542537566376681,0.8464859678579995,0.2552807831014941,0.8995943204868153,0.26060108872608867,0.818686401480111,0.05830388692579508,0.6796639919759278,0.0548819400127632,0.12476356449110582,0.23571081788586645,0.07554939917352649,0.06698729810778081,0.24999999999999978,0.75
2016-08-03,0.7376567619478025,0.6055808747101623,0.491499227202473,0.9290785279629092,0.2503624847374848,0.8669441874807278,0.3406360424028269,0.615346038114343,0.0657306955966816,0.13033175355450233,0.22844880765782277,0.08015848373735907,0.06698729810778081,0.24999999999999978,0.75
2016-08-04,0.6508869054344142,0.42296314064124085,0.8119526017516745,0.8178064329179946,0.2640923890923891,0.7639531298180697,0.32650176678445236,0.8798896690070213,0.0657306955966816,0.13595307419293134,0.22126715482262993,0.0848918053052849,0.06698729810778081,0.24999999999999978,0.75
2016-08-05,0.8367416111173879,0.8388102662508995,0.2990726429675425,0.8501159084323384,0.25137998575498577,0.7808356460067839,0.062190812720848046,0.6746489468405217,0.0657306955966816,0.14171253692644448,0.2141679845469039,0.08974796321129969,0.06698729810778081,0.24999999999999978,0.75
2016-08-06,0.7410462094678567,0.6265291436795394,0.3804739824832561,0.8862648507678932,0.27057895807895804,0.8286308973172988,0.19328621908127214,0.42276830491474426,0.0657306955966816,0.14817333645038588,0.20715339758934354,0.09472552044015142,0.06698729810778081,0.24999999999999978,0.75
2016-08-07,0.6703197378827251,0.4052130806748221,0.7697063369397219,0.8880759200231816,0.2845187220187221,0.8361856305889608,0.30388692579505305,0.4434553660982949,0.06126356094447993,0.15417720442904814,0.20022546967908378,0.09982300405257472,0.06698729810778081,0.24999999999999978,0.75
2016-08-08,0.7178849847474862,0.5645638442472215,0.4891808346213293,0.8901043175891045,0.34009335571835575,0.8662503854455751,0.2717314487632509,0.6118355065195586,0.05041480536056164,0.16025545661275586,0.1933862509014529,0.10503890562115786,0.06698729810778081,0.24999999999999978,0.75
2016-08-09,0.7176590215794826,0.5662429039737746,0.5110767645543535,0.8873514923210662,0.2873868030118031,0.8178384212149244,0.2007067137809188,0.3995737211634905,0.05041480536056164,0.16645059826153497,0.18663776509131952,0.11037168167671108,0.06698729810778081,0.24999999999999978,0.75
2016-08-10,0.49598915376793584,0.19796913728312143,0.6733642452344153,0.8760504201680671,0.7045367826617828,0.9569071847055196,0.29611307420494704,0.2607823470411234,0.05041480536056164,0.1726669925403268,0.17998200923420765,0.11581975416500345,0.06698729810778081,0.24999999999999978,0.75
2016-08-11,0.7547169811320754,0.6210921883745102,0.4330242143225142,0.8630107215299911,0.5050747863247863,0.8746530989824237,0.20388692579505302,0.846664994984955,0.05041480536056164,0.17902152891420298,0.17342095287535603,0.12138151091373472,0.06698729810778081,0.24999999999999978,0.75
2016-08-12,0.759123262908146,0.6770608459262812,0.31633178773827925,0.8339611706751665,0.44212962962962965,0.8387295713845205,0.18833922261484104,0.9143681043129388,0.05041480536056164,0.18543982317811825,0.1669565375368987,0.12705530610960258,0.06698729810778081,0.24999999999999978,0.75
2016-08-13,0.752683312620043,0.7121611897337491,0.43894899536321486,0.8204868154158214,0.4196237789987791,0.8190718470551959,0.20459363957597176,0.753134403209629,0.05041480536056164,0.1919537542770915,0.16059067614333672,0.1328394607853262,0.06698729810778081,0.24999999999999978,0.75
2016-08-14,0.7480510676759689,0.6656272487407051,0.38356517259144773,0.8699652274702984,0.30406110093610095,0.8230804810360777,0.1593639575971732,0.4899699097291876,0.05041480536056164,0.19857394852612997,0.15432525245547324,0.13873226331647887,0.06698729810778081,0.24999999999999978,0.75
2016-08-15,0.7579934470681279,0.7053649956024626,0.23467284904688307,0.8829324833381628,0.43533781033781027,0.8808973172987974,0.05795053003533569,0.4190070210631896,0.05041480536056164,0.20530040592523324,0.14816212051297828,0.1447319699279857,0.06698729810778081,0.24999999999999978,0.75
2016-08-16,0.7862388430685798,0.8301751019429119,0.21226172076249356,0.8787308026658939,0.3167035510785511,0.8315602836879432,0.10176678445229682,0.6197342026078236,0.05041480536056164,0.21204811595434947,0.14210310408574933,0.15083680521013415,0.06698729810778081,0.24999999999999978,0.75
2016-08-17,0.7753926110044063,0.8083473254977213,0.22900566718186505,0.9037960011590842,0.2670113451363453,0.8364168979340117,0.25159010600706716,0.4552407221664995,0.05041480536056164,0.21888083650351708,0.13614999613422685,0.15704496264394718,0.06698729810778081,0.24999999999999978,0.75
2016-08-18,0.5251384024404022,0.3121451986887343,0.6478619268418342,0.8379455230368008,0.3893849206349206,0.8259327782917052,0.22296819787985872,0.8805165496489469,0.05041480536056164,0.22578794125773083,0.13030455827883058,0.1633546051357599,0.06698729810778081,0.24999999999999978,0.75
2016-08-19,0.19670093774714723,0.014232030063164628,0.4175682637815559,0.732758620689655,0.5570309320309319,0.7795251310514956,0.18021201413427562,0.9332998996990973,0.05041480536056164,0.2327481775869762,0.12456852027866577,0.169763865560847,0.06698729810778081,0.24999999999999978,0.75
2016-08-20,0.6088577561857417,0.4953226193331734,0.46960329726944877,0.7435525934511735,0.4362281237281237,0.7426765340733888,0.17597173144876327,0.7421013039117352,0.05041480536056164,0.2398678086413195,0.11894357951966056,0.1762708473159335,0.06698729810778081,0.24999999999999978,0.75
2016-08-21,0.7665800474522653,0.8384904453506036,0.19551777434312212,0.8197623877137061,0.23324303011803016,0.7382053654024052,0.19575971731448766,0.5572968906720162,0.05041480536056164,0.24700869232567557,0.11343140051228207,0.18287362488043107,0.06698729810778081,0.24999999999999978,0.75
2016-08-22,0.749745791435996,0.8035500119932837,0.22797527047913446,0.8879310344827585,0.39460597273097275,0.8579247610237435,0.15371024734982336,0.4529839518555667,0.05041480536056164,0.2542133339000703,0.10803361439898135,0.18957024438622927,0.06698729810778081,0.24999999999999978,0.75
2016-08-23,0.7063608631793018,0.6266890541296873,0.4090674909840289,0.8354100260793971,0.27896698209198223,0.7592506938020351,0.2565371024734983,0.8655967903711135,0.05041480536056164,0.2614498544194843,0.10275181847151083,0.1963587241958789,0.06698729810778081,0.24999999999999978,0.625
2016-08-24,0.5866003841373856,0.469097305508915,0.6555899021123133,0.772167487684729,0.34484381359381366,0.7486123959296948,0.37385159010600716,0.8180792377131394,0.05041480536056164,0.2687607591439445,0.09758757569826165,0.20323705548898768,0.06698729810778081,0.24999999999999978,0.625
2016-08-25,0.3726132640379618,0.164068121851763,0.6635754765584752,0.7461605331787886,0.4295062576312576,0.7470706136293556,0.19717314487632515,0.8360080240722167,0.05041480536056164,0.27612479544343627,0.09254241426175541,0.21020320285666405,0.06698729810778081,0.24999999999999978,0.625
2016-08-26,0.5767709863292283,0.37978731910130326,0.5033487892838744,0.7581860330339031,0.4318401505901506,0.7599444958371878,0.2335689045936396,0.563691073219659,0.05041480536056164,0.28358446857798647,0.08761782710642946,0.217255104903828,0.06698729810778081,0.24999999999999978,0.625
2016-08-27,0.7351711670997627,0.8130646837770847,0.18341061308603812,0.8065053607649956,0.4122596153846153,0.7873882207832255,0.1021201413427562,0.558049147442327,0.05041480536056164,0.29111852591758236,0.0828152714968523,0.22439067485920916,0.06698729810778081,0.24999999999999978,0.625
2016-08-28,0.7133657213874138,0.7819621012233149,0.19216898505924782,0.8961170675166618,0.3022677553927553,0.8322540857230959,0.14487632508833925,0.5359829488465397,0.05041480536056164,0.299290162157567,0.07813616858649447,0.23160780119285762,0.06698729810778081,0.24999999999999978,0.625
2016-08-29,0.6197039882499152,0.5438554409530663,0.3737764039155075,0.8345407128368588,0.25461055148555156,0.7675763182238667,0.21307420494699653,0.1227432296890672,0.05041480536056164,0.30694110896223403,0.0735819029971867,0.23890434824097873,0.06698729810778081,0.24999999999999978,0.625
2016-08-30,0.6458027341543329,0.5821539937634924,0.40468830499742403,0.8463488843813386,0.19015186202686196,0.7498458217699661,0.18480565371024743,0.3470411233701104,0.0548819400127632,0.3146770662869529,0.06915382240938822,0.2462781568379105,0.06698729810778081,0.24999999999999978,0.625
2016-08-31,0.610439498361767,0.4475893499640201,0.479392065945389,0.8607649956534336,0.4368449837199838,0.8656336725254394,0.3070671378091873,0.3973169508525577,0.0657306955966816,0.3224236499266784,0.06485323716338537,0.2537270449550566,0.06698729810778081,0.24999999999999978,0.625
2016-09-01,0.6417353971302677,0.5609658591188934,0.4023699124162803,0.8751811069255289,0.3475656288156288,0.8436632747456059,0.3939929328621909,0.4315446339017051,0.0657306955966816,0.3302552440864557,0.060681419871542686,0.2612488083465813,0.0,0.4999999999999999,0.625
2016-09-02,0.3772455089820359,0.12433037499000558,0.6177228232869656,0.8533033903216458,0.4528324684574684,0.8712611779216775,0.5134275618374559,0.46539618856569714,0.0657306955966816,0.3381293435062589,0.05663960504171456,0.2688412212016844,0.0,0.4999999999999999,0.625
2016-09-03,0.5260422551124166,0.3740305428959782,0.5365790829469346,0.8628658359895682,0.4968839031339032,0.8885291396854764,0.22084805653710254,0.3207121364092277,0.06126356094447993,0.346045948186088,0.05272898871193582,0.27650203680325147,0.0,0.4999999999999999,0.625
2016-09-04,0.3373630098293978,0.07931558327336691,0.6063884595569295,0.7384091567661546,0.7051536426536427,0.8240826395312981,0.30106007067137813,0.12399699097291877,0.05041480536056164,0.35401568444094966,0.04895072809649448,0.28422898819269493,0.0,0.4999999999999999,0.625
2016-09-05,0.2268670206756299,0.0988246581914128,0.3969603297269449,0.7405824398725006,0.5909455128205128,0.7889300030835646,0.10106007067137811,0.3390170511534604,0.05041480536056164,0.36197479438080427,0.045305941243492465,0.29201978884078467,0.0,0.4999999999999999,0.625
2016-09-06,0.3762286747260196,0.2696889741744623,0.5018031942297785,0.7455809910170964,0.45877213064713074,0.7513105149552883,0.10777385159010604,0.6995987963891674,0.05041480536056164,0.3699657832656795,0.04179570670399896,0.29987213332426665,0.0,0.4999999999999999,0.625
2016-09-07,0.2835837758445373,0.27168785480131125,0.3330757341576507,0.7231961750217327,0.6729370166870166,0.8019580635214307,0.25406360424028274,0.5732196589769307,0.05041480536056164,0.37808428793063165,0.03842106321288835,0.30778369800807615,0.0,0.4999999999999999,0.625
2016-09-08,0.4478589989831657,0.3336531542336291,0.4474497681607419,0.7393509127789046,0.4814433251933251,0.7572463768115942,0.10176678445229682,0.5692076228686058,0.05041480536056164,0.386170913650564,0.03518300938146257,0.31575214173293803,0.0,0.4999999999999999,0.625
2016-09-09,0.3178171957970851,0.14000159910450147,0.5110767645543535,0.68856853086062,0.576191748066748,0.7400555041628122,0.2565371024734983,0.8785105315947843,0.05041480536056164,0.3942681656855034,0.03208250340194535,0.3237751065081549,0.0,0.4999999999999999,0.625
2016-09-10,0.5733815388091741,0.5124330374990005,0.4291602266872746,0.7313822080556359,0.39334681522181514,0.713768115942029,0.19469964664310957,0.6816700100300903,0.05041480536056164,0.4024504282404946,0.029120462763938537,0.33185021820937227,0.0,0.4999999999999999,0.625
2016-09-11,0.5994802847135917,0.6177340689214039,0.2514167954662545,0.8128803245436105,0.29828678266178266,0.7491520197348134,0.25194346289752656,0.7810932798395185,0.05041480536056164,0.4106964486855249,0.026297763982921718,0.33997508728112136,0.0,0.4999999999999999,0.625
2016-09-12,0.4002937521184047,0.16047013672343485,0.5940236991241628,0.6821211243117936,0.433029354904355,0.687018193031144,0.3388692579505301,0.9806920762286861,0.05041480536056164,0.41888933755552227,0.023615242340876696,0.348147309443928,0.0,0.4999999999999999,0.625
2016-09-13,0.4515873912552254,0.30758775085951867,0.5401854714064915,0.637858591712547,0.35312372812372805,0.6131668208448967,0.10848056537102475,0.7867352056168506,0.05041480536056164,0.42706097379550734,0.021073691639115155,0.3563644664057755,0.0,0.4999999999999999,0.625
2016-09-14,0.6051293639136821,0.6820180698808667,0.17800103039670273,0.7157345696899449,0.4601330382580382,0.7267961763798951,0.31978798586572443,0.4529839518555667,0.05041480536056164,0.4353813784455829,0.0186738639633795,0.36462412657771703,0.0,0.4999999999999999,0.625
2016-09-15,0.1055247994576884,0.12369073318941393,0.12776919113858837,0.7415241958852505,0.7462352462352462,0.8313290163428924,0.18056537102473502,0.6514543630892677,0.05041480536056164,0.4436805304656448,0.016416469461288274,0.3729238457934233,0.0,0.4999999999999999,0.5
2016-09-16,0.1421308326742741,0.04317582153993763,0.26455435342606903,0.7028397565922919,0.7507631257631255,0.7973327166204132,0.21731448763250888,0.803159478435306,0.05041480536056164,0.4519478035406883,0.014302176132192812,0.3812611680324481,0.0,0.4999999999999999,0.5
2016-09-17,0.6033216585696531,0.7562964739745742,0.1396187532199897,0.7770211532889018,0.3539250101750102,0.7415201973481345,0.15335689045936401,0.6365346038114343,0.05041480536056164,0.46025758187575727,0.012331609629504747,0.389633626147007,0.0,0.4999999999999999,0.5
2016-09-18,0.46808270251948936,0.445910290237467,0.3248325605358063,0.8101274992755723,0.24007300569800571,0.744372494603762,0.3053003533568905,0.8129388164493481,0.05041480536056164,0.46860986547085215,0.010505353075555668,0.3980387425920435,0.0,0.4999999999999999,0.5
2016-09-19,0.6021918427296351,0.7792436235708003,0.1233900051519835,0.7528252680382497,0.2449379324379325,0.6801572617946346,0.19045936395759722,0.7512537612838517,0.05041480536056164,0.4769090174909145,0.008823946889041479,0.40647403015837646,0.0,0.4999999999999999,0.5
2016-09-20,0.41916167664670656,0.24658191412808825,0.47166409067490983,0.7841205447696319,0.4888901607651608,0.8021122417514647,0.172791519434629,0.23445336008024076,0.05041480536056164,0.4852187958259835,0.0072878886251041,0.414936992708704,0.0,0.4999999999999999,0.5
2016-09-21,0.508191164840131,0.46429999200447747,0.3078310149407522,0.754781222833961,0.4189433251933251,0.7474560592044404,0.36925795053003535,0.14317953861584756,0.04594767070835992,0.4935498267910656,0.005897632828096633,0.4234251259162512,0.0,0.4999999999999999,0.5
2016-09-22,0.25929273528414865,0.035819940833133446,0.5203503348789285,0.7069689944943494,0.5264741045991046,0.7419056429232193,0.3526501766784453,0.1667502507522568,0.03509891512444163,0.5024971840265233,0.004653590897076287,0.43193591800584186,0.0,0.4999999999999999,0.5
2016-09-23,0.045983504688735743,0.0003198209002958343,0.10407006697578569,0.7351492321066356,0.8100389194139193,0.845436324390996,0.37561837455830394,0.2755767301905717,0.03509891512444163,0.5108813465666371,0.0035561309640653183,0.4404668504971708,0.0,0.4999999999999999,0.375
2016-09-24,0.4408541407750537,0.4164068121851763,0.33410613086038127,0.7862213851057663,0.6255023911273911,0.8425840271353685,0.3565371024734983,0.551654964894684,0.030631780472239967,0.5192336301617324,0.002605577785114388,0.44901539895006387,0.0,0.4999999999999999,0.375
2016-09-25,0.5548525590328777,0.7056848165027584,0.11257083977331273,0.6787163141118515,0.4130227411477412,0.6702898550724637,0.5897526501766784,0.8844032096288867,0.01978302488832165,0.5275859137568273,0.0018022126442019393,0.45757903371150177,0.0,0.4999999999999999,0.375
2016-09-26,0.5503332956728053,0.7409450707603742,0.10819165378670789,0.6706751666183713,0.363127035002035,0.6430773974714771,0.2784452296819789,0.890295887662989,0.01978302488832165,0.5359594499819353,0.001146273269998166,0.4661552206641821,0.0,0.4999999999999999,0.375
2016-09-27,0.5384702293526155,0.7298312944750939,0.10947964966512108,0.7042886119965227,0.4005138380138379,0.6929540548874499,0.14381625441696116,0.6582246740220663,0.01978302488832165,0.5449068072173935,0.000637953765516841,0.47474142197640884,0.0,0.4999999999999999,0.375
2016-09-28,0.5328211501525252,0.7322299512273127,0.1027820710973725,0.6846566212691972,0.38765516890516905,0.6682855380820228,0.10070671378091876,0.29889669007021064,0.01978302488832165,0.5532909697575077,0.0002774045506774847,0.48333509685307463,0.0,0.4999999999999999,0.375
2016-09-29,0.5289797762964636,0.7352682497801231,0.10072127769191139,0.707186322804984,0.4570042226292227,0.7116096207215541,0.3091872791519435,0.41599799398194587,0.01978302488832165,0.5616857586126285,6.473231779347e-05,0.4919337022875245,0.0,0.4999999999999999,0.375
2016-09-30,0.20099423793921592,0.04901255297033661,0.3794435857805255,0.7179802955665024,0.5040700040700041,0.7473789700894233,0.35759717314487643,0.3928034102306921,0.01978302488832165,0.57004866852273,0.0,0.5005346938140721,0.0,0.4999999999999999,0.375
2016-10-01,0.4868376454637894,0.6471575917486208,0.14245234415249872,0.7624601564763835,0.45041590354090355,0.7702744372494603,0.30565371024734983,0.40759779338014046,0.01978302488832165,0.5784434573778507,8.322675263150447e-05,0.5091355262609477,0.0669872981077807,0.75,0.375
2016-10-02,0.3540842842616654,0.41464779723354916,0.24909840288511076,0.7669516082294986,0.603689713064713,0.8192260252852297,0.1392226148409894,0.4332998996990973,0.01978302488832165,0.5867532357129193,0.00031438794755273003,0.517733654503457,0.0669872981077807,0.75,0.375
2016-10-03,0.2139871200994238,0.08483249380347005,0.3268933539412674,0.7829614604462474,0.6388507326007324,0.851140918902251,0.49858657243816257,0.4190070210631896,0.01978302488832165,0.595094892993008,0.0006934151804470767,0.526326534217122,0.0669872981077807,0.75,0.375
2016-10-04,0.39577448875833243,0.40697209562644915,0.2779495105615662,0.6888583019414661,0.5190399877899878,0.7108387295713845,0.39611307420494707,0.6162236710130391,0.01978302488832165,0.6033940450130704,0.0012201962910585173,0.534911622630589,0.0669872981077807,0.75,0.375
2016-10-05,0.19658795616314542,0.03933797073638762,0.39670273055126226,0.5538249782671688,0.40105438542938554,0.5555812519272278,0.5992932862190813,0.7642928786359078,0.02425015954052334,0.6116400654581002,0.001894575396381215,0.5434863792780764,0.0669872981077807,0.75,0.375
2016-10-06,0.3510337814936165,0.29887263132645714,0.4201442555383823,0.51984931903796,0.45898199023199027,0.532377428307123,0.3159010600706714,0.836258776328987,0.03509891512444163,0.6198860859031305,0.0027163529367881245,0.5520482667511368,0.0669872981077807,0.75,0.375
2016-10-07,0.26392498022822286,0.23282961541536737,0.3951571354971664,0.49521877716603874,0.48012057387057383,0.5147240209682393,0.2660777385159011,0.7174022066198595,0.03509891512444163,0.6281214800331543,0.003685285735084032,0.5605947514495203,0.0669872981077807,0.75,0.375
2016-10-08,0.37351711670997634,0.42480211081794195,0.27279752704791344,0.5341205447696319,0.5441849816849815,0.5722325007708912,0.07597173144876328,0.35945336008024076,0.03509891512444163,0.6363037425881455,0.004801087068465271,0.5691233043309044,0.0669872981077807,0.75,0.375
2016-10-09,0.41554626595864874,0.5468937395058767,0.19242658423493045,0.6602434077079107,0.43922339234839236,0.6628893000308357,0.3374558303886927,0.5151705115346039,0.03509891512444163,0.6444647525131235,0.006063426753365853,0.5776314016592805,0.0669872981077807,0.75,0.375
2016-10-10,0.42650547960682406,0.5584072919165267,0.15301391035548687,0.6316285134743551,0.5700167887667889,0.6731421523280913,0.2703180212014135,0.15646940822467403,0.0395660497766433,0.6526045098080888,0.007471931243163699,0.5861165257517666,0.0669872981077807,0.75,0.375
2016-10-11,0.1669867811546718,0.027184776525145917,0.339258114374034,0.5081860330339031,0.6991376678876677,0.5859543632439099,0.25689045936395766,0.9696589769307924,0.05041480536056164,0.660680509213015,0.009026183738719717,0.5945761657236313,0.0669872981077807,0.75,0.375
2016-10-12,0.27883854931646146,0.31990085552090824,0.2349304482225657,0.4933352651405389,0.5286871693121694,0.5185013876040703,0.19434628975265017,0.7333249749247743,0.05041480536056164,0.6686502454678767,0.01072572431171509,0.6030078182313049,0.0669872981077807,0.75,0.375
2016-10-13,0.4467291831431477,0.6939313984168864,0.10587326120556415,0.5620834540712836,0.3964056776556777,0.5418593894542091,0.10530035335689046,0.5972918756268806,0.05041480536056164,0.676683739612777,0.012570050040751068,0.6114089882131574,0.0669872981077807,0.75,0.375
2016-10-14,0.28075923624449217,0.1658271368033901,0.3745492014425554,0.6864676905244855,0.4742381461131461,0.6975023126734505,0.23074204946996474,0.5932798395185557,0.05041480536056164,0.6846534758676386,0.014558615160172317,0.6197771896278301,0.0669872981077807,0.75,0.375
2016-10-15,0.3870749067901932,0.5220276645078755,0.1537867078825348,0.706389452332657,0.3090214183964185,0.6578014184397163,0.17950530035335693,0.7313189568706118,0.05041480536056164,0.6925488279174545,0.016690831221566893,0.6281099461898927,0.0669872981077807,0.75,0.375
2016-10-16,0.2022370353632358,0.11313664347965138,0.2957238536836682,0.6872645609968124,0.4633381664631664,0.7065217391304348,0.3657243816254418,0.5976680040120361,0.05041480536056164,0.7004123010222512,0.01896606726789818,0.6364047921026168,0.0669872981077807,0.75,0.375
2016-10-17,0.08869054344141905,0.0031182537778843846,0.19835136527563113,0.6256882063170095,0.7071759259259258,0.7094511255010792,0.11625441696113077,0.5788615847542629,0.05041480536056164,0.7082120162370091,0.02138365002021514,0.6446592727876465,0.0669872981077807,0.75,0.375
2016-10-18,0.339622641509434,0.455584872471416,0.1512107161257084,0.6119240799768182,0.5978963166463167,0.6621184088806661,0.24098939929328628,0.8431544633901704,0.05041480536056164,0.7159267209317148,0.023942864076886228,0.6528709456113447,0.0669872981077807,0.75,0.375
2016-10-19,0.26855722517229696,0.2999920044774926,0.2725399278722308,0.5365835989568241,0.6522499491249492,0.5963613937711995,0.12508833922261486,0.9307923771313942,0.05041480536056164,0.7236095466814012,0.02664295212529799,0.6610373806076096,0.0669872981077807,0.75,0.375
2016-10-20,0.2525138402440402,0.3655552890381386,0.19113858835651726,0.5728049840625905,0.5988057081807083,0.6211840888066605,0.12791519434628978,0.6423019057171515,0.05041480536056164,0.7312179882260428,0.029483115165957197,0.6691561611969415,0.0669872981077807,0.75,0.375
2016-10-21,0.3012089029488193,0.38282561765411366,0.19268418341061308,0.6345262242828165,0.47046703296703296,0.6426919518963923,0.23533568904593644,0.7570210631895686,0.05041480536056164,0.738783924510658,0.03246251274892564,0.677224884901544,0.0669872981077807,0.75,0.375
2016-10-22,0.3253869619252062,0.40313424482289917,0.21818650180319427,0.6473485946102578,0.46544312169312174,0.6568763490595128,0.2745583038869258,0.5569207622868606,0.0548819400127632,0.7462967292202412,0.03558026322252511,0.6852411640562606,0.0669872981077807,0.75,0.375
2016-10-23,0.23421082363574738,0.2780842728072279,0.28773827923750644,0.5659953636627064,0.6824188542938543,0.6365248226950354,0.196113074204947,0.5771063189568706,0.06126356094447993,0.7536926444647527,0.038835443994230334,0.6932026265151192,0.0669872981077807,0.75,0.375
2016-10-24,0.31058637442096937,0.3439673782681698,0.250386398763524,0.5820052158794551,0.6566570004070005,0.6456984273820536,0.3109540636042404,0.3682296890672016,0.05041480536056164,0.7610354281342318,0.042227091803680394,0.7011069163532914,0.0669872981077807,0.75,0.375
2016-10-25,0.050728731216811665,0.0009594627008875029,0.11411643482740855,0.595044914517531,0.8402714183964184,0.7068300955905026,0.2918727915194347,0.30315947843530594,0.05041480536056164,0.7683144539136717,0.04575420300772215,0.7089516945642459,0.0669872981077807,0.75,0.25
2016-10-26,0.20607840921929726,0.20996242104421523,0.21148892323544566,0.6370617212402201,0.7101648351648351,0.713845205057046,0.05795053003533569,0.5687061183550652,0.05041480536056164,0.7755084691730598,0.04941573387740428,0.7167346397518992,0.0669872981077807,0.75,0.25
2016-10-27,0.2535306745000565,0.21683857040057566,0.2642967542503864,0.6731382208055635,0.7075193325193325,0.7493832870798643,0.14275618374558308,0.46990972918756274,0.05041480536056164,0.7826812318024352,0.05321060090683438,0.7244534488175558,0.0669872981077807,0.75,0.25
2016-10-28,0.22652807592362445,0.15535300231870153,0.29237506439979394,0.6937844103158504,0.5938326719576719,0.7408263953129819,0.26678445229681985,0.9020812437311938,0.05041480536056164,0.7897052260217201,0.057137681133804796,0.7321058376414289,0.0669872981077807,0.75,0.25
2016-10-29,0.1863066320189809,0.1067402254737347,0.2668727460072128,0.5462184873949579,0.6837924806674807,0.6207215541165587,0.18339222614840994,0.7592778335005015,0.05041480536056164,0.7965591992009009,0.061195812472095434,0.7396895417585501,0.0669872981077807,0.75,0.125
2016-10-30,0.11569314201785108,0.018629567442232348,0.24162802679031425,0.5482468849608808,0.7479395604395604,0.6322078322540857,0.27526501766784456,0.5025075225677031,0.04594767070835992,0.8040720039104841,0.06538379405535477,0.7472023170288616,0.0669872981077807,0.75,0.125
2016-10-31,0.1437125748502994,0.15583273366914527,0.2199896960329727,0.6167053028107794,0.7246896621896621,0.6979648473635522,0.38162544169611307,0.6880641925777333,0.03509891512444163,0.8109578560346842,0.06970038659245392,0.7546419403012921,0.0669872981077807,0.75,0.125
2016-11-01,0.2286747260196588,0.3196609898456864,0.14528593508500773,0.6185888148362793,0.6222718253968254,0.6712149244526673,0.16183745583038872,0.6881895687061184,0.03509891512444163,0.8176418081737613,0.07414431273421379,0.7620062100716227,0.24999999999999978,0.9330127018922192,0.125
2016-11-02,0.29714156592475427,0.513552410650036,0.10561566202988151,0.6122138510576643,0.5444520757020759,0.6427690410114092,0.12473498233215548,0.8450351053159479,0.03509891512444163,0.8242726287378059,0.07871425745139299,0.7692929471339487,0.24999999999999978,0.9330127018922192,0.125
2016-11-03,0.30064399502881034,0.5524106500359798,0.06774858320453375,0.630252100840336,0.46955764143264145,0.6426148627813753,0.10424028268551237,0.7822216649949849,0.03509891512444163,0.8308184387817992,0.08340886842382678,0.7764999952255415,0.24999999999999978,0.9330127018922192,0.125
2016-11-04,0.30007908710880127,0.5497721276085392,0.07573415765069552,0.6490872210953346,0.45238095238095244,0.6560283687943262,0.09045936395759717,0.6476930792377131,0.03509891512444163,0.8379274435211359,0.08822675644059919,0.7836252216649202,0.24999999999999978,0.9330127018922192,0.125
2016-11-05,0.2951078974127217,0.5666426800991444,0.056156620298815046,0.6572008113590263,0.5323374542124543,0.6890995991366019,0.13710247349823323,0.50802407221665,0.03509891512444163,0.8443244851550378,0.09316649581113345,0.7906665179829475,0.24999999999999978,0.9330127018922192,0.125
2016-11-06,0.20020336685120327,0.17174382345886302,0.265327150953117,0.679730512894813,0.7004794973544974,0.7590194264569843,0.2985865724381626,0.5452607823470412,0.03509891512444163,0.8506046373238689,0.0982266247870775,0.7976218005467597,0.24999999999999978,0.9330127018922192,0.125
2016-11-07,0.29137950514066213,0.5556088590389382,0.07161257083977332,0.6025065198493189,0.543021214896215,0.6393771199506629,0.2749116607773852,0.8985707121364093,0.03509891512444163,0.8567891526576408,0.10340564599485752,0.8044890111763461,0.24999999999999978,0.9330127018922192,0.125
2016-11-08,0.22810981809964975,0.30638842248340925,0.19732096857290057,0.5930889597218196,0.5276505901505901,0.623959296947271,0.16042402826855123,0.6619859578736209,0.03509891512444163,0.8628674048413489,0.10870202687877534,0.8112661177535982,0.24999999999999978,0.9330127018922192,0.125
2016-11-09,0.26245621963619936,0.48069081314463896,0.09453889747552807,0.6406114169805852,0.5317078754578755,0.6723712611779217,0.18551236749116612,0.6270060180541626,0.04403318442884496,0.8688712728200114,0.11411420015451745,0.8179511148236478,0.24999999999999978,0.9330127018922192,0.125
2016-11-10,0.2795164388204723,0.5632046054209642,0.058732612055641426,0.6047522457258765,0.6225707163207164,0.6559512796793093,0.30282685512367497,0.9507271815446339,0.0657306955966816,0.874726372388583,0.11964056427293779,0.8245420241883097,0.24999999999999978,0.9330127018922192,0.125
2016-11-11,0.2797424019884759,0.5589669784920445,0.0687789799072643,0.5331063459866705,0.6797415547415548,0.599059512796793,0.25406360424028274,0.39618856569709127,0.0657306955966816,0.8804964614371027,0.12527948389398308,0.8310368954914655,0.24999999999999978,0.9330127018922192,0.125
2016-11-12,0.2709298384363349,0.5649636203725913,0.05255023183925811,0.5973630831643001,0.47407280219780223,0.6159420289855072,0.23250883392226157,0.6104563691073219,0.0657306955966816,0.8861602873355579,0.13102929037061556,0.837433806796204,0.24999999999999978,0.9330127018922192,0.125
2016-11-13,0.24867246638797877,0.4404733349324378,0.0906749098402885,0.6273543900318748,0.6341320716320717,0.6871723712611779,0.2816254416961131,0.8993229689067201,0.0657306955966816,0.8916965974539348,0.13688828224259403,0.8437308651535544,0.24999999999999978,0.9330127018922192,0.125
2016-11-14,0.14868376454637894,0.17885983849044534,0.19036579082946936,0.6201101130107215,0.5898008241758241,0.669750231267345,0.16254416961130747,0.6139669007021062,0.0657306955966816,0.8970947654772274,0.14285472573996105,0.8499262071626383,0.24999999999999978,0.9330127018922192,0.125
2016-11-15,0.2066433171393063,0.26513152634524667,0.1859866048428645,0.6072877426832801,0.48541793854293847,0.6257323465926611,0.2243816254416961,0.6906970912738215,0.06126356094447993,0.9024079229804687,0.14892685529609467,0.8560179995220816,0.24999999999999978,0.9330127018922192,0.125
2016-11-16,0.19613602982713818,0.19501079395538498,0.2130345182895415,0.581715444798609,0.48929080179080187,0.6054579093432008,0.2971731448763251,0.773319959879639,0.05041480536056164,0.9075935647036322,0.15510287407016865,0.8620044395725182,0.24999999999999978,0.9330127018922192,0.125
2016-11-17,0.03389447520054231,0.0006396418005916686,0.07702215352910871,0.481382208055636,0.6321670227920229,0.5436324390995991,0.37314487632508836,0.28773821464393184,0.04594767070835992,0.9126198117016981,0.16138095447886447,0.8678837558300239,0.24999999999999978,0.9330127018922192,0.125
2016-11-18,0.20472263021127557,0.2866394818901415,0.12622359608449255,0.43400463633729347,0.5995688339438339,0.4852759790317607,0.37703180212014137,0.9740471414242728,0.03509891512444163,0.9175397955496991,0.16775923873718535,0.8736542085103296,0.24999999999999978,0.9330127018922192,0.125
2016-11-19,0.187436447858999,0.26065403374110496,0.2212776919113859,0.41205447696319897,0.4642539173789173,0.4299259944495837,0.22155477031802123,0.4709127382146439,0.03509891512444163,0.9223322636176228,0.17423583940820214,0.8793140900436494,0.24999999999999978,0.9330127018922192,0.125
2016-11-20,0.17546039995480736,0.2676101383225394,0.13730036063884596,0.43132425383946676,0.5739532458282457,0.47733580018501387,0.2243816254416961,0.4162487462387162,0.03509891512444163,0.927029094850488,0.18080883996157754,0.8848617255799784,0.24999999999999978,0.9330127018922192,0.125
2016-11-21,0.09422664105750762,0.02878388102662509,0.18134981968057703,0.45972181976238763,0.7266292735042736,0.5392383595436324,0.26183745583038875,0.3839017051153461,0.03509891512444163,0.9315665313582557,0.18747629534069887,0.8902954734847094,0.24999999999999978,0.9330127018922192,0.125
2016-11-22,0.14687605920235003,0.12177180778763891,0.193456980937661,0.475949000289771,0.9201516076516076,0.5964384828862165,0.15265017667844522,0.7876128385155468,0.03509891512444163,0.9359977047159584,0.1942362325382503,0.8956137258244161,0.24999999999999978,0.9330127018922192,0.125
2016-11-23,0.014122698000225961,0.0,0.032199896960329724,0.4512460156476383,0.811565170940171,0.5492599444958371,0.08303886925795055,0.6990972918756269,0.0395660497766433,0.9402694833485645,0.20108665118005764,0.9008149088426689,0.24999999999999978,0.9330127018922192,0.125
2016-11-24,0.07648853236922382,0.03310146318061885,0.1586810922205049,0.45711388003477244,0.828411172161172,0.5587419056429233,0.05901060070671378,0.514418254764293,0.05041480536056164,0.9443924935710788,0.2080255241170333,0.9058974834257341,0.24999999999999978,0.9330127018922192,0.125
2016-11-25,0.19466726923511468,0.333972975133925,0.13111798042246264,0.47471747319617497,0.5459083740333741,0.5084798026518655,0.17667844522968196,0.6376629889669008,0.05041480536056164,0.9484092406435294,0.21505079802503763,0.9108599455580206,0.24999999999999978,0.9330127018922192,0.125
2016-11-26,0.19816969833917072,0.38714319980810746,0.11257083977331273,0.48036800927267453,0.7002187627187628,0.5538082022818378,0.0954063604240283,0.656344032096289,0.05041480536056164,0.9523197245659145,0.2221603940124977,0.9157008267671469,0.24999999999999978,0.9330127018922192,0.125
2016-11-27,0.09151508304146425,0.013192612137203165,0.19448737764039156,0.4547232686177919,0.8837759462759462,0.5681467776749923,0.2734982332155477,0.26893179538615847,0.2737715379706446,0.9560495611331898,0.22935220823557684,0.9204186945584796,0.24999999999999978,0.9330127018922192,0.125
2016-11-28,0.05558693932888939,0.005836731430398976,0.12029881504379186,0.44226311214140823,0.9089463776963778,0.5605920444033302,0.5236749116607774,0.9157472417251755,0.8340778557753669,0.9596412556053813,0.23662411252074145,0.9250121528390364,0.24999999999999978,0.9330127018922192,0.125
2016-11-29,0.034911309456558584,0.0003198209002958343,0.07959814528593509,0.4149521877716603,0.907184829059829,0.5319148936170213,0.6325088339222615,0.9294132397191575,0.8998085513720483,0.9630310500924484,0.24397395499452046,0.9294798423306105,0.24999999999999978,0.9330127018922192,0.125
2016-11-30,0.025985764320415772,0.0005596865755177101,0.05899021123132406,0.38336713995943195,0.9155283374033374,0.5003083564600678,0.33604240282685516,0.9365596790371113,0.967453733248245,0.9663252077444584,0.25139956072027764,0.933820440972003,0.24999999999999978,0.9330127018922192,0.125
2016-12-01,0.06055812902496893,0.039178060286239706,0.09479649665121073,0.3497536945812807,0.9029113247863245,0.4623805118717237,0.05936395759717315,0.6759027081243731,1.0,0.9694493443563639,0.25889873234181326,0.938032664310243,0.4999999999999999,1.0,0.125
2016-12-02,0.06168794486498701,0.05229071719836891,0.11179804224626483,0.31476383656911033,0.9092261904761907,0.4266882516188714,0.057243816254416977,0.4996238716148445,1.0,0.9724034599281657,0.266469250733593,0.9421152658806755,0.4999999999999999,1.0,0.125
2016-12-03,0.07072647158513162,0.12512992724074518,0.10123647604327665,0.3834395827296435,0.9060719373219372,0.4985353068146778,0.2402826855123676,0.5334754262788366,0.9687300574345884,0.975315070239942,0.2741088756574279,0.946067037575814,0.4999999999999999,1.0,0.125
2016-12-04,0.19127782171506044,0.3838650355800751,0.08371973209685729,0.40263691683569974,0.8555339336589336,0.5094048720320691,0.2021201413427562,0.6938314944834505,0.9240587109125716,0.9780247805665949,0.2818153464253925,0.9498868100028355,0.4999999999999999,1.0,0.125
2016-12-05,0.03152186193650435,0.0003997761253697929,0.07161257083977332,0.3600405679513184,0.8547199328449329,0.46477027443724944,0.4604240282685513,0.7491223671013039,1.0,0.9805750961681508,0.2895863825688022,0.9535734528296247,0.4999999999999999,1.0,0.125
2016-12-06,0.06383459496102135,0.00167905972655313,0.14399793920659454,0.23891625615763543,0.7518442205942206,0.3196114708603145,0.7448763250883392,0.870110330992979,1.0,0.9829235117845831,0.29741968451303735,0.9571258751192568,0.4999999999999999,1.0,0.125
2016-12-07,0.0733250480171732,0.009594627008875029,0.15893869139618755,0.20240509997102285,0.7059994403744403,0.27335800185013875,0.6268551236749116,0.8836509528585759,1.0,0.9851231589909251,0.30531293425802775,0.9605430256528238,0.4999999999999999,1.0,0.125
2016-12-08,0.18110947915489775,0.36147757255936674,0.1205564142194745,0.1696609678354099,0.7486772486772486,0.2470706136293555,0.25865724381625443,0.9296639919759278,1.0,0.9872271693622086,0.31326379606418364,0.9638238932405055,0.4999999999999999,1.0,0.125
2016-12-09,0.1787368658908598,0.386103781882146,0.11231324059763009,0.06121414082874521,0.7091918498168497,0.12750539623805113,0.07137809187279152,0.9198846539618857,1.0,0.9891292797483691,0.32126991714357844,0.9669675070207987,0.4999999999999999,1.0,0.125
2016-12-10,0.07592362444921479,0.00335811945310626,0.1702730551262236,0.06186612576064909,0.6789911477411479,0.12311131668208447,0.1950530035335689,0.2788365095285858,1.0,0.9909251269844641,0.3293289283561797,0.9699729367478103,0.4999999999999999,1.0,0.125
2016-12-11,0.15275110157044403,0.2978332134004957,0.10819165378670789,0.11431469139379885,0.7243080993080993,0.18539932161578782,0.0904593639575972,0.6777833500501504,1.0,0.9925297005504432,0.3374384449109119,0.9728392930665308,0.4999999999999999,1.0,0.125
2016-12-12,0.15037848830640607,0.19964819700967457,0.17207624935600208,0.15459287163141106,0.7054970492470494,0.22363552266419978,0.2597173144876326,0.8622116349047142,1.0,0.9940173846513507,0.3455960670713577,0.9755657277760108,0.4999999999999999,1.0,0.125
2016-12-13,0.10608970737769743,0.15127528583992964,0.14683153013910355,0.20095624456679212,0.6776874745624746,0.26626580326857846,0.43462897526501776,0.7987713139418255,1.0,0.9952925424521282,0.3537993808658755,0.9781514340803552,0.4999999999999999,1.0,0.0
2016-12-14,0.19534515873912553,0.4445510514112097,0.06311179804224627,0.11916835699797151,0.7113921957671958,0.1877119950662966,0.29752650176678447,0.881394182547643,1.0,0.9963976792128024,0.36204595880193563,0.980595646827469,0.4999999999999999,1.0,0.0
2016-12-15,0.0631567054570105,0.0021587910769968817,0.1416795466254508,0.15401332946971885,0.7354306573056573,0.22833795868023432,0.10282685512367491,0.41424272818455365,1.0,0.9974071791384183,0.3703333605844513,0.9828976427354764,0.4999999999999999,1.0,0.0
2016-12-16,0.07863518246525816,0.005516910530103142,0.1736218444100979,0.1395247754274122,0.7490524521774522,0.21623496762257172,0.2667844522968198,0.289493480441324,1.0,0.9982254053939172,0.378659133837905,0.985056740606753,0.4999999999999999,1.0,0.0
2016-12-17,0.1829171844989267,0.3779483489246022,0.12261720762493561,0.0,0.6796843203093201,0.05843354918285537,0.18091872791519437,0.8387662988966902,1.0,0.9988417316642932,0.38702081483204037,0.9870723015295015,0.4999999999999999,1.0,0.0
2016-12-18,0.15128234097842053,0.2564963620372591,0.10973724884080371,0.1915386844392929,0.6627556471306473,0.2539315448658649,0.28021201413427566,0.6794132397191575,1.0,0.9993943000446306,0.39541592921092605,0.9889437290668184,0.4999999999999999,1.0,0.0
2016-12-19,0.02101457462433623,0.00015991045014791716,0.04791344667697063,0.39336424224862354,0.7837492368742369,0.4862010484119642,0.42120141342756184,0.6962136409227684,0.9553286534779833,0.9997874736998704,0.4038419927251526,0.9906704694331863,0.4999999999999999,1.0,0.0
2016-12-20,0.18269122133092305,0.4030542895978252,0.07805255023183925,0.43400463633729347,0.8085190272690272,0.5331483194572926,0.33533568904593647,0.7141424272818455,0.8334396936821952,0.9999787473699873,0.4122965119669632,0.9922520116583506,0.4999999999999999,1.0,0.0
2016-12-21,0.08676985651338832,0.1998081074598225,0.080370942812983,0.43291799478412046,0.8250407000407001,0.5351526364477336,0.4812720848056538,0.8148194583751256,0.8589661774090619,1.0,0.4207769851080956,0.9936878877385225,0.4999999999999999,1.0,0.0
2016-12-22,0.19455428765111288,0.4872471416007036,0.05048943843379701,0.3506954505940306,0.7809574684574683,0.440949737897009,0.25159010600706716,0.6583500501504513,1.0,0.9998512315899091,0.4292809026401072,0.9949776727748683,0.4999999999999999,1.0,0.0
2016-12-23,0.1684555417466953,0.3099864076117374,0.12261720762493561,0.2883222254419008,0.8571047008547008,0.3896854764107308,0.16607773851590113,0.6544633901705115,1.0,0.999479310564682,0.43780574811698825,0.9961209850992455,0.4999999999999999,1.0,0.0
2016-12-24,0.08970737769743532,0.005516910530103142,0.1993817619783617,0.22319617502173278,0.8108274827024826,0.3139839654640764,0.3420494699646644,0.17966399197592778,1.0,0.9990117527043969,0.4463489988998083,0.9971174863871431,0.4999999999999999,1.0,0.0
2016-12-25,0.015252513840244036,0.0,0.0347758887171561,0.32237032744132127,0.8903960622710623,0.431313598519889,0.4802120141342758,0.23633400200601806,1.0,0.9984166790640336,0.4549081269032143,0.9979668817577979,0.4999999999999999,1.0,0.0
2016-12-26,0.04779121003276467,0.0012792836011833373,0.10793405461102526,0.240220226021443,0.7712276149776149,0.324468085106383,0.5674911660777385,0.8608324974924775,1.0,0.9975665738635158,0.46348059934352615,0.9986689198614541,0.4999999999999999,1.0,0.0
2016-12-27,0.06202688961699243,0.06796194131286479,0.07367336424523442,0.28303390321645894,0.8258928571428572,0.37866173296330563,0.18586572438162546,0.6479438314944834,0.97319719208679,0.9966420844579513,0.47206387948823164,0.9992233929537424,0.4999999999999999,1.0,0.0
2016-12-28,0.14179188792226868,0.2724074518269769,0.08681092220504893,0.4258186033033902,0.8788983007733007,0.5379278445883441,0.4604240282685514,0.8025325977933802,0.9259731971920865,0.9956007055873162,0.4806554274066444,0.9996301369571539,0.4999999999999999,1.0,0.0
2016-12-29,0.18269122133092305,0.39401934916446785,0.052807831014940756,0.3519994204578382,0.8344971001221002,0.45235892691951896,0.36855123674911666,0.8062938816449348,0.9783024888321631,0.9942936688415189,0.48925270072150934,0.9998890315095941,0.4999999999999999,1.0,0.0
2016-12-30,0.05886340526494181,0.05900695610458143,0.09685729005667182,0.37242828165749053,0.8528757122507122,0.4769503546099291,0.4321554770318021,0.746740220661986,1.0,0.9929122478906764,0.49785315536133695,1.0,0.4999999999999999,1.0,0.0
2016-12-31,0.064625466049034,0.0592468217798033,0.10175167439464194,0.323964068385975,0.7973201566951567,0.4161270428615479,0.32756183745583045,0.7594032096288867,1.0,0.9920196374301318,0.5064542463132305,0.9999630095910097,0.4999999999999999,1.0,0.0
2017-01-01,0.0660942266410575,0.04261613496441992,0.13111798042246264,0.2615908432338452,0.8619378306878307,0.36255010792476106,0.20353356890459368,0.2842276830491475,1.0,0.9894905744585891,0.5086043202025801,0.9999306437314268,0.75,0.9330127018922194,0.0
2017-01-02,0.031860806688509775,0.0003198209002958343,0.07212776919113859,0.22428281657490576,0.8161184879934877,0.31591119333950046,0.3533568904593641,0.43681043129388164,1.0,0.9876097167024418,0.5172026274050304,0.9997087252218304,0.75,0.9330127018922194,0.0
2017-01-03,0.20246299853123942,0.44886863356520346,0.06517259144770737,0.10670820052158791,0.711430352055352,0.17514646931853223,0.3823321554770319,0.9013289869608827,1.0,0.985473827386139,0.5257958450994664,0.9993389340057308,0.75,0.9330127018922194,0.0
2017-01-04,0.07287312168116597,0.044055329015751175,0.15146831530139104,0.0992465951898,0.7038881257631258,0.16589577551649703,0.19611307420494706,0.8688565697091275,1.0,0.9832954328098098,0.5343814304145206,0.9988213795102985,0.75,0.9330127018922194,0.0
2017-01-05,0.06123601852897978,0.05524906052610538,0.1197836166924266,0.08323674297305123,0.6802757427757427,0.14523589269195186,0.23710247349823327,0.874874623871615,1.0,0.9809045119333515,0.5429568427373694,0.998156214888235,0.75,0.9330127018922194,0.0
2017-01-06,0.12518359507400295,0.07699688174622212,0.20066975785677488,0.12141408287452904,0.7414021164021165,0.19549799568300957,0.0954063604240283,0.8556920762286861,1.0,0.9784285805368413,0.5515195444655416,0.9973436369724538,0.75,0.9330127018922194,0.0
2017-01-07,0.14258275901028133,0.26401215319421123,0.10432766615146832,0.021370617212402077,0.6979484635734634,0.08433549182855382,0.15335689045936401,0.6445586760280844,1.0,0.9756444860051432,0.5600670017578351,0.996383886217833,0.75,0.9330127018922194,0.0
2017-01-08,0.1408880352502542,0.24330374990005596,0.11720762493560022,0.16067806432917986,0.749351343101343,0.23805118717237123,0.28127208480565374,0.7131394182547643,1.0,0.9729347756784898,0.5685966852841216,0.9952772466300619,0.75,0.9330127018922194,0.0
2017-01-09,0.07117839792113885,0.008475253857839609,0.15558990211231324,0.18639524775427407,0.7684485653235653,0.26796176379895154,0.19681978798586575,0.4042126379137413,1.0,0.9699487811616687,0.5771060709738164,0.9940240456815989,0.75,0.9330127018922194,0.0
2017-01-10,0.19591006665913457,0.39337970736387623,0.07290056671818651,0.1807447116777745,0.7298407610907611,0.25516497070613625,0.3074204946996467,0.8980692076228687,1.0,0.9667927656047439,0.585592640762791,0.9926246542147663,0.75,0.9330127018922194,0.0
2017-01-11,0.1438255564343012,0.09466698648756695,0.21895929933024216,0.08903216458997382,0.6711691086691087,0.14885908109774898,0.19010600706713787,0.7853560682046139,1.0,0.9635517395277664,0.5940538833385093,0.9910794863320134,0.75,0.9330127018922194,0.0
2017-01-12,0.20867698565133883,0.3650755576876949,0.1334363730036064,0.06585047812228334,0.688034188034188,0.1279679309281529,0.2703180212014135,0.787738214643932,1.0,0.9600875608356536,0.6024872948831644,0.989388999273376,0.75,0.9330127018922194,0.0
2017-01-13,0.2284487628516552,0.5199488286559526,0.05358062854198867,0.13909011880614308,0.7464133089133087,0.21500154178230035,0.2671378091872792,0.5887662988966902,1.0,0.9565277453084815,0.6108903798146001,0.9875536932811722,0.75,0.9330127018922194,0.0
2017-01-14,0.17625127104282,0.3921803789877668,0.054611025244719225,0.22797739785569393,0.8041564916564914,0.31675917360468697,0.13250883392226148,0.6975927783350051,1.0,0.9528085350562132,0.6192606515247924,0.9855741114519722,0.75,0.9330127018922194,0.0
2017-01-15,0.16009490453056152,0.33477252738466456,0.04301906233900052,0.28042596348884374,0.7992343304843306,0.37049028677150786,0.16572438162544173,0.6769057171514545,1.0,0.9490149405988992,0.6275956331156775,0.9834508395758876,0.75,0.9330127018922194,0.0
2017-01-16,0.20076827477121229,0.3806668265771168,0.07573415765069552,0.29476963199072725,0.8912863756613756,0.40255935861856307,0.20176678445229684,0.871740220661986,1.0,0.9450194461564614,0.6358928581321057,0.9811845059632269,0.75,0.9330127018922194,0.0
2017-01-17,0.0689187662411027,0.17694091308867033,0.017001545595054096,0.37699217618081704,0.8775055962555962,0.4864323157570151,0.2632508833922262,0.6641173520561685,0.9463943841735799,0.9409176885639594,0.6441498712917051,0.9787757812585678,0.75,0.9330127018922194,0.0
2017-01-18,0.21466500960343465,0.455504917246342,0.03503348789283875,0.4387134164010431,0.8881194037444038,0.5533456675917361,0.15123674911660778,0.6598545636910733,0.8430121250797703,0.9366246573013406,0.6523642292114393,0.9762253782423029,0.75,0.9330127018922194,0.0
2017-01-19,0.07727940345723647,0.18101862956744222,0.029366306027820713,0.4029991306867574,0.9172771672771673,0.5206598828245451,0.10848056537102475,0.5379889669007021,0.9349074664964899,0.932257241833677,0.6605335011306435,0.9735340516197171,0.75,0.9330127018922194,0.0
2017-01-20,0.03389447520054231,7.995522507395858e-05,0.07727975270479134,0.36344537815126043,0.9356176231176232,0.4825007708911502,0.05088339222614842,0.4501003009027082,0.9910657306955967,0.9276879263808895,0.6686552696303258,0.9707025977976569,0.75,0.9330127018922194,0.125
2017-01-21,0.04089933340865439,0.04661389621811785,0.06903657908294694,0.3942335554911619,0.9589311151811153,0.519118100524206,0.05477031802120143,0.8486710130391175,0.9693682195277596,0.9224279004526807,0.6767271313485206,0.9677318546488622,0.75,0.9330127018922194,0.125
2017-01-22,0.03502429104056039,0.0,0.07985574446161772,0.39104607360185445,0.9363934676434675,0.5117946345975948,0.1742049469964665,0.85481444332999,0.9738353541799615,0.9176141797547448,0.6847466976914816,0.9646227012640256,0.75,0.9330127018922194,0.125
2017-01-23,0.03344254886453508,0.0011193731510354202,0.07547655847501288,0.3759779773978556,0.9127492877492878,0.49167437557816834,0.009893992932862195,0.6418004012036109,0.9891512444160816,0.9126941959067434,0.6927115955405055,0.9613760576916547,0.75,0.9330127018922194,0.125
2017-01-24,0.06146198169698339,0.0008795074758135443,0.1396187532199897,0.30918574326282233,0.8671716015466016,0.4133518347209374,0.20388692579505302,0.978309929789368,1.0,0.9076041910186383,0.700619467954176,0.9579928846658162,0.75,0.9330127018922194,0.125
2017-01-25,0.0921929725454751,0.009914447909170863,0.2017001545595054,0.2966531440162271,0.8382300569800571,0.3953900709219858,0.280565371024735,0.9376880641925778,1.0,0.9024398019254884,0.7084679748658202,0.9544741833218385,0.75,0.9330127018922194,0.125
2017-01-26,0.05976725793695628,0.0012792836011833373,0.13472436888201958,0.310634598667053,0.8121693121693121,0.40525747764415665,0.31978798586572443,0.8941825476429288,1.0,0.8971478970522604,0.716254793775973,0.9508209949000599,0.75,0.9330127018922194,0.125
2017-01-27,0.07976499830527624,0.18909410729991205,0.03812467800103039,0.4008258475804114,0.8913499694749694,0.5142614862781375,0.4851590106007067,0.8716148445336009,0.9553286534779833,0.8917497290289669,0.7239776204396406,0.9470344004377083,0.75,0.9330127018922194,0.25
2017-01-28,0.1773810868828381,0.2705684816502758,0.07418856259659969,0.45160822949869595,0.9399038461538463,0.576395312981807,0.40883392226148413,0.8879137412236711,0.824505424377792,0.8862134189105899,0.7316341695481653,0.9431155204490055,0.75,0.9330127018922194,0.25
2017-01-29,0.06055812902496893,0.012712880786759414,0.12287480680061824,0.4585627354390031,0.9187525437525439,0.5797872340425532,0.2113074204946997,0.8570712136409229,0.7702616464582003,0.8805495930121348,0.7392221754054835,0.9390655145935891,0.75,0.9330127018922194,0.25
2017-01-30,0.0631567054570105,0.05341009034940433,0.13395157135497168,0.47522457258765566,0.8072535103785103,0.5757015109466543,0.5749116607773851,0.8338766298896692,0.8059987236758136,0.874832635538648,0.746739392598583,0.9348855813333501,0.75,0.9330127018922194,0.25
2017-01-31,0.07524573494520394,0.0029583433277364673,0.1682122617207625,0.37279049550854815,0.8028718966218966,0.4678538390379278,0.38268551236749127,0.9068455366098296,0.9240587109125716,0.8688712728200114,0.7541835966619558,0.9305769575777887,0.75,0.9330127018922194,0.25
2017-02-01,0.29815840018077056,0.5355400975453746,0.08861411643482742,0.2100840336134453,0.6859610297110297,0.2765186555658341,0.33710247349823325,0.9062186559679037,1.0,0.8628036469513098,0.7615525847358539,0.9261409183179932,0.9330127018922193,0.75,0.25
2017-02-02,0.3117161902609875,0.5595266650675621,0.08964451313755797,0.16292379020573738,0.6492356023606023,0.2204748689485045,0.19187279151943465,0.8643430290872618,1.0,0.8566828895075762,0.7688441762181506,0.9215787762493497,0.9330127018922193,0.75,0.25
2017-02-03,0.32211049598915376,0.5907891580714799,0.09041731066460587,0.22515212981744415,0.6598366910866911,0.28692568609312363,0.2660777385159011,0.5840020060180542,1.0,0.8504983741738039,0.7760562134096158,0.9168918813830942,0.9330127018922193,0.75,0.25
2017-02-04,0.04372387300869958,0.021747821220116734,0.09479649665121073,0.27166038829324823,0.8176828958078957,0.3655565834104224,0.2388692579505301,0.8352557673019056,1.0,0.844143837799928,0.7831865621524141,0.9120816206468223,0.9330127018922193,0.75,0.25
2017-02-05,0.0690317478251045,0.07523786679459502,0.11695002575991756,0.2809330628803245,0.7861403642653642,0.36902559358618564,0.1975265017667845,0.39543630892678033,1.0,0.8377149172210059,0.7902331124616363,0.9071494174740756,0.9330127018922193,0.75,0.25
2017-02-06,0.09275788046548412,0.0031982090029583432,0.20942812982998454,0.2482613735149231,0.8213458994708993,0.341581868640148,0.2925795053003534,0.16888164493480443,1.0,0.8311903598070258,0.7971937791496777,0.9020967313831245,0.9330127018922193,0.75,0.25
2017-02-07,0.04056038865664897,0.0006396418005916686,0.09196290571870169,0.1758910460736018,0.7307628713878713,0.25,0.19575971731448766,0.5576730190571715,1.0,0.824538286612968,0.8040665024432789,0.8969250575450732,0.9330127018922193,0.75,0.25
2017-02-08,0.20144616427522313,0.30542895978252177,0.13833075734157652,0.14133584468270055,0.6714870777370776,0.20282146160962072,0.20494699646643116,0.8803911735205616,1.0,0.8178012028988588,0.810849248593046,0.8916359263414146,0.9330127018922193,0.75,0.25
2017-02-09,0.0674500056490792,0.06092588150635644,0.10819165378670789,0.2849174152419588,0.6834172771672771,0.3536077705827937,0.32473498233215553,0.5762286860581745,0.9329929802169751,0.8109684823496908,0.8175400104752691,0.8862309029111658,0.9330127018922193,0.75,0.25
2017-02-10,0.09354875155349678,0.06324458303350124,0.1620298815043792,0.5123152709359605,0.8873308404558404,0.6298951588035769,0.2614840989399294,0.8134403209628887,0.7702616464582003,0.8041357618005227,0.8241368081858635,0.8807115866877182,0.9330127018922193,0.75,0.25
2017-02-11,0.20709524347531352,0.25121931718237783,0.21792890262751158,0.4717473196175021,0.8149992368742369,0.570613629355535,0.3155477031802121,0.821715145436309,0.7791959157626037,0.7971011412662317,0.8306376896262546,0.8750796109255397,0.9330127018922193,0.75,0.25
2017-02-12,0.3625579030618009,0.6372431438394499,0.09608449252962392,0.45008693132425376,0.5651137057387057,0.49529756398396546,0.27137809187279155,0.7611584754262788,0.7919591576260369,0.7900027628419015,0.8370407310810345,0.869336642216868,0.9330127018922193,0.75,0.25
2017-02-13,0.33340865438933454,0.47301511153753895,0.16280267903142712,0.47095044914517525,0.6947433353683354,0.5447887758248535,0.3342756183745584,0.8375125376128385,0.7702616464582003,0.782808747582513,0.843344037787222,0.8634843799985397,0.9330127018922193,0.75,0.25
2017-02-14,0.27126878318834036,0.391860558087471,0.19165378670788255,0.4702260214430599,0.7727411477411477,0.5568146777674993,0.25547703180212017,0.881394182547643,0.7702616464582003,0.7755509744330857,0.8495457444949523,0.8575245560490985,0.9330127018922193,0.75,0.25
2017-02-15,0.36685120325386966,0.6046214120092748,0.08552292632663575,0.5173138220805563,0.6612357549857548,0.582176996608079,0.2,0.6958375125376128,0.7702616464582003,0.7682400697086269,0.8556440160194346,0.8514589339763361,0.9330127018922193,0.75,0.25
2017-02-16,0.36978872443791666,0.6329255616854561,0.08346213292117466,0.5816430020283975,0.552712912087912,0.6198735738513722,0.20388692579505302,0.7410982948846541,0.7702616464582003,0.7608335281491083,0.8616370477840132,0.8452893086954099,0.9330127018922193,0.75,0.25
2017-02-17,0.29544684216472716,0.3850643639561845,0.24214322514167957,0.5912054476963198,0.5899216524216524,0.6320536540240518,0.34487632508833926,0.8324974924774324,0.7702616464582003,0.7533526023845449,0.8675230663541702,0.8390175058977003,0.9330127018922193,0.75,0.25
2017-02-18,0.07897412721726359,0.007675701607100023,0.1731066460587326,0.5338307736887857,0.6469207875457874,0.5948196114708603,0.2021201413427562,0.49410732196589774,0.7702616464582003,0.7457335345248972,0.8733003299623139,0.8326453815105587,0.9330127018922193,0.75,0.25
2017-02-19,0.22969156027567508,0.09330774766130966,0.3997939206594539,0.5743987250072442,0.7408424908424909,0.6594202898550725,0.237809187279152,0.465270812437312,0.7702616464582003,0.7381357192952627,0.8789671290231953,0.8261748211481089,0.9330127018922193,0.75,0.25
2017-02-20,0.30572816630889166,0.3412489006156552,0.27047913446676974,0.5720805563604752,0.6450002543752544,0.6309744064138144,0.2816254416961131,0.7971414242728185,0.7702616464582003,0.7304316409155631,0.8845217866398023,0.8196077395532636,0.9330127018922193,0.75,0.25
2017-02-21,0.19963845893119422,0.06396418005916686,0.3655332302936631,0.5480295566502462,0.7783882783882783,0.6418439716312057,0.115547703180212,0.5384904714142429,0.7702616464582003,0.7226850572758377,0.8899626590995804,0.8129460800311208,0.9330127018922193,0.75,0.25
2017-02-22,0.07897412721726359,0.0036779403534020947,0.17542503863987635,0.4655172413793103,0.8686024623524624,0.576395312981807,0.20424028268551242,0.23269809428284854,0.7881301850670069,0.7148109578560344,0.8952881363608334,0.8061918138739088,0.9330127018922193,0.75,0.25
2017-02-23,0.1423567958422777,0.005436955305029184,0.3165893869139619,0.4300927267458707,0.671824124949125,0.4984582176996608,0.19575971731448766,0.04024573721163491,0.8672622846202934,0.7069368584362312,0.9004966425291608,0.7993469397776494,0.9330127018922193,0.75,0.25
2017-02-24,0.41159191051858546,0.5145118733509234,0.19963936115404432,0.3953926398145464,0.4852653133903133,0.4185168054270737,0.18127208480565377,0.5827482447342027,0.9495851946394381,0.6989990011263894,0.9055866363237911,0.792413483250711,0.9330127018922193,0.75,0.25
2017-02-25,0.2273189470116371,0.12504997201567122,0.40417310664605877,0.4100985221674876,0.5593775437525437,0.4551341350601295,0.2007067137809188,0.7694332998996991,0.9521378430121249,0.690391685971139,0.9105566115336701,0.7853934960144285,0.9330127018922193,0.75,0.25
2017-02-26,0.28301886792452835,0.23402894379147676,0.3590932509015971,0.3719211822660098,0.6872583435083435,0.4423373419673142,0.12402826855123679,0.8619608826479439,0.98468410976388,0.6823900707712576,0.9154050974631737,0.7782890553959659,0.9330127018922193,0.75,0.25
2017-02-27,0.20698226189131172,0.05692812025265851,0.4283874291602267,0.3890176760359315,0.6137248168498168,0.4423373419673142,0.16678445229681982,0.17189067201604816,0.9891512444160816,0.6743672029413643,0.9201306593673111,0.7711022637136017,0.9330127018922193,0.75,0.25
2017-02-28,0.2662975934922608,0.09250819541057008,0.45054095826893353,0.3654737757171833,0.6452228327228327,0.42699660807893924,0.12862190812720847,0.15922768304914747,0.9955328653477983,0.6662486982764113,0.9247318988762877,0.7638352476546191,0.9330127018922193,0.75,0.25
2017-03-01,0.3566828606937069,0.21643879427520588,0.4649665121071613,0.38836569110402774,0.5176345645095645,0.41273512180080174,0.23109540636042408,0.6473169508525578,0.9891512444160816,0.6580876883514333,0.9292074544093061,0.7564901576459847,1.0,0.5,0.25
2017-03-02,0.40718562874251496,0.4443111857359878,0.27769191138588356,0.3522167487684728,0.583460520960521,0.3986278137526981,0.13745583038869263,0.6288866599799399,0.9865985960433951,0.6493103521560792,0.9335560015774793,0.7490691672180035,1.0,0.5,0.375
2017-03-03,0.24550898203592816,0.13288558407291914,0.42890262751159197,0.4300927267458707,0.6073209198209197,0.48404255319148937,0.2731448763250884,0.46276328986960885,0.90044671346522,0.641128089601088,0.9377762535757386,0.7415744723611354,1.0,0.5,0.375
2017-03-04,0.33318269122133093,0.14176061405612855,0.5721277691911386,0.5404955085482468,0.4729471916971917,0.5572001233425841,0.27915194346289757,0.47843530591775335,0.7702616464582003,0.6329458270460973,0.9418669615636207,0.7340082908761664,1.0,0.5,0.375
2017-03-05,0.41791887922268667,0.43671543935396173,0.31555899021123135,0.6012025499855114,0.4671156389906389,0.6185630588960839,0.27632508833922265,0.38202106318956874,0.7702616464582003,0.6247104329160735,0.9458269150348186,0.7263728617179261,1.0,0.5,0.375
2017-03-06,0.07852220088125636,0.0031982090029583432,0.17336424523441527,0.4588525065198492,0.6857257326007327,0.5317607153869873,0.5996466431095406,0.7614092276830493,0.8104658583280152,0.6163794019509914,0.9496549421753908,0.7186704443327449,1.0,0.5,0.375
2017-03-07,0.4757654502316122,0.4370352602542576,0.3732612055641422,0.4136482179078527,0.2672975172975173,0.374036386062288,0.9123674911660777,0.831494483450351,0.9349074664964899,0.6080377446709031,0.9533499102105194,0.7109033179898466,1.0,0.5,0.375
2017-03-08,0.3589424923737431,0.1786999280402974,0.6437403400309119,0.36344537815126043,0.272645757020757,0.3291705211224175,0.37773851590106017,0.6418004012036109,1.0,0.5996748347608016,0.9569107257397163,0.7030737811068777,1.0,0.5,0.5
2017-03-09,0.29104056038865667,0.04773326936915327,0.5919629057187017,0.31671979136482176,0.41884157509157516,0.32562442183163737,0.26183745583038875,0.18279839518555668,1.0,0.5912269143306479,0.9603363350603784,0.6951841505697665,1.0,0.5,0.5
2017-03-10,0.2330810077957293,0.010873910610058367,0.5115919629057186,0.22913648217907848,0.43416132478632474,0.24259944495837188,0.2879858657243817,0.2684302908726179,1.0,0.5828002465305082,0.9636257244795952,0.6872367610471211,1.0,0.5,0.5
2017-03-11,0.14970059880239522,0.08323338930199088,0.2913446676970634,0.24956534337873074,0.4751793345543346,0.27235584335491825,0.25088339222614847,0.28899197592778336,1.0,0.5743629524153611,0.9667779206141163,0.6792339642993624,1.0,0.5,0.5
2017-03-12,0.20788611456332617,0.02358679139681778,0.42941782586295724,0.2610837438423645,0.5785955942205943,0.30789392537773663,0.4286219081272085,0.2052407221664995,1.0,0.5658937793551955,0.9697919906783913,0.6711781284828007,1.0,0.5,0.5
2017-03-13,0.1728618235227658,0.011033821060206284,0.3766099948480165,0.2670964937699217,0.5271545584045584,0.3018809744064138,0.2487632508833923,0.34478435305917754,1.0,0.5574564852400483,0.9726670427605966,0.6630716374488601,1.0,0.5,0.5
2017-03-14,0.2606485142921704,0.2148396897737267,0.23390005151983517,0.3573601854534917,0.6544248575498575,0.4211378353376503,0.3586572438162545,0.43004012036108324,0.97319719208679,0.5489448069198559,0.975402226086566,0.6549168900386584,1.0,0.5,0.5
2017-03-15,0.09049824878544797,0.004557447829215639,0.19860896445131376,0.4416111272095044,0.761523199023199,0.5292938637064446,0.314487632508834,0.44621364092276833,0.8679004467134651,0.5404862601746965,0.9779967312715485,0.6467162993731514,1.0,0.5,0.5
2017-03-16,0.15162128573042594,0.02582553769888862,0.33822771767130344,0.5097797739785569,0.9004629629629628,0.6289700894233734,0.2113074204946997,0.6381644934804414,0.7702616464582003,0.5319852081695111,0.9804497905597181,0.6384722921390523,1.0,0.5,0.5
2017-03-17,0.4853688848717659,0.43303749900055966,0.2810407006697579,0.48174442190669364,0.5994352869352868,0.5288313290163429,0.42968197879858666,0.8189568706118355,0.7702616464582003,0.5234310245892932,0.9827606780513657,0.6301873078707345,1.0,0.5,0.5
2017-03-18,0.484126087447746,0.4024146477972335,0.47861926841834107,0.5161547377571718,0.37386803011803016,0.4989207523897626,0.36855123674911666,0.40784854563691075,0.7702616464582003,0.5149512252141206,0.9849287099177038,0.6218637982283358,1.0,0.5,0.5
2017-03-19,0.3816517907581064,0.1388022707283921,0.6349819680577022,0.5809185743262821,0.6170825702075702,0.6322078322540857,0.2798586572438163,0.6407973921765298,0.7702616464582003,0.5064289205789216,0.986953244603223,0.6135042262722716,1.0,0.5,0.5
2017-03-20,0.2862953338605807,0.028464060126329255,0.6102524471921691,0.5177484787018255,0.48097909035409037,0.5415510329941412,0.18692579505300355,0.4513540621865597,0.8015315890236118,0.4979066159437231,0.988833683015538,0.6051110657343766,1.0,0.5,0.5
2017-03-21,0.5374533950965993,0.34564643799472294,0.7156105100463679,0.4087221095334685,0.3736645299145298,0.3979340117175455,0.21802120141342757,0.17502507522567706,0.8506700701978301,0.4893524323635048,0.9905694687026694,0.5966868002858867,1.0,0.5,0.5
2017-03-22,0.38888261213422215,0.1021028224194451,0.6916537867078825,0.4894233555491161,0.5138507326007326,0.5187326549491211,0.5060070671378092,0.4267803410230693,0.580089342693044,0.48087263298833216,0.9921600880177063,0.5882339228024817,1.0,0.5,0.5
2017-03-23,0.09705118065755282,0.018709522667306307,0.19629057187017002,0.5344827586206895,0.877702737077737,0.6481652790625964,0.15265017667844522,0.18430290872617855,0.2820676451818761,0.47237158098314636,0.9936050702708027,0.5797549346266023,1.0,0.5,0.5
2017-03-24,0.6323579256581178,0.7212760853921804,0.20891293147861928,0.5281802376122862,0.6654583842083841,0.5865710761640457,0.2024734982332156,0.22116349047141426,0.7702616464582003,0.4638386500329412,0.9949039878684625,0.5712523448272637,1.0,0.5,0.5
2017-03-25,0.3927239859902836,0.13968177820420563,0.6450283359093252,0.5447696319907273,0.5967007529507529,0.5884212149244527,0.3155477031802121,0.44433299899699097,0.5692405871091257,0.4554119822328011,0.9960564564400708,0.5627286694575813,1.0,0.5,0.5
2017-03-26,0.52875381312846,0.45686415607259934,0.4227202472952087,0.5759924659518979,0.7063364875864875,0.648936170212766,0.0717314487632509,0.5353560682046139,0.08104658583280161,0.4469534354876412,0.997062134951636,0.5541864308102296,1.0,0.5,0.5
2017-03-27,0.5512371483448197,0.41512752858399293,0.4399793920659454,0.5834540712836858,0.6375025437525439,0.6359851988899168,0.13780918727915198,0.4915997993981946,0.08104658583280161,0.4384842624274756,0.9979207258067064,0.5456281566710555,1.0,0.5,0.5
2017-03-28,0.48378714269574064,0.23306948109058925,0.6447707367336424,0.573964068385975,0.6647524928774928,0.6370644465001541,0.1876325088339223,0.4131143430290873,0.07211231652839822,0.4294306420419529,0.998631974934435,0.5370563795710666,1.0,0.5,0.5
2017-03-29,0.46830866568749296,0.3128647957143999,0.5090159711488924,0.6156186612576064,0.6321415852665853,0.6701356768424298,0.3113074204946997,0.5366098294884654,0.05041480536056164,0.4210996110768708,0.9991956718647619,0.528473636037013,1.0,0.5,0.5
2017-03-30,0.5084171280081347,0.3046294075317822,0.5909325090159712,0.571935670820052,0.6327139295889297,0.6284304656182547,0.29434628975265026,0.4409478435305918,0.05041480536056164,0.41278983274180137,0.9996116497906962,0.5198824658407896,1.0,0.5,0.5
2017-03-31,0.5673935148570783,0.4866074998001119,0.42787223080886144,0.5876557519559547,0.5982460826210827,0.6284304656182547,0.05901060070671378,0.313691073219659,0.05041480536056164,0.40448005440673285,0.9998797856176773,0.5112854112478764,1.0,0.5,0.5
2017-04-01,0.5421986216246751,0.3715519309186855,0.48325605358062856,0.6308316430020283,0.49243233618233617,0.6456213382670367,0.24558303886925803,0.4946088264794383,0.05041480536056164,0.39620215501668365,1.0,0.5026850162650404,0.9330127018922194,0.2500000000000001,0.5
2017-04-02,0.3449327759575189,0.07515791156952106,0.6360123647604328,0.6089539263981454,0.5306903744403745,0.6432315757015109,0.23215547703180212,0.83462888665998,0.05041480536056164,0.38796676088665993,0.9999722573642948,0.49408382588752436,0.9330127018922194,0.2500000000000001,0.625
2017-04-03,0.5367755055925884,0.3048692732070041,0.6463163317877383,0.6106201101130107,0.4409658628408628,0.6106228800493371,0.1487632508833922,0.24034603811434302,0.05041480536056164,0.37975261938664895,0.9997965659200537,0.4854843853459405,0.9330127018922194,0.2500000000000001,0.625
2017-04-04,0.1950062139871201,0.053090269449108496,0.3629572385368367,0.5678064329179947,0.6937067562067563,0.6399167437557817,0.14664310954063609,0.9084754262788366,0.05041480536056164,0.3715384778866384,0.9994729776572018,0.476889239353097,0.9330127018922194,0.2500000000000001,0.625
2017-04-05,0.645689752570331,0.6594706964100103,0.3204533745492015,0.5415821501014197,0.6146723646723646,0.5844896700585878,0.17491166077738518,0.6150952858575727,0.05041480536056164,0.3634093469066797,0.999001588330712,0.4683009313509757,0.9330127018922194,0.2500000000000001,0.625
2017-04-06,0.7251158061236018,0.8005117134404733,0.2341576506955178,0.5636047522457258,0.3527358058608059,0.5242830712303422,0.25795053003533575,0.40220661985957873,0.0548819400127632,0.35529084224172713,0.9983825374322698,0.45972200275808717,0.9330127018922194,0.2500000000000001,0.625
2017-04-07,0.6399276917862389,0.532741664667786,0.31169500257599175,0.6848015068096203,0.2885569291819292,0.639300030835646,0.3296819787985867,0.4593781344032096,0.0657306955966816,0.34726797441183344,0.9976160081489959,0.4511549922174234,0.9330127018922194,0.2500000000000001,0.625
2017-04-08,0.6229804541859677,0.4606220516510754,0.4348274085522926,0.7067516661837148,0.32066544566544564,0.6601911810052421,0.23710247349823327,0.9039618856569711,0.0657306955966816,0.3392344802669327,0.9967022273092373,0.4426024348452336,0.9330127018922194,0.2500000000000001,0.625
2017-04-09,0.6569879109705118,0.5472135604061725,0.378413189077795,0.5952622428281656,0.40031033781033776,0.5901942645698427,0.3862190812720849,0.2148946840521565,0.0657306955966816,0.33123286506705174,0.995641465315446,0.4340668614808413,0.9330127018922194,0.2500000000000001,0.625
2017-04-10,0.6058072534176929,0.312784840489326,0.7274600721277693,0.4860909881193856,0.31642373829873827,0.4518963922294172,0.22650176678445233,0.12713139418254765,0.0657306955966816,0.3232950077572099,0.9944340360641617,0.42555079793772954,0.9330127018922194,0.2500000000000001,0.625
2017-04-11,0.6554061687944865,0.6221316063004717,0.31092220504894386,0.5736018545349173,0.2870942714692716,0.5299105766265804,0.16607773851590107,0.6710130391173521,0.0657306955966816,0.31541028202240007,0.9930802968531257,0.41705676425611093,0.9330127018922194,0.2500000000000001,0.625
2017-04-12,0.6581177268105298,0.5216278883825057,0.468057702215353,0.6133004926108374,0.3421410765160765,0.5862627197039778,0.04275618374558304,0.5367352056168506,0.0657306955966816,0.30759994049263595,0.9915806482755501,0.4085872739572076,0.9330127018922194,0.2500000000000001,0.625
2017-04-13,0.7289571799796634,0.7495802350683617,0.2624935600206079,0.6516951608229498,0.49789504477004487,0.664122725871107,0.42226148409894004,0.414493480441324,0.0657306955966816,0.29984273053790433,0.9899355341015761,0.4001448332994602,0.9330127018922194,0.2500000000000001,0.625
2017-04-14,0.606937069257711,0.4983609178859838,0.5200927357032459,0.7047232686177919,0.5145884208384209,0.7241751464693186,0.426148409893993,0.6762788365095287,0.0657306955966816,0.29156483114785425,0.988145441146955,0.39173194053688476,0.9330127018922194,0.2500000000000001,0.625
2017-04-15,0.33679810190938875,0.1663868233789078,0.5481710458526532,0.6301796580701245,0.3715277777777778,0.6135522664199815,0.20565371024734985,0.6108324974924775,0.07019783024888321,0.28392451065819424,0.986210899128992,0.3833510851798006,0.9330127018922194,0.2500000000000001,0.625
2017-04-16,0.6815049146989041,0.5841528743903414,0.5631117980422462,0.5686033033903215,0.2987700956450956,0.5327628738822078,0.3865724381625442,0.7710631895687061,0.08104658583280161,0.276347948058572,0.9841324805097938,0.37500474725814276,0.9330127018922194,0.2500000000000001,0.625
2017-04-17,0.5984634504575754,0.44359158871032217,0.48196805770221535,0.5248478701825557,0.4245459401709403,0.5164970706136294,0.24770318021201415,0.2655466399197593,0.08104658583280161,0.26884576966399587,0.9819108003268686,0.36669539658758177,0.9330127018922194,0.2500000000000001,0.625
2017-04-18,0.3012089029488193,0.09914447909170863,0.5651725914477075,0.5544045204288611,0.7253446784696784,0.6364477335800185,0.13745583038869263,0.25162988966900707,0.08104658583280161,0.2614498544194843,0.9795465160111259,0.35842549203866586,0.9330127018922194,0.2500000000000001,0.625
2017-04-19,0.36764207434188223,0.05836731430398976,0.7096857290056673,0.5488988698927846,0.767259361009361,0.6406876349059513,0.13109540636042405,0.29977432296890677,0.08104658583280161,0.2540433128599662,0.9770403271923322,0.35019748080920077,0.9330127018922194,0.2500000000000001,0.625
2017-04-20,0.24528301886792456,0.006796194131286479,0.5494590417310665,0.5954071283685887,0.7529889092389093,0.6823928461301264,0.11660777385159012,0.6554663991975929,0.07211231652839822,0.24679616602554555,0.9743929754920799,0.34201379770008533,0.9330127018922194,0.2500000000000001,0.625
2017-04-21,0.6613941927465823,0.4165667226353242,0.752447192168985,0.6287308026658939,0.5672250203500204,0.6626580326857847,0.10494699646643112,0.45661985957873624,0.05041480536056164,0.2395596455061315,0.9716052443043288,0.3338768643948147,0.9330127018922194,0.2500000000000001,0.75
2017-04-22,0.6938199073551011,0.5273047093627569,0.5847501287995878,0.6588669950738915,0.4684256715506716,0.666049953746531,0.257243816254417,0.5912738214643931,0.05041480536056164,0.23239750919176227,0.9686779585635876,0.32578908874286405,0.9330127018922194,0.2500000000000001,0.75
2017-04-23,0.2675403909162807,0.013272567362277124,0.581143740340031,0.5273109243697478,0.5994416463166463,0.5796330558125192,0.45017667844522974,0.20549147442326984,0.0548819400127632,0.22530975708243872,0.9656119845008027,0.31775286404716896,0.9330127018922194,0.2500000000000001,0.75
2017-04-24,0.20155914585922496,0.003038298552810426,0.452344152498712,0.5180382497826717,0.6410320004070003,0.5797872340425532,0.30494699646643114,0.3924272818455366,0.06126356094447993,0.21829638917816085,0.9624082293870257,0.3097705683559071,0.9330127018922194,0.2500000000000001,0.75
2017-04-25,0.1963619929951418,0.0037578955784760533,0.4399793920659454,0.46573456968994487,0.5999122405372406,0.5183472093740363,0.33250883392226155,0.1554663991975928,0.05041480536056164,0.2113467791639212,0.9590676412649386,0.3018445637587963,0.9330127018922194,0.2500000000000001,0.75
2017-04-26,0.710880126539374,0.4448708723115055,0.5973724884080371,0.5115908432338452,0.4932526963776964,0.5309898242368177,0.2600706713780919,0.2661735205616851,0.05041480536056164,0.20451405861475358,0.9555912086683114,0.2939771956881142,0.9330127018922194,0.2500000000000001,0.75
2017-04-27,0.8133544232290136,0.7515791156952106,0.2764039155074704,0.5358591712547087,0.37898097273097275,0.5003854455750848,0.14593639575971734,0.0745987963891675,0.05041480536056164,0.19775572227063098,0.9519799603294798,0.2861707922246466,0.9330127018922194,0.2500000000000001,0.75
2017-04-28,0.8786577787820585,0.9389142080434956,0.21045852653271513,0.5763546798029556,0.20870217745217745,0.47733580018501387,0.1070671378091873,0.1258776328986961,0.05041480536056164,0.19111427539157955,0.948234964874927,0.27842766340877123,0.9330127018922194,0.2500000000000001,0.75
2017-04-29,0.7677098632922833,0.6114176061405613,0.4891808346213293,0.6371341640104317,0.06833155270655278,0.4958371877890842,0.08162544169611306,0.3734954864593782,0.05041480536056164,0.18448345482753492,0.9443573305090589,0.27075010055687976,0.9330127018922194,0.2500000000000001,0.75
2017-04-30,0.8644220991978308,0.8308946989685776,0.26378155589902114,0.6398145465082584,0.19151276963776964,0.5428615479494295,0.10565371024734983,0.32171514543630897,0.05041480536056164,0.17740632903321774,0.9403482046862693,0.2631403755833399,0.9330127018922194,0.2500000000000001,0.75
2017-05-01,0.475313523895605,0.17134404733349323,0.6857290056671819,0.6213416401043175,0.4537037037037037,0.6273512180080173,0.16042402826855123,0.8924272818455365,0.05041480536056164,0.1710305400293286,0.9362087737713902,0.25560074032820035,0.75,0.06698729810778065,0.75
2017-05-02,0.5574511354649192,0.2526585112337091,0.825090159711489,0.643581570559258,0.5002416564916565,0.6591890225100215,0.2014134275618375,0.8368856569709129,0.05041480536056164,0.16477164049051063,0.9319402626886263,0.24813342589083415,0.75,0.06698729810778065,0.75
2017-05-03,0.7433058411478929,0.5572879187654913,0.6695002575991758,0.6591567661547377,0.3967172873422873,0.6473172987974098,0.24911660777385164,0.9097291875626881,0.05041480536056164,0.1585552462117188,0.9275439345590806,0.24074064196972078,0.75,0.06698729810778065,0.75
2017-05-04,0.8617105411817874,0.7962740865115535,0.3153013910355487,0.7180527383367139,0.20676256613756616,0.6254239901325933,0.11448763250883394,0.742602808425276,0.05041480536056164,0.15248762034301766,0.9230210903269767,0.23342457620856094,0.75,0.06698729810778065,0.75
2017-05-05,0.8679245283018868,0.8864635803949787,0.22565687789799072,0.7803535207186321,0.23209198209198212,0.7012796793092815,0.17031802120141343,0.47630391173520564,0.05041480536056164,0.1465262576243811,0.9183730683746885,0.22618739354891737,0.75,0.06698729810778065,0.75
2017-05-06,0.8487176590215795,0.7574158471256096,0.3371973209685729,0.790930165169516,0.21663232600732607,0.6997378970089423,0.36395759717314496,0.36334002006018057,0.05041480536056164,0.14060740016577067,0.9136012441266914,0.21903123558957455,0.75,0.06698729810778065,0.875
2017-05-07,0.7944864987007118,0.6302070840329416,0.452344152498712,0.8264271225731671,0.2732371794871796,0.7728183780450201,0.42579505300353365,0.3595787362086259,0.05041480536056164,0.13480543217223118,0.9087070296425512,0.21195821995280367,0.75,0.06698729810778065,0.875
2017-05-08,0.6898655519150378,0.5277044854881267,0.45929933024214326,0.7360185453491741,0.3832735551485551,0.7160037002775208,0.3734982332155477,0.8504262788365096,0.05041480536056164,0.12910972732875692,0.9036918731990744,0.20497043965772593,0.75,0.06698729810778065,0.875
2017-05-09,0.7407072647158514,0.5843127848404893,0.4974240082431736,0.7084902926687916,0.3714896214896216,0.6804656182547024,0.06289752650176679,0.8973169508525576,0.05041480536056164,0.12352028563534745,0.8985572588617388,0.1980699625009531,0.75,0.06698729810778065,0.875
2017-05-10,0.8862275449101796,0.8575197889182058,0.2939206594538898,0.7005215879455229,0.3693147130647131,0.6705982115325316,0.2014134275618375,0.6189819458375125,0.05041480536056164,0.11799460183197663,0.8933047060455347,0.19125883044469383,0.75,0.06698729810778065,0.875
2017-05-11,0.6415094339622641,0.36155752778444067,0.6823802163833077,0.7507244277021152,0.2516407203907204,0.6803885291396855,0.13498233215547706,0.5783600802407223,0.05041480536056164,0.11263893906870992,0.8879357690653457,0.18453905901250395,0.75,0.06698729810778065,0.875
2017-05-12,0.8524460512936392,0.7495002798432877,0.38098918083462135,0.8117212402202258,0.1916971916971918,0.7116867098365711,0.20282685512367493,0.5320962888665999,0.05041480536056164,0.10737891314050096,0.8824520366760022,0.17791263669286117,0.75,0.06698729810778065,0.875
2017-05-13,0.8754942944300079,0.7732469816902534,0.3351365275631118,0.8389597218197622,0.14692714692714692,0.7245605920444034,0.3618374558303888,0.4405717151454363,0.05041480536056164,0.10224640299237042,0.8768551316021433,0.17138152435073895,0.75,0.06698729810778065,0.875
2017-05-14,0.877189018190035,0.7650115935076357,0.321483771251932,0.7691248913358446,0.1856049043549044,0.6579555966697502,0.2939929328621908,0.7894934804413241,0.05041480536056164,0.0971882770492849,0.8711467100580257,0.16494765464735456,0.75,0.06698729810778065,0.875
2017-05-15,0.679810190938877,0.32805628847845203,0.6952601751674394,0.781005505650536,0.21795507733007735,0.6953438174529757,0.1950530035335689,0.37387161484453363,0.05041480536056164,0.09224704057127053,0.8653284612574239,0.15861293146826433,0.75,0.06698729810778065,0.875
2017-05-16,0.4919218167438707,0.1272087630926681,0.7928902627511591,0.7439872500724427,0.5620548433048431,0.7818378045020044,0.20388692579505302,0.6287612838515548,0.05041480536056164,0.08742269355832777,0.8594021069137645,0.15237922935997272,0.75,0.06698729810778065,0.875
2017-05-17,0.5917975370014688,0.2069241224914048,0.9337970118495622,0.6712547087800637,0.4135442104192104,0.6617329633055813,0.4643109540636044,0.0788615847542628,0.05041480536056164,0.08271523601045616,0.8533694007306438,0.14624839297522424,0.75,0.06698729810778065,0.875
2017-05-18,0.9044175799344707,0.7435835931878148,0.44358578052550235,0.6312662996232975,0.2171919515669516,0.5423990132593278,0.30000000000000004,0.082246740220662,0.05041480536056164,0.07809278898263661,0.8472321278828785,0.140222236527141,0.75,0.06698729810778065,0.875
2017-05-19,0.8048808044288781,0.47037658911009833,0.6862442040185472,0.6359026369168356,0.1970454314204314,0.5560437866173297,0.14452296819787985,0.26065697091273826,0.05041480536056164,0.07364036299492072,0.8409921044882432,0.13430254325236746,0.75,0.06698729810778065,0.875
2017-05-20,0.6835385832109366,0.30526904933237387,0.8670788253477588,0.626702405099971,0.26009869759869764,0.5601295097132285,0.18233215547703185,0.20035105315947843,0.05041480536056164,0.06927294752725666,0.8346511770700529,0.1284910648833822,0.75,0.06698729810778065,0.875
2017-05-21,0.8464580273415433,0.5963860238266571,0.5538382277176714,0.6739350912778903,0.3371489621489623,0.6358310206598828,0.1505300353356891,0.7921263791374122,0.05041480536056164,0.065096805729709,0.828211222010746,0.12278952113013225,0.75,0.06698729810778065,0.875
2017-05-22,0.49745791435995934,0.17686095786359637,0.708397733127254,0.6700231816864677,0.46473723036223036,0.6824699352451434,0.2438162544169612,0.6018054162487463,0.05041480536056164,0.060963169192187694,0.8216741449966338,0.11719959917114331,0.75,0.06698729810778065,0.875
2017-05-23,0.8036380070048582,0.5543295754377549,0.711231324059763,0.6849463923500434,0.3998524623524623,0.6751464693185323,0.30282685512367497,0.3188314944834504,0.05041480536056164,0.0570101800097762,0.8150418804539763,0.11172295315425645,0.75,0.06698729810778065,0.875
2017-05-24,0.9352615523669642,0.874470296633885,0.2624935600206079,0.717110982323964,0.3189992877492879,0.6722941720629048,0.40812720848056544,0.43179538615847546,0.05041480536056164,0.053184706607442456,0.8083163909765543,0.10636120370713859,0.75,0.06698729810778065,0.875
2017-05-25,0.8409219297254548,0.5851922923163029,0.5589902112313241,0.7531150391190958,0.30593075905575906,0.6978106691335183,0.27632508833922265,0.6790371113340021,0.0548819400127632,0.0494867489851869,0.801499666744907,0.10111593745771341,0.75,0.06698729810778065,0.875
2017-05-26,0.5235566602643769,0.17598145038778282,0.8745492014425553,0.7329759490002896,0.28366656491656483,0.6852451433857539,0.2939929328621908,0.8269809428284856,0.0657306955966816,0.04584192293796363,0.794593724937405,0.09598870656465225,0.75,0.06698729810778065,0.875
2017-05-27,0.8214890972771438,0.5846326057407851,0.6731066460587327,0.7563025210084032,0.2455420736670738,0.6874807277212458,0.2696113074204948,0.8360080240722167,0.0657306955966816,0.04240962319087016,0.787600609133335,0.0909810282580657,0.75,0.06698729810778065,0.875
2017-05-28,0.8827251158061236,0.7750859518669545,0.44822256568778984,0.7444943494639233,0.25118284493284493,0.6817761332099908,0.4151943462897527,0.9299147442326983,0.0657306955966816,0.03905170764882149,0.7805223887081723,0.08609438439053063,0.75,0.06698729810778065,0.875
2017-05-29,0.5351937634165631,0.206524346366035,0.9505409582689335,0.7074036511156185,0.33601699226699233,0.679386370644465,0.3459363957597174,0.9393179538615848,0.0657306955966816,0.035853186831870554,0.7733611582212179,0.08133022099858572,0.75,0.06698729810778065,0.875
2017-05-30,0.9084849169585357,0.7467018469656992,0.5752189592993302,0.7001593740944653,0.312417328042328,0.6561825470243602,0.22402826855123675,0.8303660982948846,0.0657306955966816,0.03279280811000351,0.766119036795786,0.0766899478748268,0.75,0.06698729810778065,0.875
2017-05-31,0.9807931307196928,0.9470696410010394,0.2792375064399794,0.7628948130976527,0.02770146520146527,0.5920444033302498,0.13427561837455831,0.5358575727181545,0.0657306955966816,0.029859945168214663,0.7587981674921209,0.0721749381507259,0.75,0.06698729810778065,0.875
2017-06-01,0.9248672466387979,0.8023506836171743,0.3436373003606389,0.8521443059982613,0.19850808913308926,0.769118100524206,0.3441696113074205,0.44859578736208633,0.0657306955966816,0.02706522432150993,0.7514007166732315,0.06778652789030004,0.5000000000000001,0.0,0.875
2017-06-02,0.8836289684781381,0.7499000559686575,0.34234930448222567,0.9041582150101419,0.33439535002035004,0.860699969164354,0.2957597173144877,0.6792878635907724,0.0657306955966816,0.023824198244532857,0.7439288733638278,0.0635260156947478,0.5000000000000001,0.0,0.875
2017-06-03,0.9696079539035137,0.9246821779803309,0.2854198866563627,0.8633729353810489,0.09964514652014667,0.713768115942029,0.1950530035335689,0.8896690070210633,0.0657306955966816,0.0213376405330159,0.7363848486025563,0.0593946623181732,0.5000000000000001,0.0,0.875
2017-06-04,0.9468986555191504,0.8448868633565203,0.31916537867078826,0.8939437844103157,0.0,0.6933395004625347,0.11060070671378093,0.34227683049147445,0.0657306955966816,0.01899985123158965,0.7287708747877152,0.05539369029450725,0.5000000000000001,0.0,0.875
2017-06-05,0.9428313184950853,0.8856640281442392,0.2913446676970634,0.8930744711677774,0.18636803011803016,0.7855380820228184,0.25300353356890465,0.3698595787362086,0.0657306955966816,0.016736446135209304,0.7210892050166531,0.051524283575741125,0.5000000000000001,0.0,0.875
2017-06-06,0.6293074228900689,0.2353082273926601,1.0,0.8257026948710517,0.2614214489214489,0.7608695652173914,0.20742049469964668,0.9012036108324974,0.0657306955966816,0.014611183133913075,0.7133421124190418,0.04778758718157594,0.5000000000000001,0.0,0.875
2017-06-07,0.9070161563665122,0.7459022947149596,0.48351365275631125,0.8092581860330338,0.32248422873422866,0.7599444958371878,0.15971731448763254,0.6426780341023071,0.0657306955966816,0.012666567487726654,0.7055318894842194,0.044184706860592116,0.5000000000000001,0.0,0.875
2017-06-08,0.9269009151508304,0.8170624450307827,0.36682122617207624,0.8569979716024341,0.2653515466015466,0.7924761023743447,0.1929328621908128,0.26178535606820463,0.0657306955966816,0.010881346566637529,0.6976608473828072,0.040716708763041676,0.5000000000000001,0.0,0.875
2017-06-09,0.8032990622528527,0.5531302470616455,0.5350334878928387,0.9347290640394088,0.20081018518518523,0.8408880666049954,0.3918727915194347,0.598420260782347,0.0657306955966816,0.009202388795613414,0.6897313152827955,0.03738461912535618,0.5000000000000001,0.0,0.875
2017-06-10,0.9115354197265846,0.7872391460781961,0.3160741885625966,0.8520718632280497,0.14921652421652432,0.7268732654949122,0.31024734982332164,0.8608324974924775,0.0657306955966816,0.007640320489660679,0.6817456396603067,0.034189423966467736,0.5000000000000001,0.0,0.875
2017-06-11,0.9038526720144616,0.7599744143279763,0.3343637300360639,0.8320052158794552,0.20077838827838834,0.715618254702436,0.22614840989399299,0.7478686058174524,0.0657306955966816,0.006258899538817753,0.6737061836052344,0.031132068796029422,0.5000000000000001,0.0,0.875
2017-06-12,0.7533612021240538,0.5009994403134245,0.5507470376094796,0.8236018545349173,0.14217668905168912,0.7176996608078939,0.22190812720848063,0.25150451354062187,0.0657306955966816,0.0049837417380402815,0.6656153261219682,0.02821345833462452,0.5000000000000001,0.0,0.875
2017-06-13,0.36786803750988595,0.08986967298312944,0.598918083462133,0.7925963488843812,0.6484979141229141,0.8640918902251002,0.21731448763250888,0.4158726178535607,0.0657306955966816,0.003878604977365807,0.6574754614254064,0.025434456246044346,0.5000000000000001,0.0,0.875
2017-06-14,0.629194441306067,0.2935955864715759,0.9021123132405977,0.8117936829904375,0.28402904965404974,0.7606382978723404,0.3802120141342757,0.7508776328986961,0.0657306955966816,0.0029328629417890717,0.6492889982324707,0.0227958848817168,0.5000000000000001,0.0,0.875
2017-06-15,0.9718675855835499,0.9316382825617654,0.26120556414219476,0.830483917705013,0.1878879222629224,0.7301880974406414,0.35583038869257955,0.8026579739217654,0.0657306955966816,0.0020721314262639456,0.641058359049327,0.02029852503735896,0.5000000000000001,0.0,0.875
2017-06-16,0.6522426844424358,0.30854721356040615,0.8276661514683152,0.8201246015647637,0.29417226292226284,0.7775979031760716,0.17950530035335693,0.8294884653961887,0.0657306955966816,0.0014026735808554402,0.6327859794545286,0.017943115721927694,0.5000000000000001,0.0,0.875
2017-06-17,0.4366738221669868,0.1592708083473255,0.6968057702215353,0.7610113010721529,0.5136472323972324,0.7959451125501079,0.25406360424028274,0.8599548645937816,0.0657306955966816,0.0007969736254862525,0.6244743073782868,0.015730353938934127,0.5000000000000001,0.0,0.875
2017-06-18,0.8664557677098633,0.6583513232589749,0.5911901081916537,0.7825992465951896,0.38286019536019533,0.757631822386679,0.2734982332155477,0.7891173520561685,0.06126356094447993,0.0003931736552398313,0.6161258023780913,0.013660894480189922,0.5000000000000001,0.0,0.875
2017-06-19,0.9027228561744436,0.7066442792036459,0.5471406491499227,0.8130252100840335,0.2586423992673993,0.740440949737897,0.19611307420494706,0.6965897693079237,0.05041480536056164,0.00011688946507115716,0.6077429349108862,0.01173534973204321,0.5000000000000001,0.0,0.875
2017-06-20,0.7952773697887244,0.546414008155433,0.746780010303967,0.8070124601564763,0.18999287749287752,0.7112241751464693,0.09646643109540635,0.4591273821464394,0.05041480536056164,1.0626315006589948e-05,0.5993281856020221,0.009954289494164048,0.5000000000000001,0.0,0.875
2017-06-21,0.923624449214778,0.8698328935795954,0.33204533745492015,0.8472906403940886,0.16510861823361822,0.7446808510638299,0.2939929328621908,0.5989217652958876,0.05041480536056164,4.25052600259157e-05,0.5908840445111997,0.008318240810931299,0.5000000000000001,0.0,1.0
2017-06-22,0.8897299740142357,0.7183976972895179,0.48789283874291606,0.792958562735439,0.13691112128612137,0.6726796176379896,0.3420494699646644,0.8091775325977935,0.05041480536056164,0.00020189998512343266,0.5824130103956213,0.006827687815471828,0.5000000000000001,0.0,1.0
2017-06-23,0.8704101231499266,0.6497961141760613,0.6522411128284389,0.732468849608809,0.21452101139601132,0.6514801110083256,0.4123674911660778,0.9238966900702108,0.05041480536056164,0.0004675578602852948,0.5739175899705675,0.005483071586397714,0.5000000000000001,0.0,1.0
2017-06-24,0.7910970511806575,0.5652834412728871,0.7805255023183926,0.70841784989858,0.24703652828652833,0.6497070613629355,0.30777385159010606,0.9574974924774322,0.05041480536056164,0.0009244894055637776,0.5654002971676201,0.004284790017283879,0.5000000000000001,0.0,1.0
2017-06-25,0.5516890746808271,0.2967937954745342,0.7351880473982484,0.7295711388003476,0.25329415954415957,0.6737588652482269,0.16501766784452299,0.676529588766299,0.05041480536056164,0.0014876841009077157,0.5568636523907493,0.0032331976989251054,0.5000000000000001,0.0,1.0
2017-06-26,1.0000000000000002,0.9999999999999999,0.23827923750643998,0.775572297884671,0.10925417175417174,0.63945420906568,0.1159010600706714,0.420135406218656,0.05041480536056164,0.0022527787813739764,0.5483101817704863,0.0023286058144070254,0.5000000000000001,0.0,1.0
2017-06-27,0.7104282002033668,0.3175821539937635,0.7936630602782071,0.8594610257896261,0.26348188848188847,0.7984890533456677,0.41060070671378096,0.5283350050150453,0.05041480536056164,0.00315601555692524,0.5397424164163998,0.001571282047021616,0.5000000000000001,0.0,1.0
2017-06-28,0.9187662411027002,0.7274326377228751,0.39103554868624424,0.8538104897131266,0.2679525335775337,0.7661116250385446,0.28127208480565374,0.6977181544633901,0.05041480536056164,0.004176141797547661,0.5311628916681003,0.0009614505010558938,0.5000000000000001,0.0,1.0
2017-06-29,0.5556434301208902,0.22859198848644757,0.813755795981453,0.783323674297305,0.4429054741554741,0.7977952513105149,0.10318021201413428,0.7522567703109329,0.05041480536056164,0.005302531188234427,0.5225741463449918,0.0004992916354755184,0.5000000000000001,0.0,1.0
2017-06-30,0.6850073438029601,0.4746941712640921,0.8415765069551777,0.7707186322804983,0.3310375966625967,0.7326549491211841,0.21024734982332155,0.879764292878636,0.05041480536056164,0.0065883153040191544,0.5139787219949951,0.00018494221052428594,0.5000000000000001,0.0,1.0
2017-07-01,0.8679245283018868,0.6440393379707363,0.6007212776919113,0.8522891915386843,0.17204034391534384,0.7478415047795252,0.24310954063604245,0.5715897693079239,0.05041480536056164,0.00802286782989392,0.5053791621424623,1.849524725433538e-05,0.2500000000000001,0.06698729810778059,0.875
2017-07-02,0.9219297254547508,0.8536819381146558,0.3003606388459557,0.8563459866705301,0.25055326617826623,0.7796793092815294,0.17102473498233217,0.2993981945837513,0.05041480536056164,0.009584936135846878,0.49677801153550777,0.0,0.2500000000000001,0.06698729810778059,0.875
2017-07-03,0.9032877640944527,0.7669305189094107,0.3294693456980938,0.8735149232106634,0.3679919617419618,0.8560746222633364,0.31166077738515907,0.40132898696088265,0.05041480536056164,0.011306399166896908,0.48817781539297506,0.00012946194180257775,0.2500000000000001,0.06698729810778059,0.875
2017-07-04,0.6391368206982262,0.4987606940113536,0.4180834621329212,0.9611706751666182,0.25775208587708587,0.8735738513721862,0.149469964664311,0.5349799398194583,0.05041480536056164,0.013166004293031275,0.4795811186512666,0.0004068427627906268,0.2500000000000001,0.06698729810778059,0.875
2017-07-05,0.8849847474861597,0.7766051011433597,0.3098918083462133,0.9810199942045782,0.16748066748066748,0.8506012950971322,0.08445229681978798,0.5581745235707121,0.05041480536056164,0.015163751514249979,0.47099046521125565,0.0008320603815165084,0.2500000000000001,0.06698729810778059,0.875
2017-07-06,0.9344706812789515,0.8072279523466858,0.32302936630602785,0.9070559258186033,0.10733363858363865,0.7606382978723404,0.25618374558303897,0.7306920762286861,0.05041480536056164,0.017257135570526883,0.46240839718550564,0.0014049889692458462,0.2500000000000001,0.06698729810778059,0.875
2017-07-07,0.9229465597107671,0.8287359078915807,0.31839258114374036,0.8998840915676614,0.10991554741554754,0.7654949121184089,0.11307420494699648,0.5302156469408226,0.05041480536056164,0.019552419611926997,0.4538374541460177,0.0021254589871919083,0.2500000000000001,0.06698729810778059,0.875
2017-07-08,0.9372952208789967,0.893659550651635,0.2797527047913447,0.9344392929585627,0.09363553113553114,0.7812210915818687,0.1088339222614841,0.6280090270812437,0.05041480536056164,0.021911461543365984,0.4452801723727302,0.0029932572366851984,0.2500000000000001,0.06698729810778059,0.875
2017-07-09,0.8873573607501977,0.7148796673862636,0.4126738794435858,0.9390031874818892,0.08608058608058611,0.7972556275053962,0.29823321554770327,0.4839518555667001,0.05041480536056164,0.024472403459928183,0.4367390841029935,0.004008126922262156,0.2500000000000001,0.06698729810778059,0.875
2017-07-10,0.7489549203479833,0.5491324858079475,0.5940236991241628,0.9174152419588524,0.20405982905982922,0.8250847980265187,0.22190812720848063,0.4528585757271816,0.05041480536056164,0.027075850636516297,0.42821671678223944,0.005169767727655095,0.2500000000000001,0.06698729810778059,0.875
2017-07-11,0.8626143938538018,0.74126489166067,0.3091190108191654,0.9527673138220805,0.15197649572649574,0.8346438482886216,0.2565371024734983,0.7897442326980944,0.0548819400127632,0.029934329373259905,0.4197155923160698,0.0064778359046607226,0.2500000000000001,0.06698729810778059,0.875
2017-07-12,0.5972206530335555,0.2784040937075238,0.8902627511591963,0.8196899449434946,0.40740740740740744,0.8142923219241444,0.2526501766784453,0.6937061183550652,0.0657306955966816,0.032771555479990555,0.411238226323984,0.007931944374860722,0.2500000000000001,0.06698729810778059,0.875
2017-07-13,0.8939102926223026,0.7749260414168065,0.44255538382277176,0.8312807881773399,0.23017144892144892,0.7467622571692877,0.12897526501766787,0.207246740220662,0.0657306955966816,0.035853186831870554,0.40278712739496714,0.00953166284416429,0.2500000000000001,0.06698729810778059,0.875
2017-07-14,0.8621624675177946,0.7483009514671783,0.3168469860896445,0.9364676905244855,0.2311507936507936,0.8413506012950971,0.22650176678445233,0.4355566700100301,0.0657306955966816,0.03904108133381512,0.39436479634515725,0.011276517930139396,0.2500000000000001,0.06698729810778059,0.875
2017-07-15,0.9409106315670546,0.9408331334452706,0.23235445646573932,0.892350043465662,0.27249949124949124,0.832099907493062,0.19257950530035334,0.0856318956870612,0.0657306955966816,0.04234586530083084,0.3859737254778142,0.013165993302094225,0.2500000000000001,0.06698729810778059,0.875
2017-07-16,0.8963958874703424,0.8180219077316702,0.29237506439979394,0.9474789915966386,0.18694037444037448,0.8438174529756398,0.3632508833922262,0.4302908726178536,0.0657306955966816,0.04578879136293135,0.3776163978458068,0.015199529833867298,0.2500000000000001,0.06698729810778059,0.875
2017-07-17,0.8840808948141453,0.7627728472055648,0.32122617207624937,0.9448710518690233,0.06725681725681731,0.7913197656490903,0.2724381625441697,0.31406720160481444,0.06126356094447993,0.049337980575096196,0.3692952865168381,0.017376525769282503,0.2500000000000001,0.06698729810778059,0.875
2017-07-18,0.7191277821715061,0.46414008155432956,0.6486347243688821,0.8386699507389161,0.3536515567765568,0.8088189947579402,0.1356890459363958,0.37500000000000006,0.05041480536056164,0.05305719082736493,0.36101285384162396,0.019696336900218048,0.2500000000000001,0.06698729810778059,0.875
2017-07-19,0.6828606937069258,0.5189893659550652,0.45775373518804746,0.8785134743552592,0.5068744912494911,0.9091119333950046,0.2014134275618375,0.49147442326980945,0.05041480536056164,0.057488364185067864,0.35277155072524496,0.022158276757238082,0.2500000000000001,0.06698729810778059,0.875
2017-07-20,0.7835272850525364,0.5389781722235548,0.46573930963420923,0.9460301361924079,0.3383572446072446,0.8831329016342893,0.287279151943463,0.4568706118355066,0.05041480536056164,0.06143072705247277,0.34457381590188274,0.024761616812730036,0.2500000000000001,0.06698729810778059,0.875
2017-07-21,0.7791210032764659,0.5069960821939713,0.6164348274085523,0.9428426543031005,0.39267272079772075,0.9242984890533457,0.13356890459363963,0.606444332998997,0.05041480536056164,0.06551123201496223,0.33642207521316037,0.02750558669648795,0.2500000000000001,0.06698729810778059,0.875
2017-07-22,0.8858886001581742,0.8326537139202046,0.3057702215352911,0.8763401912489133,0.18739824989825005,0.7765186555658341,0.2501766784452297,0.7158976930792378,0.05041480536056164,0.06971925275752877,0.32831874089029633,0.030389374423676896,0.2500000000000001,0.06698729810778059,0.875
2017-07-23,0.898881482318382,0.8887822819221236,0.2485832045337455,0.8790930165169515,0.20606303418803418,0.7853839037927844,0.115547703180212,0.45160481444333006,0.05041480536056164,0.07403353665016033,0.3202662108402873,0.03341212663511267,0.2500000000000001,0.06698729810778059,0.875
2017-07-24,0.7019545814032313,0.47109618613576393,0.5347758887171561,0.9216169226311213,0.2738476800976801,0.8610083256244219,0.3098939929328622,0.4409478435305918,0.05041480536056164,0.07844345737785052,0.31226686793632763,0.03657294884978457,0.2500000000000001,0.06698729810778059,0.875
2017-07-25,0.5124844650321997,0.18333733109458702,0.7854198866563626,0.8957548536656041,0.2588776963776963,0.8213074313906876,0.1265017667844523,0.3737462387161485,0.05041480536056164,0.08301277283063802,0.30432307931267977,0.039870905729546546,0.2500000000000001,0.06698729810778059,0.875
2017-07-26,0.8809174104620947,0.8333733109458703,0.28232869654817105,0.9012605042016806,0.13531491656491657,0.7814523589269196,0.15123674911660778,0.09566198595787362,0.05041480536056164,0.08769897774849644,0.29643719566420024,0.043305021355898865,0.2500000000000001,0.06698729810778059,0.875
2017-07-27,0.5103378149361654,0.1376029423522827,0.8480164863472437,0.8966241669081424,0.22190425315425322,0.8191489361702128,0.1738515901060071,0.40784854563691075,0.05041480536056164,0.09244894055639397,0.28861155055073284,0.04687427951877804,0.2500000000000001,0.06698729810778059,0.875
2017-07-28,0.5205061574963281,0.2050051970896298,0.8111798042246265,0.9009707331208343,0.2754884004884005,0.8482115325316065,0.23568904593639578,0.4290371113340021,0.05041480536056164,0.09736892440439537,0.28084845970656885,0.05057762401726984,0.2500000000000001,0.06698729810778059,0.875
2017-07-29,0.7840921929725455,0.6431598304949228,0.4201442555383823,0.933135323094755,0.33725071225071235,0.8953900709219859,0.18091872791519437,0.4450852557673019,0.05041480536056164,0.10237391877244817,0.2731502203551856,0.05441395897215595,0.2500000000000001,0.06698729810778059,0.75
2017-07-30,0.8124505705569992,0.6928120252658511,0.33462132921174653,0.908939437844103,0.45898199023199027,0.916049953746531,0.12226148409893996,0.37011033099297896,0.04594767070835992,0.10748517629056575,0.26551911052945965,0.05838214915020273,0.2500000000000001,0.06698729810778059,0.75
2017-07-31,0.8113207547169812,0.6904933237387063,0.3377125193199382,0.9458128078817734,0.2911451973951974,0.8768115942028986,0.1159010600706714,0.3190822467402207,0.03509891512444163,0.1126920706437422,0.25795738839756116,0.06248102030009428,0.2500000000000001,0.06698729810778059,0.75
2017-08-01,0.7646593605242346,0.503877828416087,0.6447707367336424,0.8817733990147782,0.11873600936100948,0.7568609312365094,0.15477031802120145,0.042627883650952866,0.03509891512444163,0.11802648077699618,0.2504672915947252,0.06670935949991313,0.06698729810778081,0.24999999999999978,0.75
2017-08-02,0.1349000112981584,0.014391940513312544,0.3021638330757342,0.7843378730802666,0.5492279711029713,0.8181467776749923,0.19010600706713782,0.2041123370110331,0.03509891512444163,0.12341402248528266,0.24305103656110022,0.07106591551606228,0.06698729810778081,0.24999999999999978,0.75
2017-08-03,0.727375437803638,0.5539297993123851,0.6040700669757857,0.7713706172124021,0.47280728530728533,0.7797563983965464,0.15971731448763254,0.47128886659979946,0.03509891512444163,0.12893970628865303,0.23571081788586645,0.07554939917352649,0.06698729810778081,0.24999999999999978,0.75
2017-08-04,0.7277143825556435,0.519309186855361,0.7125193199381763,0.8059982613735148,0.21073082010582023,0.7224020968239284,0.09823321554770319,0.5162988966900703,0.030631780472239967,0.13459290587210182,0.22844880765782277,0.08015848373735907,0.06698729810778081,0.24999999999999978,0.75
2017-08-05,0.3562309343576997,0.033581194531062605,0.7369912416280269,0.8017965807012459,0.3449964387464387,0.7779833487511563,0.12614840989399295,0.2790872617853561,0.02425015954052334,0.14028861071557608,0.22126715482262993,0.0848918053052849,0.06698729810778081,0.24999999999999978,0.75
2017-08-06,0.3125070613490001,0.04469497081634285,0.598918083462133,0.7734714575485365,0.42609762922262917,0.7681930311440025,0.10777385159010604,0.23633400200601806,0.0395660497766433,0.14676003655452363,0.2141679845469039,0.08974796321129969,0.06698729810778081,0.24999999999999978,0.75
2017-08-07,0.8104169020449666,0.7853202206764212,0.4080370942812983,0.8123732251521297,0.23135429385429385,0.732732038236201,0.05477031802120143,0.8002758274824473,0.04594767070835992,0.15273202558816656,0.20715339758934354,0.09472552044015142,0.06698729810778081,0.24999999999999978,0.75
2017-08-08,0.6159755959778556,0.3636363636363636,0.5564142194744977,0.8312083454071283,0.4527497964997965,0.8353376503237743,0.15689045936395762,0.5106569709127382,0.0395660497766433,0.15875714619684178,0.20022546967908378,0.09982300405257472,0.06698729810778081,0.24999999999999978,0.75
2017-08-09,0.6032086769856513,0.3741104981210522,0.6527563111798043,0.7949869603013617,0.6135085978835979,0.8467468393462843,0.26855123674911663,0.8925526579739218,0.05041480536056164,0.1648991562705886,0.1933862509014529,0.10503890562115786,0.06698729810778081,0.24999999999999978,0.75
2017-08-10,0.6175573381538809,0.4133685136323659,0.6780010303967028,0.8020863517820921,0.40383343508343506,0.784381745297564,0.14911660777385166,0.31745235707121366,0.05041480536056164,0.17111555054938044,0.18663776509131952,0.11037168167671108,0.06698729810778081,0.24999999999999978,0.75
2017-08-11,0.6547282792904756,0.49412329095706403,0.5592478104070067,0.8183859750796869,0.33858618233618243,0.7898550724637681,0.14805653710247352,0.35945336008024076,0.05041480536056164,0.17745946060825024,0.17998200923420765,0.11581975416500345,0.06698729810778081,0.24999999999999978,0.75
2017-08-12,0.5066094226641057,0.15439353961781402,0.7856774858320454,0.7882497826716892,0.6895095645095646,0.8677921677459143,0.19257950530035345,0.34516048144433303,0.05041480536056164,0.1838777548721653,0.17342095287535603,0.12138151091373472,0.06698729810778081,0.24999999999999978,0.75
2017-08-13,0.5301095921364818,0.4777324698169025,0.4778464708912931,0.7812952767313821,0.6851343101343101,0.8552266419981498,0.1590106007067138,0.08262286860581747,0.03701340140395659,0.1903704333411258,0.1669565375368987,0.12705530610960258,0.06698729810778081,0.24999999999999978,0.75
2017-08-14,0.660377358490566,0.44063324538258575,0.6375579598145287,0.8077368878585915,0.4971382783882784,0.8216928769657724,0.1501766784452297,0.2452357071213641,0.013401403956605024,0.19695874864514473,0.16059067614333672,0.1328394607853262,0.06698729810778081,0.24999999999999978,0.75
2017-08-15,0.20314088803525027,0.029423522827216757,0.401854714064915,0.7773833671399593,0.8922847985347984,0.9074930619796485,0.1314487632508834,0.3046639919759278,0.03509891512444163,0.2036320744692155,0.15432525245547324,0.13873226331647887,0.06698729810778081,0.24999999999999978,0.75
2017-08-16,0.5797085075132753,0.2369872871192132,0.789541473467285,0.800999710228919,0.5971013939763938,0.8465155720012334,0.20812720848056537,0.5173019057171515,0.030631780472239967,0.2103904108133383,0.14816212051297828,0.1447319699279857,0.06698729810778081,0.24999999999999978,0.75
2017-08-17,0.7250028245396001,0.5679219637003278,0.45646573930963424,0.8328745291219934,0.3607168294668295,0.803576934936787,0.14522968197879865,0.6680040120361084,0.02425015954052334,0.21721250504749978,0.14210310408574933,0.15083680521013415,0.06698729810778081,0.24999999999999978,0.75
2017-08-18,0.7236470455315783,0.6013432477812425,0.5051519835136529,0.8165749058243986,0.45272435897435903,0.8197656490903484,0.1554770318021202,0.7120110330992979,0.03509891512444163,0.22411960980171308,0.13614999613422685,0.15704496264394718,0.06698729810778081,0.24999999999999978,0.75
2017-08-19,0.6508869054344142,0.40353402094826896,0.732612055641422,0.851419878296146,0.3951147232397232,0.8381128584643849,0.2395759717314488,0.7033600802407223,0.030631780472239967,0.2311117250759782,0.13030455827883058,0.1633546051357599,0.06698729810778081,0.24999999999999978,0.75
2017-08-20,0.5025420856400407,0.18205804749340368,0.7120041215868109,0.7658649666763255,0.412253256003256,0.7661887141535615,0.09611307420494701,0.49197592778335003,0.01978302488832165,0.23815697192527585,0.12456852027866577,0.169763865560847,0.06698729810778081,0.24999999999999978,0.75
2017-08-21,0.7287312168116596,0.6643479651395219,0.33333333333333337,0.7824543610547667,0.37378535816035807,0.7598674067221708,0.25159010600706716,0.7906218655967905,0.01978302488832165,0.24526597666461214,0.11894357951966056,0.1762708473159335,0.06698729810778081,0.24999999999999978,0.75
2017-08-22,0.7695175686363123,0.841528743903414,0.19500257599175683,0.7744132135612865,0.25651836589336596,0.7071384520505705,0.115547703180212,0.6979689067201607,0.02425015954052334,0.25247061823900685,0.11343140051228207,0.18287362488043107,0.06698729810778081,0.24999999999999978,0.75
2017-08-23,0.7525703310360411,0.7996322059646598,0.21483771251931993,0.8322949869603014,0.278496387871388,0.7727412889300032,0.12897526501766787,0.41825476429287867,0.03509891512444163,0.2596965124434152,0.10803361439898135,0.18957024438622927,0.06698729810778081,0.24999999999999978,0.625
2017-08-24,0.7294091063156706,0.7554169664987607,0.24137042761463162,0.8268617791944364,0.44986263736263743,0.8284767190872648,0.26360424028268553,0.34967402206619863,0.03509891512444163,0.26702866979788764,0.10275181847151083,0.1963587241958789,0.06698729810778081,0.24999999999999978,0.625
2017-08-25,0.2362444921477799,0.016950507715679217,0.5041215868109221,0.7866560417270356,0.6481926638176636,0.8522972556275054,0.07703180212014137,0.3229689067201605,0.03509891512444163,0.2743714534673667,0.09758757569826165,0.20323705548898768,0.06698729810778081,0.24999999999999978,0.625
2017-08-26,0.4584792678793357,0.22899176461181736,0.6767130345182897,0.8116487974500144,0.4891190984940985,0.8240055504162812,0.07067137809187281,0.623370110330993,0.03509891512444163,0.2818311266019169,0.09254241426175541,0.21020320285666405,0.06698729810778081,0.24999999999999978,0.625
2017-08-27,0.7218393401875495,0.7694091308867034,0.22617207624935604,0.8411330049261083,0.23867394179894175,0.7671908726487819,0.0600706713780919,0.6438064192577735,0.03509891512444163,0.28932267868148687,0.08761782710642946,0.217255104903828,0.06698729810778081,0.24999999999999978,0.625
2017-08-28,0.7121229239633939,0.7655712800831533,0.21329211746522414,0.8745291219936249,0.31558429995929993,0.8274745605920444,0.20035335689045936,0.5252006018054163,0.03509891512444163,0.29747306229145876,0.0828152714968523,0.22439067485920916,0.06698729810778081,0.24999999999999978,0.625
2017-08-29,0.6853462885549655,0.6947309506676261,0.28979907264296756,0.8809040857722399,0.31874491249491255,0.8331020659882824,0.07031802120141344,0.30704613841524575,0.03509891512444163,0.30514526172613854,0.07813616858649447,0.23160780119285762,0.06698729810778081,0.24999999999999978,0.625
2017-08-30,0.6522426844424358,0.561765411369633,0.4531169500257599,0.8472906403940885,0.2794248575498577,0.7905488744989208,0.2547703180212015,0.2397191574724173,0.03509891512444163,0.31281746116081877,0.0735819029971867,0.23890434824097873,0.06698729810778081,0.24999999999999978,0.625
2017-08-31,0.5730425940571686,0.3732309906452386,0.6496651210716127,0.8661982034192985,0.4509119352869352,0.8773512180080172,0.3893992932862191,0.4225175526579739,0.03509891512444163,0.3205852974305574,0.06915382240938822,0.2462781568379105,0.06698729810778081,0.24999999999999978,0.625
2017-09-01,0.46661394192746586,0.16646677860398176,0.770994332818135,0.8464213271515502,0.45868945868945865,0.8570767807585569,0.23639575971731452,0.7615346038114343,0.03509891512444163,0.32837438633030835,0.06485323716338537,0.2537270449550566,0.0,0.4999999999999999,0.625
2017-09-02,0.6381199864422099,0.5680818741504757,0.40005151983513654,0.8478701825557808,0.23305224867724872,0.7683472093740364,0.1021201413427562,0.7446088264794384,0.03509891512444163,0.33622723312009883,0.060681419871542686,0.2612488083465813,0.0,0.4999999999999999,0.625
2017-09-03,0.5528188905208451,0.28999760134324776,0.771767130345183,0.8568530860620109,0.2790750915750917,0.7962534690101758,0.2597173144876326,0.8002758274824473,0.03509891512444163,0.34416509042994026,0.05663960504171456,0.2688412212016844,0.0,0.4999999999999999,0.625
2017-09-04,0.6409445260422552,0.6557927560566083,0.35239567233384855,0.759127789046653,0.250966625966626,0.6993524514338576,0.3855123674911662,0.9398194583751254,0.03509891512444163,0.35208169510976983,0.05272898871193582,0.27650203680325147,0.0,0.4999999999999999,0.625
2017-09-05,0.6410575076262569,0.6661069800911489,0.3454404945904173,0.7121848739495797,0.29316112128612126,0.6665895775516497,0.24558303886925803,0.7543881644934805,0.03509891512444163,0.3600620576796376,0.04895072809649448,0.28422898819269493,0.0,0.4999999999999999,0.625
2017-09-06,0.6690769404587052,0.7813224594227233,0.17516743946419372,0.7608664155317298,0.1629337098087098,0.6551032994141227,0.04558303886925795,0.7867352056168506,0.0395660497766433,0.36804242024950584,0.045305941243492465,0.29201978884078467,0.0,0.4999999999999999,0.625
2017-09-07,0.6743870749067902,0.7866794595026785,0.18160741885625967,0.8049840625905533,0.14959808709808708,0.6818532223250078,0.14381625441696116,0.6186058174523572,0.05041480536056164,0.3761396722844452,0.04179570670399896,0.29987213332426665,0.0,0.4999999999999999,0.625
2017-09-08,0.6072760140097164,0.5907092028464059,0.35780525502318394,0.7774558099101709,0.3893276862026862,0.7608695652173914,0.2289752650176679,0.3069207622868606,0.05041480536056164,0.3841944190593587,0.03842106321288835,0.30778369800807615,0.0,0.4999999999999999,0.625
2017-09-09,0.6399276917862389,0.7227152794435115,0.20247295208655333,0.8246884960880904,0.4563555657305658,0.8254702436016035,0.2879858657243817,0.3896690070210632,0.05041480536056164,0.39233417635432355,0.03518300938146257,0.31575214173293803,0.0,0.4999999999999999,0.625
2017-09-10,0.5227657891763643,0.35612057247941153,0.5170015455950541,0.8520718632280497,0.4633826821326821,0.852913968547641,0.16572438162544173,0.5507773319959879,0.05041480536056164,0.40051643890931476,0.03208250340194535,0.3237751065081549,0.0,0.4999999999999999,0.625
2017-09-11,0.5814032312733024,0.5112337091228911,0.3941267387944359,0.8387423935091276,0.21453373015873012,0.7502312673450509,0.17243816254416966,0.2990220661985958,0.05041480536056164,0.40868807514929983,0.029120462763938537,0.33185021820937227,0.0,0.4999999999999999,0.625
2017-09-12,0.6149587617218394,0.668025905492924,0.23338485316846985,0.8902492031295276,0.27947573260073266,0.8022664199814986,0.08657243816254419,0.7329488465396188,0.05041480536056164,0.4169128429643165,0.026297763982921718,0.33997508728112136,0.0,0.4999999999999999,0.625
2017-09-13,0.49689300643995027,0.2596146158151435,0.6872746007212778,0.8149811648797449,0.31705967643467636,0.7742059821153253,0.08197879858657244,0.5490220661985958,0.05041480536056164,0.4251269844643275,0.023615242340876696,0.348147309443928,0.0,0.4999999999999999,0.625
2017-09-14,0.43238052197491805,0.18077876389222033,0.5909325090159712,0.7652129817444218,0.5718292124542124,0.814831945729263,0.24628975265017672,0.0445085255767302,0.05041480536056164,0.43339425753937055,0.021073691639115155,0.3563644664057755,0.0,0.4999999999999999,0.625
2017-09-15,0.05773358942492374,0.0003997761253697929,0.13111798042246264,0.6403216458997392,0.8708218864468864,0.7608695652173914,0.37844522968197886,0.3105566700100301,0.05041480536056164,0.4416190253543877,0.0186738639633795,0.36462412657771703,0.0,0.4999999999999999,0.5
2017-09-16,0.15986894136255791,0.007036059806508355,0.35445646573930967,0.6092436974789915,0.6788703194953194,0.6836262719703978,0.2660777385159011,0.9190070210631898,0.05041480536056164,0.44991817737445006,0.016416469461288274,0.3729238457934233,0.0,0.4999999999999999,0.5
2017-09-17,0.564681956841035,0.573199008555209,0.30886141164348274,0.6605331787887568,0.5261052604802604,0.6862473018809744,0.19787985865724383,0.609704112337011,0.05041480536056164,0.458227955709519,0.014302176132192812,0.3812611680324481,0.0,0.4999999999999999,0.5
2017-09-18,0.5697661281211163,0.5875109938434476,0.24188562596599694,0.7294986960301361,0.4329784798534797,0.7143077397471477,0.10777385159010604,0.5593029087261785,0.05041480536056164,0.46655898667460116,0.012331609629504747,0.389633626147007,0.0,0.4999999999999999,0.5
2017-09-19,0.2213309230595413,0.03038298552810426,0.4441009788768676,0.7351492321066356,0.5574951668701669,0.78422756706753,0.35406360424028277,0.5939067201604815,0.05041480536056164,0.47493252289970833,0.010505353075555668,0.3980387425920435,0.0,0.4999999999999999,0.5
2017-09-20,0.592814371257485,0.7602942352282721,0.13807315816589388,0.7002318168646768,0.26613375050875054,0.6416897934011717,0.28445229681978806,0.6325225677031094,0.04594767070835992,0.4832316749197716,0.008823946889041479,0.40647403015837646,0.0,0.4999999999999999,0.5
2017-09-21,0.5303355553044854,0.5768769489086112,0.2470376094796497,0.762532599246595,0.334776912901913,0.7302651865556584,0.29363957597173146,0.5165496489468406,0.03509891512444163,0.4915733321998599,0.0072878886251041,0.414936992708704,0.0,0.4999999999999999,0.5
2017-09-22,0.0630437238730087,0.04957223954585432,0.11746522411128285,0.6745146334395826,0.670405982905983,0.7494603761948813,0.42226148409894004,0.5214393179538617,0.03509891512444163,0.5005313157503242,0.005897632828096633,0.4234251259162512,0.0,0.4999999999999999,0.5
2017-09-23,0.20878996723534066,0.030542895978252178,0.4126738794435858,0.648725007244277,0.731386090761091,0.7352759790317607,0.22155477031802123,0.3533099297893681,0.03509891512444163,0.5088623467154059,0.004653590897076287,0.43193591800584186,0.0,0.4999999999999999,0.375
2017-09-24,0.1055247994576884,0.0017590149516270887,0.23699124162802682,0.5986670530281077,0.8309994403744403,0.7076009867406723,0.2547703180212015,1.0,0.03509891512444163,0.5172252566255073,0.0035561309640653183,0.4404668504971708,0.0,0.4999999999999999,0.375
2017-09-25,0.14687605920235003,0.04213640361397617,0.30808861411643484,0.6103303390321645,0.73859126984127,0.696423065063213,0.062190812720848046,0.2883650952858576,0.03509891512444163,0.5256306717956347,0.002605577785114388,0.44901539895006387,0.0,0.4999999999999999,0.375
2017-09-26,0.2215568862275449,0.09026944910849924,0.39644513137557963,0.6339466821211243,0.5872189153439153,0.6833950046253469,0.05335689045936397,0.8085506519558676,0.03509891512444163,0.5339617027607164,0.0018022126442019393,0.45757903371150177,0.0,0.4999999999999999,0.375
2017-09-27,0.49689300643995027,0.5835132325897497,0.2050489438433797,0.7031295276731382,0.4247685185185185,0.6993524514338576,0.1742049469964665,0.8321213640922769,0.03509891512444163,0.5422927337257986,0.001146273269998166,0.4661552206641821,0.0,0.4999999999999999,0.375
2017-09-28,0.4677437577674839,0.48652754457503794,0.3104070066975786,0.7094320486815415,0.46309650997151,0.7207832254085723,0.17067137809187283,0.6268806419257773,0.03509891512444163,0.5512932225362888,0.000637953765516841,0.47474142197640884,0.0,0.4999999999999999,0.375
2017-09-29,0.5241215681843859,0.7110418165827136,0.1197836166924266,0.6779194436395247,0.41921041921041924,0.6684397163120568,0.25547703180212017,0.34942326980942834,0.03509891512444163,0.5597092640214227,0.0002774045506774847,0.48333509685307463,0.0,0.4999999999999999,0.375
2017-09-30,0.3948706360863179,0.40081554329575436,0.38923235445646576,0.7565922920892494,0.5365282865282864,0.7934011717545483,0.4643109540636044,0.4581243731193581,0.03509891512444163,0.5681040528765435,6.473231779347e-05,0.4919337022875245,0.0,0.4999999999999999,0.375
2017-10-01,0.17240989718675856,0.02974334372751259,0.33874291602266876,0.725949000289771,0.6774776149776152,0.797563983965464,0.2724381625441697,0.6489468405215648,0.03509891512444163,0.5764244575266191,0.0,0.5005346938140721,0.0669872981077807,0.75,0.375
2017-10-02,0.3917071517342673,0.3709122891180938,0.42143225141679547,0.637713706172124,0.46000585063085064,0.648936170212766,0.23144876325088343,0.7769558676028083,0.03509891512444163,0.5847661148067069,8.322675263150447e-05,0.5091355262609477,0.0669872981077807,0.75,0.375
2017-10-03,0.3965653598463451,0.33093467658111453,0.38279237506439984,0.5778035352071862,0.42329950142450146,0.5850292938637065,0.40424028268551243,0.7348294884653961,0.0395660497766433,0.5931077720867957,0.00031438794755273003,0.517733654503457,0.0669872981077807,0.75,0.375
2017-10-04,0.453621059767258,0.5752778444071319,0.16331787738279238,0.5945378151260503,0.504903083028083,0.6157107616404563,0.14593639575971734,0.6789117352056169,0.05041480536056164,0.6013750451618387,0.0006934151804470767,0.526326534217122,0.0669872981077807,0.75,0.375
2017-10-05,0.35736075019771774,0.4124890061565523,0.23183925811437406,0.6561141698058532,0.37733389295889297,0.6427690410114092,0.08021201413427563,0.5005015045135406,0.05041480536056164,0.6096423182368813,0.0012201962910585173,0.534911622630589,0.0669872981077807,0.75,0.375
2017-10-06,0.44458253304711337,0.5430558887023267,0.20685213807315816,0.6728484497247174,0.4451439763939764,0.6803114400246685,0.1763250883392226,0.5877632898696088,0.05041480536056164,0.617930843941938,0.001894575396381215,0.5434863792780764,0.0669872981077807,0.75,0.375
2017-10-07,0.46706586826347307,0.6382026065403373,0.12776919113858837,0.7069689944943494,0.3183061151811152,0.6634289238359543,0.2855123674911661,0.8194583751253761,0.05041480536056164,0.6261556117569551,0.0027163529367881245,0.5520482667511368,0.0669872981077807,0.75,0.375
2017-10-08,0.43633487741498134,0.4591828575997441,0.22050489438433796,0.6306143146913937,0.3266369047619049,0.5951279679309281,0.3204946996466431,0.90320962888666,0.04594767070835992,0.634348500626952,0.003685285735084032,0.5605947514495203,0.0669872981077807,0.75,0.375
2017-10-09,0.37961812224607394,0.4104101703046294,0.26455435342606903,0.5383946682121123,0.2701783170533171,0.49460376194881284,0.2385159010600707,0.792001003009027,0.03509891512444163,0.6424351263468853,0.004801087068465271,0.5691233043309044,0.0669872981077807,0.75,0.375
2017-10-10,0.45000564907920015,0.62149196449988,0.14657393096342092,0.6056940017386264,0.2555453805453807,0.5418593894542091,0.2879858657243817,0.531469408224674,0.0395660497766433,0.6506067625868703,0.006063426753365853,0.5776314016592805,0.0669872981077807,0.75,0.375
2017-10-11,0.40040673370240654,0.44327176781002636,0.26867594023699126,0.62807881773399,0.34322853072853066,0.6043786617329633,0.30883392226148415,0.4615095285857573,0.05041480536056164,0.6587040146218093,0.007471931243163699,0.5861165257517666,0.0669872981077807,0.75,0.375
2017-10-12,0.33092305954129475,0.3038298552810426,0.35316846986089645,0.5940307157345697,0.5570563695563695,0.6333641689793401,0.22720848056537107,0.7838515546639919,0.05041480536056164,0.6667481350817162,0.009026183738719717,0.5945761657236313,0.0669872981077807,0.75,0.375
2017-10-13,0.33532934131736525,0.4579835292236347,0.1980937660999485,0.5899739206027237,0.3596802503052504,0.5663737280296022,0.19611307420494706,0.5452607823470412,0.05041480536056164,0.6747284976515844,0.01072572431171509,0.6030078182313049,0.0669872981077807,0.75,0.375
2017-10-14,0.187436447858999,0.054209642600143916,0.3848531684698609,0.5241234424804404,0.5753141534391535,0.5736201048411964,0.18515901060070677,0.7533851554663993,0.05041480536056164,0.6827194865364592,0.012570050040751068,0.6114089882131574,0.0669872981077807,0.75,0.375
2017-10-15,0.4041351259744662,0.5627248740705205,0.13034518289541475,0.5702694871051868,0.4324379324379324,0.5731575701510947,0.28763250883392233,0.7968906720160482,0.05041480536056164,0.6906573438463006,0.014558615160172317,0.6197771896278301,0.0669872981077807,0.75,0.375
2017-10-16,0.41328663427861256,0.6210921883745102,0.1156620298815044,0.6438713416401043,0.3456896113146112,0.6161732963305582,0.2593639575971732,0.7360832497492478,0.05041480536056164,0.698552695896117,0.016690831221566893,0.6281099461898927,0.0669872981077807,0.75,0.375
2017-10-17,0.4075245734945204,0.6143759494682978,0.11695002575991756,0.706099681251811,0.19142373829873827,0.6187172371261178,0.25547703180212017,0.6722668004012036,0.05041480536056164,0.7063205321658552,0.01896606726789818,0.6364047921026168,0.0669872981077807,0.75,0.375
2017-10-18,0.3726132640379618,0.45926281282481807,0.19294178258629574,0.655534627644161,0.16990359177859182,0.568609312365094,0.29752650176678447,0.781344032096289,0.05041480536056164,0.7140883684355943,0.02138365002021514,0.6446592727876465,0.0669872981077807,0.75,0.375
2017-10-19,0.3784883064060558,0.5460941872551371,0.12828438948995363,0.7008838017965806,0.3581539987789989,0.6767653407338884,0.14982332155477035,0.5252006018054163,0.05041480536056164,0.7217818205002868,0.023942864076886228,0.6528709456113447,0.0669872981077807,0.75,0.375
2017-10-20,0.3393966783414304,0.40897097625329815,0.21818650180319427,0.7405824398725006,0.5400323056573058,0.7747456059204441,0.372791519434629,0.5012537612838517,0.05041480536056164,0.7294646462499736,0.02664295212529799,0.6610373806076096,0.0669872981077807,0.75,0.375
2017-10-21,0.0645124844650322,0.00335811945310626,0.14245234415249872,0.6284410315850477,0.47532560032560034,0.6521739130434783,0.428975265017668,0.8160732196589768,0.05041480536056164,0.7370093299045752,0.029483115165957197,0.6691561611969415,0.0669872981077807,0.75,0.375
2017-10-22,0.2477686137159643,0.2571360038378508,0.3083462132921175,0.6343088959721819,0.3660269129019128,0.6177150786308974,0.36713780918727923,0.7161484453360081,0.05041480536056164,0.7445221346141588,0.03246251274892564,0.677224884901544,0.0669872981077807,0.75,0.375
2017-10-23,0.21477799118743646,0.12465019589030142,0.2985574446161772,0.6122862938278759,0.38309549247049246,0.60699969164354,0.5805653710247349,0.9270310932798396,0.05041480536056164,0.7519499288036893,0.03558026322252511,0.6852411640562606,0.0669872981077807,0.75,0.375
2017-10-24,0.3665122585018642,0.6189333972975134,0.07985574446161772,0.5977977397855694,0.42004985754985746,0.5925069380203515,0.32756183745583045,0.8732447342026077,0.05041480536056164,0.7593139651031815,0.038835443994230334,0.6932026265151192,0.0669872981077807,0.75,0.375
2017-10-25,0.2594057168681505,0.16822579355560885,0.3616692426584235,0.6909591422776006,0.35828754578754585,0.6687480727721246,0.29116607773851594,0.7541374122367102,0.05041480536056164,0.7666461224576544,0.042227091803680394,0.7011069163532914,0.0669872981077807,0.75,0.25
2017-10-26,0.04044740707264716,0.0,0.09196290571870169,0.48833671399594314,0.40490817053317063,0.490440949737897,0.667844522968198,0.9774322968906719,0.05041480536056164,0.773776379827003,0.04575420300772215,0.7089516945642459,0.0669872981077807,0.75,0.25
2017-10-27,0.36809400067788955,0.6517949948029104,0.07547655847501288,0.4387134164010431,0.23100452787952785,0.3707986432315757,0.20388692579505302,0.873370110330993,0.05041480536056164,0.7809172635113595,0.04941573387740428,0.7167346397518992,0.0669872981077807,0.75,0.25
2017-10-28,0.28324483109253196,0.3574798113056688,0.25914477073673364,0.5149232106635757,0.4642157610907611,0.5333795868023435,0.1692579505300354,0.8307422266800402,0.05041480536056164,0.7879625103606567,0.05321060090683438,0.7244534488175558,0.0669872981077807,0.75,0.25
2017-10-29,0.14676307761834823,0.019269209242824017,0.3057702215352911,0.5651984931903795,0.5005214692714692,0.5880357693493679,0.5296819787985866,0.9087261785356069,0.05041480536056164,0.794975878264935,0.057137681133804796,0.7321058376414289,0.0669872981077807,0.75,0.125
2017-10-30,0.17817195797085075,0.06932118013912208,0.35239567233384855,0.41944363952477537,0.4413474257224257,0.433240826395313,0.46254416961130745,0.91537111334002,0.05041480536056164,0.8017979724990969,0.061195812472095434,0.7396895417585501,0.0669872981077807,0.75,0.125
2017-10-31,0.2733024517003728,0.2710482130007196,0.23441524987120044,0.45928716314111845,0.3674132580382581,0.450277520814061,0.2600706713780919,0.5559177532597794,0.05041480536056164,0.8092895245786664,0.06538379405535477,0.7472023170288616,0.0669872981077807,0.75,0.125
2017-11-01,0.09863292283357813,0.011033821060206284,0.2109737248840804,0.4801506809620399,0.8542811355311355,0.5888066604995374,0.1402826855123675,0.7076228686058175,0.05041480536056164,0.8160478609227892,0.06970038659245392,0.7546419403012921,0.24999999999999978,0.9330127018922192,0.125
2017-11-02,0.07140436108914247,0.0006396418005916686,0.16177228232869656,0.43400463633729347,0.6777001933251932,0.50177304964539,0.13498233215547706,0.363716148445336,0.05041480536056164,0.8226893078018405,0.07414431273421379,0.7620062100716227,0.24999999999999978,0.9330127018922192,0.125
2017-11-03,0.027680488080442885,0.0003997761253697929,0.062596599690881,0.42234135033323666,0.6720085470085468,0.492368177613321,0.35017667844522976,0.33613340020060184,0.2782386726228462,0.8292138652158205,0.07871425745139299,0.7692929471339487,0.24999999999999978,0.9330127018922192,0.125
2017-11-04,0.12179414755394871,0.014391940513312544,0.26120556414219476,0.4246595189800057,0.7036846255596254,0.5010021584952205,0.2879858657243817,0.6975927783350051,0.8806636885768985,0.8363547489001761,0.08340886842382678,0.7764999952255415,0.24999999999999978,0.9330127018922192,0.125
2017-11-05,0.1684555417466953,0.0899496282082034,0.3436373003606389,0.3677919443639524,0.4980413105413105,0.3953900709219858,0.14664310954063609,0.6691323971915748,1.0,0.8427305379040657,0.08822675644059919,0.7836252216649202,0.24999999999999978,0.9330127018922192,0.125
2017-11-06,0.12021240537792341,0.004717358279363556,0.268160741885626,0.37003767024050993,0.5234406796906799,0.40641381436941104,0.1159010600706714,0.5225677031093281,1.0,0.8490744479629355,0.09316649581113345,0.7906665179829475,0.24999999999999978,0.9330127018922192,0.125
2017-11-07,0.30448536888487177,0.5253857839609818,0.10407006697578569,0.3695305708490292,0.5642806267806266,0.4110391612704286,0.19257950530035334,0.7382146439317954,1.0,0.8552908422417271,0.0982266247870775,0.7976218005467597,0.24999999999999978,0.9330127018922192,0.125
2017-11-08,0.18822731894701164,0.05460941872551371,0.35394126738794435,0.33961170675166613,0.6241542022792024,0.3970860314523589,0.15971731448763254,0.7572718154463391,1.0,0.8613690944254353,0.10340564599485752,0.8044890111763461,0.24999999999999978,0.9330127018922192,0.125
2017-11-09,0.2545475087560728,0.2696090189493883,0.31555899021123135,0.3144740654882642,0.37511446886446886,0.3116712920135677,0.2113074204946997,0.6030591775325977,1.0,0.8673835887191039,0.10870202687877534,0.8112661177535982,0.24999999999999978,0.9330127018922192,0.125
2017-11-10,0.2556773245960908,0.3575597665307428,0.21792890262751158,0.3980730223123732,0.5589959808709808,0.43748072772124574,0.40636042402826866,0.49924774322968907,0.9553286534779833,0.8733236988077273,0.11411420015451745,0.8179511148236478,0.24999999999999978,0.9330127018922192,0.125
2017-11-11,0.2757880465484126,0.507715679219637,0.10484286450283359,0.42958562735438993,0.7650780932030932,0.5161887141535615,0.09399293286219083,0.7338264794383149,0.6234843650287172,0.8790725352262343,0.11964056427293779,0.8245420241883097,0.24999999999999978,0.9330127018922192,0.125
2017-11-12,0.22234775731555756,0.31030622851203327,0.16306027820710975,0.45023181686467684,0.9274394586894588,0.5701510946654332,0.08869257950530034,0.5977933801404214,0.08104658583280161,0.8847788663847149,0.12527948389398308,0.8310368954914655,0.24999999999999978,0.9330127018922192,0.125
2017-11-13,0.2621172748841939,0.5227472615335412,0.07315816589386914,0.49014778325123143,0.8437690781440779,0.5959759481961147,0.08056537102473497,0.5744734202607824,0.08104658583280161,0.8903364291331051,0.13102929037061556,0.837433806796204,0.24999999999999978,0.9330127018922192,0.125
2017-11-14,0.18257823974692125,0.20204685376189332,0.23750643997939208,0.49630541871921174,0.7574023199023199,0.5847980265186555,0.2487632508833923,0.8072968906720162,0.08104658583280161,0.8957983550464372,0.13688828224259403,0.8437308651535544,0.24999999999999978,0.9330127018922192,0.125
2017-11-15,0.24268444243588297,0.3974574238426481,0.13369397217928902,0.3848159953636626,0.4467274623524623,0.40016959605303726,0.3296819787985867,0.6425526579739218,0.08104658583280161,0.9011327651796908,0.14285472573996105,0.8499262071626383,0.24999999999999978,0.9330127018922192,0.125
2017-11-16,0.13964523782623434,0.06676261293675541,0.23596084492529623,0.4285714285714285,0.6310350529100528,0.48743447425223557,0.3431095406360425,0.4724172517552659,0.08104658583280161,0.9063184069028538,0.14892685529609467,0.8560179995220816,0.24999999999999978,0.9330127018922192,0.125
2017-11-17,0.11670997627386737,0.02878388102662509,0.23235445646573932,0.4602289191538684,0.7300251831501832,0.5416281221091581,0.08445229681978798,0.9274072216649949,0.08104658583280161,0.9114296644209721,0.15510287407016865,0.8620044395725182,0.24999999999999978,0.9330127018922192,0.125
2017-11-18,0.20325386961925207,0.34388742304309583,0.14940752189592993,0.38162851347435517,0.603689713064713,0.4291551032994141,0.27208480565371035,0.8837763289869609,0.07211231652839822,0.9163602745839796,0.16138095447886447,0.8678837558300239,0.24999999999999978,0.9330127018922192,0.125
2017-11-19,0.14981358038639703,0.15511313664347964,0.21638330757341578,0.46443059982613727,0.6206438237688237,0.5203515263644773,0.19823321554770323,0.7211634904714144,0.04148053605615826,0.9211952479119287,0.16775923873718535,0.8736542085103296,0.24999999999999978,0.9330127018922192,0.125
2017-11-20,0.1831431476669303,0.2564963620372591,0.19448737764039156,0.49355259345117347,0.41316264753764753,0.4996145544249152,0.430035335689046,0.8332497492477433,0.02425015954052334,0.9259558370348326,0.17423583940820214,0.8793140900436494,0.24999999999999978,0.9330127018922192,0.125
2017-11-21,0.17941475539487065,0.28695930279043735,0.1846986089644513,0.3048391770501303,0.35664046601546595,0.2971014492753623,0.31731448763250886,0.8262286860581745,0.03509891512444163,0.9304613945975815,0.18080883996157754,0.8848617255799784,0.24999999999999978,0.9330127018922192,0.125
2017-11-22,0.13297932437012766,0.22283521228112255,0.11076764554353427,0.4589249492900608,0.6958880240130239,0.5298334875115633,0.2837455830388693,0.7258024072216651,0.03509891512444163,0.9349456995303167,0.18747629534069887,0.8902954734847094,0.24999999999999978,0.9330127018922192,0.125
2017-11-23,0.16178962829058863,0.25777564563844246,0.1313755795981453,0.556432917994784,0.8820271164021165,0.6737588652482269,0.26077738515901067,0.7251755265797393,0.03509891512444163,0.9393024886829742,0.1942362325382503,0.8956137258244161,0.24999999999999978,0.9330127018922192,0.125
2017-11-24,0.19862162467517797,0.3786679459502678,0.08191653786707884,0.5778035352071862,0.6986988705738706,0.6514801110083256,0.36360424028268556,0.8635907723169509,0.03509891512444163,0.943489256795528,0.20108665118005764,0.9008149088426689,0.24999999999999978,0.9330127018922192,0.125
2017-11-25,0.18698452152299175,0.31910130327016867,0.13781555899021122,0.49485656331498107,0.7068198005698005,0.5696885599753315,0.14346289752650182,0.7592778335005015,0.03509891512444163,0.9474634986079526,0.2080255241170333,0.9058974834257341,0.24999999999999978,0.9330127018922192,0.125
2017-11-26,0.11343351033781493,0.07076037419045335,0.1846986089644513,0.5340481019994203,0.5008648758648759,0.5619796484736356,0.16254416961130747,0.5931544633901706,0.0261646458200383,0.9513846088453448,0.21505079802503763,0.9108599455580206,0.24999999999999978,0.9330127018922192,0.125
2017-11-27,0.1524121568184386,0.13504437514991605,0.20865533230293665,0.5641118516372066,0.6357473544973544,0.6258094357076781,0.318374558303887,0.7543881644934805,0.013401403956605024,0.9551994559326715,0.2221603940124977,0.9157008267671469,0.24999999999999978,0.9330127018922192,0.125
2017-11-28,0.22042707038752685,0.5281842168385704,0.04842864502833591,0.477035641842944,0.39805911680911676,0.4755627505396238,0.26431095406360433,0.7709378134403209,0.03509891512444163,0.9587698977748493,0.22935220823557684,0.9204186945584796,0.24999999999999978,0.9330127018922192,0.125
2017-11-29,0.15478477008247657,0.17174382345886302,0.1689850592478104,0.5128948130976527,0.43532509157509147,0.5248997841504779,0.5816254416961131,0.6974674022066198,0.030631780472239967,0.9622234501519564,0.23662411252074145,0.9250121528390364,0.24999999999999978,0.9330127018922192,0.125
2017-11-30,0.15105637781041692,0.16662668905412967,0.1968057702215353,0.48290350623007816,0.4856977513227513,0.5067067530064755,0.21236749116607778,0.745110330992979,0.02425015954052334,0.9655601130639915,0.24397395499452046,0.9294798423306105,0.24999999999999978,0.9330127018922192,0.125
2017-12-01,0.19093887696305503,0.391780602862397,0.07161257083977332,0.4994929006085192,0.4865689865689865,0.524822695035461,0.15300353356890461,0.7973921765295888,0.03509891512444163,0.9687692601959492,0.25139956072027764,0.933820440972003,0.4999999999999999,1.0,0.125
2017-12-02,0.18879222686702068,0.3542016470776365,0.08732612055641423,0.5026803824978266,0.49278210215710216,0.528677150786309,0.11166077738515905,0.6939568706118355,0.030631780472239967,0.971765881027777,0.25889873234181326,0.938032664310243,0.4999999999999999,1.0,0.125
2017-12-03,0.0967122359055474,0.022547373470856318,0.1988665636269964,0.4811648797450014,0.5899534493284493,0.5287542399013259,0.12544169611307426,0.3367602808425276,0.2699425654116145,0.9746987439695656,0.266469250733593,0.9421152658806755,0.4999999999999999,1.0,0.125
2017-12-04,0.08733476443339735,0.009274806108579194,0.19113858835651726,0.40683859750796864,0.5925353581603581,0.4540548874498921,0.6007067137809188,0.9262788365095287,0.9132099553286531,0.9773978279812128,0.2741088756574279,0.946067037575814,0.4999999999999999,1.0,0.125
2017-12-05,0.07660151395322562,0.0028783881026625087,0.17181865018031944,0.37605042016806717,0.4948743386243386,0.40009250693802034,0.4,0.9040872617853561,1.0,0.9799906488427941,0.2818153464253925,0.9498868100028355,0.4999999999999999,1.0,0.125
2017-12-06,0.17240989718675856,0.322379467498201,0.11282843894899536,0.2975224572587655,0.494263838013838,0.32454517422139995,0.4049469964664311,0.94358074222668,1.0,0.982392196034259,0.2895863825688022,0.9535734528296247,0.4999999999999999,1.0,0.125
2017-12-07,0.06485142921703763,0.0023187015271447986,0.14605873261205565,0.366922631121414,0.7091727716727716,0.4421831637372803,0.295053003533569,0.8193329989969911,0.9642629227823866,0.9846768537606527,0.29741968451303735,0.9571258751192568,0.4999999999999999,1.0,0.125
2017-12-08,0.06078409219297255,0.005436955305029184,0.1334363730036064,0.428498985801217,0.73859126984127,0.5108695652173914,0.3865724381625442,0.9023319959879639,0.8730057434588384,0.9868021167619494,0.30531293425802775,0.9605430256528238,0.4999999999999999,1.0,0.125
2017-12-09,0.1451813354423229,0.25793555608859037,0.12699639361154044,0.43972761518400455,0.6884157509157509,0.5083256244218316,0.28869257950530036,0.8336258776328989,0.83535417996171,0.988757358723142,0.31326379606418364,0.9638238932405055,0.4999999999999999,1.0,0.125
2017-12-10,0.12077731329793245,0.05980650835532102,0.23183925811437406,0.48688785859171246,0.5175391737891737,0.5222787542399013,0.29611307420494704,0.8370110330992979,0.7702616464582003,0.9905957112192629,0.32126991714357844,0.9669675070207987,0.4999999999999999,1.0,0.125
2017-12-11,0.11885662636990171,0.16350843527624528,0.160741885625966,0.44718922051579246,0.6877925315425313,0.5205827937095282,0.4109540636042403,0.9213891675025074,0.564773452456924,0.9922321637302618,0.3293289283561797,0.9699729367478103,0.4999999999999999,1.0,0.125
2017-12-12,0.16371031521861937,0.3592388262572959,0.08320453374549203,0.4939872500724427,0.6001157407407407,0.5446345975948196,0.36607773851590114,0.7668004012036109,0.0657306955966816,0.9937198478311688,0.3374384449109119,0.9728392930665308,0.4999999999999999,1.0,0.125
2017-12-13,0.03626708846458027,0.04693371711841369,0.05976300875837197,0.47131266299623287,0.7588458994708993,0.5604378661732963,0.4568904593639576,0.928159478435306,0.0657306955966816,0.9950800161519986,0.3455960670713577,0.9755657277760108,0.4999999999999999,1.0,0.0
2017-12-14,0.0643995028810304,0.015671224114495882,0.13086038124678,0.4534192987539843,0.7135861823361822,0.5309127351218008,0.32650176678445236,0.8929287863590774,0.0657306955966816,0.9962489108027115,0.3537993808658755,0.9781514340803552,0.4999999999999999,1.0,0.0
2017-12-15,0.04135125974466162,0.004717358279363556,0.0899021123132406,0.47008113590263684,0.6551243894993897,0.5372340425531915,0.21696113074204953,0.7447342026078234,0.0657306955966816,0.9972796633583401,0.36204595880193563,0.980595646827469,0.4999999999999999,1.0,0.0
2017-12-16,0.12258501864196136,0.15551291276884943,0.160741885625966,0.4631266299623297,0.7469411375661374,0.5484890533456676,0.17173144876325092,0.8744984954864594,0.0657306955966816,0.9981403948738654,0.3703333605844513,0.9828976427354764,0.4999999999999999,1.0,0.0
2017-12-17,0.17116709976273867,0.39929639401934913,0.06182380216383308,0.44885540423065773,0.5746654965404965,0.49491211840888066,0.17031802120141343,0.7024824473420261,0.0657306955966816,0.9987992264042678,0.378659133837905,0.985056740606753,0.4999999999999999,1.0,0.0
2017-12-18,0.08609196700937748,0.02926361237706884,0.16872746007212777,0.4823964068385974,0.7046957671957672,0.5606691335183472,0.30459363957597174,0.7957622868605818,0.0657306955966816,0.9994049263596372,0.38702081483204037,0.9870723015295015,0.4999999999999999,1.0,0.0
2017-12-19,0.10823635747373178,0.06676261293675541,0.1852138073158166,0.421979136482179,0.45619022181522184,0.43748072772124574,0.23427561837455835,0.6972166499498496,0.0657306955966816,0.9997343421248375,0.39541592921092605,0.9889437290668184,0.4999999999999999,1.0,0.0
2017-12-20,0.04225511241667608,0.0012792836011833373,0.09505409582689336,0.3510576644450883,0.5360767704517704,0.38822078322540854,0.4491166077738517,0.21138415245737213,0.33822590938098274,0.9999256157949543,0.4038419927251526,0.9906704694331863,0.4999999999999999,1.0,0.0
2017-12-21,0.17105411817873686,0.33053490045574474,0.11128284389489954,0.28064329179947833,0.46162749287749294,0.29941412272587115,0.20459363957597176,0.623370110330993,1.0,0.9999681210549802,0.4122965119669632,0.9922520116583506,0.4999999999999999,1.0,0.0
2017-12-22,0.08191164840131059,0.0038378508035500115,0.18341061308603812,0.3149811648797449,0.521011396011396,0.3489824236817761,0.3544169611307421,0.8506770310932799,1.0,0.9998724842199218,0.4207769851080956,0.9936878877385225,0.4999999999999999,1.0,0.0
2017-12-23,0.07727940345723647,0.0015991045014791716,0.1749098402885111,0.30773688785859166,0.415820868945869,0.31406105457909345,0.36113074204947,0.8002758274824473,1.0,0.9995962000297536,0.4292809026401072,0.9949776727748683,0.4999999999999999,1.0,0.0
2017-12-24,0.1230369449779686,0.12848804669385144,0.18366821226172078,0.2525354969574036,0.5291259666259666,0.2853839037927845,0.38833922261484105,0.8638415245737212,1.0,0.9991605211144878,0.43780574811698825,0.9961209850992455,0.4999999999999999,1.0,0.0
2017-12-25,0.17647723421082365,0.3383705125129927,0.1205564142194745,0.08613445378151258,0.2647219678469679,0.05519580635214305,0.4056537102473498,0.8989468405215648,1.0,0.9985016895840855,0.4463489988998083,0.9971174863871431,0.4999999999999999,1.0,0.0
2017-12-26,0.1538809174104621,0.23786679459502677,0.16280267903142712,0.08569979716024334,0.4017729955229955,0.08765032377428306,0.18127208480565377,0.8395185556670011,1.0,0.9977578475336322,0.4549081269032143,0.9979668817577979,0.4999999999999999,1.0,0.0
2017-12-27,0.09637329115354197,0.011433597185576077,0.2091705306543019,0.16154737757171828,0.4929410866910867,0.1844742522355844,0.2049469964664311,0.4025827482447342,1.0,0.9968333581280682,0.46348059934352615,0.9986689198614541,0.4999999999999999,1.0,0.0
2017-12-28,0.18088351598689414,0.3345326617094427,0.10561566202988151,0.19747899159663862,0.479522792022792,0.22001233425840272,0.28869257950530036,0.9106068204613842,1.0,0.9958026055724396,0.47206387948823164,0.9992233929537424,0.4999999999999999,1.0,0.0
2017-12-29,0.08609196700937748,0.038458463260574074,0.18495620814013397,0.15937409446537226,0.422841625966626,0.16944187480727724,0.29363957597173146,0.6574724172517552,1.0,0.9945699530316876,0.4806554274066444,0.9996301369571539,0.4999999999999999,1.0,0.0
2017-12-30,0.09151508304146425,0.05221076197329495,0.18495620814013397,0.04049550854824685,0.3026747557997558,0.021893308664816424,0.1257950530035336,0.5887662988966902,1.0,0.993124774190806,0.48925270072150934,0.9998890315095941,0.4999999999999999,1.0,0.0
2017-12-31,0.20845102248333522,0.5160310226273287,0.05229263266357548,0.14213271515502746,0.4627276658526659,0.1575701510946655,0.2113074204946997,0.8812688064192578,1.0,0.9913501795847233,0.49785315536133695,1.0,0.4999999999999999,1.0,0.0
2018-01-01,0.21025872782736416,0.5321819780922683,0.04739824832560535,0.09779773978556933,0.44602157102157103,0.1109312365094049,0.12438162544169613,0.6468154463390172,1.0,0.9898199902237899,0.5086043202025801,0.9999306437314268,0.75,0.9330127018922194,0.125
2018-01-02,0.15049146989040788,0.2088430478931798,0.14245234415249872,0.22812228339611698,0.5952317358567358,0.276672833795868,0.4208480565371025,0.8342527582748245,1.0,0.9880666482477207,0.5172026274050304,0.9997087252218304,0.75,0.9330127018922194,0.125
2018-01-03,0.18133544232290139,0.3737906772207564,0.125193199381762,0.2252245725876557,0.5811457061457064,0.26896392229417204,0.05053003533568906,0.72179037111334,1.0,0.9859945168214566,0.5257958450994664,0.9993389340057308,0.75,0.9330127018922194,0.125
2018-01-04,0.11320754716981132,0.05396977692492204,0.2145801133436373,0.28006374963778613,0.6835063085063084,0.34836571076164047,0.14134275618374564,0.32058676028084254,1.0,0.9838586275051537,0.5343814304145206,0.9988213795102985,0.75,0.9330127018922194,0.125
2018-01-05,0.10371709411365948,0.046453985767969934,0.20685213807315816,0.25449145175311494,0.5681534900284901,0.2985661424606845,0.31802120141342766,0.38816449348044135,1.0,0.9815102118887209,0.5429568427373694,0.998156214888235,0.75,0.9330127018922194,0.125
2018-01-06,0.14122698000225964,0.15271447989126088,0.18856259659969088,0.34852216748768466,0.7634691697191698,0.43262411347517726,0.32367491166077744,0.5650702106318957,0.9463943841735799,0.9790767857522367,0.5515195444655416,0.9973436369724538,0.75,0.9330127018922194,0.125
2018-01-07,0.14710202237035364,0.185336211721436,0.14580113343637302,0.4428426543031005,0.9207430301180299,0.5608233117483812,0.2992932862190813,0.8309929789368105,0.8385449904275687,0.9764839648906554,0.5600670017578351,0.996383886217833,0.75,0.9330127018922194,0.125
2018-01-08,0.1333182691221331,0.09218837451027424,0.20814013395157138,0.43002028397565917,0.940469831094831,0.5517267961763799,0.15194346289752653,0.614468405215647,0.8793873643905549,0.973678617728944,0.5685966852841216,0.9952772466300619,0.75,0.9330127018922194,0.125
2018-01-09,0.15196023048243137,0.12129207643719517,0.21715610510046368,0.43835120254998544,0.9329721204721202,0.5600524205982115,0.16819787985865725,0.4873370110330994,0.8736439055520103,0.970692623212122,0.5771060709738164,0.9940240456815989,0.75,0.9330127018922194,0.125
2018-01-10,0.08484916958535758,0.013352522587351083,0.1790314270994333,0.3254853665604172,0.7610017297517297,0.41003700277520816,0.4918727915194347,0.9513540621865597,0.9566049776643265,0.9676428708052618,0.585592640762791,0.9926246542147663,0.75,0.9330127018922194,0.125
2018-01-11,0.16517907581064287,0.19117294315183497,0.21973209685729006,0.13880034772529692,0.4668867012617013,0.1588035769349368,0.3879858657243817,0.8791374122367102,1.0,0.9643168342082329,0.5940538833385093,0.9910794863320134,0.75,0.9330127018922194,0.125
2018-01-12,0.18958309795503334,0.30239066122971137,0.1988665636269964,0.09077079107505065,0.453792735042735,0.10738513721862475,0.09293286219081275,0.6964643931795387,1.0,0.9609164134061587,0.6024872948831644,0.989388999273376,0.75,0.9330127018922194,0.125
2018-01-13,0.19591006665913457,0.32445830335012393,0.1496651210716126,0.12315270935960587,0.6033335877085877,0.17036694418748072,0.17455830388692584,0.5062688064192578,1.0,0.9573672241939937,0.6108903798146001,0.9875536932811722,0.75,0.9330127018922194,0.125
2018-01-14,0.12868602417805897,0.062285120332613735,0.23982483256053583,0.20146334395827292,0.6922250203500202,0.26888683317915507,0.4469964664310954,0.8865346038114343,1.0,0.9537649034067961,0.6192606515247924,0.9855741114519722,0.75,0.9330127018922194,0.125
2018-01-15,0.24121568184385947,0.5448948588790277,0.05486862442040186,0.036004056795131745,0.47297262922262917,0.05558125192722785,0.3254416961130742,0.973420260782347,1.0,0.9498437931694044,0.6275956331156775,0.9834508395758876,0.75,0.9330127018922194,0.125
2018-01-16,0.2313862840357022,0.5215479331574318,0.06233900051519835,0.14517531150391183,0.5057552401302401,0.171677459142769,0.2600706713780919,0.5927783350050151,1.0,0.9459120566170065,0.6358928581321057,0.9811845059632269,0.75,0.9330127018922194,0.125
2018-01-17,0.23387187888374197,0.5202686495562485,0.061308603812467805,0.34982613735149226,0.8691557285307285,0.45636756090040087,0.2946996466431096,0.7328234704112337,0.9776643267389916,0.9418740569145427,0.6441498712917051,0.9787757812585678,0.75,0.9330127018922194,0.125
2018-01-18,0.07163032425714609,0.01231310466138962,0.1491499227202473,0.43197623877137054,0.9290356634106633,0.5524205982115326,0.1862190812720848,0.7477432296890671,0.8787492022973834,0.9376554098569696,0.6523642292114393,0.9762253782423029,0.75,0.9330127018922194,0.125
2018-01-19,0.18359507400293754,0.18421683857040055,0.21020092735703244,0.47631121414082866,0.8775246743996743,0.5891150169596053,0.1964664310954064,0.8387662988966902,0.7702616464582003,0.9332773680742994,0.6605335011306435,0.9735340516197171,0.75,0.9330127018922194,0.125
2018-01-20,0.22607614958761724,0.3812265131526345,0.11746522411128285,0.45827296435815695,0.7793612637362637,0.5493370336108542,0.17491166077738518,0.8239719157472418,0.8149329929802168,0.9287718105115506,0.6686552696303258,0.9707025977976569,0.75,0.9330127018922194,0.125
2018-01-21,0.12495763190599932,0.04133685136323659,0.2568263781555899,0.396696609678354,0.8634513634513636,0.5033148319457292,0.05300353356890462,0.8742477432296891,0.9457562220804084,0.9234905319533291,0.6767271313485206,0.9677318546488622,0.75,0.9330127018922194,0.125
2018-01-22,0.11185176816178963,0.0382185975853522,0.2424008243173622,0.34765285424514625,0.8960368335368336,0.4570613629355535,0.057597173144876335,0.5724674022066198,1.0,0.9186980638854054,0.6847466976914816,0.9646227012640256,0.75,0.9330127018922194,0.25
2018-01-23,0.21907129137950515,0.3099864076117374,0.20144255538382277,0.37786148942335546,0.9165140415140416,0.492213999383287,0.16572438162544173,0.8387662988966902,1.0,0.9138524642424497,0.6927115955405055,0.9613760576916547,0.75,0.9330127018922194,0.25
2018-01-24,0.20472263021127557,0.22651315263452465,0.22230808861411644,0.3836569110402781,0.756855413105413,0.4667745914276904,0.1303886925795053,0.5979187562688064,0.9776643267389916,0.9088687225044096,0.700619467954176,0.9579928846658162,0.75,0.9330127018922194,0.25
2018-01-25,0.16348435205061576,0.14967618133845045,0.24137042761463162,0.42270356418429433,0.8283793752543751,0.522895467160037,0.3137809187279153,0.4576228686058175,0.8876834716017866,0.9037149597262659,0.7084679748658202,0.9544741833218385,0.75,0.9330127018922194,0.25
2018-01-26,0.21342221217941476,0.34100903494043333,0.16434827408552294,0.436250362213851,0.7319139194139195,0.5148781991982732,0.4049469964664311,0.8467903711133402,0.8589661774090619,0.8984761864280704,0.716254793775973,0.9508209949000599,0.75,0.9330127018922194,0.25
2018-01-27,0.17060219184272965,0.05932677700487726,0.315816589386914,0.2943349753694581,0.6408412189662189,0.3490595127967931,0.3155477031802121,0.8623370110330992,1.0,0.8930248868297452,0.7239776204396406,0.9470344004377083,0.75,0.9330127018922194,0.25
2018-01-28,0.24675177945994806,0.33964979611417606,0.22359608449252966,0.2418864097363083,0.4767501017501017,0.2643385753931545,0.08975265017667845,0.1712637913741224,1.0,0.8874673240813551,0.7316341695481653,0.9431155204490055,0.75,0.9330127018922194,0.25
2018-01-29,0.21613377019545815,0.13944191252898375,0.3390005151983514,0.30266589394378435,0.588013838013838,0.3505242059821153,0.21272084805653713,0.46827983951855573,0.9910657306955967,0.8818885087029518,0.7392221754054835,0.9390655145935891,0.75,0.9330127018922194,0.25
2018-01-30,0.10383007569766128,0.024546254097705285,0.21329211746522414,0.429730512894813,0.5662138787138788,0.47394387912426766,0.4385159010600707,0.6995987963891674,0.9783024888321631,0.8762034301744839,0.746739392598583,0.9348855813333501,0.75,0.9330127018922194,0.25
2018-01-31,0.1301547847700825,0.02814423922603342,0.27125193199381764,0.29484207476093877,0.5342643467643468,0.32654949121184085,0.42791519434628983,0.9027081243731194,1.0,0.8702739464008666,0.7541835966619558,0.9305769575777887,0.75,0.9330127018922194,0.25
2018-02-01,0.2679923172522879,0.2592947949148477,0.33874291602266876,0.1675601274992755,0.31897385022385016,0.1501695960530373,0.19929328621908132,0.8002758274824473,1.0,0.8642381994771853,0.7615525847358539,0.9261409183179932,0.9330127018922193,0.75,0.25
2018-02-02,0.2243814258275901,0.09578635963860238,0.38511076764554353,0.2836134453781512,0.48422237484737485,0.30658341042244835,0.15583038869257954,0.429789368104313,1.0,0.8581918262384964,0.7688441762181506,0.9215787762493497,0.9330127018922193,0.75,0.25
2018-02-03,0.16359733363461756,0.04589429919245223,0.3160741885625966,0.216024340770791,0.5649356430606431,0.25840271353684857,0.38763250883392236,0.3476680040120361,1.0,0.851986058274711,0.7760562134096158,0.9168918813830942,0.9330127018922193,0.75,0.25
2018-02-04,0.33216585696531464,0.6107779643399696,0.09196290571870169,0.14669660967835402,0.4320818070818071,0.15633672525439407,0.29893992932862196,0.7615346038114343,1.0,0.8456634008458543,0.7831865621524141,0.9120816206468223,0.9330127018922193,0.75,0.25
2018-02-05,0.28618235227657896,0.3406892140401375,0.28232869654817105,0.17907852796290924,0.468718203093203,0.1970397779833487,0.253356890459364,0.8953109327983952,1.0,0.8392451065819393,0.7902331124616363,0.9071494174740756,0.9330127018922193,0.75,0.25
2018-02-06,0.2858434075245735,0.3361317662109219,0.28155589902112316,0.19581280788177335,0.5630914224664225,0.23435090965155714,0.30035335689045944,0.7235456369107323,1.0,0.8327524281129786,0.7971937791496777,0.9020967313831245,0.9330127018922193,0.75,0.25
2018-02-07,0.2583888826121342,0.2022867194371152,0.3106646058732612,0.18559837728194717,0.6718877187627188,0.24576009867406717,0.1318021201413428,0.7409729187562688,1.0,0.8261322338639405,0.8040665024432789,0.8969250575450732,0.9330127018922193,0.75,0.25
2018-02-08,0.172748841938764,0.032861597505396974,0.3464708912931479,0.1740799768183135,0.583028083028083,0.2190101757631822,0.13003533568904596,0.2604062186559679,1.0,0.8194270290948502,0.810849248593046,0.8916359263414146,0.9330127018922193,0.75,0.25
2018-02-09,0.34368997853349903,0.5620052770448548,0.16254507985574446,0.15176760359316133,0.534118080993081,0.18254702436016035,0.22650176678445233,0.8722417251755266,1.0,0.8126155611756953,0.8175400104752691,0.8862309029111658,0.9330127018922193,0.75,0.25
2018-02-10,0.36346175573381545,0.6401215319421124,0.09711488923235445,0.19726166328600397,0.5340862840862841,0.22818378045020044,0.29151943462897534,0.7584002006018056,1.0,0.8057190827364882,0.8241368081858635,0.8807115866877182,0.9330127018922193,0.75,0.25
2018-02-11,0.2594057168681505,0.12305109138882225,0.4234930448222566,0.1979860909881193,0.6014639295889295,0.24576009867406728,0.26537102473498236,0.9334252758274824,1.0,0.7987375937772301,0.8306376896262546,0.8750796109255397,0.9330127018922193,0.75,0.25
2018-02-12,0.25319172974805104,0.11577516590709203,0.40855229263266357,0.15024630541871908,0.5057679588929588,0.17753623188405798,0.15159010600706718,0.49548645937813446,1.0,0.7916604679829127,0.8370407310810345,0.869336642216868,0.9330127018922193,0.75,0.25
2018-02-13,0.37882725115806126,0.6633085472135604,0.095311695002576,0.3262097942625325,0.6656809625559625,0.38475177304964536,0.33780918727915205,0.6347793380140423,0.959795788130185,0.7845302106135632,0.843344037787222,0.8634843799985397,0.9330127018922193,0.75,0.25
2018-02-14,0.3144277482770309,0.4162469017350284,0.190623390005152,0.4629817444219066,0.7053062678062678,0.5358464384828863,0.2918727915194347,0.7745737211634907,0.9023611997447348,0.7773043164091558,0.8495457444949523,0.8575245560490985,0.9330127018922193,0.75,0.25
2018-02-15,0.2022370353632358,0.019988806268489645,0.4350850077279753,0.260069545059403,0.4113057081807081,0.2619488128276287,0.4342756183745584,0.5270812437311936,1.0,0.7699084011646442,0.8556440160194346,0.8514589339763361,0.9330127018922193,0.75,0.25
2018-02-16,0.282566941588521,0.17422243543615573,0.4574961360123648,0.3233845262242827,0.5915051383801384,0.3651711378353376,0.30636042402826863,0.6970912738214645,1.0,0.7625656174951652,0.8616370477840132,0.8452893086954099,0.9330127018922193,0.75,0.25
2018-02-17,0.3377019545814033,0.29247621332054047,0.36063884595569295,0.33751086641553163,0.4917582417582418,0.3498304039469627,0.2791519434628976,0.7705616850551655,1.0,0.7550846917306018,0.8675230663541702,0.8390175058977003,0.9330127018922193,0.75,0.25
2018-02-18,0.1747825104507965,0.009994403134244823,0.38433797011849563,0.2902781802376122,0.5627225783475782,0.3337187789084181,0.4978798586572439,0.07071213640922769,1.0,0.7475187554459861,0.8733003299623139,0.8326453815105587,0.9330127018922193,0.75,0.25
2018-02-19,0.22810981809964975,0.04901255297033661,0.4585265327150953,0.2131266299623297,0.4563492063492065,0.23149861239592967,0.29752650176678447,0.05077733199598797,1.0,0.7399209402163516,0.8789671290231953,0.8261748211481089,0.9330127018922193,0.75,0.25
2018-02-20,0.3824426618461191,0.44119293195810344,0.2341576506955178,0.2245725876557519,0.46060363247863245,0.242291088498304,0.30212014134275617,0.8514292878635907,1.0,0.7322274881516586,0.8845217866398023,0.8196077395532636,0.9330127018922193,0.75,0.25
2018-02-21,0.4244718110947916,0.6129367554169665,0.14245234415249872,0.2208780063749637,0.5034595034595034,0.2412889300030836,0.18939929328621913,0.5753510531594785,1.0,0.724470278196927,0.8899626590995804,0.8129460800311208,0.9330127018922193,0.75,0.25
2018-02-22,0.38345949610213537,0.42008475253857835,0.3111798042246265,0.2655751955954795,0.6616236772486772,0.3278600061671292,0.08763250883392228,0.5351053159478436,1.0,0.7166918156121822,0.8952881363608334,0.8061918138739088,0.9330127018922193,0.75,0.25
2018-02-23,0.4416450118630664,0.6653873830654833,0.12982998454404945,0.2954940596928426,0.5580738705738704,0.3329478877582485,0.2049469964664311,0.7568956870611836,1.0,0.7088283425073851,0.9004966425291608,0.7993469397776494,0.9330127018922193,0.75,0.25
2018-02-24,0.2640379618122246,0.11057807627728472,0.4858320453374549,0.3048391770501303,0.7600859788359788,0.3891458526056121,0.25194346289752656,0.6150952858575727,1.0,0.7009329904575692,0.9055866363237911,0.792413483250711,0.9330127018922193,0.75,0.25
2018-02-25,0.444808496215117,0.6039018149836092,0.14270994332818135,0.39350912778904656,0.6076198107448108,0.44002466851680544,0.365017667844523,0.7592778335005015,0.9642629227823866,0.6923044226723056,0.9105566115336701,0.7853934960144285,0.9330127018922193,0.75,0.25
2018-02-26,0.3770195458140323,0.4029743343727512,0.36192684183410617,0.437481889307447,0.5750470594220594,0.4797255627505396,0.2,0.7694332998996991,0.8730057434588384,0.684334686417444,0.9154050974631737,0.7782890553959659,0.9330127018922193,0.75,0.375
2018-02-27,0.3520506157496328,0.3120652434636603,0.4147346728490469,0.4180672268907562,0.694355413105413,0.48758865248226946,0.09646643109540635,0.43229689067201604,0.875558391831525,0.6763011922725437,0.9201306593673111,0.7711022637136017,0.9330127018922193,0.75,0.375
2018-02-28,0.4704553157835273,0.6744223234988406,0.12879958784131892,0.42625325992465946,0.4321072446072446,0.4305427073697194,0.253356890459364,0.8002758274824473,0.8902361199744734,0.6682358191826236,0.9247318988762877,0.7638352476546191,0.9330127018922193,0.75,0.375
2018-03-01,0.46864761043949843,0.6144559046933716,0.20401854714064915,0.4348015068096203,0.46739545177045183,0.44495837187789083,0.14487632508833925,0.6054413239719159,0.824505424377792,0.6600960618876583,0.9292074544093061,0.7564901576459847,1.0,0.5,0.375
2018-03-02,0.39577448875833243,0.3379707363876229,0.3351365275631118,0.4710953346855983,0.49884895197395207,0.49645390070921985,0.4897526501766785,0.3052908726178536,0.7702616464582003,0.6513506046373236,0.9335560015774793,0.7490691672180035,1.0,0.5,0.375
2018-03-03,0.44977968591119644,0.5344207243943392,0.2207624935600206,0.4794986960301361,0.7439840252340251,0.5608233117483812,0.280565371024735,0.3077983951855567,0.7702616464582003,0.6431470894523197,0.9377762535757386,0.7415744723611354,1.0,0.5,0.5
2018-03-04,0.14292170376228674,0.006316462780842727,0.3147861926841834,0.48159953636627056,0.9782127594627592,0.614477335800185,0.30883392226148415,0.3765045135406219,0.7791959157626037,0.6349542005823219,0.9418669615636207,0.7340082908761664,1.0,0.5,0.5
2018-03-05,0.18122246073889955,0.005996641880546894,0.4031427099433282,0.43306288032454354,0.8361505392755391,0.5370027752081405,0.42226148409894004,0.9331745235707123,0.8366305041480534,0.6266975538222854,0.9458269150348186,0.7263728617179261,1.0,0.5,0.5
2018-03-06,0.1787368658908598,0.006956104581434397,0.39592993302421436,0.3848159953636626,0.7637934981684982,0.47255627505396236,0.40318021201413434,0.9455867602808425,0.9457562220804084,0.6183665228572033,0.9496549421753908,0.7186704443327449,1.0,0.5,0.5
2018-03-07,0.5142921703762287,0.6104581434396738,0.19268418341061308,0.32780353520718625,0.637419871794872,0.38544557508479804,0.30318021201413436,0.8086760280842529,1.0,0.610024865577115,0.9533499102105194,0.7109033179898466,1.0,0.5,0.5
2018-03-08,0.5007343802960117,0.5844726952906372,0.19448737764039156,0.35018835120254993,0.6738782051282051,0.41520197348134447,0.18833922261484104,0.5381143430290873,0.9955328653477983,0.6017257135570526,0.9569107257397163,0.7030737811068777,1.0,0.5,0.5
2018-03-09,0.3767935826460287,0.2106020628448069,0.5051519835136529,0.40531729933352645,0.7358567358567358,0.48635522664199815,0.1738515901060071,0.364468405215647,0.9444798978940651,0.5933202983869252,0.9603363350603784,0.6951841505697665,1.0,0.5,0.5
2018-03-10,0.1423567958422777,0.021587910769968816,0.3098918083462133,0.43436685018835114,0.8496069902319903,0.5404717853839038,0.2855123674911661,0.8284854563691073,0.8602425015954053,0.5849361358468106,0.9636257244795952,0.6872367610471211,1.0,0.5,0.5
2018-03-11,0.5392611004406281,0.6743423682737667,0.1975785677485832,0.4195885250651984,0.665738196988197,0.4820382362010484,0.19787985865724383,0.9307923771313942,0.8749202297383533,0.5764457101566318,0.9667779206141163,0.6792339642993624,1.0,0.5,0.5
2018-03-12,0.5532708168568523,0.7105620852322699,0.20041215868109222,0.4391480730223123,0.5157013125763126,0.4606845513413506,0.0667844522968198,0.33638415245737213,0.8181238034460753,0.5680084160414851,0.9697919906783913,0.6711781284828007,1.0,0.5,0.5
2018-03-13,0.5548525590328777,0.6773007116015031,0.20144255538382277,0.4750796870472326,0.4389944546194545,0.4801110083256244,0.23392226148409895,0.5732196589769307,0.7811104020421186,0.5595179903513063,0.9726670427605966,0.6630716374488601,1.0,0.5,0.5
2018-03-14,0.5727036493051633,0.7175981450387783,0.17053065430190625,0.48927847000869307,0.5473201566951569,0.5201202590194265,0.16890459363957605,0.32284353059177534,0.7791959157626037,0.5510806962361592,0.975402226086566,0.6549168900386584,1.0,0.5,0.5
2018-03-15,0.4759914133996159,0.3345326617094427,0.581143740340031,0.4547232686177919,0.4451821326821327,0.4528214616096207,0.398939929328622,0.2778335005015045,0.8008934269304403,0.5425265126559409,0.9779967312715485,0.6467162993731514,1.0,0.5,0.5
2018-03-16,0.43995028810303927,0.20972255536899334,0.6239052035033488,0.45168067226890746,0.31134259259259256,0.4155103299414123,0.2946996466431096,0.315320962888666,0.7919591576260369,0.5340360869657621,0.9804497905597181,0.6384722921390523,1.0,0.5,0.5
2018-03-17,0.2778217150604452,0.11801391220916287,0.529881504379186,0.46414082874529117,0.6645617114367113,0.5269041011409189,0.14522968197879865,0.5055165496489469,0.774728781110402,0.5255456612755829,0.9827606780513657,0.6301873078707345,1.0,0.5,0.5
2018-03-18,0.34685346288554963,0.08211401615095545,0.6749098402885112,0.4691393798898869,0.8298038766788767,0.5703052728954672,0.10494699646643112,0.2607823470411234,0.790044671346522,0.5170233566403839,0.9849287099177038,0.6218637982283358,1.0,0.5,0.5
2018-03-19,0.18992204270703875,0.020628448069081314,0.3956723338485317,0.4350912778904664,0.8488502238502238,0.5410884983040395,0.10530035335689046,0.04099799398194584,0.8187619655392467,0.5084691730601656,0.986953244603223,0.6135042262722716,1.0,0.5,0.5
2018-03-20,0.3715964297819455,0.08915007595746381,0.6862442040185472,0.4441466241669081,0.7769001831501832,0.5344588344125809,0.07491166077738516,0.5220661985957873,0.83535417996171,0.4999468684249675,0.988833683015538,0.6051110657343766,1.0,0.5,0.5
2018-03-21,0.5724776861371597,0.6302070840329416,0.3405461102524472,0.49130686757461595,0.6378968253968254,0.5451742213999383,0.09505300353356892,0.6528335005015047,0.7702616464582003,0.49143519010477554,0.9905694687026694,0.5966868002858867,1.0,0.5,0.5
2018-03-22,0.26663653824426614,0.1086591508755097,0.5175167439464194,0.5044914517531149,0.6429016585266585,0.5578939253777366,0.2625441696113075,0.2923771313941826,0.7702616464582003,0.48292351178458315,0.9921600880177063,0.5882339228024817,1.0,0.5,0.5
2018-03-23,0.17229691560275676,0.014152074838090669,0.3712004121586811,0.47384815995363655,0.8429741554741554,0.5807893925377736,0.5904593639575971,0.3340020060180542,0.7702616464582003,0.4744012071493846,0.9936050702708027,0.5797549346266023,1.0,0.5,0.5
2018-03-24,0.26494181448423904,0.09722555368993363,0.5257599175682639,0.48913358446827,0.7333002645502646,0.5696114708603145,0.47173144876325096,0.41649949849548645,0.7702616464582003,0.465921407774212,0.9949039878684625,0.5712523448272637,1.0,0.5,0.5
2018-03-25,0.42266410575076263,0.11401615095546493,0.7581143740340031,0.5186177919443639,0.5331768925518925,0.5435553499845822,0.1816254416961131,0.526454363089268,0.7702616464582003,0.45743098208403277,0.9960564564400708,0.5627286694575813,1.0,0.5,0.5
2018-03-26,0.44853688848717665,0.11921324058527225,0.8011334363730036,0.49326282237032737,0.6346281033781034,0.5460222016651248,0.12826855123674913,0.49974924774322976,0.7702616464582003,0.44898306165387947,0.997062134951636,0.5541864308102296,1.0,0.5,0.5
2018-03-27,0.621059767257937,0.6867354281602303,0.3150437918598661,0.563894523326572,0.41377314814814814,0.5499537465309898,0.35901060070671387,0.7008525576730191,0.7702616464582003,0.44055639385373935,0.9979207258067064,0.5456281566710555,1.0,0.5,0.5
2018-03-28,0.561744435656988,0.490285440153514,0.4572385368366822,0.46884960880904075,0.4438593813593813,0.4683163737280296,0.3742049469964665,0.9425777331995988,0.7791959157626037,0.43211909973859264,0.998631974934435,0.5370563795710666,1.0,0.5,0.5
2018-03-29,0.5288667947124619,0.2836011833373311,0.6715610510046368,0.4639959432048681,0.500050875050875,0.48758865248226946,0.16537102473498239,0.6924523570712138,0.8321633694958518,0.42309735829808925,0.9991956718647619,0.528473636037013,1.0,0.5,0.625
2018-03-30,0.4792678793356683,0.13752298712720876,0.840030911901082,0.39763836569110395,0.5578958078958078,0.43855997533148317,0.314487632508834,0.18981945837512537,0.9349074664964899,0.41477695364801415,0.9996116497906962,0.5198824658407896,1.0,0.5,0.625
2018-03-31,0.689752570331036,0.6250099944031342,0.3480164863472437,0.32012460156476374,0.26009869759869764,0.2816065371569534,0.5074204946996467,0.8909227683049148,1.0,0.40646717531294474,0.9998797856176773,0.5112854112478764,1.0,0.5,0.625
2018-04-01,0.708620494859338,0.6854561445590469,0.34569809376609995,0.376847290640394,0.28783195970695974,0.34027135368485967,0.20777385159010603,0.6341524573721165,0.9687300574345884,0.3982211548679153,1.0,0.5026850162650404,0.9330127018922194,0.2500000000000001,0.625
2018-04-02,0.4026663653824427,0.0596465979051731,0.795208655332303,0.3944508838017965,0.5241020553520553,0.4310823311748381,0.3985865724381626,0.1559679037111334,0.9240587109125716,0.3899538817928718,0.9999722573642948,0.49408382588752436,0.9330127018922194,0.2500000000000001,0.625
2018-04-03,0.5338379844085414,0.1739026145358599,0.9598145285935087,0.32135612865835983,0.4250483312983313,0.3317144619179772,0.23321554770318026,0.6932046138415247,0.9910657306955967,0.3817184876628481,0.9997965659200537,0.4854843853459405,0.9330127018922194,0.2500000000000001,0.625
2018-04-04,0.7264715851316236,0.7487806828176221,0.30628541988665636,0.41328600405679505,0.3259373728123728,0.38937711995066293,0.15724381625441702,0.6360330992978938,0.9336311423101468,0.3735255987928503,0.9994729776572018,0.476889239353097,0.9330127018922194,0.2500000000000001,0.625
2018-04-05,0.5049146989040786,0.22499400335811945,0.8438948995363216,0.41415531729933347,0.3526912901912901,0.40032377428307125,0.40989399293286227,0.8544383149448345,0.8915124441608165,0.36541772044290477,0.999001588330712,0.4683009313509757,0.9330127018922194,0.2500000000000001,0.625
2018-04-06,0.7388995593718224,0.6262093227792436,0.6339515713549717,0.29629093016516944,0.20530626780626782,0.2383595436324391,0.33250883392226155,0.9427031093279841,1.0,0.35727796314793947,0.9983825374322698,0.45972200275808717,0.9330127018922194,0.2500000000000001,0.625
2018-04-07,0.743870749067902,0.7343887423043095,0.34956208140133954,0.374674007534048,0.28209579772079774,0.3352605612087573,0.1685512367491166,0.5739719157472418,0.9910657306955967,0.3491913374280067,0.9976160081489959,0.4511549922174234,0.9330127018922194,0.2500000000000001,0.625
2018-04-08,0.4740707264715851,0.0754777324698169,0.9319938176197837,0.37902057374674003,0.6633725071225072,0.44557508479802654,0.3307420494699647,0.22266800401203612,0.9604339502233566,0.3411790959131191,0.9967022273092373,0.4426024348452336,0.9330127018922194,0.2500000000000001,0.625
2018-04-09,0.5216359733363461,0.0861117774046534,0.997166409067491,0.416401043175891,0.684116809116809,0.4842738205365402,0.08303886925795055,0.6134653961885657,0.8895979578813017,0.33316685439823157,0.995641465315446,0.4340668614808413,0.9330127018922194,0.2500000000000001,0.625
2018-04-10,0.7326855722517229,0.698728711921324,0.3178773827923751,0.5142712257316719,0.6654011497761496,0.5734659266111625,0.1402826855123675,0.6081995987963893,0.7702616464582003,0.32525024971840244,0.9944340360641617,0.42555079793772954,0.9330127018922194,0.2500000000000001,0.625
2018-04-11,0.3923850412382782,0.06628288158631167,0.756053580628542,0.4845696899449434,0.9104917073667071,0.604918285538082,0.1865724381625442,0.4434553660982949,0.7702616464582003,0.3173442713535799,0.9930802968531257,0.41705676425611093,0.9330127018922194,0.2500000000000001,0.625
2018-04-12,0.4591571573833465,0.0606060606060606,0.9111282843894899,0.5081860330339031,0.7875966625966626,0.6019118100524206,0.2424028268551237,0.3645937813440321,0.7791959157626037,0.30954455613882237,0.9915806482755501,0.4085872739572076,0.9330127018922194,0.2500000000000001,0.625
2018-04-13,0.419500621398712,0.05372991124970016,0.8243173621844411,0.4366850188351202,0.36430987993488007,0.4223712611779217,0.3745583038869259,0.0644433299899699,0.8053605615826419,0.3017448409240644,0.9899355341015761,0.4001448332994602,0.9330127018922194,0.2500000000000001,0.625
2018-04-14,0.7256807140436109,0.594547053649956,0.45054095826893353,0.43820631700956236,0.24656593406593408,0.38274745605920446,0.19257950530035345,0.13791374122367103,0.5973197192086789,0.2933287994389304,0.988145441146955,0.39173194053688476,0.9330127018922194,0.2500000000000001,0.625
2018-04-15,0.8009264489888148,0.8580794754937234,0.24137042761463162,0.4534192987539843,0.22794566544566552,0.3877582485353068,0.11413427561837457,0.23119358074222668,0.07466496490108487,0.28574161052430247,0.986210899128992,0.3833510851798006,0.9330127018922194,0.2500000000000001,0.625
2018-04-16,0.7899672353406395,0.8399296394019349,0.24291602266872747,0.4900028977108084,0.24255952380952384,0.42884674683934626,0.31731448763250886,0.37387161484453363,0.09636247606892151,0.2781544216096741,0.9841324805097938,0.37500474725814276,0.9330127018922194,0.2500000000000001,0.75
2018-04-17,0.43904643543102473,0.2544175261853362,0.4304482225656878,0.5271660388293248,0.37870115995115994,0.5128738822078323,0.3363957597173145,0.3492978936810432,0.09636247606892151,0.27065224321509795,0.9819108003268686,0.36669539658758177,0.9330127018922194,0.2500000000000001,0.75
2018-04-18,0.45904417579934476,0.1455185096346046,0.7336424523441525,0.5278180237612285,0.5316760785510786,0.5593586185630589,0.10989399293286221,0.5006268806419258,0.09636247606892151,0.26320319639555434,0.9795465160111259,0.35842549203866586,0.9330127018922194,0.2500000000000001,0.75
2018-04-19,0.752683312620043,0.6693051890941073,0.3521380731581659,0.5726600985221674,0.3947204415954416,0.5628276287388221,0.1060070671378092,0.4942326980942829,0.09636247606892151,0.25581790746604893,0.9770403271923322,0.35019748080920077,0.9330127018922194,0.2500000000000001,0.75
2018-04-20,0.6464806236583437,0.40377388662349084,0.5891293147861927,0.5770066647348594,0.4401391432641434,0.570613629355535,0.28021201413427566,0.44019558676028087,0.08296107211231657,0.24851762905659536,0.9743929754920799,0.34201379770008533,0.9330127018922194,0.2500000000000001,0.75
2018-04-21,0.7801378375324822,0.7772447429439513,0.26738794435857804,0.6090988119385684,0.616211334961335,0.6537927844588344,0.37314487632508836,0.4968655967903712,0.05041480536056164,0.24131298748220065,0.9716052443043288,0.3338768643948147,0.9330127018922194,0.2500000000000001,0.75
2018-04-22,0.7813806349565021,0.7634924442312304,0.2524471921689851,0.6469863807592001,0.5206679894179894,0.6631205673758865,0.20424028268551242,0.5320962888665999,0.05041480536056164,0.23412959853781867,0.9686779585635876,0.32578908874286405,0.9330127018922194,0.2500000000000001,0.75
2018-04-23,0.6284035702180545,0.4943631566322859,0.42684183410613086,0.6521298174442189,0.4913258038258038,0.6616558741905643,0.2558303886925795,0.2171514543630893,0.05041480536056164,0.2269993411684692,0.9656119845008027,0.31775286404716896,0.9330127018922194,0.2500000000000001,0.75
2018-04-24,0.8136933679810191,0.7811625489725753,0.2753735188047398,0.593813387423935,0.3062042124542125,0.5408572309589885,0.22579505300353359,0.4108575727181545,0.05041480536056164,0.22000722589420452,0.9624082293870257,0.3097705683559071,0.9330127018922194,0.2500000000000001,0.75
2018-04-25,0.6542763529544684,0.4113696330055169,0.722565687789799,0.6579252390611416,0.19408195970695974,0.561131668208449,0.3491166077738516,0.6856820461384152,0.05041480536056164,0.21310012113999122,0.9590676412649386,0.3018445637587963,0.9330127018922194,0.2500000000000001,0.75
2018-04-26,0.8287199186532596,0.8502438634364755,0.24162802679031425,0.6638655462184873,0.2885569291819292,0.5982886216466234,0.31342756183745585,0.8341273821464392,0.05041480536056164,0.20619301638577747,0.9555912086683114,0.2939771956881142,0.9330127018922194,0.2500000000000001,0.75
2018-04-27,0.8452152299175234,0.870632445830335,0.24214322514167957,0.6199652274702984,0.29546957671957674,0.570536540240518,0.27279151943462904,0.4509779338014042,0.05041480536056164,0.19941342741164214,0.9519799603294798,0.2861707922246466,0.9330127018922194,0.2500000000000001,0.75
2018-04-28,0.8477008247655632,0.8643159830494922,0.24059763008758372,0.6317009562445667,0.2854599104599105,0.5716928769657724,0.37703180212014137,0.4344282848545637,0.05041480536056164,0.19270822264255183,0.948234964874927,0.27842766340877123,0.9330127018922194,0.2500000000000001,0.75
2018-04-29,0.7627386735962038,0.6435596066202925,0.3776403915507471,0.7351492321066356,0.3788728632478632,0.7136139377119951,0.45865724381625456,0.5053911735205618,0.05041480536056164,0.18615178628355267,0.9443573305090589,0.27075010055687976,0.9330127018922194,0.2500000000000001,0.75
2018-04-30,0.44661620155914583,0.09346765811145757,0.8456980937661001,0.6724137931034482,0.6620115995115994,0.7370490286771507,0.2823321554770319,0.9572467402206621,0.05041480536056164,0.17898964996918365,0.9403482046862693,0.2631403755833399,0.9330127018922194,0.2500000000000001,0.75
2018-05-01,0.29815840018077056,0.048692732070040774,0.5806285419886656,0.614604462474645,0.4853225478225478,0.6271970397779834,0.10000000000000002,0.7953861584754263,0.05041480536056164,0.17259260833528156,0.9362087737713902,0.25560074032820035,0.75,0.06698729810778065,0.75
2018-05-02,0.6345045757541521,0.5596066202926361,0.4229778464708913,0.656476383656911,0.4764130545380546,0.6645081714461918,0.19717314487632515,0.670135406218656,0.05041480536056164,0.16629120353643745,0.9319402626886263,0.24813342589083415,0.75,0.06698729810778065,0.875
2018-05-03,0.7759575189244153,0.6525945470536499,0.4678001030396703,0.7091422776006954,0.20654634717134723,0.6312056737588653,0.13710247349823323,0.7275576730190572,0.05041480536056164,0.1600960618876588,0.9275439345590806,0.24074064196972078,0.75,0.06698729810778065,0.875
2018-05-04,0.6854592701389673,0.422723274966019,0.6349819680577022,0.7632570269487104,0.1587937525437526,0.6632747456059205,0.1816254416961131,0.7158976930792378,0.05041480536056164,0.15398593075893174,0.9230210903269767,0.23342457620856094,0.75,0.06698729810778065,0.875
2018-05-05,0.7794599480284714,0.6729831294475094,0.41421947449768165,0.7559403071573456,0.3334986772486773,0.7289546716003701,0.19964664310954067,0.726554663991976,0.05041480536056164,0.148003315410282,0.9183730683746885,0.22618739354891737,0.75,0.06698729810778065,0.875
2018-05-06,0.8352728505253644,0.7659710562085231,0.38923235445646576,0.7899159663865545,0.19530932030932036,0.6860931236509404,0.09787985865724382,0.6260030090270812,0.05041480536056164,0.1420738316366652,0.9136012441266914,0.21903123558957455,0.75,0.06698729810778065,0.875
2018-05-07,0.5595977855609535,0.2814423922603342,0.6287995878413188,0.8088235294117646,0.452190170940171,0.8062750539623805,0.23074204946996474,0.46013039117352056,0.05041480536056164,0.1362824899581323,0.9087070296425512,0.21195821995280367,0.75,0.06698729810778065,0.875
2018-05-08,0.19240763755507853,0.08155432957543775,0.34621329211746527,0.7272529701535786,0.7421016483516483,0.8162195497995683,0.1544169611307421,0.2192828485456369,0.05041480536056164,0.1305442798546319,0.9036918731990744,0.20497043965772593,0.75,0.06698729810778065,0.875
2018-05-09,0.712687831883403,0.5420164707763652,0.5901597114889232,0.7308026658939437,0.49091244403744405,0.746145544249152,0.27526501766784456,0.6020561685055166,0.05041480536056164,0.1249123329011963,0.8985572588617388,0.1980699625009531,0.75,0.06698729810778065,0.875
2018-05-10,0.13241441645011864,0.004157671703845846,0.2962390520350335,0.5827296435815704,0.2563339438339438,0.5334566759173605,0.28586572438162544,0.2802156469408225,0.05041480536056164,0.11937602278281911,0.8933047060455347,0.19125883044469383,0.75,0.06698729810778065,0.875
2018-05-11,0.17184498926674951,0.008875029983209402,0.3794435857805255,0.6286583598956823,0.34069749694749696,0.6049953746530989,0.2151943462897527,0.28510531594784355,0.05041480536056164,0.11396722844452012,0.8879357690653457,0.18453905901250395,0.75,0.06698729810778065,0.875
2018-05-12,0.2787255677324596,0.060046374030542894,0.5342606903657909,0.6503911909591422,0.5269510582010581,0.6829324699352451,0.1021201413427562,0.4581243731193581,0.05041480536056164,0.1086540709412791,0.8824520366760022,0.17791263669286117,0.75,0.06698729810778065,0.875
2018-05-13,0.7060219184272963,0.4658191412808827,0.550489438433797,0.7373225152129816,0.5259335571835572,0.7584027135368486,0.141696113074205,0.701479438314945,0.05041480536056164,0.10351093447814175,0.8768551316021433,0.17138152435073895,0.75,0.06698729810778065,0.875
2018-05-14,0.6542763529544684,0.38074678180219074,0.5994332818134982,0.7740509997102288,0.32380698005698016,0.7298797409805735,0.17173144876325092,0.46489468405215645,0.05041480536056164,0.09843155590504327,0.8711467100580257,0.16494765464735456,0.75,0.06698729810778065,0.875
2018-05-15,0.8930064399502881,0.8651954905253058,0.28979907264296756,0.7894813097652853,0.32701210826210825,0.7475331483194573,0.1826855123674912,0.5438816449348045,0.05041480536056164,0.0934584404820098,0.8653284612574239,0.15861293146826433,0.75,0.06698729810778065,0.875
2018-05-16,0.9079200090385268,0.8980570880307027,0.25837197320968575,0.8506954505940305,0.21438746438746448,0.757631822386679,0.13710247349823323,0.5040120361083249,0.0548819400127632,0.08860221452404726,0.8594021069137645,0.15237922935997272,0.75,0.06698729810778065,0.875
2018-05-17,0.035702180544571235,0.002078835851922923,0.08088614116434828,0.8363517820921471,0.5557590557590557,0.8660962072155411,0.24063604240282693,0.39430792377131396,0.0657306955966816,0.08390538329118247,0.8533694007306438,0.14624839297522424,0.75,0.06698729810778065,0.875
2018-05-18,0.14913569088238618,0.002638522427440633,0.3351365275631118,0.6416980585337583,0.8294223137973136,0.7522355843354918,0.3346289752650177,0.4937311935807423,0.0657306955966816,0.07921917837332382,0.8472321278828785,0.140222236527141,0.75,0.06698729810778065,0.875
2018-05-19,0.9288216020788611,0.8309746541936515,0.2962390520350335,0.6666183714865255,0.40542328042328046,0.6426148627813753,0.26890459363957603,0.17113841524573722,0.06126356094447993,0.07470299449556861,0.8409921044882432,0.13430254325236746,0.75,0.06698729810778065,0.875
2018-05-20,0.9371822392949949,0.883984968417686,0.31993817619783615,0.7049405969284265,0.2241491147741148,0.6181776133209991,0.1777385159010601,0.37111334002006025,0.05041480536056164,0.07033557902790499,0.8346511770700529,0.1284910648833822,0.75,0.06698729810778065,0.875
2018-05-21,0.8906338266862501,0.8287359078915807,0.3596084492529624,0.752463054187192,0.3880876068376068,0.7384366327474561,0.17173144876325092,0.4384403209628887,0.05041480536056164,0.06611693197033142,0.828211222010746,0.12278952113013225,0.75,0.06698729810778065,0.875
2018-05-22,0.7532482205400519,0.5141920524506276,0.535548686244204,0.8146913937988988,0.5213611619861619,0.8330249768732655,0.11625441696113077,0.4468405215646941,0.0548819400127632,0.06197266911780308,0.8216741449966338,0.11719959917114331,0.75,0.06698729810778065,0.875
2018-05-23,0.5946220766015139,0.3173422883185416,0.6506955177743432,0.84026369168357,0.698139245014245,0.9200585877274129,0.24310954063604245,0.4005767301905718,0.06126356094447993,0.057987800990372484,0.8150418804539763,0.11172295315425645,0.75,0.06698729810778065,0.875
2018-05-24,0.898881482318382,0.8448069081314463,0.3057702215352911,0.8609823239640683,0.4528006715506715,0.8526056120875732,0.21802120141342757,0.6804162487462388,0.0548819400127632,0.05411982232801327,0.8083163909765543,0.10636120370713859,0.75,0.06698729810778065,0.875
2018-05-25,0.9123262908145973,0.8683936995282642,0.2949510561566203,0.8838017965807011,0.2666234228734229,0.8142923219241444,0.24522968197879863,0.7889919759277833,0.0657306955966816,0.05036873313072521,0.801499666744907,0.10111593745771341,0.75,0.06698729810778065,0.875
2018-05-26,0.923059541294769,0.8865435356200527,0.2820710973724884,0.9083598956824108,0.18999923687423692,0.8064292321924145,0.1226148409893993,0.5641925777331995,0.0657306955966816,0.04675578602852104,0.794593724937405,0.09598870656465225,0.75,0.06698729810778065,0.875
2018-05-27,0.642752231386284,0.39425921483968973,0.6071612570839773,0.8732251521298173,0.4772715710215709,0.8908418131359852,0.22473498233215555,0.16286359077231696,0.0657306955966816,0.043270354706395064,0.787600609133335,0.0909810282580657,0.75,0.06698729810778065,0.875
2018-05-28,0.4552028019432832,0.2441832573758695,0.5059247810407006,0.8370037670240509,0.5710724460724461,0.8866790009250693,0.23392226148409895,0.30541624874623874,0.0657306955966816,0.039880560219327066,0.7805223887081723,0.08609438439053063,0.75,0.06698729810778065,0.875
2018-05-29,0.5803863970172862,0.38834252818421683,0.48171045852653277,0.8656911040278179,0.4423585673585674,0.8611625038544557,0.21060070671378095,0.47956369107321967,0.0657306955966816,0.03668203940237613,0.7733611582212179,0.08133022099858572,0.75,0.06698729810778065,0.875
2018-05-30,0.6114563326177833,0.3746701846965699,0.7035033487892839,0.8275137641263401,0.5277141839641841,0.8610083256244219,0.09611307420494701,0.6268806419257773,0.0657306955966816,0.033589781735489765,0.766119036795786,0.0766899478748268,0.75,0.06698729810778065,0.875
2018-05-31,0.8195684103491131,0.6290877108819061,0.42993302421432256,0.8565633149811648,0.45387540700040696,0.852913968547641,0.19611307420494706,0.30052657973921765,0.0657306955966816,0.030614413533675,0.7587981674921209,0.0721749381507259,0.75,0.06698729810778065,0.875
2018-06-01,0.40300531013444807,0.15007595746382024,0.5984028851107677,0.8320776586496668,0.565717846967847,0.8770428615479494,0.4544169611307421,0.48721163490471414,0.0657306955966816,0.027798440056957086,0.7514007166732315,0.06778652789030004,0.5000000000000001,0.0,0.875
2018-06-02,0.7595751892441532,0.5782361877348684,0.5370942812983,0.7505795421616921,0.3358389295889296,0.7189330866481652,0.5201413427561837,0.8549398194583753,0.0657306955966816,0.02449365608994092,0.7439288733638278,0.0635260156947478,0.5000000000000001,0.0,0.875
2018-06-03,0.9584227770873348,0.9274806108579196,0.2699639361154044,0.7894088669950738,0.30020095645095646,0.7351218008017268,0.18692579505300355,0.7398445336008024,0.0657306955966816,0.0219539668033919,0.7363848486025563,0.0593946623181732,0.5000000000000001,0.0,0.875
2018-06-04,0.9473505818551576,0.9189254017750059,0.26403915507470377,0.8664155317299332,0.2825600325600325,0.803422756706753,0.11166077738515905,0.5156720160481445,0.0657306955966816,0.01954179329692063,0.7287708747877152,0.05539369029450725,0.5000000000000001,0.0,0.875
2018-06-05,0.9100666591345611,0.777964339969617,0.35033487892838744,0.8638800347725296,0.4167302604802604,0.8524514338575393,0.2286219081272085,0.12537612838515547,0.0657306955966816,0.017320893460565534,0.7210892050166531,0.051524283575741125,0.5000000000000001,0.0,1.0
2018-06-06,0.9411365947350582,0.7944351163348524,0.38356517259144773,0.8205592581860329,0.24402854090354087,0.7447579401788468,0.21060070671378095,0.10594282848545639,0.0657306955966816,0.015163751514249979,0.7133421124190418,0.04778758718157594,0.5000000000000001,0.0,1.0
2018-06-07,0.44458253304711337,0.15359398736707444,0.7305512622359609,0.8255578093306286,0.36079950142450135,0.8026518655565834,0.29045936395759725,0.38904212637913743,0.0657306955966816,0.013187256923044233,0.7055318894842194,0.044184706860592116,0.5000000000000001,0.0,1.0
2018-06-08,0.9172974805106767,0.7850003997761253,0.3222565687789799,0.8916256157635467,0.49025742775742787,0.8993987049028678,0.17243816254416966,0.6350300902708124,0.0657306955966816,0.011348904426923045,0.6976608473828072,0.040716708763041676,0.5000000000000001,0.0,1.0
2018-06-09,0.920122020110722,0.8210602062844806,0.3248325605358063,0.9212547087800635,0.36170253357753357,0.8900709219858156,0.18480565371024743,0.503259779338014,0.0657306955966816,0.009638067710879161,0.6897313152827955,0.03738461912535618,0.5000000000000001,0.0,1.0
2018-06-10,0.8533499039656536,0.6330055169105301,0.4304482225656878,0.8974934801506809,0.5337937525437526,0.9257631822386678,0.47773851590106015,0.4280341023069208,0.0657306955966816,0.008097252034939162,0.6817456396603067,0.034189423966467736,0.5000000000000001,0.0,1.0
2018-06-11,0.7863518246525816,0.629327576557128,0.31014940752189596,0.7713706172124021,0.4026760276760277,0.7449892075238976,0.2346289752650177,0.7774573721163491,0.0657306955966816,0.006567062674006197,0.6737061836052344,0.031132068796029422,0.5000000000000001,0.0,1.0
2018-06-12,0.9715286408315444,0.8784680578875829,0.31813498196805773,0.7487684729064039,0.284035409035409,0.6797718162195499,0.265017667844523,0.7818455366098296,0.0657306955966816,0.005302531188234427,0.6656153261219682,0.02821345833462452,0.5000000000000001,0.0,1.0
2018-06-13,0.8553835724776861,0.6826577116814584,0.5115919629057186,0.8017241379310345,0.25780932030932036,0.7337341967314215,0.2696113074204948,0.5178034102306921,0.0657306955966816,0.004165515482541293,0.6574754614254064,0.025434456246044346,0.5000000000000001,0.0,1.0
2018-06-14,0.8846458027341544,0.7134404733349324,0.40494590417310666,0.8831498116487972,0.5359495828245828,0.9153561517113783,0.2346289752650177,0.4266549648946841,0.0657306955966816,0.00316664187193183,0.6492889982324707,0.0227958848817168,0.5000000000000001,0.0,1.0
2018-06-15,0.9475765450231612,0.8607979531462381,0.30190623390005156,0.8561286583598955,0.37034493284493286,0.814831945729263,0.2893992932862191,0.4904714142427283,0.07019783024888321,0.002295284041400336,0.641058359049327,0.02029852503735896,0.5000000000000001,0.0,1.0
2018-06-16,0.3745339509659925,0.10234268809466698,0.6633178773827924,0.7652129817444218,0.6338458994708993,0.8323311748381128,0.32756183745583045,0.061685055165496494,0.07657945118059989,0.0015301893609336314,0.6327859794545286,0.017943115721927694,0.5000000000000001,0.0,1.0
2018-06-17,0.21884532821150154,0.012233149436315663,0.4814528593508501,0.7649956534337872,0.5694190069190068,0.8085877274128893,0.21908127208480566,0.09729187562688066,0.07019783024888321,0.0009776209805965053,0.6244743073782868,0.015730353938934127,0.5000000000000001,0.0,1.0
2018-06-18,0.5706699807931307,0.30646837770848323,0.5463678516228749,0.7775282526803824,0.4704288766788767,0.7829941412272587,0.17738515901060076,0.15697091273821467,0.07211231652839822,0.0005313157503239463,0.6161258023780913,0.013660894480189922,0.5000000000000001,0.0,1.0
2018-06-19,0.7324596090837193,0.42224354361557526,0.7416280267903144,0.8023036800927267,0.47598697598697604,0.8169904409497379,0.12155477031802124,0.14117352056168506,0.05041480536056164,0.0002231526151363905,0.6077429349108862,0.01173534973204321,0.5000000000000001,0.0,1.0
2018-06-20,0.6387978759462207,0.20724394339170063,0.9507985574446163,0.8254853665604172,0.39561075498575504,0.8162966389145853,0.09399293286219083,0.3179538615847543,0.05041480536056164,9.563683505842135e-05,0.5993281856020221,0.009954289494164048,0.5000000000000001,0.0,1.0
2018-06-21,0.47248898429555986,0.13352522587351082,0.8884595569294178,0.8422920892494927,0.3689013532763533,0.8230033919210608,0.07279151943462896,0.645060180541625,0.05041480536056164,8.50105200518314e-05,0.5908840445111997,0.008318240810931299,0.5000000000000001,0.0,1.0
2018-06-22,0.7181109479154898,0.4981210522107619,0.7004121586810923,0.8501159084323384,0.47652116402116407,0.8586956521739131,0.1579505300353357,0.5131644934804414,0.05041480536056164,0.0002231526151363905,0.5824130103956213,0.006827687815471828,0.5000000000000001,0.0,1.0
2018-06-23,0.46073889955937186,0.11169744942832013,0.8333333333333335,0.8012894813097652,0.7813263125763126,0.9050262102991058,0.08763250883392228,0.27469909729187564,0.05041480536056164,0.00045693154527870483,0.5739175899705675,0.005483071586397714,0.5000000000000001,0.0,1.0
2018-06-24,0.5412947689526607,0.18309746541936514,0.8284389489953632,0.8147638365691103,0.7308391839641839,0.9010946654332408,0.2063604240282686,0.14255265797392178,0.0548819400127632,0.0008819841455380839,0.5654002971676201,0.004284790017283879,0.5000000000000001,0.0,1.0
2018-06-25,0.6689639588747034,0.44119293195810344,0.7369912416280269,0.8475804114749348,0.6122240028490029,0.8993987049028678,0.16219081272084807,0.4794383149448345,0.06126356094447993,0.0014132998958620302,0.5568636523907493,0.0032331976989251054,0.5000000000000001,0.0,1.0
2018-06-26,0.7900802169246413,0.6376429199648197,0.3696548171045853,0.8826427122573166,0.5071225071225072,0.8993987049028678,0.17031802120141343,0.5066449348044133,0.05041480536056164,0.002135889316302819,0.5483101817704863,0.0023286058144070254,0.5000000000000001,0.0,1.0
2018-06-27,0.9606824087673709,0.9370752378667946,0.2506439979392066,0.8914082874529121,0.3200803825803826,0.8334104224483503,0.10812720848056541,0.7130140421263793,0.05041480536056164,0.0029541155718020295,0.5397424164163998,0.001571282047021616,0.5000000000000001,0.0,1.0
2018-06-28,0.59812450570557,0.4789317981930119,0.3493044822256569,0.912199362503622,0.572223494098494,0.9609929078014184,0.1954063604240283,0.4206369107321966,0.05041480536056164,0.0039742418124244505,0.5311628916681003,0.0009614505010558938,0.5000000000000001,0.0,1.0
2018-06-29,0.8357247768613716,0.5962261133765091,0.47604327666151475,0.8584468270066646,0.6652167277167278,0.9274591427690411,0.19575971731448766,0.553284854563691,0.05041480536056164,0.005036873313072787,0.5225741463449918,0.0004992916354755184,0.5000000000000001,0.0,1.0
2018-06-30,0.8836289684781381,0.6634684576637083,0.470891293147862,0.8146913937988988,0.48131613756613767,0.8303268578476719,0.1830388692579506,0.7838515546639919,0.0548819400127632,0.0062907784838375225,0.5139787219949951,0.00018494221052428594,0.5000000000000001,0.0,1.0
2018-07-01,0.7492938650999887,0.6402014871671864,0.5837197320968572,0.827079107505071,0.37617012617012613,0.8115171137835338,0.19929328621908132,0.7385907723169509,0.06126356094447993,0.007714704694705921,0.5053791621424623,1.849524725433538e-05,0.2500000000000001,0.06698729810778059,1.0
2018-07-02,0.8265732685572251,0.7418245782361876,0.3778979907264297,0.855911330049261,0.37419235856735855,0.8390379278445883,0.10812720848056541,0.44470912738214646,0.05041480536056164,0.009266146685652288,0.49677801153550777,0.0,0.2500000000000001,0.06698729810778059,1.0
2018-07-03,0.8113207547169812,0.5978252178779883,0.574703760947965,0.8832222544190089,0.7040661884411885,0.9687789084181313,0.15371024734982336,0.4450852557673019,0.0548819400127632,0.010923851826663444,0.48817781539297506,0.00012946194180257775,0.2500000000000001,0.06698729810778059,1.0
2018-07-04,0.9464467291831431,0.8907811625489725,0.28567748583204533,0.8390321645899738,0.49310643060643067,0.8467468393462843,0.23286219081272092,0.8411484453360081,0.0657306955966816,0.012740951692772118,0.4795811186512666,0.0004068427627906268,0.2500000000000001,0.06698729810778059,1.0
2018-07-05,0.9452039317591233,0.9128488046693851,0.258887171561051,0.8354100260793971,0.368278133903134,0.809127351218008,0.09858657243816256,0.31544633901705116,0.0657306955966816,0.01465368839393899,0.47099046521125565,0.0008320603815165084,0.2500000000000001,0.06698729810778059,1.0
2018-07-06,0.8706360863179302,0.74894059326777,0.386913961875322,0.906476383656911,0.5168014855514856,0.9390995991366019,0.36360424028268556,0.4361835506519559,0.0657306955966816,0.016757698765222262,0.46240839718550564,0.0014049889692458462,0.2500000000000001,0.06698729810778059,1.0
2018-07-07,0.9127782171506045,0.8635963860238266,0.2854198866563627,0.9681251811069255,0.4512807794057795,0.9700123342584027,0.2448763250883393,0.4956118355065196,0.0657306955966816,0.01902110386160305,0.4538374541460177,0.0021254589871919083,0.2500000000000001,0.06698729810778059,1.0
2018-07-08,0.7229691560275675,0.5181898137043256,0.5762493560020607,0.9208200521587946,0.47810464997964996,0.9320074005550416,0.2109540636042403,0.19859578736208627,0.0657306955966816,0.021369519478035226,0.4452801723727302,0.0029932572366851984,0.2500000000000001,0.06698729810778059,1.0
2018-07-09,0.32922833578126764,0.2146797793235788,0.4379185986604843,0.8991596638655461,0.42802452177452177,0.897086031452359,0.2480565371024735,0.30905215646940826,0.06126356094447993,0.023866703504558773,0.4367390841029935,0.004008126922262156,0.2500000000000001,0.06698729810778059,1.0
2018-07-10,0.8216020788611457,0.5923882625729591,0.5468830499742401,0.947261663286004,0.4098557692307693,0.9290780141843971,0.2445229681978799,0.412863590772317,0.05041480536056164,0.026480776996153477,0.42821671678223944,0.005169767727655095,0.2500000000000001,0.06698729810778059,1.0
2018-07-11,0.7797988927804768,0.5103542016470776,0.6553323029366307,0.9076354679802955,0.3481634106634107,0.8763490595127967,0.18197879858657245,0.864468405215647,0.0548819400127632,0.0292648715278514,0.4197155923160698,0.0064778359046607226,0.2500000000000001,0.06698729810778059,1.0
2018-07-12,0.6316800361541068,0.4579035739985608,0.4474497681607419,0.8691683569979715,0.43412952787952797,0.8727258711069996,0.0992932862190813,0.7293129388164494,0.0657306955966816,0.03214460289460841,0.411238226323984,0.007931944374860722,0.2500000000000001,0.06698729810778059,1.0
2018-07-13,0.920122020110722,0.9024546254097705,0.2524471921689851,0.9223413503332366,0.29576210826210825,0.8638606228800494,0.09929328621908128,0.5411233701103311,0.0657306955966816,0.03516247635644909,0.40278712739496714,0.00953166284416429,0.2500000000000001,0.06698729810778059,1.0
2018-07-14,0.8594509095017512,0.7541376828975773,0.31014940752189596,0.9476963199072731,0.3086271367521367,0.8963922294172063,0.32826855123674914,0.5624373119358075,0.0657306955966816,0.03833974454338729,0.39436479634515725,0.011276517930139396,0.2500000000000001,0.06698729810778059,1.0
2018-07-15,0.9102926223025647,0.7996322059646598,0.29314786192684184,0.8401188061431468,0.15451388888888895,0.7302651865556583,0.15759717314487637,0.783099297893681,0.0657306955966816,0.04157014430535777,0.3859737254778142,0.013165993302094225,0.2500000000000001,0.06698729810778059,1.0
2018-07-16,0.9224946333747599,0.9035739985608059,0.24961360123647608,0.869240799768183,0.2088611619861621,0.7834566759173605,0.10812720848056538,0.4375626880641926,0.0657306955966816,0.04493868616241281,0.3776163978458068,0.015199529833867298,0.2500000000000001,0.06698729810778059,1.0
2018-07-17,0.851316235453621,0.7375069960821939,0.38562596599690885,0.895320197044335,0.24218432030932024,0.8253931544865865,0.09787985865724382,0.291123370110331,0.0657306955966816,0.048519754319596764,0.3692952865168381,0.017376525769282503,0.2500000000000001,0.06698729810778059,0.875
2018-07-18,0.3958874703423342,0.060366194930838724,0.7462648119526019,0.8535931614024919,0.6213560744810744,0.9182084489670059,0.149469964664311,0.37161484453360083,0.0657306955966816,0.05217520668182685,0.36101285384162396,0.019696336900218048,0.2500000000000001,0.06698729810778059,0.875
2018-07-19,0.8400180770534403,0.6613896218117854,0.3879443585780526,0.883512025499855,0.448387260887261,0.8812827628738822,0.16113074204947003,0.668505516549649,0.0657306955966816,0.056553248464497496,0.35277155072524496,0.022158276757238082,0.2500000000000001,0.06698729810778059,0.875
2018-07-20,0.9200090385267201,0.9331574318381706,0.2212776919113859,0.8509127789046652,0.4173789173789174,0.835877274128893,0.16749116607773856,0.17728184553660986,0.0657306955966816,0.06048498501689603,0.34457381590188274,0.024761616812730036,0.2500000000000001,0.06698729810778059,0.875
2018-07-21,0.8822731894701163,0.8129047733269369,0.28026790314270994,0.8590263691683568,0.42938542938542945,0.8528368794326241,0.2346289752650177,0.3037863590772317,0.0657306955966816,0.0645336110343655,0.33642207521316037,0.02750558669648795,0.2500000000000001,0.06698729810778059,0.875
2018-07-22,0.5264941814484239,0.490365395378588,0.40855229263266357,0.8575050709939147,0.5109572140822141,0.88945420906568,0.230035335689046,0.6879388164493481,0.0657306955966816,0.06870975283191316,0.32831874089029633,0.030389374423676896,0.2500000000000001,0.06698729810778059,0.875
2018-07-23,0.9258840808948141,0.953386103781882,0.20324574961360126,0.8488843813387423,0.21550035612535623,0.7611779216774591,0.18798586572438164,0.8723671013039118,0.0657306955966816,0.07300278409453176,0.3202662108402873,0.03341212663511267,0.2500000000000001,0.06698729810778059,0.875
2018-07-24,0.8837419500621398,0.8426481170544494,0.25708397733127253,0.89792813677195,0.18921067358567356,0.8008017267961764,0.115547703180212,0.40346038114343036,0.0657306955966816,0.07739145219220878,0.31226686793632763,0.03657294884978457,0.2500000000000001,0.06698729810778059,0.875
2018-07-25,0.8628403570218054,0.8205804749340369,0.35059247810407007,0.823964068385975,0.29678596866096874,0.7716620413197657,0.2777385159010601,0.7122617853560682,0.06126356094447993,0.08190763606996354,0.30432307931267977,0.039870905729546546,0.2500000000000001,0.06698729810778059,0.875
2018-07-26,0.6681730877866907,0.5223474854081714,0.5126223596084494,0.7776006954505938,0.40354090354090355,0.7725871106999691,0.16431095406360424,0.9943580742226679,0.05041480536056164,0.08656196204280286,0.29643719566420024,0.043305021355898865,0.2500000000000001,0.06698729810778059,0.875
2018-07-27,0.7825104507965202,0.5353002318701526,0.6481195260175168,0.8069400173862648,0.30189891127391133,0.7592506938020351,0.05123674911660776,0.4660230692076229,0.05041480536056164,0.09129067222068743,0.28861155055073284,0.04687427951877804,0.2500000000000001,0.06698729810778059,0.875
2018-07-28,0.6719014800587504,0.4750139921643879,0.5803709428129831,0.8291799478412054,0.3074570105820106,0.7837650323774283,0.05441696113074207,0.46564694082246744,0.05041480536056164,0.09617877712366907,0.28084845970656885,0.05057762401726984,0.2500000000000001,0.06698729810778059,0.875
2018-07-29,0.6581177268105298,0.4175261853362117,0.5775373518804741,0.8180237612286293,0.36497761497761505,0.7977952513105149,0.024028268551236756,0.621740220661986,0.05041480536056164,0.10116251886170913,0.2731502203551856,0.05441395897215595,0.2500000000000001,0.06698729810778059,0.875
2018-07-30,0.8480397695175687,0.8081874150475733,0.3369397217928903,0.8541727035641842,0.250082671957672,0.7789084181313599,0.09575971731448767,0.7200351053159479,0.05041480536056164,0.10621001848978828,0.26551911052945965,0.05838214915020273,0.2500000000000001,0.06698729810778059,0.875
2018-07-31,0.6952886679471246,0.5381786199728152,0.46702730551262234,0.8880034772529701,0.23770731583231586,0.8027289546716003,0.28515901060070675,0.6460631895687061,0.05041480536056164,0.11144879178798361,0.25795738839756116,0.06248102030009428,0.2500000000000001,0.06698729810778059,0.875
2018-08-01,0.8787707603660604,0.9039737746861757,0.2138073158165894,0.7941900898290349,0.366427553927554,0.7677304964539007,0.17031802120141343,0.10318455366098295,0.05041480536056164,0.11671944403119894,0.2504672915947252,0.06670935949991313,0.06698729810778081,0.24999999999999978,0.875
2018-08-02,0.7059089368432946,0.4876469177260734,0.6550747037609479,0.8748913358446826,0.3352284289784291,0.8405797101449275,0.2809187279151944,0.4823219658976931,0.05041480536056164,0.12212823836949838,0.24305103656110022,0.07106591551606228,0.06698729810778081,0.24999999999999978,0.875
2018-08-03,0.632131962490114,0.39321979691372827,0.5499742400824317,0.9425528832222543,0.27348519536019533,0.8649398704902868,0.11378091872791522,0.6535857572718156,0.05041480536056164,0.12765392217286875,0.23571081788586645,0.07554939917352649,0.06698729810778081,0.24999999999999978,0.875
2018-08-04,0.7772003163484352,0.6067802030862717,0.4634209170530655,0.8951753115039118,0.337047212047212,0.8432778291705211,0.2063604240282686,0.8370110330992979,0.0548819400127632,0.13324336386627844,0.22844880765782277,0.08015848373735907,0.06698729810778081,0.24999999999999978,0.875
2018-08-05,0.762060784092193,0.580954665387383,0.5170015455950541,0.8732975949000289,0.34771189458689455,0.8445883441258094,0.16678445229681982,0.845160481444333,0.0657306955966816,0.13893906870975292,0.22126715482262993,0.0848918053052849,0.06698729810778081,0.24999999999999978,0.75
2018-08-06,0.7646593605242346,0.5793555608859039,0.4106130860381247,0.8690234714575484,0.37227818477818475,0.8495220474868949,0.08409893992932864,0.7899949849548646,0.0657306955966816,0.14476228933330493,0.2141679845469039,0.08974796321129969,0.06698729810778081,0.24999999999999978,0.75
2018-08-07,0.8115467178849848,0.7342288318541617,0.30061823802163834,0.9138655462184873,0.2178660459910461,0.8222325007708912,0.12226148409893993,0.754638916750251,0.0657306955966816,0.15129747306229113,0.20715339758934354,0.09472552044015142,0.06698729810778081,0.24999999999999978,0.75
2018-08-08,0.7969720935487515,0.7263132645718398,0.3330757341576507,0.9268328020863517,0.16717541717541717,0.8137526981190256,0.1554770318021202,0.7152708124373119,0.06126356094447993,0.15733321998597338,0.20022546967908378,0.09982300405257472,0.06698729810778081,0.24999999999999978,0.75
2018-08-09,0.7304259405716869,0.4995602462620932,0.6202988150437918,0.9288611996522746,0.1690323565323566,0.8210761640456368,0.05053003533568906,0.5055165496489469,0.05041480536056164,0.16344335111470043,0.1933862509014529,0.10503890562115786,0.06698729810778081,0.24999999999999978,0.75
2018-08-10,0.765563213196249,0.6250099944031342,0.4763008758371973,0.9466821211243117,0.184015059015059,0.8332562442183163,0.08939929328621908,0.3763791374122368,0.05041480536056164,0.16962786644847272,0.18663776509131952,0.11037168167671108,0.06698729810778081,0.24999999999999978,0.75
2018-08-11,0.7933566828606937,0.7221555928679939,0.3686244204018547,0.9528397565922919,0.2034493284493285,0.849059512796793,0.16501766784452299,0.4038365095285858,0.0548819400127632,0.17597177650734253,0.17998200923420765,0.11581975416500345,0.06698729810778081,0.24999999999999978,0.75
2018-08-12,0.8112077731329793,0.7905972655313024,0.28979907264296756,0.9889162561576353,0.07978479853479858,0.8112858464384829,0.3869257950530036,0.521690070210632,0.05679642629227827,0.18240069708626416,0.17342095287535603,0.12138151091373472,0.06698729810778081,0.24999999999999978,0.75
2018-08-13,0.62625692012202,0.3264571839769729,0.7591447707367336,0.8771370617212402,0.31358109483109475,0.8400400863398089,0.2749116607773852,0.15170511534603812,0.0261646458200383,0.18882961766518624,0.1669565375368987,0.12705530610960258,0.06698729810778081,0.24999999999999978,0.75
2018-08-14,0.5336120212405377,0.2939154073718717,0.7060793405461103,0.7863662706461894,0.31997863247863256,0.7446808510638299,0.12508833922261486,0.1182296890672016,0.00893426930440333,0.19541793296920518,0.16059067614333672,0.1328394607853262,0.06698729810778081,0.24999999999999978,0.75
2018-08-15,0.7654502316122472,0.7014471895738386,0.35522926326635756,0.8384526224282816,0.22581527269027268,0.7586339808818995,0.10141342756183745,0.5132898696088266,0.01978302488832165,0.20207000616326276,0.15432525245547324,0.13873226331647887,0.06698729810778081,0.24999999999999978,0.75
2018-08-16,0.7631905999322111,0.7107219956824178,0.3261205564142195,0.8874963778614894,0.2378726597476597,0.799568300955905,0.061130742049469985,0.316950852557673,0.01978302488832165,0.20878583724735922,0.14816212051297828,0.1447319699279857,0.06698729810778081,0.24999999999999978,0.75
2018-08-17,0.626934809626031,0.3147837211161749,0.7825862957238536,0.8877861489423355,0.2015415140415141,0.799568300955905,0.1303886925795053,0.46890672016048146,0.01978302488832165,0.21559730516651454,0.14210310408574933,0.15083680521013415,0.06698729810778081,0.24999999999999978,0.75
2018-08-18,0.6270477912100327,0.30862716878548013,0.76172076249356,0.9135033323674296,0.35475172975172986,0.8822078322540857,0.2197879858657244,0.44395687061183553,0.01978302488832165,0.22248315729071466,0.13614999613422685,0.15704496264394718,0.06698729810778081,0.24999999999999978,0.75
2018-08-19,0.34165631002146646,0.05948668745502518,0.6854714064914993,0.7629672558678642,0.45556064306064314,0.7725100215849522,0.3254416961130742,0.0,0.01978302488832165,0.2294008883599341,0.13030455827883058,0.1633546051357599,0.06698729810778081,0.24999999999999978,0.75
2018-08-20,0.670997627386736,0.4867674102502598,0.6045852653271511,0.7616632860040567,0.29891636141636135,0.7182392846130127,0.16254416961130747,0.10619358074222668,0.01978302488832165,0.23645676152423833,0.12456852027866577,0.169763865560847,0.06698729810778081,0.24999999999999978,0.75
2018-08-21,0.670997627386736,0.4990005596865755,0.5806285419886656,0.7950594030715734,0.23810795685795694,0.7285692260252852,0.10000000000000002,0.8543129388164494,0.01978302488832165,0.24357639257858166,0.11894357951966056,0.1762708473159335,0.06698729810778081,0.24999999999999978,0.75
2018-08-22,0.7325725906677212,0.6903334132885584,0.3361669242658424,0.830483917705013,0.26292862230362235,0.7722787542399013,0.21625441696113074,0.6137161484453362,0.01978302488832165,0.25072790257794386,0.11343140051228207,0.18287362488043107,0.06698729810778081,0.24999999999999978,0.75
2018-08-23,0.3195119195571122,0.13040697209562643,0.5146831530139104,0.8147638365691103,0.6989850427350428,0.8965464076472403,0.13321554770318023,0.4455867602808426,0.01978302488832165,0.25795379678235175,0.10803361439898135,0.18957024438622927,0.06698729810778081,0.24999999999999978,0.75
2018-08-24,0.7131397582194102,0.6901735028384105,0.3075734157650696,0.8472906403940886,0.6108185795685797,0.8975485661424607,0.22826855123674916,0.525075225677031,0.01978302488832165,0.2652859541368242,0.10275181847151083,0.1963587241958789,0.06698729810778081,0.24999999999999978,0.75
2018-08-25,0.5696531465371144,0.32957543775485726,0.5772797527047915,0.7971602434077079,0.5207824582824582,0.8180696885599753,0.18869257950530038,0.36785356068204617,0.01978302488832165,0.2726074851762905,0.09758757569826165,0.20323705548898768,0.06698729810778081,0.24999999999999978,0.75
2018-08-26,0.5102248333521636,0.33517230351003435,0.47269448737764036,0.7843378730802665,0.6772168803418803,0.8582331174838114,0.2197879858657244,0.42427281845536613,0.01978302488832165,0.2800352793658214,0.09254241426175541,0.21020320285666405,0.06698729810778081,0.24999999999999978,0.75
2018-08-27,0.18856626369901708,0.016870552490605262,0.40082431736218443,0.6786438713416401,0.7776251526251525,0.7774437249460376,0.24522968197879863,0.1450601805416249,0.01978302488832165,0.2874524472403457,0.08761782710642946,0.217255104903828,0.06698729810778081,0.24999999999999978,0.625
2018-08-28,0.30595412947689526,0.15807147997121612,0.48016486347243686,0.6940741813966965,0.6196962759462759,0.7511563367252544,0.07314487632508836,0.7656720160481445,0.01978302488832165,0.295592204535311,0.0828152714968523,0.22439067485920916,0.06698729810778081,0.24999999999999978,0.625
2018-08-29,0.6491921816743871,0.5778364116094986,0.381246780010304,0.7769487105186901,0.378885582010582,0.7454517422139995,0.17561837455830392,0.5659478435305918,0.01978302488832165,0.3032750302849978,0.07813616858649447,0.23160780119285762,0.06698729810778081,0.24999999999999978,0.625
2018-08-30,0.7044401762512711,0.7541376828975773,0.23080886141164347,0.8606925528832221,0.33945741758241754,0.8123650940487204,0.17349823321554775,0.5150451354062187,0.02425015954052334,0.31096848234969077,0.0735819029971867,0.23890434824097873,0.06698729810778081,0.24999999999999978,0.625
2018-08-31,0.4985877301999774,0.2811225713600384,0.6280267903142711,0.840553462764416,0.23331298331298345,0.7629509713228492,0.19893992932862198,0.7038615847542629,0.03509891512444163,0.31868318704439647,0.06915382240938822,0.2462781568379105,0.06698729810778081,0.24999999999999978,0.625
2018-09-01,0.6894136255790306,0.7291116974494283,0.21689850592478105,0.8167197913648216,0.3143887362637363,0.7660345359235277,0.20318021201413428,0.418505516549649,0.03509891512444163,0.32647227594414785,0.06485323716338537,0.2537270449550566,0.0,0.4999999999999999,0.625
2018-09-02,0.7120099423793922,0.801151355241065,0.1865018031942298,0.7636916835699796,0.2800607956857958,0.6989670058587727,0.18833922261484104,0.6900702106318957,0.03509891512444163,0.3343038701039256,0.060681419871542686,0.2612488083465813,0.0,0.4999999999999999,0.625
2018-09-03,0.6612812111625805,0.6595506516350843,0.25759917568263785,0.8337438423645319,0.3817918192918194,0.81490903484428,0.2939929328621908,0.43593279839518556,0.03509891512444163,0.34220984846874813,0.05663960504171456,0.2688412212016844,0.0,0.4999999999999999,0.625
2018-09-04,0.47294091063156707,0.24754137682897576,0.5801133436373005,0.7831063459866704,0.42515644078144077,0.771199506629664,0.27137809187279155,0.5638164493480442,0.03509891512444163,0.3501158268335707,0.05272898871193582,0.27650203680325147,0.0,0.4999999999999999,0.625
2018-09-05,0.6081798666817309,0.5839929639401935,0.36424523441524986,0.740365111561866,0.18474002849002846,0.6432315757015109,0.15653710247349822,0.1973420260782347,0.03509891512444163,0.3580643104584196,0.04895072809649448,0.28422898819269493,0.0,0.4999999999999999,0.625
2018-09-06,0.62749971754604,0.6557128008315343,0.2220504894384338,0.8132425383946681,0.26747557997558014,0.7627197039777983,0.3696113074204948,0.441950852557673,0.03509891512444163,0.366108430918326,0.045305941243492465,0.29201978884078467,0.0,0.4999999999999999,0.625
2018-09-07,0.6326968704101231,0.6568321739825698,0.25914477073673364,0.8427991886409736,0.34520629833129823,0.8116712920135677,0.2855123674911661,0.47342026078234706,0.03509891512444163,0.3741631776932395,0.04179570670399896,0.29987213332426665,0.0,0.4999999999999999,0.625
2018-09-08,0.5923624449214778,0.5550491724634204,0.3418341061308604,0.8286004056795131,0.2292684167684167,0.755781683626272,0.48551236749116616,0.4546138415245738,0.03509891512444163,0.382271056043185,0.03842106321288835,0.30778369800807615,0.0,0.4999999999999999,0.625
2018-09-09,0.4259405716868151,0.19285200287838808,0.6027820710973726,0.8232396406838596,0.5100414631664631,0.8417360468701819,0.17208480565371026,0.5892678034102308,0.03509891512444163,0.3903789343931314,0.03518300938146257,0.31575214173293803,0.0,0.4999999999999999,0.625
2018-09-10,0.6286295333860581,0.673622771248101,0.20453374549201445,0.8180237612286293,0.35543218355718365,0.774668516805427,0.13674911660777384,0.315320962888666,0.03509891512444163,0.3985186916880963,0.03208250340194535,0.3237751065081549,0.0,0.4999999999999999,0.625
2018-09-11,0.5353067450005649,0.48069081314463896,0.34415249871200415,0.8211388003477252,0.38949303011803005,0.8007246376811594,0.2738515901060071,0.6434302908726179,0.03509891512444163,0.40672220687310023,0.029120462763938537,0.33185021820937227,0.0,0.4999999999999999,0.625
2018-09-12,0.3119421534289911,0.30311025825537696,0.3068006182380216,0.8105621558968414,0.43341091778591767,0.8152173913043479,0.30565371024734994,0.33487963891675027,0.03509891512444163,0.4149363483731112,0.026297763982921718,0.33997508728112136,0.0,0.4999999999999999,0.625
2018-09-13,0.48548186645576774,0.46973694730950666,0.3021638330757342,0.7560851926977686,0.47881054131054135,0.7708911501695961,0.23604240282685518,0.47392176529588764,0.03509891512444163,0.4231292372431086,0.023615242340876696,0.348147309443928,0.0,0.4999999999999999,0.625
2018-09-14,0.4337363009829398,0.25897497401455183,0.5468830499742401,0.7473920602723847,0.4466320716320715,0.7490749306197965,0.17067137809187283,0.17214142427281845,0.03509891512444163,0.43138588400314504,0.021073691639115155,0.3563644664057755,0.0,0.4999999999999999,0.625
2018-09-15,0.1657439837306519,0.10490125529703366,0.2879958784131891,0.7858591712547087,0.643308658933659,0.8541473943879124,0.22473498233215555,0.24661484453360083,0.0395660497766433,0.439695662338214,0.0186738639633795,0.36462412657771703,0.0,0.4999999999999999,0.625
2018-09-16,0.5467178849847475,0.5646437994722955,0.35780525502318394,0.8167197913648216,0.5098506817256817,0.8441258094357077,0.33533568904593647,0.5748495486459377,0.05041480536056164,0.44798418804327067,0.016416469461288274,0.3729238457934233,0.0,0.4999999999999999,0.625
2018-09-17,0.49011411139984185,0.48340929079715356,0.2810407006697579,0.6992176180817153,0.50555173992674,0.7209374036386063,0.13003533568904596,0.22053660982948847,0.05041480536056164,0.45626208743331986,0.014302176132192812,0.3812611680324481,0.0,0.4999999999999999,0.625
2018-09-18,0.4611908258953791,0.38770288638362516,0.4350850077279753,0.7069689944943494,0.43065094627594636,0.708063521430774,0.12049469964664312,0.17991474423269813,0.05041480536056164,0.4645399868233695,0.012331609629504747,0.389633626147007,0.0,0.4999999999999999,0.625
2018-09-19,0.3955485255903288,0.24954025745582473,0.3807315816589387,0.6900173862648507,0.4521456552706553,0.7012025901942646,0.2657243816254417,0.10882647943831494,0.04594767070835992,0.4728710177884512,0.010505353075555668,0.3980387425920435,0.0,0.4999999999999999,0.625
2018-09-20,0.07129137950514067,0.0629247621332054,0.10484286450283359,0.6054766734279917,0.7734279609279611,0.7025901942645698,0.3074204946996467,0.3581995987963892,0.03509891512444163,0.4812020487535329,0.008823946889041479,0.40647403015837646,0.0,0.4999999999999999,0.625
2018-09-21,0.542311603208677,0.5963060686015831,0.2403400309119011,0.6211243117936829,0.5150144993894995,0.6445420906567992,0.2388692579505301,0.6953360080240722,0.03509891512444163,0.4895012007735957,0.0072878886251041,0.414936992708704,0.0,0.4999999999999999,0.5
2018-09-22,0.5115806123601853,0.5349004557447828,0.268160741885626,0.696175021732831,0.5583155270655271,0.730958988590811,0.2021201413427562,0.3605817452357072,0.03509891512444163,0.4984698106390666,0.005897632828096633,0.4234251259162512,0.0,0.4999999999999999,0.5
2018-09-23,0.09456558580951305,0.0034380746781802187,0.21071612570839776,0.6372790495508547,0.7226419413919414,0.721322849213691,0.2480565371024735,0.34002006018054165,0.03509891512444163,0.5068220942341615,0.004653590897076287,0.43193591800584186,0.0,0.4999999999999999,0.5
2018-09-24,0.29940119760479045,0.1244902854401535,0.44075218959299334,0.6534337873080265,0.6095403439153437,0.7083718778908419,0.18339222614840994,0.9157472417251755,0.03509891512444163,0.5152062567742757,0.0035561309640653183,0.4404668504971708,0.0,0.4999999999999999,0.5
2018-09-25,0.23793921590780706,0.21372031662269128,0.30628541988665636,0.6101854534917415,0.593215811965812,0.6647394387912426,0.2646643109540637,0.8687311935807422,0.030631780472239967,0.5235266614243508,0.002605577785114388,0.44901539895006387,0.0,0.4999999999999999,0.5
2018-09-26,0.39114224381425833,0.23035100343807466,0.4811952601751675,0.6678498985801217,0.4263647232397233,0.6620413197656491,0.28021201413427566,0.8051654964894683,0.02425015954052334,0.5319001976494593,0.0018022126442019393,0.45757903371150177,0.0,0.4999999999999999,0.5
2018-09-27,0.3462885549655407,0.17366274886063804,0.5038639876352395,0.6052593451173572,0.5387031949531951,0.6395312981806969,0.2939929328621908,0.9210130391173521,0.03509891512444163,0.540231228614541,0.001146273269998166,0.4661552206641821,0.0,0.4999999999999999,0.375
2018-09-28,0.5444582533047113,0.6961701447189573,0.13781555899021122,0.5546942915097073,0.34780092592592593,0.5300647548566142,0.20600706713780925,0.7474924774322971,0.03509891512444163,0.5492423437400382,0.000637953765516841,0.47474142197640884,0.0,0.4999999999999999,0.375
2018-09-29,0.11885662636990171,0.0003997761253697929,0.2699639361154044,0.5604897131266299,0.6599130036630036,0.6280450200431699,0.12544169611307426,0.38716148445336007,0.03509891512444163,0.5575946273351331,0.0002774045506774847,0.48333509685307463,0.0,0.4999999999999999,0.375
2018-09-30,0.07886114563326178,0.0034380746781802187,0.17542503863987635,0.5202115328890176,0.5714730870980871,0.5635214307739747,0.18021201413427568,0.2591524573721164,0.03509891512444163,0.5659681635602403,6.473231779347e-05,0.4919337022875245,0.0,0.4999999999999999,0.375
2018-10-01,0.22675403909162808,0.1588710322219557,0.3075734157650696,0.5803390321645899,0.7174717643467643,0.6627351218008017,0.2749116607773852,0.4544884653961886,0.03509891512444163,0.5743416997853483,0.0,0.5005346938140721,0.0669872981077807,0.75,0.375
2018-10-02,0.2655067224042481,0.24858079475493722,0.26172076249356,0.677557229788467,0.7448171041921041,0.7631051495528831,0.1950530035335689,0.45035105315947843,0.03509891512444163,0.5827152360104564,8.322675263150447e-05,0.5091355262609477,0.0669872981077807,0.75,0.375
2018-10-03,0.1258614845780138,0.09338770288638362,0.2117465224111283,0.5646189510286872,0.70230463980464,0.6402251002158496,0.3367491166077739,0.7258024072216651,0.03509891512444163,0.5910250143455253,0.00031438794755273003,0.517733654503457,0.0669872981077807,0.75,0.375
2018-10-04,0.1025872782736414,0.05684816502758455,0.17207624935600208,0.48290350623007816,0.6560719373219375,0.5445575084798027,0.2286219081272085,0.491098294884654,0.03509891512444163,0.5993241663655873,0.0006934151804470767,0.526326534217122,0.0669872981077807,0.75,0.375
2018-10-05,0.06665913456106655,0.006236507555768769,0.14348274085522927,0.485873659808751,0.8710826210826212,0.5983657107616405,0.17031802120141343,0.7082497492477433,0.03509891512444163,0.607612692070644,0.0012201962910585173,0.534911622630589,0.0669872981077807,0.75,0.375
2018-10-06,0.12507061349000112,0.06332453825857519,0.2470376094796497,0.4916690814256736,0.7384831603581603,0.5725408572309589,0.07950530035335691,0.44596288866599804,0.03509891512444163,0.6158374598856611,0.001894575396381215,0.5434863792780764,0.0669872981077807,0.75,0.375
2018-10-07,0.018415998192294655,0.00335811945310626,0.04095826893353942,0.48601854534917405,0.8220454314204315,0.5862627197039778,0.12296819787985867,0.2309428284854564,0.03509891512444163,0.6240941066456975,0.0027163529367881245,0.5520482667511368,0.0669872981077807,0.75,0.375
2018-10-08,0.045079652016721275,0.0003198209002958343,0.10226687274600721,0.5025354969574036,0.8374414936914936,0.6076934936786925,0.1685512367491166,0.02933801404212638,0.03509891512444163,0.6322976218307015,0.003685285735084032,0.5605947514495203,0.0669872981077807,0.75,0.375
2018-10-09,0.026211727488419385,0.0,0.05976300875837197,0.4931903796001158,0.8662622100122097,0.6053037311131668,0.34098939929328625,0.01817953861584755,0.03509891512444163,0.6404692580706861,0.004801087068465271,0.5691233043309044,0.0669872981077807,0.75,0.375
2018-10-10,0.0658682634730539,0.0009594627008875029,0.14863472436888203,0.45827296435815695,0.6203958078958078,0.5161887141535615,0.3855123674911662,0.8544383149448345,0.03509891512444163,0.6485771364206321,0.006063426753365853,0.5776314016592805,0.0669872981077807,0.75,0.375
2018-10-11,0.4056038865664897,0.5610458143439674,0.14399793920659454,0.4702984642132714,0.5616287647537648,0.5086339808818995,0.1819787985865725,0.876629889669007,0.03509891512444163,0.6566956410855842,0.007471931243163699,0.5861165257517666,0.0669872981077807,0.75,0.375
2018-10-12,0.3955485255903288,0.45686415607259934,0.20865533230293665,0.5501303969863807,0.49827660765160753,0.5766265803268579,0.2335689045936396,0.6517051153460383,0.0395660497766433,0.6647822668055174,0.009026183738719717,0.5945761657236313,0.0669872981077807,0.75,0.375
2018-10-13,0.16325838888261213,0.10322219557048053,0.2784647089129315,0.5048536656041727,0.4559612840862841,0.5113320999074931,0.448409893992933,0.9147442326980944,0.05041480536056164,0.672783882005398,0.01072572431171509,0.6030078182313049,0.0669872981077807,0.75,0.375
2018-10-14,0.033216585696531464,0.007435835931878148,0.07393096342091705,0.42603593161402487,0.4640504171754172,0.44650015417823,0.3392226148409895,0.8854062186559679,0.05041480536056164,0.6807748708902723,0.012570050040751068,0.6114089882131574,0.0669872981077807,0.75,0.375
2018-10-15,0.3139758219410236,0.3925801551131366,0.26790314270994336,0.540930165169516,0.44244759869759864,0.5524976873265495,0.33533568904593647,0.7726930792377134,0.05041480536056164,0.6886914755701019,0.014558615160172317,0.6197771896278301,0.0669872981077807,0.75,0.375
2018-10-16,0.3494520393175913,0.4115295434556648,0.1839258114374034,0.5791075050709938,0.5291832010582012,0.6076934936786925,0.31342756183745585,0.9300401203610833,0.05041480536056164,0.6965762013049117,0.016690831221566893,0.6281099461898927,0.0669872981077807,0.75,0.375
2018-10-17,0.4058298497344933,0.6352442632126009,0.10613086038124678,0.5985221674876846,0.4611251017501018,0.6147086031452359,0.10565371024734983,0.6341524573721165,0.05041480536056164,0.704397169149682,0.01896606726789818,0.6364047921026168,0.0669872981077807,0.75,0.375
2018-10-18,0.39600045192633604,0.6314863676341248,0.10870685213807316,0.6572732541292379,0.49663588726088725,0.6806968855997533,0.1950530035335689,0.6460631895687061,0.05041480536056164,0.7122075106794465,0.02138365002021514,0.6446592727876465,0.0669872981077807,0.75,0.375
2018-10-19,0.39859902835837757,0.6500359798512833,0.09453889747552807,0.6236598087510865,0.42965252340252347,0.6277366635831021,0.4706713780918728,0.9183801404212637,0.05041480536056164,0.7198797101141268,0.023942864076886228,0.6528709456113447,0.0669872981077807,0.75,0.375
2018-10-20,0.40481301547847703,0.6849764132086031,0.0762493560020608,0.5008693132425384,0.3329644892144892,0.47047486894850443,0.21342756183745587,0.7418505516549649,0.05041480536056164,0.7274987779737745,0.02664295212529799,0.6610373806076096,0.0669872981077807,0.75,0.375
2018-10-21,0.3938538018303017,0.6532341888542416,0.09144770736733643,0.5805563604752245,0.45194851444851447,0.5803268578476719,0.18339222614840994,0.8753761283851555,0.05041480536056164,0.735139098463435,0.029483115165957197,0.6691561611969415,0.0669872981077807,0.75,0.375
2018-10-22,0.390690317478251,0.6610698009114895,0.0857805255023184,0.5450594030715734,0.4193248880748881,0.545790934320074,0.1763250883392226,0.6835506519558676,0.05041480536056164,0.7426412768580111,0.03246251274892564,0.677224884901544,0.0669872981077807,0.75,0.375
2018-10-23,0.37860128799005766,0.6402814423922603,0.08500772797527048,0.5330339032164589,0.396742724867725,0.5235892691951897,0.2434628975265018,0.3682296890672016,0.05041480536056164,0.750069071047542,0.03558026322252511,0.6852411640562606,0.0669872981077807,0.75,0.375
2018-10-24,0.2420065529318721,0.21068201806988085,0.2581143740340031,0.6049695740365111,0.6729242979242978,0.6772278754239901,0.34628975265017675,0.44132397191574724,0.0548819400127632,0.7575074915520794,0.038835443994230334,0.6932026265151192,0.0669872981077807,0.75,0.375
2018-10-25,0.33510337814936164,0.5020388582393859,0.1300875837197321,0.6370617212402201,0.6860119047619047,0.7069071847055196,0.21448763250883396,0.8589518555667002,0.0657306955966816,0.764797143646526,0.042227091803680394,0.7011069163532914,0.0669872981077807,0.75,0.375
2018-10-26,0.25127104282002033,0.2995122731270488,0.2313240597630088,0.6238046942915096,0.5117712148962149,0.6485507246376812,0.2,0.8944332998996991,0.06126356094447993,0.7720655431109602,0.04575420300772215,0.7089516945642459,0.0669872981077807,0.75,0.375
2018-10-27,0.12947689526607165,0.16918525625649636,0.12132921174652242,0.61909591422776,0.521361161986162,0.6533302497687327,0.32862190812720854,0.7868605817452357,0.0548819400127632,0.7791745478502965,0.04941573387740428,0.7167346397518992,0.0669872981077807,0.75,0.375
2018-10-28,0.310812337588973,0.4609418725513712,0.12493560020607936,0.5760649087221095,0.4492712148962149,0.584104224483503,0.2021201413427562,0.7022316950852558,0.0657306955966816,0.7862304210146003,0.05321060090683438,0.7244534488175558,0.0669872981077807,0.75,0.375
2018-10-29,0.20607840921929726,0.24738146637882785,0.16434827408552294,0.594900028977108,0.5873333842083841,0.6349059512796793,0.22473498233215555,0.5751003009027083,0.0657306955966816,0.7932650415488918,0.057137681133804796,0.7321058376414289,0.0669872981077807,0.75,0.375
2018-10-30,0.2938650999887018,0.49964020148716715,0.08732612055641423,0.5638220805563604,0.6023669617419616,0.6093894542090657,0.24028268551236748,0.837888665997994,0.0657306955966816,0.800119014728073,0.061195812472095434,0.7396895417585501,0.0669872981077807,0.75,0.25
2018-10-31,0.30911761382894587,0.5137123211001838,0.13240597630087583,0.5343378730802665,0.690902269027269,0.6070767807585569,0.13674911660777384,0.7199097291875627,0.0657306955966816,0.8075468089176034,0.06538379405535477,0.7472023170288616,0.0669872981077807,0.75,0.25
2018-11-01,0.07694045870523104,0.019748940593267768,0.15018031942297785,0.5428136771950158,0.7665534696784697,0.6346746839346284,0.2007067137809188,0.7253009027081243,0.06126356094447993,0.8143476505217522,0.06970038659245392,0.7546419403012921,0.24999999999999978,0.9330127018922192,0.25
2018-11-02,0.039769517568636316,0.004477492604141681,0.08861411643482742,0.5202115328890176,0.7575867419617419,0.6083102065988283,0.15971731448763254,0.611208625877633,0.2603701340140395,0.8210209763458227,0.07414431273421379,0.7620062100716227,0.24999999999999978,0.9330127018922192,0.25
2018-11-03,0.046548412608744774,0.00167905972655313,0.10484286450283359,0.4866705302810779,0.8426561864061863,0.5919673142152329,0.16254416961130747,0.22856068204613844,0.564773452456924,0.8275774127048221,0.07871425745139299,0.7692929471339487,0.24999999999999978,0.9330127018922192,0.125
2018-11-04,0.08620494859337928,0.039258015511313665,0.17542503863987635,0.48551144595769335,0.7787889194139193,0.5758556891766883,0.22226148409893998,0.4343029087261786,0.0657306955966816,0.8340913438037956,0.08340886842382678,0.7764999952255415,0.24999999999999978,0.9330127018922192,0.125
2018-11-05,0.03502429104056039,0.0007995522507395858,0.07908294693456981,0.4637786148942335,0.7846141127391126,0.5579710144927537,0.28127208480565374,0.7152708124373119,0.3248245054243778,0.8411684695981125,0.08822675644059919,0.7836252216649202,0.24999999999999978,0.9330127018922192,0.125
2018-11-06,0.09716416224155464,0.0021587910769968817,0.2192168985059248,0.38416401043175885,0.49702380952380953,0.41396854764107305,0.566077738515901,0.9035857572718156,0.967453733248245,0.847480500711963,0.09316649581113345,0.7906665179829475,0.24999999999999978,0.9330127018922192,0.125
2018-11-07,0.20009038526720146,0.12744862876788998,0.3039670273055126,0.34547957113880023,0.3798776455026456,0.3438945420906568,0.2957597173144877,0.918505516549649,1.0,0.8537075213057617,0.0982266247870775,0.7976218005467597,0.24999999999999978,0.9330127018922192,0.125
2018-11-08,0.1759123262908146,0.07387862796833773,0.32251416795466253,0.3080266589394378,0.4282852564102565,0.31976564909034844,0.23427561837455835,0.9238966900702108,1.0,0.8598601576945146,0.10340564599485752,0.8044890111763461,0.24999999999999978,0.9330127018922192,0.125
2018-11-09,0.22754491017964074,0.20316622691292874,0.29520865533230295,0.29933352651405387,0.3347959910459911,0.2836879432624113,0.25300353356890465,0.7615346038114343,1.0,0.8658852783031898,0.10870202687877534,0.8112661177535982,0.24999999999999978,0.9330127018922192,0.125
2018-11-10,0.12382781606598126,0.011193731510354202,0.2697063369397218,0.3812662996232975,0.6141190984940985,0.43778908418131357,0.40706713780918735,0.6845536609829488,1.0,0.871846641021826,0.11411420015451745,0.8179511148236478,0.24999999999999978,0.9330127018922192,0.125
2018-11-11,0.16156366512258502,0.040297433437275126,0.31761978361669246,0.3470008693132425,0.5075740231990232,0.37804502004316987,0.3886925795053004,0.9389418254764295,1.0,0.8776273563853523,0.11964056427293779,0.8245420241883097,0.24999999999999978,0.9330127018922192,0.125
2018-11-12,0.2283357812676534,0.15559286799392338,0.3451828954147347,0.3189655172413792,0.437849765974766,0.33202281837804504,0.19858657243816258,0.8566950852557673,1.0,0.8833336875438333,0.12527948389398308,0.8310368954914655,0.24999999999999978,0.9330127018922192,0.125
2018-11-13,0.19161676646706588,0.12385064363956184,0.33281813498196805,0.40270935960591125,0.6474168192918193,0.46507863089731727,0.07985865724381626,0.7056168505516549,0.9329929802169751,0.8889656344972687,0.13102929037061556,0.837433806796204,0.24999999999999978,0.9330127018922192,0.125
2018-11-14,0.16156366512258502,0.10426161349644199,0.26455435342606903,0.5025354969574035,0.7339743589743588,0.5857230958988591,0.23392226148409895,0.69358074222668,0.7702616464582003,0.8944913183006395,0.13688828224259403,0.8437308651535544,0.24999999999999978,0.9330127018922192,0.125
2018-11-15,0.09467856739351486,0.035899896058207405,0.18418341061308605,0.49188640973630826,0.8486340048840049,0.5993678692568609,0.29505300353356895,0.8159478435305918,0.7881301850670069,0.8998151021188869,0.14285472573996105,0.8499262071626383,0.24999999999999978,0.9330127018922192,0.125
2018-11-16,0.12574850299401197,0.028224194451107378,0.250386398763524,0.39720370906983476,0.8164110195360195,0.4956059204440333,0.2816254416961131,0.2153961885656971,0.8806636885768985,0.9050326227870698,0.14892685529609467,0.8560179995220816,0.24999999999999978,0.9330127018922192,0.125
2018-11-17,0.18653259518698453,0.08483249380347005,0.3655332302936631,0.2832512315270935,0.5040954415954416,0.3127505396238051,0.18939929328621913,0.5740972918756269,1.0,0.9101013750451612,0.15510287407016865,0.8620044395725182,0.24999999999999978,0.9330127018922192,0.125
2018-11-18,0.14698904078635183,0.032381866154953226,0.29881504379185986,0.36873370037670233,0.755335520960521,0.45382362010484123,0.18021201413427562,0.5911484453360081,1.0,0.9151595009882474,0.16138095447886447,0.8678837558300239,0.24999999999999978,0.9330127018922192,0.125
2018-11-19,0.19545814032312733,0.1667865995042776,0.2828438948995363,0.27665893943784403,0.657699938949939,0.3391150169596053,0.14522968197879865,0.3544383149448345,0.9910657306955967,0.9199732216861838,0.16775923873718535,0.8736542085103296,0.24999999999999978,0.9330127018922192,0.125
2018-11-20,0.2392949949158287,0.4930039178060286,0.08294693456980937,0.4371921182266009,0.887286324786325,0.5500308356460067,0.20777385159010603,0.6587261785356069,0.955966815571155,0.9247444371240943,0.17423583940820214,0.8793140900436494,0.24999999999999978,0.9330127018922192,0.125
2018-11-21,0.08439724324935036,0.07707683697129607,0.163575476558475,0.39430599826137347,0.8497786935286935,0.49791859389454207,0.2544169611307421,0.3835255767301906,0.9189534141671983,0.9293562578369077,0.18080883996157754,0.8848617255799784,0.24999999999999978,0.9330127018922192,0.125
2018-11-22,0.07795729296124732,0.018229791316862556,0.1682122617207625,0.4334975369458127,0.9011370573870572,0.5492599444958371,0.16537102473498239,0.5470160481444333,0.8679004467134651,0.9338511890846495,0.18747629534069887,0.8902954734847094,0.24999999999999978,0.9330127018922192,0.125
2018-11-23,0.14924867246638798,0.18733509234828494,0.1893353941267388,0.4827586206896551,0.9420978327228324,0.6079247610237435,0.20706713780918734,0.8681043129388164,0.7925973197192085,0.938165472977281,0.1942362325382503,0.8956137258244161,0.24999999999999978,0.9330127018922192,0.125
2018-11-24,0.10055360976160886,0.016390821140161507,0.21200412158681092,0.4114024920312952,0.765911172161172,0.49946037619488126,0.22579505300353359,0.3143179538615848,0.8915124441608165,0.9423628674048414,0.20108665118005764,0.9008149088426689,0.24999999999999978,0.9330127018922192,0.125
2018-11-25,0.10834933905773358,0.0021587910769968817,0.24497681607418859,0.33729353810489704,0.5862014143264143,0.38621646623496764,0.16678445229681982,0.6647442326980944,1.0,0.9464433723673302,0.2080255241170333,0.9058974834257341,0.24999999999999978,0.9330127018922192,0.125
2018-11-26,0.1875494294430008,0.20108739106100582,0.22153529108706854,0.2718777166038828,0.6045100732600732,0.32385137218624727,0.12049469964664312,0.7432296890672017,1.0,0.9503644826047224,0.21505079802503763,0.9108599455580206,0.24999999999999978,0.9330127018922192,0.125
2018-11-27,0.14439046435431024,0.06412409050931478,0.258887171561051,0.3279484207476093,0.7520159238909239,0.41157878507554735,0.27526501766784456,0.44696589769307926,0.97319719208679,0.954168703377043,0.2221603940124977,0.9157008267671469,0.24999999999999978,0.9330127018922192,0.125
2018-11-28,0.1628064625466049,0.18717518189813703,0.16589386913961876,0.44631990727325405,0.9256143162393162,0.5675300647548566,0.20353356890459368,0.6490722166499499,0.8723675813656667,0.9578666609992985,0.22935220823557684,0.9204186945584796,0.24999999999999978,0.9330127018922192,0.125
2018-11-29,0.14744096712235907,0.1897337491005037,0.19912416280267903,0.45117357287742677,1.0,0.585877274128893,0.12756183745583044,0.7151454363089269,0.7945118059987236,0.9613414660064183,0.23662411252074145,0.9250121528390364,0.24999999999999978,0.9330127018922192,0.125
2018-11-30,0.11761382894588182,0.055488926201327254,0.21483771251931993,0.451753115039119,0.9877645502645502,0.5844125809435707,0.1491166077738516,0.4222668004012037,0.8206764518187618,0.9646993815484666,0.24397395499452046,0.9294798423306105,0.24999999999999978,0.9330127018922192,0.125
2018-12-01,0.10134448084962151,0.010314224034540657,0.2199896960329727,0.4189365401332946,0.895833333333333,0.5337650323774283,0.2522968197879859,0.13954363089267804,0.8806636885768985,0.967929781310437,0.25139956072027764,0.933820440972003,0.4999999999999999,1.0,0.125
2018-12-02,0.1875494294430008,0.2808027504597425,0.16151468315301393,0.3573601854534917,0.7940450752950752,0.45004625346901017,0.22226148409893998,0.028209628886659982,1.0,0.9709795337172973,0.25889873234181326,0.938032664310243,0.4999999999999999,1.0,0.125
2018-12-03,0.12021240537792341,0.009034940433357319,0.2650695517774343,0.3849608809040857,0.7843279405779406,0.47533148319457297,0.05300353356890462,0.8007773319959881,0.7141033822590938,0.9739336492890995,0.266469250733593,0.9421152658806755,0.4999999999999999,1.0,0.125
2018-12-04,0.11964749745791436,0.04389541856560326,0.2377640391550747,0.37960011590843223,0.783285002035002,0.4687789084181313,0.2021201413427562,0.8213390170511534,0.02425015954052334,0.9766858648757784,0.2741088756574279,0.946067037575814,0.4999999999999999,1.0,0.125
2018-12-05,0.07694045870523104,0.07587750859518669,0.1151468315301391,0.34475514343668495,0.7852436914936913,0.4343200740055504,0.2236749116607774,0.8785105315947843,0.04403318442884496,0.979310564682379,0.2818153464253925,0.9498868100028355,0.4999999999999999,1.0,0.125
2018-12-06,0.04169020449666704,7.995522507395858e-05,0.09505409582689336,0.2951318458417849,0.5906911375661377,0.34366327474560593,0.17173144876325092,0.7868605817452357,0.33822590938098274,0.9817439908188632,0.2895863825688022,0.9535734528296247,0.4999999999999999,1.0,0.125
2018-12-07,0.20991978307535872,0.5070760374190453,0.0633693972179289,0.28817733990147776,0.710959757834758,0.3600061671292014,0.14770318021201417,0.6879388164493481,1.0,0.9840499011752701,0.29741968451303735,0.9571258751192568,0.4999999999999999,1.0,0.125
2018-12-08,0.14687605920235003,0.15063564403933796,0.23158165893869143,0.30773688785859166,0.7907318376068375,0.3967005858772741,0.18515901060070677,0.6688816449348045,1.0,0.9862708010116252,0.30531293425802775,0.9605430256528238,0.4999999999999999,1.0,0.125
2018-12-09,0.20235001694723762,0.48332933557207963,0.062596599690881,0.32512315270935954,0.8135747354497354,0.41836262719703976,0.18127208480565377,0.8464142427281847,1.0,0.988247295602831,0.31326379606418364,0.9638238932405055,0.4999999999999999,1.0,0.125
2018-12-10,0.16043384928256696,0.2077236747421444,0.17542503863987635,0.3901043175891045,0.7802197802197801,0.4797255627505396,0.11625441696113077,0.809553660982949,0.9642629227823866,0.9901175270439717,0.32126991714357844,0.9669675070207987,0.4999999999999999,1.0,0.125
2018-12-11,0.08869054344141905,0.03326137363076677,0.18985059247810407,0.4195160822949869,0.9042340761090759,0.5353839037927844,0.13992932862190816,0.8361334002006018,0.8864071474154432,0.9918177374450088,0.3293289283561797,0.9699729367478103,0.4999999999999999,1.0,0.125
2018-12-12,0.09264489888148232,0.040697209562644915,0.17130345182895415,0.44219066937119667,0.8925328144078146,0.5569688559975331,0.2558303886925795,0.6609829488465397,0.8679004467134651,0.9933904320659681,0.3374384449109119,0.9728392930665308,0.4999999999999999,1.0,0.125
2018-12-13,0.18110947915489775,0.3946589909650595,0.08475012879958785,0.4570414372645609,0.6818083536833537,0.526595744680851,0.32190812720848067,0.7586509528585759,0.7702616464582003,0.9947506003867979,0.3455960670713577,0.9755657277760108,0.4999999999999999,1.0,0.125
2018-12-14,0.18110947915489775,0.4538258575197889,0.05564142194744977,0.46884960880904075,0.7137578856328857,0.5484890533456676,0.1865724381625442,0.6695085255767301,0.7702616464582003,0.9959726266125433,0.3537993808658755,0.9781514340803552,0.4999999999999999,1.0,0.125
2018-12-15,0.13286634278612586,0.24202446629887261,0.10922205048943845,0.47413793103448265,0.7159773097273097,0.5523435090965155,0.3431095406360425,0.6770310932798396,0.774728781110402,0.9970565107432048,0.36204595880193563,0.980595646827469,0.4999999999999999,1.0,0.125
2018-12-16,0.1333182691221331,0.14895658431278483,0.1988665636269964,0.43436685018835114,0.7061647842897842,0.5118717237126118,0.14310954063604242,0.6380391173520561,0.5756222080408423,0.9978959896287165,0.3703333605844513,0.9828976427354764,0.4999999999999999,1.0,0.125
2018-12-17,0.18257823974692125,0.47565363396497956,0.03735188047398248,0.40792523906114164,0.8341664122914121,0.5084798026518655,0.17915194346289753,0.4490972918756269,0.0657306955966816,0.9986504579941768,0.378659133837905,0.985056740606753,0.4999999999999999,1.0,0.125
2018-12-18,0.16596994689865552,0.3814663788278564,0.0667181865018032,0.4876122862938278,0.890962047212047,0.6032994141227259,0.16077738515901063,0.7354563691073221,0.0657306955966816,0.9992136526895199,0.38702081483204037,0.9870723015295015,0.4999999999999999,1.0,0.125
2018-12-19,0.14902270929838438,0.2717678100263852,0.07418856259659969,0.5040567951318458,0.8037049755799754,0.6036077705827937,0.4438162544169612,0.8559428284854564,0.0657306955966816,0.9996705842347988,0.39541592921092605,0.9889437290668184,0.4999999999999999,1.0,0.125
2018-12-20,0.18212631341091404,0.4744543055888702,0.03812467800103039,0.4605186902347145,0.8596420940170939,0.5688405797101449,0.20318021201413433,0.8352557673019056,0.0657306955966816,0.9998937368499354,0.4038419927251526,0.9906704694331863,0.4999999999999999,1.0,0.125
2018-12-21,0.05208451022483335,0.023826657072039657,0.09376609994848017,0.45139090118806136,0.8568630443630445,0.5600524205982115,0.3007067137809188,0.6071965897693079,0.0657306955966816,0.9999787473699873,0.4122965119669632,0.9922520116583506,0.4999999999999999,1.0,0.125
2018-12-22,0.012427974240198848,0.00015991045014791716,0.028335909325090156,0.4233555491161981,0.6727144383394386,0.49167437557816834,0.40812720848056544,0.8551905717151453,0.0657306955966816,0.9999149894799477,0.4207769851080956,0.9936878877385225,0.4999999999999999,1.0,0.125
2018-12-23,0.11433736300982941,0.19581034620612456,0.11798042246264812,0.35801217038539546,0.6630481786731788,0.4205211224175146,0.17950530035335693,0.6735205616850553,0.0657306955966816,0.9996705842347988,0.4292809026401072,0.9949776727748683,0.4999999999999999,1.0,0.125
2018-12-24,0.0821376115693142,0.04765331414407931,0.1391035548686244,0.3708345407128368,0.7470556064306064,0.4533610854147394,0.14593639575971734,0.4222668004012037,0.0657306955966816,0.9992667842645528,0.43780574811698825,0.9961209850992455,0.4999999999999999,1.0,0.125
2018-12-25,0.04089933340865439,0.03454065723195011,0.07650695517774343,0.315126050420168,0.7634500915750915,0.39970706136293555,0.15689045936395762,0.21389167502507522,0.33822590938098274,0.9986823369391962,0.4463489988998083,0.9971174863871431,0.4999999999999999,1.0,0.125
2018-12-26,0.05163258388882612,0.0038378508035500115,0.11437403400309121,0.2861489423355548,0.7479840761090761,0.36771507863089736,0.27208480565371035,0.2296890672016048,1.0,0.9979916264637745,0.4549081269032143,0.9979668817577979,0.4999999999999999,1.0,0.125
2018-12-27,0.05728166308891651,0.0053570000799552245,0.12776919113858837,0.25137641263401905,0.7307946682946682,0.32855380820228186,0.541696113074205,0.9299147442326983,1.0,0.9970990160032307,0.46348059934352615,0.9986689198614541,0.4999999999999999,1.0,0.125
2018-12-28,0.1877753926110044,0.3999360358199408,0.07212776919113859,0.18328020863517813,0.6233719983719983,0.23650940487203204,0.23321554770318026,0.8440320962888666,1.0,0.9960257581875753,0.47206387948823164,0.9992233929537424,0.4999999999999999,1.0,0.125
2018-12-29,0.1277821715060445,0.09290797153593987,0.21638330757341578,0.30933062880324536,0.7623753561253561,0.3940795559666975,0.28515901060070675,0.5991725175526581,0.959795788130185,0.9948887424818822,0.4806554274066444,0.9996301369571539,0.4999999999999999,1.0,0.125
2018-12-30,0.04451474409671223,0.0015991045014791716,0.10020607934054612,0.40155027528252674,0.9630074786324785,0.5274437249460376,0.27031802120141346,0.48432798395185567,0.9023611997447348,0.9935710794210779,0.48925270072150934,0.9998890315095941,0.4999999999999999,1.0,0.125
2018-12-31,0.14676307761834823,0.09818501639082114,0.24214322514167957,0.12134164010431753,0.5080446174196175,0.14986123959296943,0.41625441696113075,0.5259528585757272,1.0,0.9917221006099499,0.49785315536133695,1.0,0.4999999999999999,1.0,0.125
2019-01-01,0.19523217715512373,0.4183257375869513,0.0633693972179289,0.19066937119675448,0.5651518620268619,0.23242368177613315,0.28657243816254424,0.6155967903711135,1.0,0.9903194270290947,0.5086043202025801,0.9999306437314268,0.75,0.9330127018922194,0.125
2019-01-02,0.15342899107445487,0.2401055408970976,0.13730036063884596,0.4017676035931613,0.7998130341880341,0.4975331483194573,0.30777385159010606,0.7655466399197595,0.9329929802169751,0.9885554587380185,0.5172026274050304,0.9997087252218304,0.75,0.9330127018922194,0.125
2019-01-03,0.13535193763416564,0.11529543455664827,0.19113858835651726,0.48159953636627056,0.7995522995522995,0.5804039469626888,0.2946996466431096,0.7446088264794384,0.7702616464582003,0.9866320957218453,0.5257958450994664,0.9993389340057308,0.75,0.9330127018922194,0.125
2019-01-04,0.15647949384250368,0.21108179419525064,0.16769706336939721,0.4992755722978846,0.7582226800976801,0.5901171754548258,0.30565371024734994,0.7680541624874624,0.7702616464582003,0.9844749537755297,0.5343814304145206,0.9988213795102985,0.75,0.9330127018922194,0.125
2019-01-05,0.15591458592249463,0.2969537059246822,0.10819165378670789,0.43791654592871626,0.8573781542531542,0.545790934320074,0.22544169611307424,0.5555416248746239,0.8149329929802168,0.9821690434191233,0.5429568427373694,0.998156214888235,0.75,0.9330127018922194,0.125
2019-01-06,0.05332730764885324,0.0019189254017750058,0.1197836166924266,0.41719791364821784,0.8919413919413917,0.5310669133518348,0.365017667844523,0.41486960882647944,0.8876834716017866,0.9797037383376188,0.5515195444655416,0.9973436369724538,0.75,0.9330127018922194,0.125
2019-01-07,0.16540503897864647,0.32134004957223955,0.0870685213807316,0.4589249492900608,0.7996158933658934,0.5562750539623805,0.26431095406360433,0.8029087261785357,0.8589661774090619,0.9771427964210568,0.5600670017578351,0.996383886217833,0.75,0.9330127018922194,0.125
2019-01-08,0.21195345158739126,0.4472695290637243,0.07058217413704276,0.323964068385975,0.4754973036223037,0.3463613937711995,0.5738515901060071,0.8875376128385155,1.0,0.9743268229443394,0.5685966852841216,0.9952772466300619,0.75,0.9330127018922194,0.125
2019-01-09,0.17105411817873686,0.20476533141440792,0.21973209685729006,0.24804404520428855,0.49060719373219364,0.2742059821153253,0.23074204946996474,0.4633901705115347,1.0,0.9713620810575305,0.5771060709738164,0.9940240456815989,0.75,0.9330127018922194,0.125
2019-01-10,0.15263811998644222,0.10793955384984408,0.23158165893869143,0.3274413213561286,0.7517933455433454,0.40834104224483503,0.17491166077738518,0.5462637913741224,1.0,0.9683548339106962,0.585592640762791,0.9926246542147663,0.75,0.9330127018922194,0.125
2019-01-11,0.1860806688509773,0.30878707923562804,0.15893869139618755,0.34634888438133865,0.8229357448107446,0.44357076780758553,0.1954063604240283,0.42552657973921765,1.0,0.9652094446687776,0.5940538833385093,0.9910794863320134,0.75,0.9330127018922194,0.125
2019-01-12,0.11727488419387641,0.10378188214599823,0.22436888201957755,0.3059982613735148,0.6945271164021165,0.37727412889300027,0.1501766784452297,0.3681043129388165,1.0,0.9617983975516968,0.6024872948831644,0.989388999273376,0.75,0.9330127018922194,0.125
2019-01-13,0.175686363122811,0.2909570640441353,0.1695002575991757,0.36474934801506803,0.861244658119658,0.46839346284304656,0.19787985865724383,0.6869358074222669,1.0,0.9583129662295709,0.6108903798146001,0.9875536932811722,0.75,0.9330127018922194,0.125
2019-01-14,0.21195345158739126,0.42008475253857835,0.07959814528593509,0.3620689655172413,0.8523733211233211,0.46538698735738515,0.13074204946996465,0.26993480441323975,1.0,0.9547106454423728,0.6192606515247924,0.9855741114519722,0.75,0.9330127018922194,0.125
2019-01-15,0.0718562874251497,0.05812744862876788,0.1409067490984029,0.33128078817733986,0.7400920838420839,0.4114246068455134,0.3070671378091873,0.5937813440320963,1.0,0.9508851720400395,0.6275956331156775,0.9834508395758876,0.75,0.9330127018922194,0.125
2019-01-16,0.09659925432154559,0.07571759814503877,0.17284904688304997,0.24862358736598078,0.5603187321937322,0.28970089423373424,0.17738515901060076,0.401579739217653,1.0,0.9469109302276157,0.6358928581321057,0.9811845059632269,0.75,0.9330127018922194,0.125
2019-01-17,0.08665687492938651,0.002078835851922923,0.19551777434312212,0.2966531440162271,0.672644485144485,0.36378353376503236,0.1590106007067138,0.3373871614844534,1.0,0.9428941831551652,0.6441498712917051,0.9787757812585678,0.75,0.9330127018922194,0.125
2019-01-18,0.13252739803412045,0.09610618053889822,0.18985059247810407,0.2008113590263691,0.5839056776556777,0.2473789700894234,0.21625441696113074,0.22680541624874623,1.0,0.9386649097825854,0.6523642292114393,0.9762253782423029,0.75,0.9330127018922194,0.125
2019-01-19,0.0907242119534516,0.029983209402734468,0.18856259659969088,0.2250796870472326,0.6034607753357752,0.2755164970706136,0.2063604240282686,0.46063189568706125,1.0,0.9343187469449346,0.6605335011306435,0.9735340516197171,0.75,0.9330127018922194,0.125
2019-01-20,0.10394305728166309,0.04677380666826577,0.21277691911385882,0.20624456679223407,0.6452482702482703,0.2650323774283071,0.42332155477031813,0.3805165496489469,1.0,0.9298238156971927,0.6686552696303258,0.9707025977976569,0.75,0.9330127018922194,0.125
2019-01-21,0.04225511241667608,0.00015991045014791716,0.09634209170530655,0.2594175601274992,0.7584770553520552,0.34173604687018194,0.27067137809187286,0.3650952858575728,1.0,0.9245637897689836,0.6767271313485206,0.9677318546488622,0.75,0.9330127018922194,0.125
2019-01-22,0.21184047000338946,0.34540657231950106,0.1689850592478104,0.2851347435525934,0.7976126882376882,0.3751927227875424,0.253356890459364,0.8318706118355066,1.0,0.9198457059061056,0.6847466976914816,0.9646227012640256,0.75,0.9330127018922194,0.25
2019-01-23,0.2284487628516552,0.380267050451747,0.12751159196290573,0.3506954505940306,0.8160358160358159,0.4472710453283996,0.4321554770318021,0.8630892678034103,1.0,0.9150638641531885,0.6927115955405055,0.9613760576916547,0.75,0.9330127018922194,0.25
2019-01-24,0.2657326855722517,0.5049972015671224,0.07779495105615662,0.14191538684439287,0.5095454314204314,0.17113783533765026,0.35583038869257955,0.8111835506519558,1.0,0.9099844855800905,0.700619467954176,0.9579928846658162,0.75,0.9330127018922194,0.25
2019-01-25,0.2331939893797311,0.293355720796354,0.20041215868109222,0.22949869603013612,0.694870522995523,0.29841196423065064,0.15653710247349822,0.5358575727181545,1.0,0.9049263596370052,0.7084679748658202,0.9544741833218385,0.75,0.9330127018922194,0.25
2019-01-26,0.2066433171393063,0.2156392420244663,0.21664090674909842,0.27252970153578665,0.7857715201465203,0.36046870181930313,0.20600706713780925,0.626629889669007,1.0,0.8997088389688224,0.716254793775973,0.9508209949000599,0.75,0.9330127018922194,0.25
2019-01-27,0.06191390803299063,0.0009594627008875029,0.14013395157135497,0.32468849608809036,0.8543320105820105,0.42769041011409187,0.5371024734982333,0.7004764292878636,1.0,0.8944275604106009,0.7239776204396406,0.9470344004377083,0.75,0.9330127018922194,0.25
2019-01-28,0.2187323466274997,0.16398816662668905,0.31375579598145287,0.2100840336134453,0.5907420126170126,0.25794017884674686,0.5014134275618375,0.9586258776328986,1.0,0.8888699976622103,0.7316341695481653,0.9431155204490055,0.75,0.9330127018922194,0.25
2019-01-29,0.23816517907581067,0.31606300471735826,0.1993817619783617,0.009707331208345382,0.4841142653642654,0.03199198273203818,0.41731448763250895,0.9870862587763292,1.0,0.8831742928187363,0.7392221754054835,0.9390655145935891,0.75,0.9330127018922194,0.25
2019-01-30,0.2841486837645464,0.5160310226273287,0.09891808346213293,0.048319327731092376,0.5004960317460317,0.07392846130126418,0.0954063604240283,0.6196088264794384,1.0,0.8774785879752618,0.746739392598583,0.9348855813333501,0.75,0.9330127018922194,0.25
2019-01-31,0.18517681617896284,0.0721995682417846,0.3361669242658424,0.2451463343958272,0.7792531542531542,0.3299414122725871,0.20459363957597176,0.5315947843530593,1.0,0.8717191252417482,0.7541835966619558,0.9305769575777887,0.75,0.9330127018922194,0.25
2019-02-01,0.22483335216359734,0.2107619732949548,0.241112828438949,0.3906838597507968,0.920043498168498,0.507708911501696,0.22932862190812725,0.5698345035105317,1.0,0.8658215204131512,0.7615525847358539,0.9261409183179932,0.9330127018922193,0.75,0.25
2019-02-02,0.16947237600271156,0.07659710562085231,0.28773827923750644,0.3347580411474934,0.9081069393569392,0.44680851063829785,0.18551236749116612,0.36108324974924777,1.0,0.8597220155994303,0.7688441762181506,0.9215787762493497,0.9330127018922193,0.75,0.25
2019-02-03,0.08699581968139193,0.0012792836011833373,0.1968057702215353,0.13488843813387413,0.6423547517297516,0.19141227258711074,0.38056537102473503,0.2309428284854564,1.0,0.8534524897456057,0.7760562134096158,0.9168918813830942,0.9330127018922193,0.75,0.25
2019-02-04,0.30132188453282116,0.5053969776924921,0.13833075734157652,0.08924949290060841,0.6060808404558404,0.137449892075239,0.2671378091872792,0.5258274824473421,1.0,0.847172337576775,0.7831865621524141,0.9120816206468223,0.9330127018922193,0.75,0.25
2019-02-05,0.1963619929951418,0.08970976253298152,0.39592993302421436,0.08309185743262815,0.6232766076516076,0.1345205057045945,0.0872791519434629,0.23119358074222668,1.0,0.8407752959428727,0.7902331124616363,0.9071494174740756,0.9330127018922193,0.75,0.25
2019-02-06,0.12710428200203366,0.029423522827216757,0.26481195260175167,0.09584178498985796,0.6211016992266993,0.1474714770274438,0.2625441696113075,0.4788114343029088,1.0,0.8343038701039251,0.7971937791496777,0.9020967313831245,0.9330127018922193,0.75,0.25
2019-02-07,0.24257146085188117,0.14855680818741504,0.3408037094281298,0.05672268907563022,0.6167709605209606,0.10622880049337036,0.41342756183745594,0.9556168505516549,1.0,0.8276836758548871,0.8040665024432789,0.8969250575450732,0.9330127018922193,0.75,0.25
2019-02-08,0.3493390577335894,0.6260494123290957,0.1035548686244204,0.029339321935670792,0.622831450956451,0.07839962997224792,0.13003533568904596,0.5994232698094284,1.0,0.8210103500308166,0.810849248593046,0.8916359263414146,0.9330127018922193,0.75,0.25
2019-02-09,0.22946559710767145,0.08771088190613256,0.4567233384853168,0.09490002897710803,0.6750546906796906,0.15633672525439407,0.26183745583038875,0.19094784353059177,1.0,0.8142413873716872,0.8175400104752691,0.8862309029111658,0.9330127018922193,0.75,0.25
2019-02-10,0.3053892215568862,0.3443671543935396,0.2609479649665121,0.09758041147493474,0.6872138278388278,0.16111625038544558,0.192226148409894,0.18079237713139418,1.0,0.8073661615624932,0.8241368081858635,0.8807115866877182,0.9330127018922193,0.75,0.25
2019-02-11,0.126313410914021,0.008555209082913568,0.2812982998454405,0.2008113590263691,0.7853136446886448,0.2858464384828862,0.24275618374558305,0.4716649949849549,1.0,0.800416551548254,0.8306376896262546,0.8750796109255397,0.9330127018922193,0.75,0.25
2019-02-12,0.3704666139419275,0.623410889901655,0.12287480680061824,0.11873370037670228,0.7308836996336998,0.19056429232192418,0.24770318021201415,0.887788365095286,1.0,0.7933500520689436,0.8370407310810345,0.869336642216868,0.9330127018922193,0.75,0.25
2019-02-13,0.14021014574624335,0.03302150795554489,0.28155589902112316,0.18168646769052443,0.7700320512820513,0.26310514955288317,0.1777385159010601,0.6355315947843532,1.0,0.7862304210146003,0.843344037787222,0.8634843799985397,0.9330127018922193,0.75,0.25
2019-02-14,0.38379844085414083,0.6073398896617893,0.128026790314271,0.10199942045783822,0.705242673992674,0.1687480727721245,0.3657243816254418,0.9440822467402208,1.0,0.7789620215501669,0.8495457444949523,0.8575245560490985,0.9330127018922193,0.75,0.25
2019-02-15,0.2153428991074455,0.11633485248260973,0.35162287480680066,0.11025789626195298,0.7033539377289377,0.1772278754239902,0.14911660777385166,0.30027582748244735,1.0,0.7716829957707265,0.8556440160194346,0.8514589339763361,0.9330127018922193,0.75,0.25
2019-02-16,0.11185176816178963,0.03302150795554489,0.24137042761463162,0.214937699217618,0.7751068376068377,0.2990286771507863,0.31872791519434635,0.2985205616850552,1.0,0.7643189594712343,0.8616370477840132,0.8452893086954099,0.9330127018922193,0.75,0.25
2019-02-17,0.2555643430120891,0.09098904613416486,0.46393611540443075,0.2247899159663865,0.8217846967846967,0.3172987974098057,0.19469964664310957,0.04689067201604814,1.0,0.7568805389666968,0.8675230663541702,0.8390175058977003,0.9330127018922193,0.75,0.25
2019-02-18,0.2995141791887922,0.12409050931478371,0.49433281813498203,0.16864676905244852,0.7499554843304845,0.24583718778908414,0.03674911660777386,0.6350300902708124,1.0,0.7493571079421075,0.8733003299623139,0.8326453815105587,0.9330127018922193,0.75,0.25
2019-02-19,0.3853801830301661,0.5245862317102422,0.1743946419371458,0.18248333816285128,0.7919655575905578,0.26773049645390073,0.23427561837455835,0.5052657973921766,1.0,0.7417380400824598,0.8789671290231953,0.8261748211481089,0.9330127018922193,0.75,0.25
2019-02-20,0.2792904756524687,0.062285120332613735,0.5425038639876352,0.2586931324253839,0.8459757834757835,0.356845513413506,0.13604240282685515,0.6172266800401205,1.0,0.7340977195927998,0.8845217866398023,0.8196077395532636,0.9330127018922193,0.75,0.25
2019-02-21,0.36854592701389677,0.3517230351003438,0.35522926326635756,0.23768472906403937,0.8347006003256003,0.3328707986432316,0.1127208480565371,0.8587011033099299,1.0,0.7263511359530743,0.8899626590995804,0.8129460800311208,0.9330127018922193,0.75,0.25
2019-02-22,0.29284826573268563,0.12433037499000558,0.4873776403915508,0.21696609678354092,0.8223761192511192,0.30928152944804194,0.0756183745583039,0.5453861584754263,1.0,0.7185832996833357,0.8952881363608334,0.8061918138739088,0.9330127018922193,0.75,0.25
2019-02-23,0.37961812224607394,0.3731510354201647,0.38433797011849563,0.266589394378441,0.8327800671550671,0.36270428615479494,0.31908127208480574,0.8489217652958878,1.0,0.7107304528935452,0.9004966425291608,0.7993469397776494,0.9330127018922193,0.75,0.25
2019-02-24,0.4452604225511242,0.6038218597585352,0.13575476558475014,0.12402202260214423,0.6635187728937728,0.1843200740055504,0.49469964664310956,0.9274072216649949,1.0,0.7028032218987095,0.9055866363237911,0.792413483250711,0.9330127018922193,0.75,0.25
2019-02-25,0.3448197943735172,0.22995122731270487,0.4304482225656878,0.10236163430889594,0.6166755698005697,0.15302189330866478,0.07137809187279152,0.6676278836509528,1.0,0.6948334856438483,0.9105566115336701,0.7853934960144285,0.9330127018922193,0.75,0.25
2019-02-26,0.2298045418596769,0.05021188134644599,0.4430705821741371,0.12844103158504777,0.6861708892958893,0.19303114400246685,0.1628975265017668,0.5373620862587765,1.0,0.6861411599685461,0.9154050974631737,0.7782890553959659,0.9330127018922193,0.75,0.375
2019-02-27,0.4442435882951079,0.5293035899896058,0.24137042761463162,0.16111272095044904,0.6754362535612537,0.2242522355843355,0.27279151943462904,0.7902457372116349,1.0,0.6781501710836717,0.9201306593673111,0.7711022637136017,0.9330127018922193,0.75,0.375
2019-02-28,0.37645463789402334,0.26633085472135604,0.4237506439979392,0.27622428281657485,0.7488743894993894,0.356845513413506,0.14240282685512368,0.7161484453360081,1.0,0.6701485558837903,0.9247318988762877,0.7638352476546191,0.9330127018922193,0.75,0.375
2019-03-01,0.35928143712574856,0.20372591348844646,0.4814528593508501,0.27941176470588225,0.8490982397232396,0.3792784458834413,0.11342756183745588,0.7859829488465395,1.0,0.6620406775338448,0.9292074544093061,0.7564901576459847,1.0,0.5,0.375
2019-03-02,0.43260648514292177,0.38522427440633245,0.38382277176713037,0.10786728484497238,0.6749910968660968,0.16967314215232804,0.3886925795053004,0.9149949849548646,1.0,0.6531358255584125,0.9335560015774793,0.7490691672180035,1.0,0.5,0.375
2019-03-03,0.46955146311151286,0.5248260973854642,0.256053580628542,0.09939148073022308,0.6465010683760686,0.15602836879432624,0.5127208480565372,0.8508024072216651,1.0,0.6449748156334345,0.9377762535757386,0.7415744723611354,1.0,0.5,0.5
2019-03-04,0.4200655293187211,0.299272407451827,0.5236991241628026,0.21211243117936823,0.7089374745624746,0.2837650323774283,0.6427561837455832,0.8714894684052157,1.0,0.6368563109684824,0.9418669615636207,0.7340082908761664,1.0,0.5,0.5
2019-03-05,0.4650321997514405,0.5048372911169745,0.25193199381761977,0.2581860330339032,0.7571034289784289,0.3405026210299106,0.3703180212014135,0.8565697091273823,1.0,0.6286209168384587,0.9458269150348186,0.7263728617179261,1.0,0.5,0.5
2019-03-06,0.45294317026324715,0.3592388262572959,0.41962905718701704,0.2100840336134453,0.756957163207163,0.2900863398088189,0.1738515901060071,0.4882146439317954,1.0,0.6202792595583704,0.9496549421753908,0.7186704443327449,1.0,0.5,0.5
2019-03-07,0.31239407976499833,0.07939553849844087,0.5986604842864502,0.2408722109533468,0.8127480158730158,0.3324853530681468,0.2614840989399294,0.4216399197592779,1.0,0.6119907338533142,0.9533499102105194,0.7109033179898466,1.0,0.5,0.5
2019-03-08,0.28550446277256813,0.1113776285280243,0.4853168469860896,0.33149811648797445,0.8802910052910053,0.43933086648165276,0.11908127208480566,0.4454613841524574,1.0,0.6036597028882325,0.9569107257397163,0.7030737811068777,1.0,0.5,0.5
2019-03-09,0.3390577335894249,0.07163988166626689,0.6494075218959299,0.36279339321935666,0.9000559625559625,0.47563983965464074,0.330035335689046,0.6736459378134403,1.0,0.5953286719231503,0.9603363350603784,0.6951841505697665,1.0,0.5,0.5
2019-03-10,0.5085301095921365,0.49940033581194526,0.31710458526532714,0.29476963199072725,0.8772512210012209,0.39962997224791863,0.16501766784452299,0.8855315947843532,1.0,0.5868594988629843,0.9636257244795952,0.6872367610471211,1.0,0.5,0.5
2019-03-11,0.5609535645689753,0.7647717278324138,0.15713549716640907,0.34084323384526216,0.8970416157916157,0.4517422139993833,0.2784452296819789,0.5871364092276832,0.9821314613911932,0.5784434573778503,0.9667779206141163,0.6792339642993624,1.0,0.5,0.5
2019-03-12,0.5571121907129137,0.7265531302470616,0.15971148892323545,0.39785569400173854,0.8017144892144892,0.49321615787850753,0.14204946996466433,0.6727683049147444,0.9521378430121249,0.5700167895777102,0.9697919906783913,0.6711781284828007,1.0,0.5,0.5
2019-03-13,0.23827816065981247,0.009114895658431278,0.526275115919629,0.4039408866995073,0.9181356837606836,0.5222016651248843,0.46784452296819784,0.5614343029087263,0.9355456285896616,0.5615157375725244,0.9726670427605966,0.6630716374488601,1.0,0.5,0.5
2019-03-14,0.5054796068240877,0.5351403214200048,0.2751159196290572,0.4322660098522167,0.8350249287749287,0.5358464384828863,0.6477031802120141,0.962136409227683,0.8430121250797703,0.5530253118823456,0.975402226086566,0.6549168900386584,1.0,0.5,0.5
2019-03-15,0.5629872330810077,0.6118173822659311,0.26403915507470377,0.4248768472906403,0.7111378205128205,0.5023897625655257,0.19681978798586575,0.8114343029087263,0.8902361199744734,0.5445242598771598,0.9779967312715485,0.6467162993731514,1.0,0.5,0.5
2019-03-16,0.44187097503107,0.3119053330135124,0.5958268933539412,0.42907852796290924,0.6793790700040698,0.5000770891150169,0.1353356890459364,0.8882898696088264,0.8423739629865986,0.536023207871974,0.9804497905597181,0.6384722921390523,1.0,0.5,0.5
2019-03-17,0.6053553270816857,0.7750859518669545,0.16151468315301393,0.43400463633729347,0.567237739112739,0.4765649090348443,0.18939929328621913,0.9228936810431294,0.8315252074026801,0.5275327821817948,0.9827606780513657,0.6301873078707345,1.0,0.5,0.5
2019-03-18,0.47147215003954357,0.30079155672823216,0.56053580628542,0.46218487394957974,0.5588687932437932,0.4996916435399322,0.17137809187279152,0.7528836509528585,0.8136566687938734,0.5190104775465962,0.9849287099177038,0.6218637982283358,1.0,0.5,0.5
2019-03-19,0.565811772681053,0.6049412329095706,0.2539927872230809,0.4913793103448275,0.6751437220187222,0.5565834104224483,0.25759717314487635,0.8528084252758277,0.7702616464582003,0.510466920281385,0.986953244603223,0.6135042262722716,1.0,0.5,0.5
2019-03-20,0.6076149587617218,0.773886623490845,0.1731066460587326,0.5196319907273254,0.6460813492063493,0.5804039469626888,0.19717314487632515,0.7625376128385157,0.7702616464582003,0.5019764945912057,0.988833683015538,0.6051110657343766,1.0,0.5,0.5
2019-03-21,0.61812224607389,0.7669305189094107,0.19603297269448738,0.5468704723268617,0.670774827024827,0.6016805427073697,0.16254416961130747,0.4567452357071214,0.7702616464582003,0.4934754425860204,0.9905694687026694,0.5966868002858867,1.0,0.5,0.5
2019-03-22,0.6305502203140888,0.7414248021108178,0.23390005151983517,0.5072442770211532,0.6018009768009769,0.5474098057354302,0.2374558303886926,0.3847793380140421,0.7702616464582003,0.484963764265828,0.9921600880177063,0.5882339228024817,1.0,0.5,0.5
2019-03-23,0.5205061574963281,0.3230191092987927,0.5587326120556415,0.5528107794842074,0.7470937627187626,0.6349059512796793,0.18692579505300355,0.5091524573721165,0.7702616464582003,0.476441459630629,0.9936050702708027,0.5797549346266023,1.0,0.5,0.5
2019-03-24,0.15354197265845668,0.020068761493563604,0.3232869654817105,0.47652854245146326,0.7370840964590963,0.5593586185630589,0.2289752650176679,0.1371614844533601,0.7881301850670069,0.46794040762544364,0.9949039878684625,0.5712523448272637,1.0,0.5,0.5
2019-03-25,0.21285730425940572,0.018709522667306307,0.4582689335394127,0.4446537235583888,0.6601800976800978,0.5096361393771199,0.08939929328621908,0.3905466399197593,0.6126356094447989,0.4594712345652776,0.9960564564400708,0.5627286694575813,1.0,0.5,0.5
2019-03-26,0.13851542198621625,0.002718477652514592,0.31014940752189596,0.5515792523906113,0.7554245522995522,0.6343663274745606,0.25300353356890465,0.5002507522567703,0.2820676451818761,0.4510339404501309,0.997062134951636,0.5541864308102296,1.0,0.5,0.5
2019-03-27,0.6114563326177833,0.46429999200447747,0.533487892838743,0.5681686467690523,0.5582137769637769,0.5961301264261486,0.2985865724381626,0.8988214643931796,0.7702616464582003,0.4425541410749583,0.9979207258067064,0.5456281566710555,1.0,0.5,0.5
2019-03-28,0.5359846345045758,0.3019109298792676,0.7127769191138589,0.5080411474934801,0.47275005087505095,0.5198119025593586,0.17738515901060076,0.7632898696088266,0.7702616464582003,0.43409559432979794,0.998631974934435,0.5370563795710666,1.0,0.5,0.5
2019-03-29,0.5797085075132753,0.5045974254417526,0.4198866563626997,0.4997102289191538,0.4582188644688644,0.5029293863706444,0.2734982332155477,0.6206118355065195,0.7836630504148053,0.4250844792043016,0.9991956718647619,0.528473636037013,1.0,0.5,0.5
2019-03-30,0.6072760140097164,0.4368753498041097,0.6653786707882534,0.45378151260504196,0.39044057794057796,0.444650015417823,0.13745583038869263,0.7540120361083249,0.5928525845564773,0.4167428219242133,0.9996116497906962,0.5198824658407896,1.0,0.5,0.625
2019-03-31,0.48197943735171167,0.4295194690973055,0.32843894899536324,0.5181831353230947,0.4541107041107041,0.5308356460067838,0.306713780918728,0.5868856569709127,0.05041480536056164,0.40846492253416367,0.9998797856176773,0.5112854112478764,1.0,0.5,0.625
2019-04-01,0.3606372161337702,0.1202526585112337,0.5981452859350851,0.4968125181106925,0.5169286731786732,0.520968239284613,0.16466431095406364,0.7397191574724173,0.05041480536056164,0.40017639682910744,1.0,0.5026850162650404,0.9330127018922194,0.2500000000000001,0.625
2019-04-02,0.6146198169698339,0.619493083873031,0.36347243688820197,0.5092002318168646,0.4834338115588115,0.5306043786617329,0.3544169611307421,0.8645937813440321,0.05041480536056164,0.3919410026990837,0.9999722573642948,0.49408382588752436,0.9330127018922194,0.2500000000000001,0.625
2019-04-03,0.6900915150830415,0.7311905333013512,0.2395672333848532,0.5014488554042306,0.3787456756206756,0.4848905334566759,0.21943462897526506,0.3501755265797392,0.05041480536056164,0.3836843559390477,0.9997965659200537,0.4854843853459405,0.9330127018922194,0.2500000000000001,0.625
2019-04-04,0.20845102248333522,0.11721435995842328,0.32921174652241114,0.5774413213561286,0.6953220390720389,0.650940487203207,0.3812720848056537,0.5110330992978938,0.05041480536056164,0.3755233460140692,0.9994729776572018,0.476889239353097,0.9330127018922194,0.2500000000000001,0.625
2019-04-05,0.22517229691560275,0.04213640361397617,0.4446161772282329,0.6315560707041437,0.6891725172975172,0.7013567684242985,0.18339222614840994,0.3200852557673019,0.05041480536056164,0.3673304571440714,0.999001588330712,0.4683009313509757,0.9330127018922194,0.2500000000000001,0.625
2019-04-06,0.17772003163484354,0.06572319501079395,0.330757341576507,0.6148942335554911,0.8428787647537646,0.7247918593894542,0.257243816254417,0.3427783350050151,0.0548819400127632,0.3591906998491061,0.9983825374322698,0.45972200275808717,0.9330127018922194,0.2500000000000001,0.625
2019-04-07,0.6776635408428426,0.6635484128887822,0.2624935600206079,0.6873370037670239,0.3817345848595849,0.6608078939253778,0.2985865724381626,0.8319959879638916,0.0657306955966816,0.35113595307419265,0.9976160081489959,0.4511549922174234,0.9330127018922194,0.2500000000000001,0.625
2019-04-08,0.6006101005536097,0.5619253218197809,0.47269448737764036,0.6675601274992755,0.394109940984941,0.6536386062288004,0.3342756183745584,0.8238465396188568,0.0657306955966816,0.34310245892929236,0.9967022273092373,0.4426024348452336,0.9330127018922194,0.2500000000000001,0.625
2019-04-09,0.2852784996045644,0.061085791956504355,0.539927872230809,0.5496957403651115,0.45398987586487594,0.5666049953746531,0.2777385159010601,0.26178535606820463,0.0657306955966816,0.3350583384693855,0.995641465315446,0.4340668614808413,0.9330127018922194,0.2500000000000001,0.625
2019-04-10,0.14698904078635183,0.0048772687295114735,0.3235445646573931,0.4259634888438133,0.5283946377696377,0.4626117792167746,0.36466431095406365,0.11108324974924774,0.0657306955966816,0.3270779758995177,0.9944340360641617,0.42555079793772954,0.9330127018922194,0.2500000000000001,0.625
2019-04-11,0.13670771664218734,0.005996641880546894,0.30448222565687794,0.4324833381628513,0.5666717541717543,0.47648781991982736,0.49858657243816257,0.054287863590772326,0.28015315890236114,0.31921450279472063,0.9930802968531257,0.41705676425611093,0.9330127018922194,0.2500000000000001,0.625
2019-04-12,0.310812337588973,0.007515791156952107,0.6921689850592478,0.44588525065198487,0.6180110398860399,0.5027752081406105,0.34628975265017675,0.6410481444332998,0.5864709636247606,0.311351029689924,0.9915806482755501,0.4085872739572076,0.9330127018922194,0.2500000000000001,0.625
2019-04-13,0.7414981358038639,0.7135204285600063,0.2954662545079856,0.4971747319617501,0.3929525335775337,0.4837341967314215,0.16148409893992938,0.6592276830491475,0.0657306955966816,0.3035300618451533,0.9899355341015761,0.4001448332994602,0.9330127018922194,0.2500000000000001,0.625
2019-04-14,0.5344028923285504,0.27664507875589667,0.6903657908294694,0.5048536656041727,0.5622964997964996,0.543709528214616,0.41802120141342763,0.43981945837512537,0.0657306955966816,0.2957941045204344,0.988145441146955,0.39173194053688476,0.9330127018922194,0.2500000000000001,0.625
2019-04-15,0.4501186306632019,0.22075637642919962,0.5880989180834622,0.5859895682410894,0.4882224257224257,0.5929694727104533,0.20494699646643116,0.7462387161484454,0.07466496490108487,0.2875587103904107,0.986210899128992,0.3833510851798006,0.9330127018922194,0.2500000000000001,0.625
2019-04-16,0.5532708168568523,0.4346366035020388,0.44513137557959814,0.6242393509127788,0.43356990231990233,0.6153253160653716,0.13321554770318023,0.48081745235707124,0.09636247606892151,0.27997152147578275,0.9841324805097938,0.37500474725814276,0.9330127018922194,0.2500000000000001,0.75
2019-04-17,0.12416676081798667,0.03861837371072199,0.25991756826378154,0.5617936829904375,0.8046398046398044,0.6608078939253778,0.14452296819787985,0.4674022066198596,0.09636247606892151,0.27242683782118027,0.9819108003268686,0.36669539658758177,0.9330127018922194,0.2500000000000001,0.75
2019-04-18,0.47881595299966107,0.37219157271927716,0.5115919629057186,0.5864242248623587,0.5635365791615792,0.6213382670366944,0.16678445229681982,0.9284102306920763,0.09636247606892151,0.2649565383716235,0.9795465160111259,0.35842549203866586,0.9330127018922194,0.2500000000000001,0.75
2019-04-19,0.6749519828267992,0.5931878148236986,0.45904173106646057,0.6893654013329469,0.4056077024827024,0.6779987665741597,0.2346289752650177,0.6649949849548646,0.09636247606892151,0.2576137547021444,0.9770403271923322,0.35019748080920077,0.9330127018922194,0.2500000000000001,0.75
2019-04-20,0.5963168003615411,0.38546414008155433,0.5350334878928387,0.7220370906983482,0.5872697903947903,0.7678846746839346,0.28515901060070675,0.2937562688064193,0.08296107211231657,0.2502922236626781,0.9743929754920799,0.34201379770008533,0.9330127018922194,0.2500000000000001,0.75
2019-04-21,0.2198621624675178,0.04733349324378348,0.4265842349304482,0.6505360764995652,0.5859279609279611,0.6904101140918902,0.2925795053003534,0.15697091273821467,0.05041480536056164,0.24300257156823157,0.9716052443043288,0.3338768643948147,0.9330127018922194,0.2500000000000001,0.75
2019-04-22,0.8091741046209467,0.8321739825697608,0.22771767130345183,0.6532889017676035,0.3545673076923077,0.618485969781067,0.17738515901060076,0.4027081243731194,0.05041480536056164,0.2358191826238496,0.9686779585635876,0.32578908874286405,0.9330127018922194,0.2500000000000001,0.75
2019-04-23,0.6888487176590216,0.5174702166786599,0.468057702215353,0.6879889886989278,0.4534938441188442,0.6942645698427382,0.24169611307420497,0.6423019057171515,0.05041480536056164,0.2287208041995199,0.9656119845008027,0.31775286404716896,0.9330127018922194,0.2500000000000001,0.75
2019-04-24,0.6634278612586149,0.4241624690173503,0.5543534260690366,0.6966096783541001,0.4290992572242571,0.6996608078939254,0.21448763250883396,0.9227683049147444,0.05041480536056164,0.221696809980235,0.9624082293870257,0.3097705683559071,0.9330127018922194,0.2500000000000001,0.75
2019-04-25,0.782623432380522,0.7189573838650355,0.30525502318392583,0.605766444508838,0.21340176027676028,0.5151094665433241,0.38268551236749127,0.9389418254764295,0.05041480536056164,0.21470469470596987,0.9590676412649386,0.3018445637587963,0.9330127018922194,0.2500000000000001,0.75
2019-04-26,0.6713365721387414,0.45254657391860553,0.6383307573415766,0.5870037670240509,0.2787126068376068,0.5206598828245451,0.09823321554770319,0.5709628886659981,0.05041480536056164,0.2078294688967759,0.9555912086683114,0.2939771956881142,0.9330127018922194,0.2500000000000001,0.75
2019-04-27,0.37204835611795284,0.04805309026944911,0.7578567748583205,0.5549840625905533,0.5981506919006918,0.6035306814677768,0.20883392226148417,0.31870611835506524,0.2603701340140395,0.2010286272926276,0.9519799603294798,0.2861707922246466,0.9330127018922194,0.2500000000000001,0.75
2019-04-28,0.14133996158626144,0.0063964180059166865,0.3168469860896445,0.5248478701825557,0.7788715913715911,0.6196423065063213,0.3632508833922262,0.4513540621865597,0.5603063178047223,0.1943127962085307,0.948234964874927,0.27842766340877123,0.9330127018922194,0.2500000000000001,0.75
2019-04-29,0.3341995254773472,0.06972095626449187,0.7125193199381763,0.5065922920892494,0.6975351037851039,0.5787079864323158,0.27137809187279155,0.5045135406218657,0.05041480536056164,0.18766072301447312,0.9443573305090589,0.27075010055687976,0.9330127018922194,0.2500000000000001,0.75
2019-04-30,0.28618235227657896,0.018469656992084433,0.6146316331787738,0.49130686757461595,0.7096624440374439,0.5666049953746531,0.10636042402826858,0.18655967903711135,0.05041480536056164,0.18109366034046737,0.9403482046862693,0.2631403755833399,0.9330127018922194,0.2500000000000001,0.75
2019-05-01,0.30968252174895494,0.023187015271447987,0.6447707367336424,0.501231527093596,0.7392653642653642,0.585800185013876,0.08303886925795055,0.49573721163490475,0.05041480536056164,0.17404841349116973,0.9362087737713902,0.25560074032820035,0.75,0.06698729810778065,0.75
2019-05-02,0.8741385154219862,0.8887822819221236,0.23544564657393097,0.5918574326282235,0.4262693325193324,0.5733117483811285,0.24946996466431098,0.5199348044132397,0.05041480536056164,0.16774700869232562,0.9319402626886263,0.24813342589083415,0.75,0.06698729810778065,0.875
2019-05-03,0.8652129702858434,0.822419445110738,0.2828438948995363,0.6401043175891046,0.3806789275539276,0.6071538698735739,0.22049469964664314,0.7565195586760283,0.05041480536056164,0.16156249335855288,0.9275439345590806,0.24074064196972078,0.75,0.06698729810778065,0.875
2019-05-04,0.5285278499604564,0.14088110658031502,0.8887171561051006,0.602651405389742,0.5084834147334147,0.6306660499537465,0.19893992932862198,0.5734704112337012,0.05041480536056164,0.15540985696980014,0.9230210903269767,0.23342457620856094,0.75,0.06698729810778065,0.875
2019-05-05,0.502316122472037,0.1897337491005037,0.6777434312210202,0.5447696319907273,0.518690221815222,0.5729263028060438,0.09116607773851591,0.8036609829488466,0.05041480536056164,0.1493422311010988,0.9183730683746885,0.22618739354891737,0.75,0.06698729810778065,0.875
2019-05-06,0.5486385719127782,0.17997921164148076,0.810149407521896,0.5632425383946681,0.468050468050468,0.5709990749306197,0.07314487632508836,0.3509277833500502,0.05041480536056164,0.1433914946974688,0.9136012441266914,0.21903123558957455,0.75,0.06698729810778065,0.875
2019-05-07,0.5682973675290928,0.34756536339649796,0.6517259144770737,0.5717183425094174,0.6297631766381766,0.6198735738513722,0.20282685512367493,0.41211133400200606,0.05041480536056164,0.13754702144390363,0.9087070296425512,0.21195821995280367,0.75,0.06698729810778065,0.875
2019-05-08,0.2692351146763078,0.023746701846965697,0.5510046367851622,0.5769342219646478,0.6548064204314203,0.6405334566759173,0.28586572438162544,0.07698094282848547,0.05041480536056164,0.13180881134040345,0.9036918731990744,0.20497043965772593,0.75,0.06698729810778065,0.875
2019-05-09,0.9067901931985086,0.8882225953466059,0.2568263781555899,0.5581715444798608,0.3300900488400489,0.5204286154794943,0.20035335689045936,0.6380391173520561,0.05041480536056164,0.12616623807196148,0.8985572588617388,0.1980699625009531,0.75,0.06698729810778065,0.875
2019-05-10,0.6723534063947576,0.3574798113056688,0.7751159196290571,0.6469139379889886,0.24185363247863245,0.5785538082022819,0.32685512367491176,0.5737211634904715,0.05041480536056164,0.12067243321361021,0.8933047060455347,0.19125883044469383,0.75,0.06698729810778065,0.875
2019-05-11,0.1378375324822054,0.006556328456064604,0.3091190108191654,0.647783251231527,0.637591575091575,0.7101449275362319,0.32261484098939935,0.8568204613841526,0.05041480536056164,0.11521050730027849,0.8879357690653457,0.18453905901250395,0.75,0.06698729810778065,0.875
2019-05-12,0.8670206756298723,0.7901974894059326,0.3915507470376095,0.6879165459287162,0.48254985754985746,0.6991211840888066,0.1441696113074205,0.5461384152457371,0.05041480536056164,0.10987609716702429,0.8824520366760022,0.17791263669286117,0.75,0.06698729810778065,0.875
2019-05-13,0.7147215003954356,0.4209642600143919,0.7179289026275115,0.7370327441321356,0.4710393772893773,0.746068455134135,0.18127208480565377,0.5078986960882648,0.05041480536056164,0.10465857649884192,0.8768551316021433,0.17138152435073895,0.75,0.06698729810778065,0.875
2019-05-14,0.868376454637894,0.7903573998560806,0.33487892838742916,0.7594900028977107,0.49888710826210825,0.7755164970706137,0.20318021201413433,0.28259779338014046,0.05041480536056164,0.09957919792574343,0.8711467100580257,0.16494765464735456,0.75,0.06698729810778065,0.875
2019-05-15,0.7153993898994464,0.5652834412728871,0.49252962390520355,0.7896261953057084,0.41635505698005704,0.7873111316682084,0.36148409893992944,0.6302657973921766,0.05041480536056164,0.09459545618770315,0.8653284612574239,0.15861293146826433,0.75,0.06698729810778065,0.875
2019-05-16,0.4746356343915942,0.22147597345486525,0.6530139103554868,0.6780643291799477,0.45870853683353674,0.6887141535615171,0.2696113074204948,0.19922266800401203,0.0548819400127632,0.08968609865470856,0.8594021069137645,0.15237922935997272,0.75,0.06698729810778065,0.875
2019-05-17,0.19986442209919783,0.02686495562485008,0.4242658423493045,0.5722978846711098,0.6327648046398047,0.6362935553499846,0.4021201413427563,0.16461885656970912,0.0657306955966816,0.0849467621618174,0.8533694007306438,0.14624839297522424,0.75,0.06698729810778065,0.875
2019-05-18,0.09275788046548412,0.00015991045014791716,0.2109737248840804,0.5482468849608808,0.8458295177045179,0.6581868640148011,0.506713780918728,0.0845035105315948,0.0657306955966816,0.08030306250398467,0.8472321278828785,0.140222236527141,0.75,0.06698729810778065,0.875
2019-05-19,0.2566941588521071,0.0021587910769968817,0.5808861411643482,0.5857722399304548,0.5692663817663819,0.6257323465926611,0.22614840989399299,0.1399197592778335,0.06126356094447993,0.07574437336620399,0.8409921044882432,0.13430254325236746,0.75,0.06698729810778065,0.875
2019-05-20,0.8142582759010282,0.5552890381386423,0.5386398763523956,0.6332222544190089,0.41849816849816845,0.6235738513721862,0.16890459363957605,0.4454613841524574,0.05041480536056164,0.07137695789853993,0.8346511770700529,0.1284910648833822,0.75,0.06698729810778065,0.875
2019-05-21,0.3488871313975822,0.03558007515791157,0.729005667181865,0.6594465372355838,0.4646672771672772,0.6687480727721246,0.33321554770318024,0.19746740220661987,0.05041480536056164,0.0670945529509277,0.828211222010746,0.12278952113013225,0.75,0.06698729810778065,0.875
2019-05-22,0.21003276465936052,0.13400495722395458,0.2964966512107161,0.6030136192407997,0.7910116503866504,0.7025901942645698,0.32756183745583045,0.31444332998996993,0.0548819400127632,0.06292903746838685,0.8216741449966338,0.11719959917114331,0.75,0.06698729810778065,0.875
2019-05-23,0.7706473844763304,0.534500679619413,0.7547655847501289,0.6605331787887568,0.6287202380952381,0.7133826703669441,0.23074204946996474,0.418505516549649,0.06126356094447993,0.058912290395936706,0.8150418804539763,0.11172295315425645,0.75,0.06698729810778065,0.875
2019-05-24,0.31160320867698565,0.05756776205325018,0.6156620298815043,0.6484352361634308,0.7255736161986162,0.7326549491211841,0.3113074204946997,0.5906469408224675,0.0548819400127632,0.05499118015854476,0.8083163909765543,0.10636120370713859,0.75,0.06698729810778065,0.875
2019-05-25,0.9165066094226642,0.8194611017830015,0.35316846986089645,0.7009562445667922,0.5045088013838013,0.7153869873573852,0.1590106007067138,0.6523319959879639,0.0657306955966816,0.0512400909612567,0.801499666744907,0.10111593745771341,0.75,0.06698729810778065,0.875
2019-05-26,0.1876624110270026,0.031662269129287594,0.36192684183410617,0.7163865546218486,0.6203067765567767,0.7715078630897317,0.2558303886925795,0.328234704112337,0.0657306955966816,0.04757401228402003,0.794593724937405,0.09598870656465225,0.75,0.06698729810778065,0.875
2019-05-27,0.42774827703084395,0.06628288158631167,0.8042246264811952,0.6598087510866415,0.6869912494912493,0.7338112858464385,0.2597173144876326,0.12625376128385157,0.0657306955966816,0.04406732833188132,0.787600609133335,0.0909810282580657,0.75,0.06698729810778065,0.875
2019-05-28,0.7977629646367642,0.530822739266011,0.7210200927357033,0.7098667053028107,0.40637718762718766,0.6969626888683318,0.1127208480565371,0.20173019057171518,0.0657306955966816,0.04065628121480036,0.7805223887081723,0.08609438439053063,0.75,0.06698729810778065,0.875
2019-05-29,0.7712122923963394,0.4827696489965619,0.7091705306543019,0.7857867284844972,0.32858923483923486,0.7501541782300339,0.13851590106007067,0.9306670010030091,0.0657306955966816,0.03740462882281692,0.7733611582212179,0.08133022099858572,0.75,0.06698729810778065,0.875
2019-05-30,0.8486046774375777,0.5753577996322059,0.6442555383822772,0.8242538394668211,0.375349765974766,0.7954054887449892,0.17561837455830392,0.8687311935807422,0.0657306955966816,0.03425923958089827,0.766119036795786,0.0766899478748268,0.75,0.06698729810778065,0.875
2019-05-31,0.8908597898542537,0.689214040137523,0.491499227202473,0.7736887858591711,0.4353696072446074,0.7752852297255628,0.21272084805653713,0.3554413239719158,0.0657306955966816,0.031273245064076916,0.7587981674921209,0.0721749381507259,0.75,0.06698729810778065,0.875
2019-06-01,0.9106315670545702,0.7500599664188055,0.4703760947964967,0.7507968704723268,0.3313810032560034,0.7131514030218933,0.0685512367491166,0.6488214643931796,0.0657306955966816,0.028414766327332863,0.7514007166732315,0.06778652789030004,0.5000000000000001,0.0,0.875
2019-06-02,0.8145972206530335,0.5129927240745182,0.7694487377640391,0.7940452042886119,0.4742063492063492,0.8056583410422449,0.18798586572438164,0.46326479438314955,0.0657306955966816,0.025088729730304182,0.7439288733638278,0.0635260156947478,0.5000000000000001,0.0,0.875
2019-06-03,0.9146989040786352,0.7861197729271607,0.3490468830499743,0.8440307157345696,0.5894510582010581,0.8895312981806969,0.19964664310954067,0.49523570712136417,0.0657306955966816,0.022549040443755164,0.7363848486025563,0.0593946623181732,0.5000000000000001,0.0,0.875
2019-06-04,0.8994463902383911,0.7674902054849284,0.34234930448222567,0.857794842074761,0.46035561660561664,0.8589269195189639,0.2113074204946997,0.7299398194583753,0.0657306955966816,0.020126240622277303,0.7287708747877152,0.05539369029450725,0.5000000000000001,0.0,0.875
2019-06-05,0.9299514179188793,0.8346525945470537,0.32843894899536324,0.8024485656331497,0.44191977004477,0.8010329941412273,0.08233215547703181,0.537863590772317,0.0657306955966816,0.01780970395086401,0.7210892050166531,0.051524283575741125,0.5000000000000001,0.0,1.0
2019-06-06,0.968817082815501,0.9562644918845445,0.24368882019577537,0.8649666763257027,0.2812881562881562,0.7894696268886833,0.1392226148409894,0.3382647943831495,0.0657306955966816,0.01564193568954164,0.7133421124190418,0.04778758718157594,0.5000000000000001,0.0,1.0
2019-06-07,0.8521071065416337,0.7119213240585271,0.44538897475528083,0.9040133294697188,0.4374554843304844,0.9022510021584952,0.3053003533568905,0.515295887662989,0.0657306955966816,0.013654814783329305,0.7055318894842194,0.044184706860592116,0.5000000000000001,0.0,1.0
2019-06-08,0.27590102813241446,0.13960182297913168,0.43894899536321486,0.7287742683280207,0.6093622812372812,0.7887758248535307,0.2809187279151944,0.8995737211634904,0.0657306955966816,0.011699572822136739,0.6976608473828072,0.040716708763041676,0.5000000000000001,0.0,1.0
2019-06-09,0.9221556886227545,0.7859598624770128,0.3822771767130345,0.7292813677195016,0.2506041412291412,0.6622725871107,0.2787985865724382,0.8497993981945839,0.0657306955966816,0.009956857161073751,0.6897313152827955,0.03738461912535618,0.5000000000000001,0.0,1.0
2019-06-10,0.8600158174217603,0.6517949948029104,0.5710973724884081,0.7669516082294987,0.2914250101750102,0.7120721554116559,0.13745583038869263,0.8094282848545638,0.0657306955966816,0.008384162540114426,0.6817456396603067,0.034189423966467736,0.5000000000000001,0.0,1.0
2019-06-11,0.7141565924754265,0.5044375149916047,0.5896445131375581,0.732613735149232,0.5335139397639398,0.7636447733580018,0.16537102473498239,0.6651203610832497,0.0657306955966816,0.006885852124200342,0.6737061836052344,0.031132068796029422,0.5000000000000001,0.0,1.0
2019-06-12,0.9358264602869732,0.8053090269449108,0.40571870170015456,0.7534772529701534,0.38022105209605217,0.7324236817761332,0.1127208480565371,0.6518304914744233,0.0657306955966816,0.005578815378403101,0.6656153261219682,0.02821345833462452,0.5000000000000001,0.0,1.0
2019-06-13,0.8016043384928256,0.5700007995522507,0.5087583719732096,0.8186033033903215,0.3759475478225479,0.7966389145852606,0.18586572438162546,0.5634403209628887,0.0657306955966816,0.004431173357702933,0.6574754614254064,0.025434456246044346,0.5000000000000001,0.0,1.0
2019-06-14,0.7889504010846232,0.5631246501958903,0.6324059763008758,0.8596059113300492,0.42489570614570626,0.8536848596978106,0.05830388692579508,0.7007271815446339,0.0657306955966816,0.0033791681720616307,0.6492889982324707,0.0227958848817168,0.5000000000000001,0.0,1.0
2019-06-15,0.6931420178510903,0.40217478212201163,0.6875321998969603,0.8007823819182844,0.5801218457468458,0.8458217699660808,0.23180212014134277,0.8934302908726179,0.07019783024888321,0.002454678766497409,0.641058359049327,0.02029852503735896,0.5000000000000001,0.0,1.0
2019-06-16,0.8657778782058525,0.7614136083793075,0.42323544564657395,0.7435525934511735,0.5318795787545786,0.7734350909651557,0.2243816254416962,0.7948846539618857,0.07657945118059989,0.0016789577710241144,0.6327859794545286,0.017943115721927694,0.5000000000000001,0.0,1.0
2019-06-17,0.927126878318834,0.8117054449508275,0.38382277176713037,0.7364532019704433,0.5124262311762311,0.7590965155720013,0.1356890459363958,0.5440070210631895,0.07019783024888321,0.0010838841306612945,0.6244743073782868,0.015730353938934127,0.5000000000000001,0.0,1.0
2019-06-18,0.7816065981245057,0.497961141760614,0.7078825347758888,0.772312373225152,0.4560566748066749,0.7814523589269196,0.09257950530035335,0.289493480441324,0.07211231652839822,0.0006056999553694098,0.6161258023780913,0.013660894480189922,0.5000000000000001,0.0,1.0
2019-06-19,0.2640379618122246,0.19029343567602142,0.32921174652241114,0.7245001448855404,0.8265351546601545,0.8390379278445883,0.30883392226148415,0.3049147442326981,0.05041480536056164,0.0002762841901686741,0.6077429349108862,0.01173534973204321,0.5000000000000001,0.0,1.0
2019-06-20,0.8019432832448311,0.5706404413528424,0.4871200412158681,0.7719501593740944,0.6256359381359382,0.8260098674067222,0.13992932862190816,0.5367352056168506,0.05041480536056164,8.50105200518314e-05,0.5993281856020221,0.009954289494164048,0.5000000000000001,0.0,1.0
2019-06-21,0.18133544232290139,0.05516910530103142,0.36810922205048946,0.7423210663575774,0.675563441188441,0.8183780450200432,0.2053003533568905,0.5457622868605818,0.05041480536056164,2.125263001295785e-05,0.5908840445111997,0.008318240810931299,0.5000000000000001,0.0,1.0
2019-06-22,0.8125635521410011,0.5692012473015111,0.6437403400309119,0.764416111272095,0.32564484126984117,0.7221708294788776,0.2809187279151944,0.6730190571715147,0.05041480536056164,0.00011688946507115716,0.5824130103956213,0.006827687815471828,0.5000000000000001,0.0,1.0
2019-06-23,0.756185741724099,0.4505476932917566,0.7001545595054097,0.7984642132715154,0.341498778998779,0.769195189639223,0.1356890459363958,0.7456118355065198,0.05041480536056164,0.0003612947102205055,0.5739175899705675,0.005483071586397714,0.5000000000000001,0.0,1.0
2019-06-24,0.8836289684781381,0.7712481010634045,0.40546110252447193,0.804114749348015,0.4026951058201058,0.7935553499845822,0.18091872791519437,0.8229689067201604,0.0548819400127632,0.000733215735447379,0.5654002971676201,0.004284790017283879,0.5000000000000001,0.0,1.0
2019-06-25,0.9569540164953113,0.8973374910050371,0.28773827923750644,0.8148362793393218,0.3795533170533172,0.7878507554733272,0.2063604240282686,0.7597793380140421,0.06126356094447993,0.0012751578007779152,0.5568636523907493,0.0032331976989251054,0.5000000000000001,0.0,1.0
2019-06-26,0.870184159981923,0.7342288318541617,0.4927872230808861,0.8614169805853376,0.45110907610907625,0.8634751773049645,0.12190812720848059,0.48771313941825484,0.05041480536056164,0.0019233630161734627,0.5483101817704863,0.0023286058144070254,0.5000000000000001,0.0,1.0
2019-06-27,0.8774149813580386,0.7400655632845606,0.3317877382792375,0.8438858301941465,0.7603594322344323,0.9406413814369411,0.18127208480565377,0.1928284854563691,0.05041480536056164,0.0027097103266531253,0.5397424164163998,0.001571282047021616,0.5000000000000001,0.0,1.0
2019-06-28,0.7034233419952548,0.5608859038938194,0.3029366306027821,0.891263401912489,0.7148262617012617,0.9757169287696578,0.23674911660777387,0.33525576730190576,0.05041480536056164,0.0036979576222557764,0.5311628916681003,0.0009614505010558938,0.5000000000000001,0.0,1.0
2019-06-29,0.6964184837871427,0.3818661549532262,0.7153529108706853,0.9334975369458127,0.6600910663410662,1.0,0.28409893992932866,0.5842527582748245,0.05041480536056164,0.004781841752917071,0.5225741463449918,0.0004992916354755184,0.5000000000000001,0.0,1.0
2019-06-30,0.42379392159078066,0.2772047653314144,0.526275115919629,0.8630831643002028,0.4396876271876272,0.8557662658032685,0.12014134275618378,0.29350551654964896,0.0548819400127632,0.005971989033642933,0.5139787219949951,0.00018494221052428594,0.5000000000000001,0.0,1.0
2019-07-01,0.8675855835498814,0.6701047413448469,0.5100463678516229,0.864604462474645,0.4123486467236467,0.8565371569534381,0.09257950530035335,0.3415245737211635,0.06126356094447993,0.007353409984485859,0.5053791621424623,1.849524725433538e-05,0.2500000000000001,0.06698729810778059,1.0
2019-07-02,0.8644220991978308,0.7311105780762772,0.3086038124678001,0.8838742393509127,0.499701109076109,0.8972402096823928,0.1770318021201414,0.5318455366098296,0.05041480536056164,0.008883599345419047,0.49677801153550777,0.0,0.2500000000000001,0.06698729810778059,1.0
2019-07-03,0.7331374985877303,0.4954825297833213,0.49716640906749104,0.8388872790495507,0.7411032254782255,0.9290780141843971,0.15547703180212014,0.3308676028084253,0.0548819400127632,0.010488172911397697,0.48817781539297506,0.00012946194180257775,0.2500000000000001,0.06698729810778059,1.0
2019-07-04,0.6036606033216586,0.29239625809546654,0.8284389489953632,0.8106345986670529,0.6408730158730158,0.8723404255319149,0.10742049469964664,0.08475426278836509,0.0657306955966816,0.012273393832486823,0.4795811186512666,0.0004068427627906268,0.2500000000000001,0.06698729810778059,1.0
2019-07-05,0.2650547960682409,0.03094267210362197,0.5394126738794436,0.7867284844972471,0.7019357956857957,0.8706444650015417,0.19081272084805656,0.17076228686058176,0.0657306955966816,0.014186130533653474,0.47099046521125565,0.0008320603815165084,0.2500000000000001,0.06698729810778059,1.0
2019-07-06,0.837306519037397,0.7345486527544575,0.41293147861926843,0.8293248333816284,0.4949379324379324,0.8487511563367253,0.11660777385159012,0.3253510531594785,0.0657306955966816,0.01626888827492423,0.46240839718550564,0.0014049889692458462,0.2500000000000001,0.06698729810778059,1.0
2019-07-07,0.9093887696305503,0.8452066842568161,0.3098918083462133,0.8681541582150101,0.5761853886853885,0.9164353993216159,0.2978798586572439,0.41524573721163494,0.0657306955966816,0.018447282851252744,0.4538374541460177,0.0021254589871919083,0.2500000000000001,0.06698729810778059,1.0
2019-07-08,0.6252400858660039,0.4127288718317742,0.5703245749613601,0.8805418719211822,0.8012438949938949,0.9892846130126427,0.18233215547703185,0.4709127382146439,0.0657306955966816,0.020806324782691732,0.4452801723727302,0.0029932572366851984,0.2500000000000001,0.06698729810778059,1.0
2019-07-09,0.5102248333521636,0.28536019828895814,0.5695517774343122,0.8376557519559547,0.7026798433048433,0.9187480727721247,0.33109540636042406,0.6120862587763289,0.06126356094447993,0.023250377234182773,0.4367390841029935,0.004008126922262156,0.2500000000000001,0.06698729810778059,1.0
2019-07-10,0.9117613828945882,0.8284160869912849,0.3119526017516744,0.8367139959432048,0.567771927146927,0.8805118717237126,0.3120141342756184,0.7642928786359078,0.05041480536056164,0.025790066520732013,0.42821671678223944,0.005169767727655095,0.2500000000000001,0.06698729810778059,1.0
2019-07-11,0.8441983956615072,0.7349484288798273,0.4613601236476043,0.9016227180527382,0.47692816442816444,0.9121184088806661,0.1865724381625442,0.5871364092276832,0.0548819400127632,0.02854228210741061,0.4197155923160698,0.0064778359046607226,0.2500000000000001,0.06698729810778059,1.0
2019-07-12,0.7448875833239182,0.5494523067082433,0.3737764039155075,0.8960446247464502,0.47554181929181927,0.908341042244835,0.11484098939929331,0.5506519558676028,0.0657306955966816,0.03140076084415466,0.411238226323984,0.007931944374860722,0.2500000000000001,0.06698729810778059,1.0
2019-07-13,0.850751327533612,0.7037658911009834,0.44281298299845445,0.9176325702694871,0.5281974969474968,0.9408726487819921,0.055477031802120144,0.38904212637913743,0.0657306955966816,0.034408007990988754,0.40278712739496714,0.00953166284416429,0.2500000000000001,0.06698729810778059,1.0
2019-07-14,0.844876285165518,0.7068041896537939,0.3853683668212262,0.9339321935670819,0.5502454721204721,0.9653869873573852,0.10742049469964664,0.5994232698094284,0.0657306955966816,0.037553397232907626,0.39436479634515725,0.011276517930139396,0.2500000000000001,0.06698729810778059,1.0
2019-07-15,0.7858998983165744,0.6125369792915967,0.3948995363214838,0.911112720950449,0.3878332315832317,0.8884520505704594,0.192226148409894,0.6743981945837514,0.0657306955966816,0.04080504962489129,0.3859737254778142,0.013165993302094225,0.2500000000000001,0.06698729810778059,1.0
2019-07-16,0.6541633713704667,0.44135284240825134,0.6179804224626482,0.8830773688785858,0.4582570207570207,0.8909189022510022,0.15971731448763254,0.31331494483450356,0.0657306955966816,0.04414171253692656,0.3776163978458068,0.015199529833867298,0.2500000000000001,0.06698729810778059,1.0
2019-07-17,0.7961812224607389,0.6048612776844966,0.38923235445646576,0.8899594320486814,0.5706908831908832,0.9243755781683627,0.14805653710247352,0.6591023069207622,0.0657306955966816,0.04766964911907823,0.3692952865168381,0.017376525769282503,0.2500000000000001,0.06698729810778059,0.875
2019-07-18,0.4684216472714947,0.3313344527064844,0.49252962390520355,0.9003187481889307,0.44920762108262113,0.8975485661424607,0.1872791519434629,0.7018555667001003,0.0657306955966816,0.05132510148130853,0.36101285384162396,0.019696336900218048,0.2500000000000001,0.06698729810778059,0.875
2019-07-19,0.8403570218054457,0.6941712640921084,0.3562596599690881,0.8643871341640104,0.3797440984940985,0.8378815911193339,0.145583038869258,0.6706369107321966,0.0657306955966816,0.05565001168894668,0.35277155072524496,0.022158276757238082,0.2500000000000001,0.06698729810778059,0.875
2019-07-20,0.8539148118856627,0.7685296234108898,0.37223080886141163,0.8444653723558387,0.2796029202279203,0.7859235275979032,0.11802120141342758,0.5392427281845538,0.0657306955966816,0.059517990351305894,0.34457381590188274,0.024761616812730036,0.2500000000000001,0.06698729810778059,0.875
2019-07-21,0.4413060671110609,0.2785640041576717,0.4404945904173107,0.8072297884671109,0.4358783577533578,0.8115171137835338,0.08869257950530039,0.551529588766299,0.0657306955966816,0.06352411110874967,0.33642207521316037,0.02750558669648795,0.2500000000000001,0.06698729810778059,0.875
2019-07-22,0.9136820698226189,0.9162868793475653,0.23390005151983517,0.8406259055346275,0.3650412087912087,0.8099753314831946,0.027915194346289765,0.27545135406218657,0.0657306955966816,0.06767900027628437,0.32831874089029633,0.030389374423676896,0.2500000000000001,0.06698729810778059,0.875
2019-07-23,0.7539261100440628,0.6146158151435196,0.6187532199896961,0.8642422486235872,0.43700396825396826,0.8633980881899476,0.20777385159010603,0.466148445336008,0.0657306955966816,0.07194015259388364,0.3202662108402873,0.03341212663511267,0.2500000000000001,0.06698729810778059,0.875
2019-07-24,0.4047000338944752,0.22811225713600383,0.49252962390520355,0.8958272964358156,0.43227894790394783,0.8969318532223249,0.32120141342756187,0.46727683049147445,0.0657306955966816,0.07632882069156044,0.31226686793632763,0.03657294884978457,0.2500000000000001,0.06698729810778059,0.875
2019-07-25,0.8986555191503784,0.859038938194611,0.24909840288511076,0.8974934801506809,0.27435007122507127,0.8144465001541783,0.192226148409894,0.8160732196589768,0.06126356094447993,0.08082375193930269,0.30432307931267977,0.039870905729546546,0.2500000000000001,0.06698729810778059,0.875
2019-07-26,0.9057733589424923,0.9316382825617654,0.19835136527563113,0.8676470588235293,0.1702978734228735,0.7601757631822387,0.2551236749116608,0.8245987963891677,0.05041480536056164,0.08543557265211588,0.29643719566420024,0.043305021355898865,0.2500000000000001,0.06698729810778059,0.875
2019-07-27,0.8499604564455994,0.7727672503398096,0.3207109737248841,0.9045928716314111,0.21894078144078144,0.8163737280296022,0.08763250883392228,0.48031594784353066,0.05041480536056164,0.09017490914500659,0.28861155055073284,0.04687427951877804,0.2500000000000001,0.06698729810778059,0.875
2019-07-28,0.6740481301547848,0.5344207243943392,0.4227202472952087,0.8609823239640683,0.49509691697191693,0.8709528214616096,0.21166077738515904,0.7415997993981946,0.05041480536056164,0.09498862984294298,0.28084845970656885,0.05057762401726984,0.2500000000000001,0.06698729810778059,0.875
2019-07-29,0.9005762060784093,0.9214040137522986,0.21895929933024216,0.8069400173862648,0.17519459706959706,0.6975794017884674,0.15724381625441702,0.6433049147442327,0.05041480536056164,0.09990861369094439,0.2731502203551856,0.05441395897215595,0.2500000000000001,0.06698729810778059,0.875
2019-07-30,0.8556095356456898,0.8281762213160629,0.2892838742916023,0.8261373514923209,0.2554881461131461,0.7621800801726796,0.25865724381625443,0.39493480441323975,0.05041480536056164,0.1049667396340297,0.26551911052945965,0.05838214915020273,0.2500000000000001,0.06698729810778059,0.875
2019-07-31,0.6587956163145408,0.4974814104101703,0.4376609994848017,0.8916256157635467,0.5159366096866097,0.9171292013567685,0.18833922261484104,0.427407221664995,0.05041480536056164,0.11017363398720614,0.25795738839756116,0.06248102030009428,0.2500000000000001,0.06698729810778059,0.875
2019-08-01,0.33092305954129475,0.051011433597185574,0.6553323029366307,0.8772819472616632,0.7060693935693936,0.961840888066605,0.09787985865724382,0.44170010030090273,0.05041480536056164,0.11545491254542717,0.2504672915947252,0.06670935949991313,0.06698729810778081,0.24999999999999978,0.875
2019-08-02,0.7765224268444244,0.716238906212521,0.3194229778464709,0.8956824108953925,0.5638291107041107,0.9302343509096516,0.11872791519434632,0.3257271815446339,0.05041480536056164,0.12081057530869432,0.24305103656110022,0.07106591551606228,0.06698729810778081,0.24999999999999978,0.875
2019-08-03,0.6804880804428878,0.5516110977852402,0.3650180319422978,0.8975659229208924,0.5624046092796091,0.9323157570151095,0.11484098939929331,0.39368104312938823,0.05041480536056164,0.12630438016704582,0.23571081788586645,0.07554939917352649,0.06698729810778081,0.24999999999999978,0.875
2019-08-04,0.481188566263699,0.42592148396897733,0.34131890777949514,0.911112720950449,0.4907725376475377,0.9233734196731422,0.12014134275618378,0.5661985957873621,0.0548819400127632,0.13190444817546165,0.22844880765782277,0.08015848373735907,0.06698729810778081,0.24999999999999978,0.875
2019-08-05,0.8005875042368094,0.7016870552490605,0.35394126738794435,0.873587365980875,0.3795278795278795,0.8449737897008942,0.14310954063604242,0.7056168505516549,0.0657306955966816,0.13755764775891022,0.22126715482262993,0.0848918053052849,0.06698729810778081,0.24999999999999978,0.75
2019-08-06,0.5733815388091741,0.4946829775325817,0.3750643997939207,0.8794552303680092,0.3992864774114775,0.8732654949121184,0.16113074204947003,0.5661985957873621,0.0657306955966816,0.14334898943744268,0.2141679845469039,0.08974796321129969,0.06698729810778081,0.24999999999999978,0.75
2019-08-07,0.6645576770986329,0.5418565603262173,0.45054095826893353,0.8125905534627644,0.35636065323565336,0.7860777058279371,0.18798586572438164,0.5473921765295888,0.0657306955966816,0.1498416679064034,0.20715339758934354,0.09472552044015142,0.06698729810778081,0.24999999999999978,0.75
2019-08-08,0.829623771325274,0.8371312065243464,0.23930963420917056,0.8310634598667052,0.2002696377696379,0.7457600986740672,0.07102473498233215,0.6471915747241725,0.06126356094447993,0.15588804114509158,0.20022546967908378,0.09982300405257472,0.06698729810778081,0.24999999999999978,0.75
2019-08-09,0.2540955824200656,0.11065803150235867,0.4420401854714065,0.8126629962329759,0.7132427757427757,0.898781991982732,0.2296819787985866,0.3446589769307924,0.05041480536056164,0.1619344143837802,0.1933862509014529,0.10503890562115786,0.06698729810778081,0.24999999999999978,0.75
2019-08-10,0.5324822054005197,0.45982249940033576,0.44513137557959814,0.866777745580991,0.5950981888481888,0.9088035769349367,0.07809187279151945,0.4472166499498496,0.05041480536056164,0.16815080866257204,0.18663776509131952,0.11037168167671108,0.06698729810778081,0.24999999999999978,0.75
2019-08-11,0.3156705457010507,0.07595746382026065,0.551262235960845,0.8401912489133583,0.6676396520146519,0.9145852605612088,0.19257950530035334,0.21351554663991978,0.0548819400127632,0.17444158714640956,0.17998200923420765,0.11581975416500345,0.06698729810778081,0.24999999999999978,0.75
2019-08-12,0.6103265167777652,0.5242664108099464,0.2903142709943328,0.833888727904955,0.6029456654456655,0.8833641689793401,0.22190812720848063,0.658099297893681,0.05679642629227827,0.18078549720527892,0.17342095287535603,0.12138151091373472,0.06698729810778081,0.24999999999999978,0.75
2019-08-13,0.24404022144390466,0.2067642120412569,0.3119526017516744,0.76796580701246,0.5890758547008546,0.8208448967005859,0.3084805653710248,0.9463390170511534,0.0261646458200383,0.1872675493592333,0.1669565375368987,0.12705530610960258,0.06698729810778081,0.24999999999999978,0.75
2019-08-14,0.7898542537566376,0.7761253697929159,0.24291602266872747,0.8076644450883801,0.41145197395197386,0.7994912118408881,0.0734982332155477,0.7523821464393181,0.00893426930440333,0.19381335940322608,0.16059067614333672,0.1328394607853262,0.06698729810778081,0.24999999999999978,0.75
2019-08-15,0.32335329341317365,0.26705045174702163,0.3369397217928903,0.7891915386844393,0.668956043956044,0.8654794942954055,0.16749116607773856,0.748244734202608,0.01978302488832165,0.20044417996727093,0.15432525245547324,0.13873226331647887,0.06698729810778081,0.24999999999999978,0.75
2019-08-16,0.7842051745565473,0.804829295594467,0.2424008243173622,0.8508403361344536,0.3666564916564916,0.8189947579401788,0.16113074204947003,0.6558425275827484,0.01978302488832165,0.20714938473636124,0.14816212051297828,0.1447319699279857,0.06698729810778081,0.24999999999999978,0.75
2019-08-17,0.2535306745000565,0.10650035979851283,0.458784131890778,0.7498551144595769,0.6996146214896215,0.834104224483503,0.2024734982332156,0.7448595787362087,0.01978302488832165,0.21393960002550338,0.14210310408574933,0.15083680521013415,0.06698729810778081,0.24999999999999978,0.75
2019-08-18,0.7686137159642978,0.7881986087790837,0.26172076249356,0.7699217618081715,0.41237408424908417,0.7567838421214925,0.172791519434629,0.6851805416248746,0.01978302488832165,0.2207829468896776,0.13614999613422685,0.15704496264394718,0.06698729810778081,0.24999999999999978,0.75
2019-08-19,0.7590102813241442,0.7890781162548972,0.2099433281813498,0.8748913358446826,0.5260480260480259,0.8904563675609005,0.18056537102473502,0.523319959879639,0.01978302488832165,0.22772193058891022,0.13030455827883058,0.1633546051357599,0.06698729810778081,0.24999999999999978,0.75
2019-08-20,0.7784431137724551,0.808827056848165,0.19654817104585265,0.8205592581860329,0.3707773707773707,0.7920906567992599,0.21554770318021205,0.2646690070210632,0.01978302488832165,0.23473529849318853,0.12456852027866577,0.169763865560847,0.06698729810778081,0.24999999999999978,0.75
2019-08-21,0.7647723421082363,0.7928360118333733,0.22488408037094282,0.8078093306288032,0.25966625966625967,0.742445266728338,0.06713780918727917,0.33513039117352056,0.01978302488832165,0.2418124242875055,0.11894357951966056,0.1762708473159335,0.06698729810778081,0.24999999999999978,0.75
2019-08-22,0.7452265280759236,0.737347085632046,0.23724884080370945,0.8266444508838017,0.43891814204314206,0.8315602836879432,0.31872791519434635,0.36710130391173523,0.01978302488832165,0.24898518691688087,0.11343140051228207,0.18287362488043107,0.06698729810778081,0.24999999999999978,0.75
2019-08-23,0.44119308552705916,0.22899176461181736,0.4840288511076765,0.8419298753984351,0.6401989214489214,0.9125038544557509,0.3904593639575973,0.41562186559679043,0.01978302488832165,0.25618982849127603,0.10803361439898135,0.18957024438622927,0.06698729810778081,0.24999999999999978,0.75
2019-08-24,0.3858321093661733,0.18269768929399535,0.5850077279752706,0.8587365980875108,0.681178774928775,0.938945420906568,0.41130742049469976,0.466148445336008,0.01978302488832165,0.26347948058572257,0.10275181847151083,0.1963587241958789,0.06698729810778081,0.24999999999999978,0.75
2019-08-25,0.5774488758332392,0.44694970816342844,0.3750643997939207,0.8553317878875687,0.6036579161579161,0.9053345667591737,0.17349823321554775,0.6975927783350051,0.01978302488832165,0.27083289057020776,0.09758757569826165,0.20323705548898768,0.06698729810778081,0.24999999999999978,0.75
2019-08-26,0.612812111625805,0.5217877988326537,0.4034003091190108,0.7767313822080555,0.4671092796092796,0.7945575084798027,0.3349823321554771,0.879764292878636,0.01978302488832165,0.2782075531847066,0.09254241426175541,0.21020320285666405,0.06698729810778081,0.24999999999999978,0.75
2019-08-27,0.37588972997401426,0.2433837051251299,0.5435342606903659,0.7373949579831931,0.4084885022385023,0.740518038852914,0.44416961130742055,0.8743731193580742,0.01978302488832165,0.2856778526342634,0.08761782710642946,0.217255104903828,0.06698729810778081,0.24999999999999978,0.75
2019-08-28,0.7359620381877754,0.8309746541936515,0.17259144770736734,0.7984642132715154,0.3224842287342288,0.7453746530989824,0.20459363957597176,0.7679287863590771,0.01978302488832165,0.29319065734384653,0.0828152714968523,0.22439067485920916,0.06698729810778081,0.24999999999999978,0.625
2019-08-29,0.7297480510676759,0.8197809226832973,0.1790314270994333,0.7555056505360764,0.3443605006105006,0.7284150477952513,0.24416961130742054,0.7689317953861585,0.01978302488832165,0.3013941725288505,0.07813616858649447,0.23160780119285762,0.06698729810778081,0.24999999999999978,0.625
2019-08-30,0.42209919783075356,0.1449588230590869,0.6424523441524987,0.7607939727615183,0.44057158119658113,0.7641073080481036,0.092226148409894,0.3956870611835507,0.02425015954052334,0.30905574564852367,0.0735819029971867,0.23890434824097873,0.06698729810778081,0.24999999999999978,0.625
2019-08-31,0.2215568862275449,0.11769409130886703,0.41164348274085527,0.7590553462764416,0.7575485856735855,0.8535306814677768,0.20424028268551242,0.4162487462387162,0.03509891512444163,0.3168023292882496,0.06915382240938822,0.2462781568379105,0.06698729810778081,0.24999999999999978,0.625
2019-09-01,0.5024291040560388,0.34852482609738544,0.4420401854714065,0.8172268907563025,0.6118487993487993,0.8627042861547949,0.13109540636042405,0.5124122367101305,0.03509891512444163,0.3245807918729944,0.06485323716338537,0.2537270449550566,0.0,0.4999999999999999,0.625
2019-09-02,0.14133996158626144,0.15375389781722235,0.18263781555899022,0.8145465082584757,0.7216753154253153,0.9038698735738514,0.30388692579505305,0.48620862587763297,0.03509891512444163,0.3323805070877519,0.060681419871542686,0.2612488083465813,0.0,0.4999999999999999,0.625
2019-09-03,0.6394757654502317,0.7150395778364116,0.2660999484801649,0.7513039698638075,0.49279482091982096,0.7695035460992907,0.2939929328621908,0.7059929789368105,0.03509891512444163,0.34029711176758104,0.05663960504171456,0.2688412212016844,0.0,0.4999999999999999,0.625
2019-09-04,0.654502316122472,0.7123211001838969,0.241112828438949,0.8140394088669949,0.4499453093203093,0.8139068763490596,0.28197879858657254,0.4794383149448345,0.03509891512444163,0.34822434276241676,0.05272898871193582,0.27650203680325147,0.0,0.4999999999999999,0.625
2019-09-05,0.6893006439950288,0.8093067881986087,0.1594538897475528,0.8379455230368008,0.42307056369556373,0.830018501387604,0.2201413427561838,0.6883149448345036,0.03509891512444163,0.3561940790172784,0.04895072809649448,0.28422898819269493,0.0,0.4999999999999999,0.625
2019-09-06,0.6178962829058864,0.60230271048213,0.30628541988665636,0.8044769631990727,0.4300595238095237,0.8034998458217699,0.13745583038869263,0.35305917753259786,0.03509891512444163,0.36415318895713344,0.045305941243492465,0.29201978884078467,0.0,0.4999999999999999,0.625
2019-09-07,0.04790419161676647,0.020068761493563604,0.09582689335394126,0.676470588235294,0.7938161375661374,0.7814523589269196,0.41554770318021206,0.21301404212637914,0.03509891512444163,0.37223981467706624,0.04179570670399896,0.29987213332426665,0.0,0.4999999999999999,0.625
2019-09-08,0.2258501864196136,0.0978651954905253,0.42787223080886144,0.6760359316140248,0.7360347985347986,0.7650323774283071,0.19434628975265023,0.22918756268806423,0.03509891512444163,0.3802520561919538,0.03842106321288835,0.30778369800807615,0.0,0.4999999999999999,0.625
2019-09-09,0.15873912552253983,0.1053809866474774,0.2586295723853684,0.7103738046942915,0.9116491147741148,0.841658957755165,0.14734982332155477,0.3958124373119358,0.03509891512444163,0.3884449450619516,0.03518300938146257,0.31575214173293803,0.0,0.4999999999999999,0.625
2019-09-10,0.578691673257259,0.5542496202126809,0.2789799072642968,0.7578962619530569,0.6457443019943019,0.8146006783842121,0.14346289752650182,0.6065697091273823,0.03509891512444163,0.3965528234118971,0.03208250340194535,0.3237751065081549,0.0,0.4999999999999999,0.625
2019-09-11,0.26076149587617214,0.053170224674182455,0.5273055126223596,0.7321066357577513,0.807298026048026,0.8384983040394696,0.302826855123675,0.1950852557673019,0.03509891512444163,0.40471383333687516,0.029120462763938537,0.33185021820937227,0.0,0.4999999999999999,0.625
2019-09-12,0.030053101344480852,0.0,0.06852138073158166,0.6560417270356418,0.8830764143264143,0.7792167745914277,0.3007067137809188,0.46589769307923773,0.03509891512444163,0.4128960958918664,0.026297763982921718,0.33997508728112136,0.0,0.4999999999999999,0.625
2019-09-13,0.4219862162467518,0.4425521707843607,0.2854198866563627,0.7087076209794261,0.631670991045991,0.7668054270736973,0.2159010600706714,0.7358324974924775,0.03509891512444163,0.42112086370688395,0.023615242340876696,0.348147309443928,0.0,0.4999999999999999,0.625
2019-09-14,0.45023161224720376,0.38826257295914285,0.34569809376609995,0.7815850478122283,0.5307030932030933,0.8106691335183471,0.15300353356890461,0.75802407221665,0.03509891512444163,0.42935625783690723,0.021073691639115155,0.3563644664057755,0.0,0.4999999999999999,0.625
2019-09-15,0.6008360637216134,0.7207963540417366,0.15224111282843897,0.8346855983772818,0.5999758343508343,0.8819765649090349,0.17491166077738518,0.5124122367101305,0.0395660497766433,0.4376554098569696,0.0186738639633795,0.36462412657771703,0.0,0.4999999999999999,0.625
2019-09-16,0.5377923398486046,0.505716798592788,0.33410613086038127,0.8598232396406837,0.7214272995522997,0.9399475794017884,0.25053003533568907,0.48583249749247753,0.05041480536056164,0.44594393556202583,0.016416469461288274,0.3729238457934233,0.0,0.4999999999999999,0.625
2019-09-17,0.40673370240650775,0.20980251059406732,0.5558990211231325,0.8619240799768182,0.6931026149776149,0.9366327474560592,0.21307420494699653,0.5176780341023068,0.05041480536056164,0.45425371389709435,0.014302176132192812,0.3812611680324481,0.0,0.4999999999999999,0.625
2019-09-18,0.5782397469212518,0.6837770848324938,0.18263781555899022,0.7985366560417269,0.5949582824582824,0.8495220474868949,0.3208480565371025,0.7940070210631895,0.05041480536056164,0.462542239602151,0.012331609629504747,0.389633626147007,0.0,0.4999999999999999,0.625
2019-09-19,0.5797085075132753,0.7139202046853761,0.16048428645028337,0.811866125760649,0.5636383292633294,0.8515263644773358,0.2696113074204948,0.3578234704112337,0.04594767070835992,0.4708307653072068,0.010505353075555668,0.3980387425920435,0.0,0.4999999999999999,0.625
2019-09-20,0.40040673370240654,0.31622291516750617,0.29881504379185986,0.8391770501303969,0.8495179588929587,0.9601449275362319,0.25300353356890465,0.5020060180541626,0.03509891512444163,0.47918304890230123,0.008823946889041479,0.40647403015837646,0.0,0.4999999999999999,0.625
2019-09-21,0.2646028697322337,0.22155592867993923,0.33281813498196805,0.728412054476963,0.7536820818070817,0.8221554116558742,0.2685512367491167,0.8436559679037112,0.03509891512444163,0.48748220092236405,0.0072878886251041,0.414936992708704,0.0,0.4999999999999999,0.5
2019-09-22,0.5499943509207998,0.660190293435676,0.21612570839773315,0.7016806722689075,0.6102398758648757,0.7526981190255936,0.14734982332155477,0.7526328986960884,0.03509891512444163,0.495791979257433,0.005897632828096633,0.4234251259162512,0.0,0.4999999999999999,0.5
2019-09-23,0.5458140323127331,0.6282082034060925,0.18675940236991243,0.7597797739785568,0.5502836284086283,0.7944804193647856,0.1826855123674912,0.6760280842527584,0.03509891512444163,0.5047924680679232,0.004653590897076287,0.43193591800584186,0.0,0.4999999999999999,0.5
2019-09-24,0.36831996384589316,0.2433837051251299,0.4976816074188563,0.7497826716893653,0.5955560643060642,0.7965618254702436,0.2964664310954064,0.8375125376128385,0.03509891512444163,0.5131447516630181,0.0035561309640653183,0.4404668504971708,0.0,0.4999999999999999,0.5
2019-09-25,0.5181335442322901,0.542416246901735,0.21767130345182895,0.6716169226311213,0.5547860704110705,0.7083718778908419,0.3346289752650177,0.8514292878635907,0.030631780472239967,0.5215182878881262,0.002605577785114388,0.44901539895006387,0.0,0.4999999999999999,0.5
2019-09-26,0.11094791548977517,0.008395298632765651,0.23647604327666155,0.697406548826427,0.5889041514041513,0.7472247918593895,0.27279151943462904,0.7088766298896692,0.02425015954052334,0.5299024504282404,0.0018022126442019393,0.45757903371150177,0.0,0.4999999999999999,0.5
2019-09-27,0.2618913117161903,0.17542176381226512,0.33951571354971666,0.6341640104317589,0.7288995726495726,0.7178538390379279,0.13427561837455831,0.7209127382146441,0.03509891512444163,0.5382122287633093,0.001146273269998166,0.4661552206641821,0.0,0.4999999999999999,0.375
2019-09-28,0.2537566376680601,0.14935636043815462,0.3786707882534776,0.5991741524195884,0.7358694546194546,0.6847055195806352,0.28763250883392233,0.2953861584754263,0.03509891512444163,0.5471702123137736,0.000637953765516841,0.47474142197640884,0.0,0.4999999999999999,0.375
2019-09-29,0.0689187662411027,0.08930998640761173,0.09428129829984544,0.6269197334106056,0.9008318070818071,0.7521584952204748,0.38833922261484105,0.2083751253761284,0.03509891512444163,0.5555756274839014,0.0002774045506774847,0.48333509685307463,0.0,0.4999999999999999,0.375
2019-09-30,0.09919783075358717,0.05852722475413768,0.19088098918083463,0.6050420168067226,0.8352475071225072,0.713768115942029,0.3498233215547704,0.7590270812437312,0.03509891512444163,0.563949163709009,6.473231779347e-05,0.4919337022875245,0.0,0.4999999999999999,0.375
2019-10-01,0.10190938876963056,0.02926361237706884,0.20453374549201445,0.5554187192118226,0.7126831501831501,0.631668208448967,0.18445229681978798,0.36283851554664,0.03509891512444163,0.5723226999341167,0.0,0.5005346938140721,0.0669872981077807,0.75,0.375
2019-10-02,0.0336685120325387,0.002078835851922923,0.07418856259659969,0.5057954216169226,0.890173483923484,0.6231884057971014,0.141696113074205,0.33161985957873624,0.03509891512444163,0.5806324782691856,8.322675263150447e-05,0.5091355262609477,0.0669872981077807,0.75,0.375
2019-10-03,0.20585244605129366,0.13728312145198687,0.3712004121586811,0.537670240509997,0.7221967846967847,0.6154794942954055,0.10812720848056538,0.6431795386158476,0.03509891512444163,0.588984761864281,0.00031438794755273003,0.517733654503457,0.0669872981077807,0.75,0.375
2019-10-04,0.38967348322223483,0.46238106660270245,0.22462648119526019,0.6004056795131845,0.6948959605209604,0.6731421523280913,0.46254416961130745,0.40208124373119364,0.03509891512444163,0.5973157928293626,0.0006934151804470767,0.526326534217122,0.0669872981077807,0.75,0.375
2019-10-05,0.23070839453169137,0.13728312145198687,0.3704276146316332,0.6116343088959721,0.7203780016280015,0.6924144310823311,0.38268551236749127,0.7748244734202607,0.03509891512444163,0.6056149448494246,0.0012201962910585173,0.534911622630589,0.0669872981077807,0.75,0.375
2019-10-06,0.41509433962264153,0.4698169025345806,0.2524471921689851,0.6330773688785858,0.5618322649572649,0.6722941720629048,0.41943462897526507,0.821715145436309,0.03509891512444163,0.6138928442394742,0.001894575396381215,0.5434863792780764,0.0669872981077807,0.75,0.375
2019-10-07,0.48028471359168456,0.6804989206044615,0.12596599690880989,0.6529266879165458,0.4945563695563696,0.667823003391921,0.26289752650176684,0.6167251755265799,0.03509891512444163,0.6221601173145177,0.0027163529367881245,0.5520482667511368,0.0669872981077807,0.75,0.375
2019-10-08,0.4572364704553158,0.6323658751099384,0.12132921174652242,0.7073312083454071,0.5782776251526254,0.7450662966389145,0.1265017667844523,0.6036860581745236,0.03509891512444163,0.6303636324995212,0.003685285735084032,0.5605947514495203,0.0669872981077807,0.75,0.375
2019-10-09,0.05355327081685686,0.0028783881026625087,0.1192684183410613,0.5351347435525934,0.8166781135531136,0.6393771199506629,0.43568904593639585,0.9310431293881647,0.24952137843012123,0.6385033897944874,0.004801087068465271,0.5691233043309044,0.0669872981077807,0.75,0.375
2019-10-10,0.03784883064060558,0.0,0.08629572385368367,0.45008693132425376,0.7532878001628001,0.5383132901634289,0.556183745583039,0.9810682046138417,0.7881301850670069,0.6466218944594395,0.006063426753365853,0.5776314016592805,0.0669872981077807,0.75,0.375
2019-10-11,0.31205513501299287,0.11145758375309826,0.5226687274600721,0.44718922051579246,0.6325740231990231,0.5087881591119334,0.6802120141342757,0.8891675025075225,0.8225909380982769,0.6547403991243916,0.007471931243163699,0.5861165257517666,0.0669872981077807,0.75,0.375
2019-10-12,0.16382329680262117,0.009354761333653153,0.35986604842864506,0.44979716024340766,0.8146876271876271,0.5507246376811594,0.5190812720848057,0.8989468405215648,0.7964262922782385,0.6628057722143113,0.009026183738719717,0.5945761657236313,0.0669872981077807,0.75,0.375
2019-10-13,0.307309908484917,0.21699848085072357,0.44075218959299334,0.4583454071283685,0.7660701566951567,0.5481036077705828,0.16678445229681982,0.804914744232698,0.7811104020421186,0.6707967610991856,0.01072572431171509,0.6030078182313049,0.0669872981077807,0.75,0.375
2019-10-14,0.38255564343012094,0.34636603502038854,0.37532199896960333,0.49507389162561566,0.7560159747659747,0.5823311748381128,0.17491166077738518,0.5614343029087263,0.7702616464582003,0.6788302552440864,0.012570050040751068,0.6114089882131574,0.0669872981077807,0.75,0.375
2019-10-15,0.17195797085075135,0.0773966578715919,0.3500772797527048,0.5120979426253259,0.7834503459503459,0.6047641073080481,0.32190812720848067,0.9073470411233702,0.5603063178047223,0.6867574862389216,0.014558615160172317,0.6197771896278301,0.0669872981077807,0.75,0.375
2019-10-16,0.2684442435882951,0.18813464459902454,0.3325605358062854,0.5151405389742103,0.8468215811965814,0.6209528214616096,0.1862190812720848,0.5381143430290873,0.05041480536056164,0.6946103330287121,0.016690831221566893,0.6281099461898927,0.0669872981077807,0.75,0.375
2019-10-17,0.3051632583888826,0.2860797953146238,0.3294693456980938,0.6079397276151839,0.8002136752136753,0.7069071847055196,0.24840989399293295,0.44583751253761283,0.05041480536056164,0.7024738061335092,0.01896606726789818,0.6364047921026168,0.0669872981077807,0.75,0.375
2019-10-18,0.27736978872443796,0.24346366035020386,0.23930963420917056,0.6185163720660677,0.7221840659340659,0.6999691643539933,0.28975265017667856,0.7848545636910733,0.05041480536056164,0.7102735213482672,0.02138365002021514,0.6446592727876465,0.0669872981077807,0.75,0.375
2019-10-19,0.3940797649983053,0.604061725433757,0.12725399278722307,0.5972181976238771,0.5079365079365079,0.6233425840271354,0.25406360424028274,0.7571464393179539,0.05041480536056164,0.7180201049879922,0.023942864076886228,0.6528709456113447,0.0669872981077807,0.75,0.375
2019-10-20,0.0028245396000451915,0.0,0.006439979392065941,0.5421616922631121,0.7777014652014653,0.6367560900400864,0.29045936395759725,0.16173520561685056,0.05041480536056164,0.7256391728476399,0.02664295212529799,0.6610373806076096,0.0669872981077807,0.75,0.375
2019-10-21,0.22777087334764434,0.16326856960102343,0.3315301391035549,0.5204288611996521,0.7309409340659341,0.6016034535923528,0.46007067137809193,0.976554663991976,0.05041480536056164,0.7332369880772749,0.029483115165957197,0.6691561611969415,0.0669872981077807,0.75,0.375
2019-10-22,0.3875268331262004,0.6266890541296873,0.09170530654301906,0.5142712257316719,0.666908323158323,0.5773203823620104,0.22332155477031806,0.6703861584754263,0.05041480536056164,0.7407816717318769,0.03246251274892564,0.677224884901544,0.0669872981077807,0.75,0.375
2019-10-23,0.2728505253643656,0.28464060126329255,0.26043276661514686,0.47776006954505934,0.6558239214489212,0.5417052112241751,0.22332155477031806,0.800025075225677,0.05041480536056164,0.7482307185514205,0.03558026322252511,0.6852411640562606,0.0669872981077807,0.75,0.375
2019-10-24,0.15534967800248559,0.08811065803150235,0.28902627511591966,0.48572877426832795,0.7605120573870574,0.5725408572309589,0.15653710247349822,0.7685556670010032,0.0548819400127632,0.7556160074809259,0.038835443994230334,0.6932026265151192,0.0669872981077807,0.75,0.375
2019-10-25,0.3268557225172297,0.5000399776125369,0.1749098402885111,0.5767168936540132,0.7045177045177045,0.6537156953438175,0.30000000000000004,0.6158475426278838,0.0657306955966816,0.763011922725437,0.042227091803680394,0.7011069163532914,0.0669872981077807,0.75,0.375
2019-10-26,0.09885888600158174,0.048692732070040774,0.15765069551777436,0.5403506230078238,0.660167378917379,0.6069226025285229,0.437809187279152,0.8925526579739218,0.06126356094447993,0.7702590695598581,0.04575420300772215,0.7089516945642459,0.0669872981077807,0.75,0.375
2019-10-27,0.12427974240198847,0.01399216438794275,0.26841834106130863,0.40270935960591125,0.4930555555555557,0.42838421214924455,0.39293286219081275,0.8575727181544635,0.0548819400127632,0.7773468216691817,0.04941573387740428,0.7167346397518992,0.0669872981077807,0.75,0.375
2019-10-28,0.25590328776409443,0.3279763332533781,0.24471921689850595,0.4098087510866415,0.4619963369963369,0.4292321924144311,0.3113074204946997,0.8001504513540623,0.0657306955966816,0.784455826408518,0.05321060090683438,0.7244534488175558,0.0669872981077807,0.75,0.375
2019-10-29,0.17240989718675856,0.11961301671064203,0.30190623390005156,0.3799623297594899,0.3975885225885226,0.3832870798643232,0.4459363957597174,0.8326228686058175,0.0657306955966816,0.791437315367777,0.057137681133804796,0.7321058376414289,0.0669872981077807,0.75,0.375
2019-10-30,0.29431702632470913,0.4024146477972335,0.20376094796496652,0.35931614024920305,0.5110844017094017,0.38390379278445885,0.21024734982332155,0.8267301905717153,0.0657306955966816,0.7984081780120289,0.061195812472095434,0.7396895417585501,0.0669872981077807,0.75,0.25
2019-10-31,0.16540503897864647,0.1268089869672983,0.27125193199381764,0.43313532309475505,0.7499491249491248,0.5176534073388838,0.2597173144876326,0.779839518555667,0.0657306955966816,0.8058891037765923,0.06538379405535477,0.7472023170288616,0.0669872981077807,0.75,0.25
2019-11-01,0.08597898542537566,0.06420404573438873,0.10561566202988151,0.4797160243407707,0.7901086182336183,0.5741597286463151,0.41272084805653714,0.8837763289869609,0.06126356094447993,0.8127005716957472,0.06970038659245392,0.7546419403012921,0.24999999999999978,0.9330127018922192,0.25
2019-11-02,0.20065529318721048,0.11801391220916287,0.3232869654817105,0.47370327441321347,0.7521494708994707,0.559127351218008,0.13498233215547706,0.7945085255767304,0.05041480536056164,0.8193951501498313,0.07414431273421379,0.7620062100716227,0.24999999999999978,0.9330127018922192,0.25
2019-11-03,0.10710654163371372,0.0721995682417846,0.16099948480164863,0.4816719791364821,0.8462174399674398,0.587804502004317,0.18869257950530038,0.8762537612838515,0.0548819400127632,0.8260153443988694,0.07871425745139299,0.7692929471339487,0.24999999999999978,0.9330127018922192,0.25
2019-11-04,0.2978194554287651,0.5238666346845766,0.08397733127253992,0.40640394088669946,0.6331209299959302,0.46176379895158803,0.2724381625441697,0.9317953861584756,0.0657306955966816,0.8325186491828362,0.08340886842382678,0.7764999952255415,0.24999999999999978,0.9330127018922192,0.125
2019-11-05,0.12676533725002825,0.013912209162868793,0.2717671303451829,0.40951898000579534,0.6514804639804639,0.4741751464693186,0.03533568904593641,0.6459378134403211,0.06126356094447993,0.8395851486621466,0.08822675644059919,0.7836252216649202,0.24999999999999978,0.9330127018922192,0.125
2019-11-06,0.2719466726923512,0.362916766610698,0.15687789799072643,0.32251521298174435,0.46309650997151,0.3368794326241135,0.26643109540636045,0.6476930792377131,0.05041480536056164,0.845939685036023,0.09316649581113345,0.7906665179829475,0.24999999999999978,0.9330127018922192,0.125
2019-11-07,0.25172296915602754,0.40417366274886063,0.11076764554353427,0.340553462764416,0.6198997761497762,0.39616096207215545,0.145583038869258,0.603184553660983,0.0548819400127632,0.8522198372048542,0.0982266247870775,0.7976218005467597,0.24999999999999978,0.9330127018922192,0.125
2019-11-08,0.17772003163484354,0.15871112177180777,0.21818650180319427,0.4576209794262532,0.8100389194139193,0.555195806352143,0.23604240282685518,0.6958375125376128,0.0657306955966816,0.8584256051686396,0.10340564599485752,0.8044890111763461,0.24999999999999978,0.9330127018922192,0.125
2019-11-09,0.08586600384137386,0.022947149596226114,0.1653786707882535,0.47645609968125174,0.9339133089133087,0.6006012950971323,0.18904593639575973,0.5160481444332998,0.33822590938098274,0.864461352092321,0.10870202687877534,0.8112661177535982,0.24999999999999978,0.9330127018922192,0.125
2019-11-10,0.06202688961699243,0.023746701846965697,0.12442040185471406,0.32917994784120536,0.48551332926332935,0.3556891766882516,0.3335689045936396,0.4737963891675026,1.0,0.870412088495951,0.11411420015451745,0.8179511148236478,0.24999999999999978,0.9330127018922192,0.125
2019-11-11,0.250932098068015,0.2628927800431758,0.2825862957238537,0.24239350912778898,0.39646927146927147,0.24498920752389758,0.26749116607773854,0.8106820461384154,1.0,0.8762034301744839,0.11964056427293779,0.8245420241883097,0.24999999999999978,0.9330127018922192,0.125
2019-11-12,0.15218619365043498,0.0760374190453346,0.25296239052035036,0.35678064329179937,0.6811469780219781,0.4253777366635831,0.21378091872791527,0.6555917753259779,0.959795788130185,0.881962892907997,0.12527948389398308,0.8310368954914655,0.24999999999999978,0.9330127018922192,0.125
2019-11-13,0.24991526381199866,0.39313984168865435,0.14940752189592993,0.4072732541292378,0.6763265669515668,0.47170829478877585,0.22473498233215555,0.9349297893681043,0.8621569878749199,0.8875948398614324,0.13102929037061556,0.837433806796204,0.24999999999999978,0.9330127018922192,0.125
2019-11-14,0.26618461190825893,0.525065963060686,0.08217413704276147,0.46305418719211816,0.9100083943833945,0.580249768732655,0.16961130742049474,0.7842276830491475,0.6343331206126354,0.8930992710347905,0.13688828224259403,0.8437308651535544,0.24999999999999978,0.9330127018922192,0.125
2019-11-15,0.2301434866116823,0.393779483489246,0.1205564142194745,0.48696030136192403,0.9420978327228324,0.612627197039778,0.17985865724381628,0.43467903711133404,0.07657945118059989,0.898486812743077,0.14285472573996105,0.8499262071626383,0.24999999999999978,0.9330127018922192,0.125
2019-11-16,0.11286860241780591,0.052050851523147035,0.2156105100463679,0.5015212981744421,0.9277001933251932,0.625963613937712,0.3060070671378093,0.7832246740220663,0.0657306955966816,0.9037574649862918,0.14892685529609467,0.8560179995220816,0.24999999999999978,0.9330127018922192,0.125
2019-11-17,0.14427748277030844,0.09330774766130966,0.21638330757341578,0.48862648507678924,0.9284633190883191,0.6119333950046253,0.18056537102473502,0.6876880641925778,0.07019783024888321,0.9089112277644356,0.15510287407016865,0.8620044395725182,0.24999999999999978,0.9330127018922192,0.125
2019-11-18,0.20596542763529546,0.3549212441033021,0.10587326120556415,0.5418719211822659,0.8584210927960927,0.6516342892383595,0.3427561837455831,0.8672266800401203,0.07657945118059989,0.9139693537075213,0.16138095447886447,0.8678837558300239,0.24999999999999978,0.9330127018922192,0.125
2019-11-19,0.2328550446277257,0.40873111057807626,0.09634209170530655,0.48130976528542446,0.8012502543752542,0.5750077089115017,0.12968197879858662,0.5877632898696088,0.06126356094447993,0.9188574586105029,0.16775923873718535,0.8736542085103296,0.24999999999999978,0.9330127018922192,0.125
2019-11-20,0.01965879561631454,0.00015991045014791716,0.04482225656877899,0.4470443349753694,0.9111149267399268,0.5659882824545174,0.35477031802120146,0.43179538615847546,0.05041480536056164,0.9235649161583743,0.17423583940820214,0.8793140900436494,0.24999999999999978,0.9330127018922192,0.125
2019-11-21,0.2435882951078974,0.5416166946509954,0.05718701700154559,0.3920602723848159,0.6012795075295077,0.44480419364785695,0.22756183745583042,0.8594533600802408,0.05041480536056164,0.9282086158162071,0.18080883996157754,0.8848617255799784,0.24999999999999978,0.9330127018922192,0.125
2019-11-22,0.2361315105637781,0.530822739266011,0.05486862442040186,0.45001448855404225,0.7115829772079771,0.5270582793709528,0.30636042402826863,0.6392928786359078,0.05041480536056164,0.932767304953988,0.18747629534069887,0.8902954734847094,0.24999999999999978,0.9330127018922192,0.125
2019-11-23,0.1465371144503446,0.1692652114815703,0.16718186501803195,0.4926832802086351,0.8500648656898657,0.6006012950971323,0.29116607773851594,0.7941323971915748,0.04594767070835992,0.9371134677916388,0.1942362325382503,0.8956137258244161,0.24999999999999978,0.9330127018922192,0.125
2019-11-24,0.16043384928256696,0.25801551131366435,0.14605873261205565,0.5315850478122283,0.8010721916971917,0.629586802343509,0.3250883392226149,0.7743229689067201,0.03509891512444163,0.9413958727392515,0.20108665118005764,0.9008149088426689,0.24999999999999978,0.9330127018922192,0.125
2019-11-25,0.181561405490905,0.3230191092987927,0.10999484801648635,0.46088090408577215,0.7799972018722019,0.5538082022818378,0.3544169611307421,0.8988214643931796,0.03509891512444163,0.9454870040167469,0.2080255241170333,0.9058974834257341,0.24999999999999978,0.9330127018922192,0.125
2019-11-26,0.034233419952547736,0.001519149276405213,0.07676455435342606,0.4269776876267748,0.6797351953601953,0.4971477027443725,0.13498233215547706,0.2892427281845537,0.030631780472239967,0.949439993199158,0.21505079802503763,0.9108599455580206,0.24999999999999978,0.9330127018922192,0.125
2019-11-27,0.11716190260987458,0.1854961221715839,0.1661514683153014,0.3837293538104896,0.6520655270655271,0.4473481344434166,0.20883392226148417,0.32321965897693083,0.02425015954052334,0.9532867192315049,0.2221603940124977,0.9157008267671469,0.24999999999999978,0.9330127018922192,0.125
2019-11-28,0.02112755620833804,0.050931478372111615,0.018547140649149918,0.3748913358446826,0.7196085164835164,0.4532839962997225,0.43533568904593645,0.3382647943831495,0.03509891512444163,0.9569740505387538,0.22935220823557684,0.9204186945584796,0.24999999999999978,0.9330127018922192,0.125
2019-11-29,0.005423116032086769,0.0003198209002958343,0.012107161257083977,0.4129237902057374,0.882306929181929,0.524822695035461,0.31731448763250886,0.3175777331995988,0.28972559029993616,0.9605126134359123,0.23662411252074145,0.9250121528390364,0.24999999999999978,0.9330127018922192,0.125
2019-11-30,0.0018077053440289231,0.0,0.004121586810922201,0.4048826427122572,0.8910637973137971,0.5185013876040703,0.5109540636042402,0.20436308926780344,0.9259731971920865,0.9639342868679996,0.24397395499452046,0.9294798423306105,0.24999999999999978,0.9330127018922192,0.125
2019-12-01,0.11207773132979323,0.019988806268489645,0.24420401854714063,0.36373514923210654,0.8508852258852257,0.46700585877274126,0.24028268551236748,0.8146940822467403,0.9783024888321631,0.9671646866299701,0.25139956072027764,0.933820440972003,0.4999999999999999,1.0,0.125
2019-12-02,0.07705344028923286,0.04109698568801471,0.1519835136527563,0.4178498985801216,0.8590061558811557,0.5256706753006476,0.2600706713780919,0.6616098294884654,0.9329929802169751,0.970288823241876,0.25889873234181326,0.938032664310243,0.4999999999999999,1.0,0.125
2019-12-03,0.19534515873912553,0.4349564244023347,0.06105100463678516,0.4679078527962908,0.9157381969881968,0.5880357693493679,0.30459363957597174,0.8240972918756269,0.7702616464582003,0.973264191443691,0.266469250733593,0.9421152658806755,0.4999999999999999,1.0,0.125
2019-12-04,0.19952547734719242,0.4706164547853202,0.06027820710973725,0.45805563604752236,0.9707277676027672,0.5881128584643849,0.17349823321554775,0.7246740220661987,0.7791959157626037,0.9760482859753892,0.2741088756574279,0.946067037575814,0.4999999999999999,1.0,0.125
2019-12-05,0.11467630776183482,0.04901255297033661,0.20968572900566718,0.42009562445667914,0.9072357041107042,0.5369256860931236,0.22826855123674916,0.9289117352056169,0.8589661774090619,0.9787048647270096,0.2818153464253925,0.9498868100028355,0.4999999999999999,1.0,0.125
2019-12-06,0.07682747712122924,0.1057807627728472,0.12158681092220505,0.3994494349463923,0.9589565527065527,0.5236663583102066,0.16501766784452299,0.6138415245737212,0.9553286534779833,0.9812020487535333,0.2895863825688022,0.9535734528296247,0.4999999999999999,1.0,0.125
2019-12-07,0.0850751327533612,0.01519149276405213,0.17851622874806802,0.4510286873370037,0.9772524928774928,0.582099907493062,0.21413427561837461,0.6792878635907724,0.8825781748564135,0.9835929696299917,0.29741968451303735,0.9571258751192568,0.4999999999999999,1.0,0.125
2019-12-08,0.07411591910518586,0.009594627008875029,0.1594538897475528,0.30259345117357284,0.7603975885225884,0.38698735738513723,0.3625441696113075,0.2542627883650953,0.9783024888321631,0.9857394852613011,0.30531293425802775,0.9605430256528238,0.4999999999999999,1.0,0.125
2019-12-09,0.12077731329793245,0.031182537778843847,0.24343122102009274,0.24268328020863508,0.6459859584859584,0.3028831329016343,0.3356890459363958,0.9022066198595788,1.0,0.9877584851125327,0.31326379606418364,0.9638238932405055,0.4999999999999999,1.0,0.125
2019-12-10,0.17625127104282,0.2891180938674342,0.10922205048943845,0.17241379310344823,0.6172987891737891,0.2224791859389454,0.24699646643109546,0.8787612838515548,1.0,0.989628716553673,0.32126991714357844,0.9669675070207987,0.4999999999999999,1.0,0.125
2019-12-11,0.10473392836967575,0.04237626928919805,0.193456980937661,0.19776876267748472,0.6627238502238504,0.25917360468701817,0.20106007067137815,0.5170511534603812,1.0,0.9913395532697171,0.3293289283561797,0.9699729367478103,0.4999999999999999,1.0,0.125
2019-12-12,0.08914246977742628,0.010953865835132325,0.19526017516743946,0.24717473196175013,0.7449442918192917,0.32678075855689176,0.17950530035335693,0.3781344032096289,1.0,0.9929122478906764,0.3374384449109119,0.9728392930665308,0.4999999999999999,1.0,0.125
2019-12-13,0.09422664105750762,0.05948668745502518,0.1573930963420917,0.3153433787308026,0.8467961436711438,0.4162812210915819,0.3505300353356891,0.8944332998996991,1.0,0.9943893056765774,0.3455960670713577,0.9755657277760108,0.4999999999999999,1.0,0.125
2019-12-14,0.11998644220991977,0.019509074918045894,0.2539927872230809,0.17900608519269767,0.6387934981684982,0.23612395929694724,0.10848056537102475,0.37337011033099304,1.0,0.9955688266422968,0.3537993808658755,0.9781514340803552,0.4999999999999999,1.0,0.125
2019-12-15,0.09637329115354197,0.009514671783801072,0.21354971664090677,0.30027528252680374,0.8283666564916565,0.3970860314523589,0.18339222614840994,0.7429789368104314,1.0,0.9967483476080163,0.36204595880193563,0.980595646827469,0.4999999999999999,1.0,0.125
2019-12-16,0.16099875720257598,0.2724874070520508,0.11257083977331273,0.3279484207476093,0.8261154354904354,0.4251464693185322,0.18904593639575973,0.7869859578736209,1.0,0.9976728370135803,0.3703333605844513,0.9828976427354764,0.4999999999999999,1.0,0.125
2019-12-17,0.1642752231386284,0.2772047653314144,0.10226687274600721,0.28600405679513174,0.8184650997150995,0.38058896083872956,0.13003533568904596,0.4816950852557674,1.0,0.9984379316940468,0.378659133837905,0.985056740606753,0.4999999999999999,1.0,0.125
2019-12-18,0.14032312733024518,0.17838010714000158,0.16434827408552294,0.39075630252100835,0.8200104293854293,0.4891304347826087,0.24169611307420497,0.6993480441323972,1.0,0.999075510594436,0.38702081483204037,0.9870723015295015,0.4999999999999999,1.0,0.125
2019-12-19,0.10925319172974807,0.04125689613816263,0.20891293147861928,0.3437409446537235,0.9200117012617013,0.4591427690410114,0.15689045936395762,0.3130641925777332,1.0,0.9995005631946952,0.39541592921092605,0.9889437290668184,0.4999999999999999,1.0,0.125
2019-12-20,0.1785109027228562,0.4313584392740065,0.05435342606903658,0.3906838597507968,0.924278846153846,0.5090194264569843,0.1685512367491166,0.6670010030090272,0.9374601148691767,0.9998193526448897,0.4038419927251526,0.9906704694331863,0.4999999999999999,1.0,0.125
2019-12-21,0.10688057846571009,0.047413448468857436,0.19860896445131376,0.46457548536656035,0.9092325498575498,0.5837958680234351,0.1738515901060071,0.6948345035105317,0.7855775366943202,1.0,0.4122965119669632,0.9922520116583506,0.4999999999999999,1.0,0.125
2019-12-22,0.1186306632018981,0.0918685536099784,0.18160741885625967,0.44617502173283097,0.9174679487179485,0.5660653715695344,0.14381625441696116,0.641925777331996,0.8302488832163367,0.9999362421099613,0.4207769851080956,0.9936878877385225,0.4999999999999999,1.0,0.125
2019-12-23,0.058411478928934585,0.005996641880546894,0.12751159196290573,0.38865546218487385,0.9123104904354904,0.5043169904409497,0.18409893992932863,0.3650952858575728,0.9566049776643265,0.9997449684398445,0.4292809026401072,0.9949776727748683,0.4999999999999999,1.0,0.125
2019-12-24,0.05976725793695628,0.015911089789717756,0.12699639361154044,0.36199652274702976,0.9285650691900691,0.4797255627505396,0.1226148409893993,0.4060932798395186,1.0,0.9994155526746433,0.43780574811698825,0.9961209850992455,0.4999999999999999,1.0,0.125
2019-12-25,0.06925771099310812,0.0036779403534020947,0.15430190623390005,0.328310634598667,0.8074697293447293,0.42283379586802344,0.10812720848056541,0.3001504513540622,1.0,0.9988842369243192,0.4463489988998083,0.9971174863871431,0.4999999999999999,1.0,0.125
2019-12-26,0.07422890068918767,0.005117134404733349,0.16666666666666669,0.32693422196464783,0.8302681115181114,0.42476102374344743,0.23215547703180212,0.8536860581745236,1.0,0.9982147790789107,0.4549081269032143,0.9979668817577979,0.4999999999999999,1.0,0.125
2019-12-27,0.19444130606711107,0.48692732070040773,0.052035033487892846,0.34084323384526216,0.9490995115995116,0.46022201665124884,0.14628975265017669,0.6152206619859579,1.0,0.9973646738783923,0.46348059934352615,0.9986689198614541,0.4999999999999999,1.0,0.125
2019-12-28,0.11049598915376793,0.06092588150635644,0.18856259659969088,0.3609098811938568,0.8730540293040294,0.46877890841813136,0.22614840989399299,0.7023570712136409,1.0,0.9963658002677831,0.47206387948823164,0.9992233929537424,0.4999999999999999,1.0,0.125
2019-12-29,0.11524121568184387,0.045334612616934514,0.21715610510046368,0.3150536076499565,0.7875648656898657,0.4051803885291397,0.6374558303886927,0.9873370110330992,1.0,0.9952075319320763,0.4806554274066444,0.9996301369571539,0.4999999999999999,1.0,0.125
2019-12-30,0.10642865212970287,0.037179179659390736,0.20453374549201445,0.3287452912199362,0.7950180606430606,0.42059821153253163,0.43074204946996475,0.9320461384152459,1.0,0.9939323741312989,0.48925270072150934,0.9998890315095941,0.4999999999999999,1.0,0.125
2019-12-31,0.19139080329906225,0.46429999200447747,0.05821741370427615,0.2702115328890176,0.7385658323158324,0.34913660191181,0.19010600706713787,0.7970160481444333,1.0,0.9922215374152552,0.49785315536133695,1.0,0.4999999999999999,1.0,0.125
2020-01-01,0.08564004067337025,0.06940113536419605,0.1367851622874807,0.47631121414082866,0.960679945054945,0.6058433549182856,0.24310954063604245,0.7853560682046139,0.774728781110402,0.9908932480394448,0.5086043202025801,0.9999306437314268,0.75,0.9330127018922194,0.125
2020-01-02,0.0893684329454299,0.13120652434636604,0.1416795466254508,0.4583454071283685,0.9382186100936099,0.5826395312981807,0.1392226148409894,0.8259779338014042,0.8168474792597319,0.9890761481733361,0.5172026274050304,0.9997087252218304,0.75,0.9330127018922194,0.125
2020-01-03,0.18958309795503334,0.4022547373470856,0.08165893869139618,0.36445957693422193,0.7854281135531136,0.4548257786000617,0.24558303886925803,0.8716148445336009,0.9240587109125716,0.9870996535821304,0.5257958450994664,0.9993389340057308,0.75,0.9330127018922194,0.125
2020-01-04,0.14585922494633374,0.20492524186455582,0.1367851622874807,0.4272674587076209,0.8151073463573462,0.5273666358310206,0.3091872791519435,0.6357823470411235,0.9329929802169751,0.9850275221558666,0.5343814304145206,0.9988213795102985,0.75,0.9330127018922194,0.125
2020-01-05,0.20483561179527737,0.5041976493163828,0.04791344667697063,0.4393654013329469,0.7300251831501832,0.5221245760098674,0.4102473498233216,0.7972668004012036,0.8149329929802168,0.9827216117994602,0.5429568427373694,0.998156214888235,0.75,0.9330127018922194,0.125
2020-01-06,0.19093887696305503,0.39889661789397934,0.07521895929933024,0.4036511156186612,0.696454008954009,0.4781837804502004,0.3007067137809188,0.7754513540621866,0.9457562220804084,0.9803306909230014,0.5515195444655416,0.9973436369724538,0.75,0.9330127018922194,0.125
2020-01-07,0.17263586035476217,0.2652114815703206,0.11798042246264812,0.30672268907563016,0.6519574175824174,0.3670212765957447,0.17349823321554775,0.746865596790371,1.0,0.9777484963764267,0.5600670017578351,0.996383886217833,0.75,0.9330127018922194,0.125
2020-01-08,0.0821376115693142,0.033901015431358435,0.16228748068006182,0.24101709649376984,0.7084541615791615,0.31305889608387294,0.4247349823321555,0.3743731193580742,1.0,0.9749856544747413,0.5685966852841216,0.9952772466300619,0.75,0.9330127018922194,0.125
2020-01-09,0.1275562083380409,0.037339090109538654,0.26403915507470377,0.28122283396117065,0.7582926332926332,0.3632439099599136,0.2738515901060071,0.8538114343029088,1.0,0.9721803073130295,0.5771060709738164,0.9940240456815989,0.75,0.9330127018922194,0.125
2020-01-10,0.19116484013105864,0.29559446709842485,0.13601236476043277,0.16741524195885243,0.5635111416361418,0.2069071847055196,0.21448763250883396,0.701479438314945,1.0,0.9691305549061693,0.585592640762791,0.9926246542147663,0.75,0.9330127018922194,0.125
2020-01-11,0.10518585470568298,0.022067642120412567,0.21767130345182895,0.16842944074181387,0.671925875050875,0.23119025593586184,0.3862190812720849,0.38866599799398194,1.0,0.965921407774212,0.5940538833385093,0.9910794863320134,0.75,0.9330127018922194,0.125
2020-01-12,0.16743870749067902,0.15591268889421922,0.21200412158681092,0.2421761808171544,0.778032153032153,0.32685784767190873,0.2388692579505301,0.44759277833500505,1.0,0.9626485027522156,0.6024872948831644,0.989388999273376,0.75,0.9330127018922194,0.125
2020-01-13,0.0864309117613829,0.017350283841049013,0.18907779495105617,0.2664445088380179,0.7978289072039071,0.3559975331483195,0.18586572438162546,0.6093279839518555,1.0,0.9591949503751089,0.6108903798146001,0.9875536932811722,0.75,0.9330127018922194,0.125
2020-01-14,0.1905999322110496,0.3020708403294155,0.11385883565172591,0.13416401043175885,0.6122812372812372,0.18478260869565222,0.16713780918727922,0.5887662988966902,1.0,0.9555394980128789,0.6192606515247924,0.9855741114519722,0.75,0.9330127018922194,0.125
2020-01-15,0.2301434866116823,0.4889262013272567,0.07212776919113859,0.08323674297305123,0.5710088522588523,0.12372802960222012,0.22226148409893998,0.9049648946840523,1.0,0.9517990351305974,0.6275956331156775,0.9834508395758876,0.75,0.9330127018922194,0.125
2020-01-16,0.17828493955485256,0.15271447989126088,0.24446161772282332,0.09142277600695442,0.6690514346764347,0.150709219858156,0.3954063604240284,0.3516800401203611,1.0,0.9478779248932057,0.6358928581321057,0.9811845059632269,0.75,0.9330127018922194,0.125
2020-01-17,0.06575528188905208,0.0015991045014791716,0.14863472436888203,0.2745580991017096,0.8231710419210418,0.36925686093123655,0.46466431095406374,0.6055667001003009,1.0,0.9439143093957876,0.6441498712917051,0.9787757812585678,0.75,0.9330127018922194,0.125
2020-01-18,0.2316122472037058,0.4261613496441992,0.07805255023183925,0.1201101130107215,0.5132020757020757,0.15001541782300337,0.5978798586572438,0.8979438314944836,1.0,0.9396956623382144,0.6523642292114393,0.9762253782423029,0.75,0.9330127018922194,0.125
2020-01-19,0.231499265619704,0.42520188694331174,0.0870685213807316,0.08932193567082003,0.6166246947496947,0.13906876349059505,0.16961130742049474,0.7286860581745236,1.0,0.9353601258155693,0.6605335011306435,0.9735340516197171,0.75,0.9330127018922194,0.125
2020-01-20,0.24675177945994806,0.5433757096026225,0.06105100463678516,0.17632570269487097,0.7084350834350834,0.2452204748689485,0.29151943462897534,0.514418254764293,1.0,0.9309502050878797,0.6686552696303258,0.9707025977976569,0.75,0.9330127018922194,0.125
2020-01-21,0.14280872217828494,0.05109138882225953,0.26738794435857804,0.3475079687047232,0.9192294973544974,0.4631514030218933,0.23922261484098944,0.6843029087261785,0.9776643267389916,0.9257645633647162,0.6767271313485206,0.9677318546488622,0.75,0.9330127018922194,0.125
2020-01-22,0.1891311716190261,0.1947709282801631,0.21612570839773315,0.39133584468270055,0.9689217032967035,0.5171908726487819,0.12296819787985867,0.7481193580742227,0.9457562220804084,0.921078358446858,0.6847466976914816,0.9646227012640256,0.75,0.9330127018922194,0.125
2020-01-23,0.12405377923398486,0.03486047813224594,0.2660999484801649,0.3297594900028976,0.8681255087505086,0.43439716312056736,0.10565371024734983,0.2365847542627884,1.0,0.9162327588039019,0.6927115955405055,0.9613760576916547,0.75,0.9330127018922194,0.25
2020-01-24,0.1466500960343464,0.11921324058527225,0.2820710973724884,0.3249782671689365,0.8854548229548229,0.4327012025901943,0.09681978798586575,0.5223169508525578,1.0,0.911270269695875,0.700619467954176,0.9579928846658162,0.75,0.9330127018922194,0.25
2020-01-25,0.15071743305841148,0.0741184936435596,0.2903142709943328,0.39430599826137347,0.9652205433455432,0.5203515263644773,0.18127208480565377,0.6273821464393179,0.9553286534779833,0.906244022697809,0.7084679748658202,0.9544741833218385,0.75,0.9330127018922194,0.25
2020-01-26,0.07208225059315332,0.0009594627008875029,0.16331787738279238,0.41466241669081416,0.9662952787952785,0.5413968547641073,0.23922261484098944,0.686308926780341,0.8915124441608165,0.9010583809746455,0.716254793775973,0.9508209949000599,0.75,0.9330127018922194,0.25
2020-01-27,0.14167890633826688,0.07723674742144399,0.2764039155074704,0.37257316719791356,0.8699124949124948,0.4798026518655566,0.03604240282685513,0.3892928786359077,0.9642629227823866,0.8957133445263845,0.7239776204396406,0.9470344004377083,0.75,0.9330127018922194,0.25
2020-01-28,0.23963393966783417,0.35835931878148236,0.16512107161257084,0.4324833381628513,0.9782445563695561,0.5624421831637373,0.053710247349823326,0.6722668004012036,0.8864071474154432,0.8902407922980471,0.7316341695481653,0.9431155204490055,0.75,0.9330127018922194,0.25
2020-01-29,0.12970285843407525,0.009594627008875029,0.28619268418341065,0.39503042596348875,0.9160180097680097,0.511255010792476,0.03604240282685513,0.6359077231695085,0.9349074664964899,0.8847044821796697,0.7392221754054835,0.9390655145935891,0.75,0.9330127018922194,0.25
2020-01-30,0.1715060445147441,0.03046294075317822,0.351365275631118,0.3851057664445088,0.9271660052910051,0.5031606537156953,0.08515901060070673,0.5173019057171515,0.9910657306955967,0.8790194036512013,0.746739392598583,0.9348855813333501,0.75,0.9330127018922194,0.25
2020-01-31,0.10563778104169022,0.009354761333653153,0.2313240597630088,0.39626195305708484,0.8586691086691087,0.5016188714153562,0.19045936395759722,0.7901203610832497,0.9112954690491385,0.8731749303976364,0.7541835966619558,0.9305769575777887,0.75,0.9330127018922194,0.25
2020-02-01,0.2156818438594509,0.20060765971056208,0.24343122102009274,0.5313677195015937,0.6762438949938949,0.6026827012025902,0.42968197879858666,0.7625376128385157,0.7702616464582003,0.8672773255690394,0.7615525847358539,0.9261409183179932,0.9330127018922193,0.75,0.25
2020-02-02,0.1759123262908146,0.07243943391700647,0.3091190108191654,0.4771080846131555,0.6335851648351647,0.5373111316682084,0.3215547703180212,0.9044633901705115,0.8149329929802168,0.8611990733853312,0.7688441762181506,0.9215787762493497,0.9330127018922193,0.75,0.25
2020-02-03,0.23545362105976728,0.14024146477972335,0.35419886656362704,0.3814111851637206,0.44088955026455023,0.39531298180696883,0.20424028268551242,0.5771063189568706,0.9457562220804084,0.8550570633115848,0.7760562134096158,0.9168918813830942,0.9330127018922193,0.75,0.25
2020-02-04,0.29273528414868377,0.4165667226353242,0.1519835136527563,0.35301361924079966,0.6281669719169718,0.41119333950046255,0.16466431095406364,0.7196589769307924,1.0,0.8487662848277475,0.7831865621524141,0.9120816206468223,0.9330127018922193,0.75,0.25
2020-02-05,0.30889165066094226,0.49372351483169424,0.11385883565172591,0.3782961460446247,0.72882326007326,0.4535923527597903,0.24522968197879863,0.6520812437311936,1.0,0.8424436273988909,0.7902331124616363,0.9071494174740756,0.9330127018922193,0.75,0.25
2020-02-06,0.09467856739351486,0.004317582153993763,0.2125193199381762,0.3374384236453201,0.845918549043549,0.43855997533148317,0.23710247349823327,0.39756770310932804,1.0,0.8359722015599429,0.7971937791496777,0.9020967313831245,0.9330127018922193,0.75,0.25
2020-02-07,0.23036944977968593,0.09682577756456384,0.396187532199897,0.2729643581570559,0.5900424806674804,0.3184551341350601,0.10671378091872792,0.5796138415245737,1.0,0.8293520073109044,0.8040665024432789,0.8969250575450732,0.9330127018922193,0.75,0.25
2020-02-08,0.2794034572364704,0.3394898856640281,0.2310664605873261,0.39213271515502746,0.8115397334147334,0.4845050878815911,0.14805653710247352,0.47342026078234706,0.9955328653477983,0.8227424393768725,0.810849248593046,0.8916359263414146,0.9330127018922193,0.75,0.25
2020-02-09,0.2404248107558468,0.3657151994882865,0.20041215868109222,0.3853955375253549,0.719583078958079,0.4589885908109775,0.265017667844523,0.7408475426278835,0.9802169751116782,0.8159841030327502,0.8175400104752691,0.8862309029111658,0.9330127018922193,0.75,0.25
2020-02-10,0.1892441532030279,0.06020628448069081,0.36527563111798045,0.37634019124891327,0.7544261294261294,0.46091581868640147,0.3526501766784453,0.8559428284854564,0.9783024888321631,0.8091301298535689,0.8241368081858635,0.8807115866877182,0.9330127018922193,0.75,0.25
2020-02-11,0.2525138402440402,0.10897897177580554,0.4237506439979392,0.40944653723558383,0.6742279711029711,0.4690872648781992,0.32367491166077744,0.6990972918756269,1.0,0.8021698935243236,0.8306376896262546,0.8750796109255397,0.9330127018922193,0.75,0.25
2020-02-12,0.3417692916054683,0.4240825137922763,0.2220504894384338,0.18291799478412046,0.4476750101750101,0.19025593586185635,0.4197879858657244,0.5656970912738215,1.0,0.7951140203600198,0.8370407310810345,0.869336642216868,0.9330127018922193,0.75,0.25
2020-02-13,0.21748954920347985,0.017750059966418805,0.4706336939721793,0.15466531440162268,0.4754718660968662,0.17206290471785385,0.2053003533568905,0.6480692076228687,1.0,0.7879731366756633,0.843344037787222,0.8634843799985397,0.9330127018922193,0.75,0.25
2020-02-14,0.1771551237148345,0.010314224034540657,0.389747552807831,0.3559837728194725,0.7386803011803011,0.43439716312056736,0.36077738515901064,0.6347793380140423,0.9821314613911932,0.7808535056213208,0.8495457444949523,0.8575245560490985,0.9330127018922193,0.75,0.25
2020-02-15,0.19105185854705684,0.02686495562485008,0.4072642967542504,0.3782237032744131,0.7451668701668701,0.4585260561208757,0.2113074204946997,0.6995987963891674,0.9566049776643265,0.7735213482668479,0.8556440160194346,0.8514589339763361,0.9330127018922193,0.75,0.25
2020-02-16,0.29476895266071634,0.2802430638842248,0.2949510561566203,0.38619240799768173,0.8108402014652012,0.48119025593586184,0.23321554770318026,0.4149949849548646,0.9865985960433951,0.7662104435423882,0.8616370477840132,0.8452893086954099,0.9330127018922193,0.75,0.25
2020-02-17,0.1803186080668851,0.015911089789717756,0.3936115404430706,0.38329469718922043,0.7777841371591372,0.4715541165587419,0.2551236749116608,0.9463390170511534,0.967453733248245,0.7587401440928319,0.8675230663541702,0.8390175058977003,0.9330127018922193,0.75,0.25
2020-02-18,0.30572816630889166,0.2175581674262413,0.3915507470376095,0.23565633149811643,0.4579454110704111,0.25100215849522045,0.3335689045936396,0.9507271815446339,1.0,0.7512167130682421,0.8733003299623139,0.8326453815105587,0.9330127018922193,0.75,0.25
2020-02-19,0.4007456784544119,0.5595266650675621,0.1561051004636785,0.185163720660678,0.5146265771265771,0.21060746222633364,0.09505300353356892,0.7882397191574724,1.0,0.743608271523601,0.8789671290231953,0.8261748211481089,0.9330127018922193,0.75,0.25
2020-02-20,0.41678906338266863,0.6627488606380426,0.12210200927357032,0.342581860330339,0.58624592999593,0.38428923835954365,0.31731448763250886,0.6196088264794384,0.97319719208679,0.7359785773489467,0.8845217866398023,0.8196077395532636,0.9330127018922193,0.75,0.25
2020-02-21,0.42650547960682406,0.6625089949628208,0.13317877382792376,0.432990437554332,0.6717541717541717,0.4996916435399322,0.2434628975265018,0.7398445336008024,0.8679004467134651,0.7282851252842537,0.8899626590995804,0.8129460800311208,0.9330127018922193,0.75,0.25
2020-02-22,0.4269574059428314,0.66794595026785,0.12132921174652242,0.47891915386844386,0.692053317053317,0.547563983965464,0.2798586572438163,0.771815446339017,0.7702616464582003,0.7204960363845023,0.8952881363608334,0.8061918138739088,0.9330127018922193,0.75,0.25
2020-02-23,0.4249237374307988,0.6158950987447029,0.1349819680577022,0.4771805273833671,0.5489863146113145,0.509559050262103,0.2671378091872792,0.7614092276830493,0.7791959157626037,0.7126538159097184,0.9004966425291608,0.7993469397776494,0.9330127018922193,0.75,0.25
2020-02-24,0.26268218280420297,0.08986967298312944,0.4629057187017002,0.4445088380179657,0.7371667684167684,0.5289855072463768,0.18197879858657245,0.2522567703109328,0.8232291001914483,0.7047690901749086,0.9055866363237911,0.792413483250711,0.9330127018922193,0.75,0.25
2020-02-25,0.2688961699243023,0.15831134564643798,0.4005667181865018,0.39633439582729635,0.715583028083028,0.47224791859389453,0.1964664310954064,0.5289618856569709,0.9132099553286531,0.6967674749750281,0.9105566115336701,0.7853934960144285,0.9330127018922193,0.75,0.25
2020-02-26,0.30425940571686816,0.12081234508675141,0.502833590932509,0.3464213271515502,0.7145273707773705,0.41651248843663274,0.11166077738515905,0.5836258776328989,1.0,0.6881495335047711,0.9154050974631737,0.7782890553959659,0.9330127018922193,0.75,0.25
2020-02-27,0.293187210484691,0.09250819541057008,0.5561566202988151,0.4107505070993914,0.8554957773707774,0.5161116250385446,0.1314487632508834,0.7662988966900703,0.9329929802169751,0.6801904235649161,0.9201306593673111,0.7711022637136017,0.9330127018922193,0.75,0.375
2020-02-28,0.4471811094791549,0.5871911729431518,0.19500257599175683,0.47536945812807874,0.773065476190476,0.5615171137835338,0.15689045936395762,0.7541374122367102,0.7702616464582003,0.6721463031050092,0.9247318988762877,0.7638352476546191,0.9330127018922193,0.75,0.375
2020-02-29,0.32775957518924415,0.25641640681218514,0.4513137557959815,0.5154303100550565,0.7570843508343508,0.6021430773974715,0.2296819787985866,0.6598545636910733,0.7702616464582003,0.664070303700083,0.9292074544093061,0.7564901576459847,0.9330127018922193,0.75,0.375
2020-03-01,0.18099649757089595,0.014711761413608379,0.39180834621329214,0.45414372645609963,0.5754031847781846,0.5006167129201357,0.49010600706713786,0.853309929789368,0.7881301850670069,0.6558774148300852,0.9335560015774793,0.7490691672180035,1.0,0.5,0.375
2020-03-02,0.39600045192633604,0.304949228432078,0.5030911901081916,0.46486525644740645,0.5978263634513636,0.5173450508788159,0.4130742049469966,0.7271815446339018,0.6126356094447989,0.6470788260047176,0.9377762535757386,0.7415744723611354,1.0,0.5,0.375
2020-03-03,0.3139758219410236,0.22483409290797152,0.4234930448222566,0.4732686177919443,0.7244925213675213,0.5523435090965155,0.1787985865724382,0.6875626880641925,0.08104658583280161,0.6388965634497268,0.9418669615636207,0.7340082908761664,1.0,0.5,0.5
2020-03-04,0.29838436334877416,0.2194770928280163,0.3446676970633694,0.5158649666763256,0.6459923178673177,0.5729263028060438,0.40318021201413434,0.7221664994984955,0.17932354818123802,0.6306930482647228,0.9458269150348186,0.7263728617179261,1.0,0.5,0.5
2020-03-05,0.21748954920347985,0.21931718237786837,0.27872230808861415,0.47384815995363655,0.6180237586487587,0.5307585568917669,0.4201413427561838,0.7679287863590771,0.4179961710274409,0.6224045225596666,0.9496549421753908,0.7186704443327449,1.0,0.5,0.5
2020-03-06,0.48378714269574064,0.6367634124890061,0.1648634724368882,0.5056505360764995,0.6973379629629628,0.5723095898859081,0.39363957597173155,0.4865847542627884,0.4179961710274409,0.614084117909591,0.9533499102105194,0.7109033179898466,1.0,0.5,0.5
2020-03-07,0.4902270929838436,0.5972655313024706,0.16846986089644514,0.5647638365691103,0.7751704314204313,0.6537156953438175,0.1441696113074205,0.5082748244734203,0.3197192086790044,0.6057849658895291,0.9569107257397163,0.7030737811068777,1.0,0.5,0.5
2020-03-08,0.051293639136820696,0.044215239465899094,0.09247810407006699,0.474862358736598,0.824722730972731,0.5766265803268579,0.32826855123674914,0.9017051153460383,0.08104658583280161,0.5973689244043952,0.9603363350603784,0.6951841505697665,1.0,0.5,0.5
2020-03-09,0.31476669302903626,0.3209402734468697,0.33410613086038127,0.41864676905244846,0.5857371794871793,0.46631205673758863,0.05123674911660776,0.44495987963891676,0.08104658583280161,0.5889635092342682,0.9636257244795952,0.6872367610471211,1.0,0.5,0.5
2020-03-10,0.2633600723082138,0.1520748380906692,0.40829469345698094,0.4946392350043465,0.6563135938135938,0.5595898859081098,0.14876325088339226,0.6045636910732197,0.08104658583280161,0.5805474677491338,0.9667779206141163,0.6792339642993624,1.0,0.5,0.5
2020-03-11,0.17207095243475315,0.021028224194451106,0.35986604842864506,0.54868154158215,0.6959643365893367,0.6231113166820845,0.22473498233215555,0.7462387161484454,0.08104658583280161,0.5720889210039743,0.9697919906783913,0.6711781284828007,1.0,0.5,0.5
2020-03-12,0.46446729183143154,0.5408970976253298,0.29881504379185986,0.45776586496667626,0.5425061050061049,0.48712611779216775,0.49681978798586585,0.9049648946840523,0.08104658583280161,0.5636197479438079,0.9726670427605966,0.6630716374488601,1.0,0.5,0.5
2020-03-13,0.4454863857191278,0.38570400575677616,0.4180834621329212,0.4008258475804114,0.4116618335368336,0.4050262102991058,0.28657243816254424,0.6429287863590774,0.08104658583280161,0.5550974433086093,0.975402226086566,0.6549168900386584,1.0,0.5,0.5
2020-03-14,0.2346627499717546,0.027024866074998,0.4845440494590418,0.3986525644740654,0.39531186406186414,0.40040086339808817,0.4332155477031803,0.2813440320962889,0.08104658583280161,0.5466176439334363,0.9779967312715485,0.6467162993731514,1.0,0.5,0.5
2020-03-15,0.0439498361767032,0.06332453825857519,0.05641421947449768,0.4427702115328889,0.7420698514448514,0.526827012025902,0.3643109540636043,0.468530591775326,0.3044033184428845,0.5381165919282509,0.9804497905597181,0.6384722921390523,1.0,0.5,0.5
2020-03-16,0.296124731668738,0.04693371711841369,0.6380731581658938,0.42103738046942907,0.5998104904354904,0.471245760098674,0.3862190812720849,0.8856569709127382,0.6234843650287172,0.5296155399230655,0.9827606780513657,0.6301873078707345,1.0,0.5,0.5
2020-03-17,0.48401310586374424,0.4856480370992244,0.3446676970633694,0.4400173862648507,0.7152904965404965,0.5106382978723404,0.22402826855123675,0.5421263791374122,0.08104658583280161,0.5210932352878666,0.9849287099177038,0.6218637982283358,1.0,0.5,0.5
2020-03-18,0.10383007569766128,0.05852722475413768,0.2091705306543019,0.47037090698348294,0.8023885836385836,0.5661424606845513,0.19717314487632515,0.23821464393179542,0.3401403956604977,0.5125603043376619,0.986953244603223,0.6135042262722716,1.0,0.5,0.5
2020-03-19,0.41870975031069935,0.2414647797233549,0.6514683153013912,0.35417270356418423,0.5837530525030523,0.4014030218933087,0.48833922261484103,0.3434052156469409,0.7102744097000637,0.5040379997024633,0.988833683015538,0.6051110657343766,1.0,0.5,0.5
2020-03-20,0.5875042368094,0.6825777564563844,0.27331272539927876,0.3304114749348014,0.42497837810337813,0.33063521430773973,0.18657243816254415,0.48796389167502513,0.08104658583280161,0.495483816122245,0.9905694687026694,0.5966868002858867,1.0,0.5,0.5
2020-03-21,0.4877414981358038,0.46717838010713997,0.46702730551262234,0.41748768472906395,0.5968660968660968,0.4664662349676226,0.2151943462897527,0.4151203610832498,0.08104658583280161,0.4870040167470724,0.9921600880177063,0.5882339228024817,1.0,0.5,0.5
2020-03-22,0.5929273528414868,0.6633885024386343,0.22179289026275117,0.47210953346855977,0.6065387159137159,0.5205827937095282,0.13109540636042405,0.843530591775326,0.07657945118059989,0.478502964741887,0.9936050702708027,0.5797549346266023,1.0,0.5,0.5
2020-03-23,0.586939328889391,0.6171743823458863,0.25914477073673364,0.5302086351782092,0.6116198616198616,0.582099907493062,0.29151943462897534,0.529839518555667,0.07019783024888321,0.47002316536671396,0.9949039878684625,0.5712523448272637,1.0,0.5,0.5
2020-03-24,0.46593605242345504,0.3597985128328136,0.36141164348274085,0.5565778035352071,0.6206183862433863,0.6049953746530989,0.3151943462897527,0.7505015045135408,0.08104658583280161,0.4615221133615286,0.9960564564400708,0.5627286694575813,1.0,0.5,0.5
2020-03-25,0.20935487515534967,0.055568881426401213,0.4229778464708913,0.444001738626485,0.6559574684574685,0.5087110699969164,0.1268551236749117,0.24460882647943832,0.08104658583280161,0.45304231398635597,0.997062134951636,0.5541864308102296,1.0,0.5,0.5
2020-03-26,0.4872895717997966,0.4212840809146878,0.35162287480680066,0.47131266299623287,0.8217211029711029,0.5715386987357385,0.16961130742049474,0.545135406218656,0.08104658583280161,0.44458376724119564,0.9979207258067064,0.5456281566710555,1.0,0.5,0.5
2020-03-27,0.6363122810981809,0.7106420404573438,0.20401854714064915,0.5435381048971312,0.5873715404965405,0.578245451742214,0.18480565371024743,0.5535356068204615,0.07657945118059989,0.4361358468110432,0.998631974934435,0.5370563795710666,1.0,0.5,0.5
2020-03-28,0.6047904191616766,0.6497961141760613,0.2782071097372488,0.5585337583309185,0.5205662393162392,0.5804039469626888,0.08268551236749118,0.2872367101303912,0.0657306955966816,0.42710347905553325,0.9991956718647619,0.528473636037013,1.0,0.5,0.5
2020-03-29,0.6617331374985878,0.7911569521068201,0.17825862957238536,0.5776586496667632,0.4336462148962149,0.5754702436016035,0.14381625441696116,0.4245235707121365,0.06126356094447993,0.4187830744054577,0.9996116497906962,0.5198824658407896,1.0,0.5,0.625
2020-03-30,0.5533837984408542,0.5205884704565443,0.38098918083462135,0.5975079687047231,0.4981239824989825,0.6113937711995067,0.41130742049469976,0.43492978936810434,0.05041480536056164,0.41045204344037556,0.9998797856176773,0.5112854112478764,1.0,0.5,0.625
2020-03-31,0.4601739916393628,0.22971136163748299,0.6200412158681092,0.6095334685598377,0.793822496947497,0.70613629355535,0.3515901060070672,0.40220661985957873,0.05041480536056164,0.4021847703653325,1.0,0.5026850162650404,1.0,0.5,0.625
2020-04-01,0.08869054344141905,0.011993283761093787,0.19551777434312212,0.4710953346855983,0.6868831400081401,0.5430157261794635,0.3816254416961132,0.7244232698094284,0.32737715379706445,0.393874992030264,0.9999722573642948,0.49408382588752436,0.9330127018922194,0.2500000000000001,0.625
2020-04-02,0.10134448084962151,7.995522507395858e-05,0.23080886141164347,0.34062590553462757,0.47112840862840855,0.3639377119950663,0.5353356890459364,0.9745486459378134,1.0,0.38559709264021436,0.9997965659200537,0.4854843853459405,0.9330127018922194,0.2500000000000001,0.625
2020-04-03,0.7256807140436109,0.7305508915007596,0.2689335394126739,0.3708345407128368,0.3912863756613756,0.36902559358618564,0.21837455830388697,0.7854814443329992,0.97319719208679,0.37741483008522314,0.9994729776572018,0.476889239353097,0.9330127018922194,0.2500000000000001,0.625
2020-04-04,0.683312620042933,0.5875109938434476,0.5211231324059764,0.4390031874818892,0.5928406084656084,0.4849676225716929,0.26431095406360433,0.5045135406218657,0.8679004467134651,0.36926444647525125,0.999001588330712,0.4683009313509757,0.9330127018922194,0.2500000000000001,0.625
2020-04-05,0.5414077505366626,0.32014072119613013,0.6893353941267388,0.5210084033613445,0.7207086894586894,0.5938174529756398,0.25618374558303897,0.30992978936810434,0.564773452456924,0.36113531549529254,0.9983825374322698,0.45972200275808717,0.9330127018922194,0.2500000000000001,0.625
2020-04-06,0.4767822844876285,0.24850083952986327,0.6099948480164863,0.5846855983772818,0.790490181115181,0.6798489053345668,0.1021201413427562,0.3798896690070211,0.0657306955966816,0.35305931609036634,0.9976160081489959,0.4511549922174234,0.9330127018922194,0.2500000000000001,0.625
2020-04-07,0.6189131171619026,0.4954825297833213,0.4031427099433282,0.6132280498406258,0.553361568986569,0.6398396546407648,0.25689045936395766,0.7567703109327983,0.0657306955966816,0.34501519563045946,0.9967022273092373,0.4426024348452336,0.9330127018922194,0.2500000000000001,0.625
2020-04-08,0.6247881595299966,0.49948029103701924,0.4688304997424008,0.5047087800637495,0.38221153846153844,0.48905334566759173,0.5130742049469965,0.8855315947843532,0.0657306955966816,0.33696044885554555,0.995641465315446,0.4340668614808413,0.9330127018922194,0.2500000000000001,0.625
2020-04-09,0.7090724211953452,0.7434236827376669,0.29598145285935085,0.4481309765285424,0.32565756003255997,0.4222941720629047,0.3321554770318022,0.8581995987963891,0.0657306955966816,0.3290119652306971,0.9944340360641617,0.42555079793772954,0.9330127018922194,0.2500000000000001,0.625
2020-04-10,0.6347305389221557,0.45958263372511393,0.4348274085522926,0.5551289481309765,0.37508903133903126,0.5384674683934628,0.12508833922261486,0.4924774322968907,0.0657306955966816,0.32110598686587455,0.9930802968531257,0.41705676425611093,0.9330127018922194,0.2500000000000001,0.625
2020-04-11,0.3180431589650887,0.04573438874230431,0.6264811952601752,0.4691393798898869,0.5692218660968662,0.5111779216774591,0.32826855123674914,0.10230692076228687,0.0657306955966816,0.3132531400760845,0.9915806482755501,0.4085872739572076,0.9330127018922194,0.2500000000000001,0.625
2020-04-12,0.5631002146650096,0.3849044535060366,0.6277691911385883,0.4124891335844682,0.3494416463166463,0.3947733580018501,0.3328621908127209,0.940320962888666,0.3292916400765794,0.3054109196013006,0.9899355341015761,0.4001448332994602,0.9330127018922194,0.2500000000000001,0.625
2020-04-13,0.3936278386622981,0.10282241944511074,0.7797527047913446,0.37909301651695154,0.3051358363858363,0.3539932161578785,0.4190812720848057,0.912863590772317,0.9783024888321631,0.29768558859158833,0.988145441146955,0.39173194053688476,0.9330127018922194,0.2500000000000001,0.625
2020-04-14,0.729183143147667,0.4507076037419045,0.8833075734157652,0.38155607070414366,0.3584083740333741,0.3681776133209991,0.1600706713780919,0.7522567703109329,0.736439055520102,0.28933330499649346,0.986210899128992,0.3833510851798006,0.9330127018922194,0.2500000000000001,0.625
2020-04-15,0.7396904304598351,0.688974174462301,0.4770736733642453,0.4334250941756012,0.33888507326007333,0.40726179463459766,0.11130742049469965,0.45110330992978936,0.09636247606892151,0.28176736871187824,0.9841324805097938,0.37500474725814276,0.9330127018922194,0.2500000000000001,0.75
2020-04-16,0.7581064286521297,0.7189573838650355,0.31761978361669246,0.4705882352941176,0.3780906593406592,0.45790934320074006,0.1872791519434629,0.8592026078234705,0.09636247606892151,0.27422268505727576,0.9819108003268686,0.36669539658758177,0.9330127018922194,0.2500000000000001,0.75
2020-04-17,0.7713252739803412,0.752858399296394,0.2954662545079856,0.546508258475804,0.3026365995115995,0.5030835646006784,0.29363957597173146,0.6968405215646942,0.09636247606892151,0.2667842645527383,0.9795465160111259,0.35842549203866586,0.9330127018922194,0.2500000000000001,0.75
2020-04-18,0.4941814484239069,0.2125209882465819,0.6924265842349304,0.5679513184584177,0.5148618742368742,0.5900400863398089,0.3452296819787986,0.9398194583751254,0.09636247606892151,0.25938834930822674,0.9770403271923322,0.35019748080920077,0.9330127018922194,0.2500000000000001,0.75
2020-04-19,0.8099649757089594,0.8170624450307827,0.23364245234415248,0.5349898580121702,0.38927681115181123,0.5150323774283071,0.20388692579505302,0.6881895687061184,0.08296107211231657,0.25204556563874814,0.9743929754920799,0.34201379770008533,0.9330127018922194,0.2500000000000001,0.75
2020-04-20,0.7572025759801152,0.7195970256656272,0.2807831014940752,0.5778759779773978,0.4135505698005698,0.5682238667900092,0.4371024734982332,0.7106318956870612,0.05041480536056164,0.24474528722929456,0.9716052443043288,0.3338768643948147,0.9330127018922194,0.2500000000000001,0.75
2020-04-21,0.6513388317704214,0.5397777244742944,0.5394126738794436,0.6557519559547956,0.40960139397639406,0.6435399321615788,0.19434628975265017,0.6762788365095287,0.05041480536056164,0.2375618982849126,0.9686779585635876,0.32578908874286405,0.9330127018922194,0.2500000000000001,0.75
2020-04-22,0.7143825556434301,0.6262093227792436,0.3325605358062854,0.7184873949579831,0.4282852564102565,0.7096053037311132,0.21236749116607778,0.776579739217653,0.05041480536056164,0.2303891356555372,0.9656119845008027,0.31775286404716896,0.9330127018922194,0.2500000000000001,0.75
2020-04-23,0.4097842051745566,0.15031582313904213,0.6700154559505409,0.6532164589973919,0.6190221815221815,0.7119950662966389,0.11413427561837457,0.6688816449348045,0.05041480536056164,0.22337576775125934,0.9624082293870257,0.3097705683559071,0.9330127018922194,0.2500000000000001,0.75
2020-04-24,0.6671562535306745,0.5486527544575037,0.37274600721277695,0.6516951608229498,0.5596382783882783,0.6792321924144311,0.12120141342756184,0.9097291875626881,0.05041480536056164,0.2163836524769942,0.9590676412649386,0.3018445637587963,0.9330127018922194,0.2500000000000001,0.75
2020-04-25,0.43972432493503555,0.22131606300471734,0.6069036579082947,0.6170675166618371,0.6154927248677247,0.6628893000308357,0.2395759717314488,0.676654964894684,0.05041480536056164,0.20946592140777387,0.9555912086683114,0.2939771956881142,0.9330127018922194,0.2500000000000001,0.75
2020-04-26,0.5112416676081799,0.27784440713200603,0.6973209685729005,0.6501738626485076,0.5432056369556368,0.6784613012642615,0.23180212014134277,0.6479438314944834,0.05041480536056164,0.20263320085860648,0.9519799603294798,0.2861707922246466,0.9330127018922194,0.2500000000000001,0.75
2020-04-27,0.5933792791774941,0.3545214679779323,0.6262235960844926,0.672268907563025,0.4882351444851444,0.6770736971939562,0.10459363957597177,0.4396940822467403,0.05041480536056164,0.19588549082949003,0.948234964874927,0.27842766340877123,0.9330127018922194,0.2500000000000001,0.75
2020-04-28,0.5990283583775844,0.40697209562644915,0.4966512107161258,0.6527093596059113,0.6183544464794466,0.7037465309898242,0.3830388692579506,0.8051654964894683,0.05041480536056164,0.18926529658045177,0.9443573305090589,0.27075010055687976,0.9330127018922194,0.2500000000000001,0.75
2020-04-29,0.8430685798214891,0.8523226992883984,0.258887171561051,0.6391625615763545,0.47850529100529104,0.6419981498612396,0.1501766784452297,0.6613590772316951,0.05041480536056164,0.1827088602214526,0.9403482046862693,0.2631403755833399,0.9330127018922194,0.2500000000000001,0.75
2020-04-30,0.7520054231160321,0.637003278164228,0.35986604842864506,0.7168936540133294,0.3650475681725681,0.6894850447116867,0.3155477031802121,0.45724674022066203,0.05041480536056164,0.17562110811212905,0.9362087737713902,0.25560074032820035,0.9330127018922194,0.2500000000000001,0.75
2020-05-01,0.35069483674161117,0.15391380826737025,0.5528078310149407,0.7202260214430599,0.49987281237281234,0.7457600986740672,0.3420494699646644,0.7992728184553661,0.05041480536056164,0.16930907699827857,0.9319402626886263,0.24813342589083415,0.75,0.06698729810778065,0.875
2020-05-02,0.8627273754378036,0.8679139681778204,0.2725399278722308,0.6901622718052738,0.32895171957671954,0.6494757940178847,0.25088339222614847,0.7462387161484454,0.05041480536056164,0.163039551144454,0.9275439345590806,0.24074064196972078,0.75,0.06698729810778065,0.875
2020-05-03,0.8403570218054457,0.7639721755816742,0.3665636269963936,0.6396696609678354,0.43248880748880736,0.6391458526056121,0.3204946996466431,0.23407723169508526,0.05041480536056164,0.1568656621256883,0.9230210903269767,0.23342457620856094,0.75,0.06698729810778065,0.875
2020-05-04,0.09953677550559259,0.0008795074758135443,0.22565687789799072,0.585120254998551,0.7332557488807487,0.6713691026827012,0.14770318021201417,0.15872617853560683,0.05041480536056164,0.15078740994198014,0.9183730683746885,0.22618739354891737,0.75,0.06698729810778065,0.875
2020-05-05,0.42921703762286745,0.11681458383305349,0.7519319938176199,0.5917849898580121,0.6332608363858363,0.6503237742830712,0.18798586572438164,0.6731444332998997,0.05041480536056164,0.1448154209083372,0.9136012441266914,0.21903123558957455,0.75,0.06698729810778065,0.875
2020-05-06,0.7717772003163484,0.5708803070280642,0.549201442555384,0.6549550854824688,0.45200574888074885,0.6551032994141227,0.06643109540636043,0.631519558676028,0.05041480536056164,0.13896032133976588,0.9087070296425512,0.21195821995280367,0.75,0.06698729810778065,0.875
2020-05-07,0.5651338831770422,0.21707843607579755,0.9072642967542504,0.5744711677774558,0.48686787749287763,0.5910422448350293,0.21731448763250888,0.16073219658976934,0.05041480536056164,0.13319023229124594,0.9036918731990744,0.20497043965772593,0.75,0.06698729810778065,0.875
2020-05-08,0.7157383346514518,0.4269609018949388,0.7905718701700155,0.6229353810489712,0.3031835063085063,0.5764724020968239,0.05936395759717315,0.5729689067201604,0.05041480536056164,0.12752640639279123,0.8985572588617388,0.1980699625009531,0.75,0.06698729810778065,0.875
2020-05-09,0.21432606485142922,0.09762532981530342,0.4155074703760948,0.5423065778035352,0.5471102971102972,0.5808664816527906,0.4275618374558305,0.6849297893681043,0.05041480536056164,0.12197946995940745,0.8933047060455347,0.19125883044469383,0.75,0.06698729810778065,0.875
2020-05-10,0.8094000677889504,0.6452386663468457,0.4459041731066461,0.5180382497826717,0.4278718966218966,0.5181159420289855,0.21837455830388697,0.656469408224674,0.05041480536056164,0.11646441247104322,0.8879357690653457,0.18453905901250395,0.75,0.06698729810778065,0.875
2020-05-11,0.8206982261891311,0.6261293675541696,0.5347758887171561,0.5419443639524775,0.39783017908017904,0.532608695652174,0.07314487632508836,0.13803911735205618,0.05041480536056164,0.1111618812828088,0.8824520366760022,0.17791263669286117,0.75,0.06698729810778065,0.875
2020-05-12,0.5860354762173765,0.3671543935396178,0.6506955177743432,0.5468704723268617,0.5711360398860401,0.5865710761640457,0.3176678445229682,0.3737462387161485,0.05041480536056164,0.10591248166960665,0.8768551316021433,0.17138152435073895,0.75,0.06698729810778065,0.875
2020-05-13,0.21511693593944187,0.04133685136323659,0.42040185471406494,0.6162706461895102,0.7732880545380545,0.7122263336416899,0.18056537102473502,0.5615596790371113,0.05041480536056164,0.10080122415148884,0.8711467100580257,0.16494765464735456,0.75,0.06698729810778065,0.875
2020-05-14,0.8715399389899446,0.8197009674582233,0.41318907779495107,0.6408287452912198,0.5023148148148149,0.6558741905642923,0.2717314487632509,0.6469408224674023,0.05041480536056164,0.09577497715342265,0.8653284612574239,0.15861293146826433,0.75,0.06698729810778065,0.875
2020-05-15,0.7117839792113886,0.4267210362197169,0.7877382792375065,0.677557229788467,0.4965532153032154,0.6882516188714154,0.11625441696113077,0.44119859578736215,0.0548819400127632,0.09084436699041509,0.8594021069137645,0.15237922935997272,0.75,0.06698729810778065,0.875
2020-05-16,0.4511354649192182,0.0889901655073159,0.8987635239567233,0.6721964647928136,0.5740104802604804,0.7101449275362319,0.07773851590106008,0.4089769307923771,0.0657306955966816,0.08606252523749824,0.8533694007306438,0.14624839297522424,0.75,0.06698729810778065,0.875
2020-05-17,0.8857756185741724,0.7630127128807868,0.39644513137557963,0.7269631990727324,0.37289504477004487,0.7060592044403331,0.22226148409893998,0.363716148445336,0.0657306955966816,0.08140819926465936,0.8472321278828785,0.140222236527141,0.75,0.06698729810778065,0.875
2020-05-18,0.7974240198847588,0.5600063964180059,0.5790829469345697,0.740365111561866,0.4958791208791208,0.7559358618563059,0.45547703180212024,0.4005767301905718,0.06126356094447993,0.0768707627568912,0.8409921044882432,0.13430254325236746,0.75,0.06698729810778065,0.875
2020-05-19,0.8963958874703424,0.8343327736467577,0.2784647089129315,0.7832512315270935,0.5387604293854295,0.8166049953746531,0.5021201413427562,0.4286609829488466,0.05041480536056164,0.07246084202920122,0.8346511770700529,0.1284910648833822,0.75,0.06698729810778065,0.875
2020-05-20,0.8206982261891311,0.5492124410330215,0.5551262235960845,0.7870182555780932,0.5738514957264957,0.8271662041319766,0.5501766784452297,0.42101303911735205,0.05041480536056164,0.06814655813656945,0.828211222010746,0.12278952113013225,0.75,0.06698729810778065,0.875
2020-05-21,0.6162015591458592,0.2397857199968018,0.8835651725914477,0.8023761228629382,0.46916335978835977,0.7956367560900401,0.3250883392226149,0.487086258776329,0.0548819400127632,0.06392791107899631,0.8216741449966338,0.11719959917114331,0.75,0.06698729810778065,0.875
2020-05-22,0.6150717433058411,0.31118573598784677,0.6952601751674394,0.8145465082584757,0.5209478021978022,0.820536540240518,0.23674911660777387,0.4522316950852558,0.06126356094447993,0.05984740611650685,0.8150418804539763,0.11172295315425645,0.75,0.06698729810778065,0.875
2020-05-23,0.5783527285052537,0.22595346605900693,0.7730551262235961,0.8115763546798028,0.5786528286528287,0.8482115325316065,0.1915194346289753,0.41750250752256773,0.0548819400127632,0.05592629587911491,0.8083163909765543,0.10636120370713859,0.75,0.06698729810778065,0.875
2020-05-24,0.32437012766918993,0.20508515231470376,0.43611540443070584,0.706389452332657,0.8138927045177045,0.8160653715695344,0.24098939929328628,0.6502006018054163,0.0657306955966816,0.05209019616177524,0.801499666744907,0.10111593745771341,0.75,0.06698729810778065,0.875
2020-05-25,0.2821150152525138,0.009114895658431278,0.6205564142194746,0.6806722689075629,0.7397486772486772,0.7692722787542399,0.09858657243816256,0.41023069207622875,0.0657306955966816,0.048424117484538565,0.794593724937405,0.09598870656465225,0.75,0.06698729810778065,0.875
2020-05-26,0.7936956276126992,0.6002238746302071,0.554095826893354,0.7618081715444798,0.4908297720797721,0.7665741597286463,0.11378091872791522,0.7113841524573721,0.0657306955966816,0.04487492827237394,0.787600609133335,0.0909810282580657,0.75,0.06698729810778065,0.875
2020-05-27,0.7335894249237375,0.5244263212600944,0.6504379185986606,0.7695595479571138,0.3931115181115181,0.7590965155720013,0.18127208480565377,0.8867853560682046,0.0657306955966816,0.04146388115529298,0.7805223887081723,0.08609438439053063,0.75,0.06698729810778065,0.875
2020-05-28,0.9483674161111739,0.901335252258735,0.30267903142709945,0.7203709069834829,0.34170863858363854,0.6892537773666358,0.3522968197879859,0.8387662988966902,0.0657306955966816,0.03815909718827726,0.7733611582212179,0.08133022099858572,0.75,0.06698729810778065,0.875
2020-05-29,0.8670206756298723,0.685296234108899,0.4366306027820711,0.7001593740944653,0.4234902828652829,0.6911039161270429,0.07102473498233215,0.06958375125376129,0.0657306955966816,0.03500308163135202,0.766119036795786,0.0766899478748268,0.75,0.06698729810778065,0.875
2020-05-30,0.9156027567506496,0.7938754297593347,0.3521380731581659,0.7176905244856562,0.36331781644281635,0.6941874807277213,0.24664310954063612,0.29839518555667005,0.0657306955966816,0.03194270290948498,0.7587981674921209,0.0721749381507259,0.75,0.06698729810778065,0.875
2020-05-31,0.8301886792452831,0.6482769648996561,0.5154559505409584,0.7966531440162271,0.48159595034595026,0.8176071538698735,0.3893992932862191,0.40584252758274825,0.0657306955966816,0.029073597857735,0.7514007166732315,0.06778652789030004,0.75,0.06698729810778065,0.875
2020-06-01,0.9287086204948594,0.831774206444391,0.32380216383307575,0.8664155317299332,0.41694647944647945,0.8400400863398089,0.17491166077738524,0.726680040120361,0.0657306955966816,0.026310755956049592,0.7439288733638278,0.0635260156947478,0.5000000000000001,0.0,0.875
2020-06-02,0.7817195797085075,0.6015831134564643,0.4763008758371973,0.8289626195305707,0.31335215710215714,0.7845359235275979,0.22261484098939938,0.6696339017051154,0.0657306955966816,0.023122861454105026,0.7363848486025563,0.0593946623181732,0.5000000000000001,0.0,0.875
2020-06-03,0.6204948593379279,0.4389541856560326,0.7393096342091705,0.811866125760649,0.342783374033374,0.7856151711378354,0.17137809187279152,0.6607321965897694,0.0657306955966816,0.02065755637260125,0.7287708747877152,0.05539369029450725,0.5000000000000001,0.0,0.875
2020-06-04,0.5507852220088125,0.3362117214359958,0.5672333848531685,0.7673862648507679,0.5055644586894587,0.7980265186555658,0.04734982332155478,0.4360581745235707,0.0657306955966816,0.01830914075616863,0.7210892050166531,0.051524283575741125,0.5000000000000001,0.0,1.0
2020-06-05,0.7029714156592476,0.5433757096026225,0.6375579598145287,0.783468559837728,0.3111581705331705,0.7310360777058279,0.1070671378091873,0.47016048144433303,0.0657306955966816,0.016151998809852852,0.7133421124190418,0.04778758718157594,0.5000000000000001,0.0,1.0
2020-06-06,0.5018641961360298,0.18445670424562244,0.728232869654817,0.8123732251521297,0.5535014753764755,0.8543786617329633,0.5745583038869257,0.3518054162487462,0.0657306955966816,0.0141223726436146,0.7055318894842194,0.044184706860592116,0.5000000000000001,0.0,1.0
2020-06-07,0.9269009151508304,0.826257295914288,0.3227717671303452,0.884743552593451,0.47975808913308915,0.8810514955288313,0.20035335689045936,0.5910230692076228,0.0657306955966816,0.012188383312435214,0.6976608473828072,0.040716708763041676,0.5000000000000001,0.0,1.0
2020-06-08,0.5338379844085414,0.21140161509554647,0.7730551262235961,0.843813387423935,0.4300658831908831,0.8395004625346901,0.24558303886925803,0.6970912738214645,0.0657306955966816,0.010413788706352456,0.6897313152827955,0.03738461912535618,0.5000000000000001,0.0,1.0
2020-06-09,0.5792565811772681,0.25289837690893097,0.7483256053580629,0.7420312952767313,0.42958892958892947,0.7469164353993216,0.3745583038869259,0.9292878635907724,0.0657306955966816,0.008734830935328342,0.6817456396603067,0.034189423966467736,0.5000000000000001,0.0,1.0
2020-06-10,0.7916619591006666,0.615815143519629,0.6329211746522412,0.7681106925528831,0.2886777574277575,0.7127659574468085,0.2968197879858658,0.898319959879639,0.0657306955966816,0.00722589420440789,0.6737061836052344,0.031132068796029422,0.5000000000000001,0.0,1.0
2020-06-11,0.9610213535193763,0.9146078196210122,0.2895414734672849,0.8195450594030715,0.22921754171754172,0.7342738205365402,0.1777385159010601,0.7353309929789369,0.0657306955966816,0.0058657258835783654,0.6656153261219682,0.02821345833462452,0.5000000000000001,0.0,1.0
2020-06-12,0.9395548525590329,0.8288158631166547,0.3454404945904173,0.8236018545349173,0.39138176638176636,0.8077397471477028,0.3109540636042404,0.2664242728184554,0.0657306955966816,0.0046862049178586496,0.6574754614254064,0.025434456246044346,0.5000000000000001,0.0,1.0
2020-06-13,0.8641961360298271,0.6454785320220676,0.49252962390520355,0.872355838887279,0.4024216524216523,0.8596207215541165,0.4657243816254418,0.36384152457372115,0.0657306955966816,0.003623573417210313,0.6492889982324707,0.0227958848817168,0.5000000000000001,0.0,1.0
2020-06-14,0.7234210823635747,0.45702406652274724,0.7339000515198351,0.8959721819762387,0.49564382376882377,0.9121184088806661,0.4130742049469966,0.40559177532597795,0.07019783024888321,0.0026778313816335775,0.641058359049327,0.02029852503735896,0.5000000000000001,0.0,1.0
2020-06-15,0.7683877527962942,0.5013192612137203,0.747552807831015,0.8566357577513763,0.31009615384615397,0.7981806968855998,0.15300353356890461,0.7022316950852558,0.07657945118059989,0.001891484071153915,0.6327859794545286,0.017943115721927694,0.5000000000000001,0.0,1.0
2020-06-16,0.6978872443791662,0.3176621092188374,0.8155589902112315,0.9363952477542741,0.29643620268620274,0.8772741288930004,0.4780918727915195,0.4442076228686059,0.07019783024888321,0.0012220262257454095,0.6244743073782868,0.015730353938934127,0.5000000000000001,0.0,1.0
2020-06-17,0.733250480171732,0.4507875589669785,0.7825862957238536,0.8698927847000868,0.4696085164835164,0.8844434165895776,0.16325088339222615,0.5906469408224675,0.07211231652839822,0.0007013367904280532,0.6161258023780913,0.013660894480189922,0.5000000000000001,0.0,1.0
2020-06-18,0.5983504688735736,0.42480211081794195,0.6349819680577022,0.7673138220805562,0.4214616402116401,0.7708911501695961,0.28021201413427566,0.8427783350050151,0.05041480536056164,0.00034004208020754767,0.6077429349108862,0.01173534973204321,0.5000000000000001,0.0,1.0
2020-06-19,0.9218167438707491,0.7989126089389941,0.4106130860381247,0.7870906983483048,0.3339374745624747,0.7486123959296948,0.18869257950530038,0.6939568706118355,0.05041480536056164,0.00010626315006478926,0.5993281856020221,0.009954289494164048,0.5000000000000001,0.0,1.0
2020-06-20,0.8538018303016608,0.6570720396577916,0.5473982483256055,0.8145465082584757,0.3580395299145299,0.7878507554733272,0.22226148409893998,0.6955867602808425,0.05041480536056164,2.125263001295785e-05,0.5908840445111997,0.008318240810931299,0.5000000000000001,0.0,1.0
2020-06-21,0.6581177268105298,0.3476453186215719,0.7550231839258115,0.7580411474934801,0.45840328652828655,0.7772895467160037,0.04028268551236751,0.3934302908726179,0.05041480536056164,5.313157503250565e-05,0.5824130103956213,0.006827687815471828,0.5000000000000001,0.0,1.0
2020-06-22,0.8493955485255903,0.6516350843527624,0.6133436373003607,0.7795566502463054,0.27569190069190075,0.7190101757631823,0.18975265017667847,0.5465145436308927,0.05041480536056164,0.0002762841901686741,0.5739175899705675,0.005483071586397714,0.5000000000000001,0.0,1.0
2020-06-23,0.9467856739351486,0.8462461021827776,0.33565172591447706,0.8200521587945522,0.28745039682539675,0.7635676842429849,0.09010600706713782,0.72981444332999,0.0548819400127632,0.0006482052153953255,0.5654002971676201,0.004284790017283879,0.5000000000000001,0.0,1.0
2020-06-24,0.9135690882386172,0.7868393699528263,0.3377125193199382,0.8938713416401042,0.24374236874236876,0.8214616096207216,0.1837455830388693,0.4564944834503511,0.06126356094447993,0.0011263893906872102,0.5568636523907493,0.0032331976989251054,0.5000000000000001,0.0,1.0
2020-06-25,0.6528075923624449,0.445910290237467,0.5770221535291087,0.856056215589684,0.5512884106634106,0.9033302497687327,0.18798586572438164,0.7171514543630892,0.05041480536056164,0.00173208934605662,0.5483101817704863,0.0023286058144070254,0.5000000000000001,0.0,1.0
2020-06-26,0.967122359055474,0.9406732229951227,0.26584234930448225,0.8815560707041437,0.2668968762718763,0.809127351218008,0.11519434628975266,0.8014042126379137,0.05041480536056164,0.0025184366565362826,0.5397424164163998,0.001571282047021616,0.5000000000000001,0.0,1.0
2020-06-27,0.9467856739351486,0.9216438794275206,0.250386398763524,0.9326282237032744,0.3150310337810338,0.8829787234042553,0.33250883392226155,0.48834002006018057,0.05041480536056164,0.0034322997470939143,0.5311628916681003,0.0009614505010558938,0.5000000000000001,0.0,1.0
2020-06-28,0.8610326516777765,0.6857759654593427,0.4567233384853168,0.9367574616053317,0.5393963675213675,0.9653098982423682,0.3367491166077739,0.4069709127382147,0.05041480536056164,0.004484304932735439,0.5225741463449918,0.0004992916354755184,0.5000000000000001,0.0,1.0
2020-06-29,0.7483900124279742,0.42016470776365233,0.788768675940237,0.9140104317589104,0.700091575091575,0.9915201973481345,0.24911660777385164,0.3213390170511535,0.0548819400127632,0.0056957048434742585,0.5139787219949951,0.00018494221052428594,0.5000000000000001,0.0,1.0
2020-06-30,0.20901593040334426,0.039577836411609495,0.374806800618238,0.8406259055346275,0.9378179690679689,0.9841196423065064,0.25689045936395766,0.4497241725175527,0.06126356094447993,0.006981488959258542,0.5053791621424623,1.849524725433538e-05,0.5000000000000001,0.0,1.0
2020-07-01,0.9224946333747599,0.8599984008954985,0.3405461102524472,0.8430889597218196,0.43063822751322756,0.8293246993524515,0.16572438162544173,0.5461384152457371,0.05041480536056164,0.008458546745159667,0.49677801153550777,0.0,0.2500000000000001,0.06698729810778059,1.0
2020-07-02,0.6653485481866456,0.5125129927240745,0.44796496651210715,0.9183569979716023,0.41691468253968267,0.906413814369411,0.38727915194346296,0.462888665997994,0.0548819400127632,0.010073746626144908,0.48817781539297506,0.00012946194180257775,0.2500000000000001,0.06698729810778059,1.0
2020-07-03,0.8575302225737205,0.7131206524346365,0.3196805770221535,0.9318313532309475,0.5444266381766383,0.9607616404563676,0.15335689045936401,0.4069709127382147,0.0657306955966816,0.011816462287207896,0.4795811186512666,0.0004068427627906268,0.2500000000000001,0.06698729810778059,1.0
2020-07-04,0.8018303016608292,0.6398816662668905,0.378413189077795,0.9322660098522166,0.5648211741961742,0.9671600370027752,0.14982332155477035,0.41474423269809435,0.0657306955966816,0.013718572673368623,0.47099046521125565,0.0008320603815165084,0.2500000000000001,0.06698729810778059,1.0
2020-07-05,0.5149700598802395,0.2602542576157352,0.6069036579082947,0.9041582150101418,0.536833536833537,0.9322386679000925,0.10247349823321557,0.6092026078234705,0.0657306955966816,0.015705693579580293,0.46240839718550564,0.0014049889692458462,0.2500000000000001,0.06698729810778059,1.0
2020-07-06,0.8471359168455542,0.6864955624850083,0.4281298299845441,0.8746015647638364,0.4661172161172161,0.8837496145544249,0.07703180212014137,0.4112337011033099,0.0657306955966816,0.01789471447091584,0.4538374541460177,0.0021254589871919083,0.2500000000000001,0.06698729810778059,1.0
2020-07-07,0.9101796407185628,0.81074598224994,0.3325605358062854,0.893581570559258,0.5789898758648757,0.9374036386062288,0.2855123674911661,0.3286108324974925,0.0657306955966816,0.020189998512316176,0.4452801723727302,0.0029932572366851984,0.2500000000000001,0.06698729810778059,1.0
2020-07-08,0.9489323240311829,0.9103701926920924,0.246780010303967,0.8700376702405099,0.48806980056980054,0.8732654949121184,0.12614840989399295,0.8140672016048145,0.06126356094447993,0.022644677278813363,0.4367390841029935,0.004008126922262156,0.2500000000000001,0.06698729810778059,1.0
2020-07-09,0.9609083719353746,0.9697769249220436,0.2238536836682123,0.8275137641263401,0.2853899572649573,0.7755164970706137,0.292226148409894,0.8569458375125378,0.05041480536056164,0.025141861305336466,0.42821671678223944,0.005169767727655095,0.2500000000000001,0.06698729810778059,1.0
2020-07-10,0.6813919331149023,0.44854881266490765,0.6470891293147862,0.8619965227470298,0.37383623321123327,0.8423527597903177,0.04664310954063605,0.43693580742226684,0.0548819400127632,0.02786219794699596,0.4197155923160698,0.0064778359046607226,0.2500000000000001,0.06698729810778059,1.0
2020-07-11,0.8440854140775054,0.7909970416566722,0.39000515198351365,0.8376557519559547,0.4318274318274318,0.8427382053654024,0.2646643109540637,0.7374623871614845,0.0657306955966816,0.03067817142371365,0.411238226323984,0.007931944374860722,0.2500000000000001,0.06698729810778059,1.0
2020-07-12,0.9371822392949949,0.9252418645558487,0.24137042761463162,0.8839466821211241,0.32354624542124544,0.8420444033302498,0.24664310954063612,0.46489468405215645,0.0657306955966816,0.03364291331052249,0.40278712739496714,0.00953166284416429,0.2500000000000001,0.06698729810778059,1.0
2020-07-13,0.5873912552253983,0.31158551211321656,0.69629057187017,0.8524340770791075,0.4065806878306879,0.8421214924452667,0.2197879858657244,0.7981444332998997,0.0657306955966816,0.036745797292415006,0.39436479634515725,0.011276517930139396,0.2500000000000001,0.06698729810778059,1.0
2020-07-14,0.8582081120777313,0.783801071400016,0.4276146316331788,0.8286004056795131,0.2296118233618233,0.7464539007092199,0.1872791519434629,0.7240471414242728,0.0657306955966816,0.03993369179435957,0.3859737254778142,0.013165993302094225,0.2500000000000001,0.06698729810778059,1.0
2020-07-15,0.9044175799344707,0.804749340369393,0.30473982483256057,0.8648942335554911,0.17965252340252336,0.7526210299105767,0.17243816254416966,0.6791624874623872,0.0657306955966816,0.04333411259643394,0.3776163978458068,0.015199529833867298,0.2500000000000001,0.06698729810778059,1.0
2020-07-16,0.9285956389108575,0.9285999840089549,0.22050489438433796,0.8857577513764125,0.2047212047212048,0.7969472710453284,0.18551236749116612,0.7602808425275829,0.0657306955966816,0.04675578602852104,0.3692952865168381,0.017376525769282503,0.2500000000000001,0.06698729810778059,0.875
2020-07-17,0.8497344932775958,0.7295114735747981,0.31839258114374036,0.9549405969284264,0.35596001221001217,0.9305427073697194,0.2816254416961131,0.3760030090270813,0.0657306955966816,0.050389985760738165,0.36101285384162396,0.019696336900218048,0.2500000000000001,0.06698729810778059,0.875
2020-07-18,0.7322336459157157,0.577276725033981,0.4904688304997424,0.8485221674876846,0.4703271265771265,0.8591581868640148,0.2848056537102474,0.7444834503510533,0.0657306955966816,0.05410919601300668,0.35277155072524496,0.022158276757238082,0.2500000000000001,0.06698729810778059,0.875
2020-07-19,0.9210258727827364,0.9258015511313664,0.22488408037094282,0.8433062880324542,0.2627696377696378,0.7819919827320383,0.22579505300353359,0.7474924774322971,0.0657306955966816,0.05856162200072257,0.34457381590188274,0.024761616812730036,0.2500000000000001,0.06698729810778059,0.875
2020-07-20,0.49553722743192863,0.35372191572719275,0.4873776403915508,0.8307012460156475,0.43901353276353283,0.82631822386679,0.08657243816254419,0.4477181544633902,0.0657306955966816,0.06252523749814043,0.33642207521316037,0.02750558669648795,0.2500000000000001,0.06698729810778059,0.875
2020-07-21,0.8986555191503784,0.8775885504117693,0.258887171561051,0.8282381918284554,0.4621298840048841,0.8312519272278754,0.13886925795053007,0.6826730190571715,0.0657306955966816,0.06664824772065536,0.32831874089029633,0.030389374423676896,0.2500000000000001,0.06698729810778059,0.875
2020-07-22,0.879561631454073,0.862796833773087,0.2493560020607934,0.880107215299913,0.41444724257224264,0.8704131976564908,0.37243816254416967,0.38954363089267807,0.0657306955966816,0.0708881474082419,0.3202662108402873,0.03341212663511267,0.2500000000000001,0.06698729810778059,0.875
2020-07-23,0.6903174782510451,0.42784040937075235,0.6532715095311696,0.9406693711967544,0.4847311253561254,0.9591427690410114,0.4130742049469966,0.40960381143430297,0.0657306955966816,0.07524493656089959,0.31226686793632763,0.03657294884978457,0.2500000000000001,0.06698729810778059,0.875
2020-07-24,0.5692012202011072,0.2858399296394019,0.7120041215868109,0.930817154447986,0.41917862230362235,0.9144310823311749,0.09187279151943466,0.5738465396188566,0.06126356094447993,0.07971861517862844,0.30432307931267977,0.039870905729546546,0.2500000000000001,0.06698729810778059,0.875
2020-07-25,0.7756185741724099,0.6374030542895978,0.38356517259144773,0.9294407418139669,0.3651302401302401,0.893154486586494,0.11837455830388695,0.42728184553660986,0.05041480536056164,0.08427730431640912,0.29643719566420024,0.043305021355898865,0.2500000000000001,0.06698729810778059,0.875
2020-07-26,0.879561631454073,0.8420084752538578,0.265327150953117,0.8532309475514344,0.2712784900284899,0.7853839037927844,0.149469964664311,0.6843029087261785,0.05041480536056164,0.08896350923426777,0.28861155055073284,0.04687427951877804,0.2500000000000001,0.06698729810778059,0.875
2020-07-27,0.8811433736300983,0.8794275205884704,0.22333848531684697,0.8838742393509127,0.20587225274725274,0.7967160037002775,0.11696113074204949,0.6703861584754263,0.05041480536056164,0.09380910887722349,0.28084845970656885,0.05057762401726984,0.2500000000000001,0.06698729810778059,0.875
2020-07-28,0.8969607953903513,0.889661789397937,0.23183925811437406,0.8865546218487393,0.1986352767602767,0.7888529139685476,0.08657243816254419,0.17176529588766298,0.05041480536056164,0.09876097167024422,0.2731502203551856,0.05441395897215595,0.2500000000000001,0.06698729810778059,0.875
2020-07-29,0.8056716755168908,0.6727432637722874,0.4420401854714065,0.8866270646189509,0.315603378103378,0.8430465618254702,0.1356890459363958,0.38866599799398194,0.05041480536056164,0.10376596603829724,0.26551911052945965,0.05838214915020273,0.2500000000000001,0.06698729810778059,0.875
2020-07-30,0.8251045079652016,0.6985688014711761,0.3240597630087584,0.906476383656911,0.3173267704517705,0.8613937711995066,0.04346289752650177,0.533099297893681,0.05041480536056164,0.10890910250143437,0.25795738839756116,0.06248102030009428,0.2500000000000001,0.06698729810778059,0.875
2020-07-31,0.8052197491808836,0.6989685775965458,0.3276661514683153,0.9129962329759489,0.33846535409035405,0.8795097132284921,0.22261484098939938,0.6209879638916751,0.05041480536056164,0.11414787579963037,0.2504672915947252,0.06670935949991313,0.2500000000000001,0.06698729810778059,0.875
2020-08-01,0.7833013218845328,0.7159190853122251,0.4070066975785678,0.8462039988409156,0.3240613553113554,0.801649707061363,0.20848056537102472,0.037111334002006016,0.05041480536056164,0.1195035385628973,0.24305103656110022,0.07106591551606228,0.06698729810778081,0.24999999999999978,0.875
2020-08-02,0.8321093661733138,0.8118653554009754,0.3317877382792375,0.821790785279629,0.29763176638176636,0.7694264569842738,0.14770318021201417,0.13026579739217653,0.05041480536056164,0.12494421184621585,0.23571081788586645,0.07554939917352649,0.06698729810778081,0.24999999999999978,0.875
2020-08-03,0.8712009942379392,0.8982169984808507,0.21818650180319427,0.8204868154158214,0.2523020960520961,0.7504625346901017,0.21625441696113074,0.3781344032096289,0.0548819400127632,0.1304911482795994,0.22844880765782277,0.08015848373735907,0.06698729810778081,0.24999999999999978,0.875
2020-08-04,0.6219636199299514,0.355241065003598,0.716898505924781,0.8042596348884381,0.462746743996744,0.8175300647548567,0.24275618374558305,0.42377131394182554,0.0657306955966816,0.1361656004930607,0.22126715482262993,0.0848918053052849,0.06698729810778081,0.24999999999999978,0.75
2020-08-05,0.7297480510676759,0.6294874870072759,0.38021638330757346,0.8364966676325701,0.5320258445258447,0.8639377119950663,0.17137809187279152,0.5649448345035106,0.0657306955966816,0.14192506322657428,0.2141679845469039,0.08974796321129969,0.06698729810778081,0.24999999999999978,0.75
2020-08-06,0.8495085301095922,0.8874230430958663,0.2022153529108707,0.8754708780063749,0.35760709198209184,0.8419673142152329,0.16077738515901063,0.44257773319959887,0.0657306955966816,0.14837523643550887,0.20715339758934354,0.09472552044015142,0.06698729810778081,0.24999999999999978,0.75
2020-08-07,0.7648853236922382,0.6346046214120092,0.3119526017516744,0.9218342509417559,0.39912749287749294,0.9041782300339192,0.1363957597173145,0.5105315947843532,0.06126356094447993,0.1543897307291775,0.20022546967908378,0.09982300405257472,0.06698729810778081,0.24999999999999978,0.75
2020-08-08,0.5956389108575302,0.41416806588310545,0.5087583719732096,0.87807881773399,0.20372278184778192,0.7921677459142769,0.12226148409893996,0.25952858575727183,0.05041480536056164,0.16046798291288566,0.1933862509014529,0.10503890562115786,0.06698729810778081,0.24999999999999978,0.75
2020-08-09,0.780815727036493,0.7377468617574158,0.26378155589902114,0.8539553752535496,0.3233872608872609,0.8030373111316682,0.25689045936395766,0.7927532597793381,0.05041480536056164,0.16662061930163863,0.18663776509131952,0.11037168167671108,0.06698729810778081,0.24999999999999978,0.75
2020-08-10,0.8549316461416789,0.9247621332054049,0.17619783616692428,0.8364966676325701,0.12426231176231184,0.6917206290471786,0.18445229681978798,0.7476178535606821,0.0548819400127632,0.1728795188404566,0.17998200923420765,0.11581975416500345,0.06698729810778081,0.24999999999999978,0.75
2020-08-11,0.8095130493729522,0.8448868633565203,0.2125193199381762,0.8922776006954505,0.3315972222222222,0.8395004625346901,0.10565371024734983,0.4235205616850552,0.05679642629227827,0.1792765604743587,0.17342095287535603,0.12138151091373472,0.06698729810778081,0.24999999999999978,0.75
2020-08-12,0.7992317252287877,0.8265771168145838,0.21715610510046368,0.9171979136482178,0.4963878713878713,0.9272278754239902,0.29293286219081277,0.3509277833500502,0.0261646458200383,0.185673602108261,0.1669565375368987,0.12705530610960258,0.06698729810778081,0.24999999999999978,0.75
2020-08-13,0.7307648853236922,0.6299672183577196,0.34853168469860896,0.9101709649376991,0.40455840455840464,0.883595436324391,0.18904593639575973,0.6024322968906721,0.00893426930440333,0.1922087858372472,0.16059067614333672,0.1328394607853262,0.06698729810778081,0.24999999999999978,0.75
2020-08-14,0.6894136255790306,0.6207723674742144,0.26661514683153015,0.8051289481309765,0.4694113756613757,0.8135985198889917,0.27809187279151953,0.6209879638916751,0.01978302488832165,0.19880772745627273,0.15432525245547324,0.13873226331647887,0.06698729810778081,0.24999999999999978,0.75
2020-08-15,0.670997627386736,0.5232269928839849,0.4824832560535806,0.8497536945812807,0.21066722629222623,0.7629509713228492,0.17915194346289753,0.6578485456369108,0.01978302488832165,0.20550230591035623,0.14816212051297828,0.1447319699279857,0.06698729810778081,0.24999999999999978,0.75
2020-08-16,0.7865777878205853,0.841528743903414,0.19216898505924782,0.8725007244277021,0.25081400081400096,0.8056583410422449,0.1816254416961131,0.6444332998996991,0.01978302488832165,0.21227126856948564,0.14210310408574933,0.15083680521013415,0.06698729810778081,0.24999999999999978,0.75
2020-08-17,0.7715512371483448,0.7561365635244263,0.24137042761463162,0.9129237902057373,0.1680657305657307,0.803576934936787,0.07526501766784453,0.38954363089267807,0.01978302488832165,0.21915712069368576,0.13614999613422685,0.15704496264394718,0.06698729810778081,0.24999999999999978,0.75
2020-08-18,0.7529092757880466,0.7392660110338211,0.24626481195260175,0.935453491741524,0.28465226902726914,0.8734196731421524,0.2848056537102474,0.4899699097291876,0.01978302488832165,0.22605359913289247,0.13030455827883058,0.1633546051357599,0.06698729810778081,0.24999999999999978,0.75
2020-08-19,0.7363009829397809,0.7124810106340449,0.27228232869654817,0.9608084613155606,0.2982295482295483,0.8964693185322232,0.15689045936395762,0.401579739217653,0.01978302488832165,0.23305634072216463,0.12456852027866577,0.169763865560847,0.06698729810778081,0.24999999999999978,0.75
2020-08-20,0.7100892554513615,0.6330854721356041,0.3405461102524472,0.9660967835410025,0.20749389499389503,0.8630126426148628,0.11731448763250883,0.565320962888666,0.01978302488832165,0.24015471914649433,0.11894357951966056,0.1762708473159335,0.06698729810778081,0.24999999999999978,0.75
2020-08-21,0.51937634165631,0.41784600623650753,0.3091190108191654,0.9192263112141408,0.3137082824582824,0.8667900092506938,0.07667844522968197,0.701479438314945,0.01978302488832165,0.2472849765158438,0.11343140051228207,0.18287362488043107,0.06698729810778081,0.24999999999999978,0.75
2020-08-22,0.7418370805558694,0.7495002798432877,0.2506439979392066,0.9223413503332366,0.1683582621082622,0.8098211532531607,0.09328621908127209,0.596664994984955,0.01978302488832165,0.25447899177523237,0.10803361439898135,0.18957024438622927,0.06698729810778081,0.24999999999999978,0.75
2020-08-23,0.6229804541859677,0.3530023187015271,0.7493560020607934,0.8702549985511445,0.2974537037037037,0.818686401480111,0.23215547703180212,0.34365596790371117,0.01978302488832165,0.261726138609653,0.10275181847151083,0.1963587241958789,0.06698729810778081,0.24999999999999978,0.75
2020-08-24,0.7260196587956164,0.7330295034780523,0.2642967542503864,0.8652564474065487,0.4025043243793245,0.8547641073080481,0.23074204946996474,0.24310431293881646,0.01978302488832165,0.26904766964911886,0.09758757569826165,0.20323705548898768,0.06698729810778081,0.24999999999999978,0.75
2020-08-25,0.5112416676081799,0.22859198848644757,0.7207624935600205,0.9146624166908142,0.46957036019536025,0.925609004008634,0.12932862190812727,0.448345035105316,0.01978302488832165,0.27643295857862427,0.09254241426175541,0.21020320285666405,0.06698729810778081,0.24999999999999978,0.75
2020-08-26,0.5209580838323353,0.34844487087231146,0.49072642967542507,0.8809765285424513,0.37934981684981683,0.8625501079247611,0.14876325088339226,0.4355566700100301,0.01978302488832165,0.28391388434318765,0.08761782710642946,0.217255104903828,0.06698729810778081,0.24999999999999978,0.75
2020-08-27,0.21884532821150154,0.08659150875509714,0.3915507470376095,0.8418574326282235,0.5932476088726089,0.88945420906568,0.1551236749116608,0.44395687061183553,0.01978302488832165,0.29138418379274444,0.0828152714968523,0.22439067485920916,0.06698729810778081,0.24999999999999978,0.625
2020-08-28,0.7394644672918315,0.8157032062045254,0.17928902627511592,0.7902781802376122,0.4736085673585674,0.7913197656490903,0.27279151943462904,0.91123370110331,0.01978302488832165,0.2995345674027159,0.07813616858649447,0.23160780119285762,0.06698729810778081,0.24999999999999978,0.625
2020-08-29,0.7271494746356344,0.8216998480850723,0.17800103039670273,0.8215734569689944,0.22187881562881573,0.7411347517730497,0.18339222614840994,0.40985456369107326,0.02425015954052334,0.30724927209742203,0.0735819029971867,0.23890434824097873,0.06698729810778081,0.24999999999999978,0.625
2020-08-30,0.3770195458140323,0.20028783881026624,0.4507985574446162,0.7492031295276731,0.40034213471713465,0.7506938020351526,0.3356890459363958,0.736208625877633,0.03509891512444163,0.3149214715321018,0.06915382240938822,0.2462781568379105,0.06698729810778081,0.24999999999999978,0.625
2020-08-31,0.6263699017060219,0.5572079635404174,0.47913446676970634,0.7584758041147492,0.14271723646723655,0.6480111008325624,0.27632508833922265,0.7398445336008024,0.03509891512444163,0.3227318130618664,0.06485323716338537,0.2537270449550566,0.06698729810778081,0.24999999999999978,0.625
2020-09-01,0.6385719127782171,0.6423602782441832,0.25837197320968575,0.7969429150970733,0.14645655270655278,0.6867869256860931,0.3932862190812721,0.7660481444332998,0.03509891512444163,0.3305102756466112,0.060681419871542686,0.2612488083465813,0.0,0.4999999999999999,0.625
2020-09-02,0.6062591797537001,0.5563284560646038,0.3371973209685729,0.8313532309475513,0.16912138787138786,0.7236355226641998,0.3978798586572439,0.7729438314944834,0.03509891512444163,0.3383843750664144,0.05663960504171456,0.2688412212016844,0.0,0.4999999999999999,0.625
2020-09-03,0.7022935261552367,0.8095466538738306,0.16434827408552294,0.7516661837148652,0.21962759462759474,0.6785383903792784,0.3498233215547704,0.899824473420261,0.03509891512444163,0.3462797271162308,0.05272898871193582,0.27650203680325147,0.0,0.4999999999999999,0.625
2020-09-04,0.6808270251948932,0.7865995042776045,0.17954662545079855,0.7778904665314401,0.19111848799348796,0.6900246685168054,0.21802120141342757,0.7229187562688064,0.03509891512444163,0.35423883705608583,0.04895072809649448,0.28422898819269493,0.0,0.4999999999999999,0.625
2020-09-05,0.5677324596090837,0.4306388422483409,0.3902627511591963,0.8280933062880323,0.18418040293040294,0.7310360777058279,0.2053003533568905,0.43806419257773327,0.03509891512444163,0.3622404522559668,0.045305941243492465,0.29201978884078467,0.0,0.4999999999999999,0.625
2020-09-06,0.4985877301999774,0.30366994483089466,0.6084492529623906,0.7794117647058822,0.2979179385429386,0.7388991674375578,0.3812720848056537,0.8895436308926781,0.03509891512444163,0.3702526937708539,0.04179570670399896,0.29987213332426665,0.0,0.4999999999999999,0.625
2020-09-07,0.11569314201785108,0.018149836091788597,0.24368882019577537,0.6253259924659518,0.4448069291819291,0.6382978723404256,0.21307420494699653,0.47555165496489465,0.03509891512444163,0.37831806686077396,0.03842106321288835,0.30778369800807615,0.0,0.4999999999999999,0.625
2020-09-08,0.43927239859902834,0.16398816662668905,0.7022153529108708,0.5688930744711677,0.27526582214082207,0.5269811902559358,0.15583038869257954,0.9325476429287864,0.03509891512444163,0.3863834399506936,0.03518300938146257,0.31575214173293803,0.0,0.4999999999999999,0.625
2020-09-09,0.6776635408428426,0.8130646837770847,0.16718186501803195,0.6063459866705302,0.19050798738298735,0.5214307739747148,0.19081272084805662,0.6142176529588768,0.03509891512444163,0.39453382356066546,0.03208250340194535,0.3237751065081549,0.0,0.4999999999999999,0.625
2020-09-10,0.6616201559145859,0.8003518029903254,0.1586810922205049,0.6821935670820052,0.19396749084249076,0.5892691951896393,0.14911660777385166,0.5404964894684052,0.03509891512444163,0.40268420717063735,0.029120462763938537,0.33185021820937227,0.0,0.4999999999999999,0.625
2020-09-11,0.21003276465936052,0.05940673222995122,0.4119010819165379,0.674007534048102,0.5697115384615385,0.7164662349676226,0.206713780918728,0.4621364092276831,0.03509891512444163,0.4108877223556413,0.026297763982921718,0.33997508728112136,0.0,0.4999999999999999,0.625
2020-09-12,0.6267088464580274,0.7287918765491325,0.17465224111282845,0.7642712257316719,0.4208956552706553,0.7437557816836262,0.09010600706713782,0.7808425275827482,0.03509891512444163,0.41914436911567776,0.023615242340876696,0.348147309443928,0.0,0.4999999999999999,0.625
2020-09-13,0.5435544006326969,0.48324938034700565,0.41576506955177744,0.7029121993625036,0.34495828245828253,0.6803885291396855,0.22791519434628982,0.17652958876629893,0.03509891512444163,0.42736913693069534,0.021073691639115155,0.3563644664057755,0.0,0.4999999999999999,0.625
2020-09-14,0.49248672466387977,0.3078276165347405,0.5878413189077796,0.7531874818893074,0.43093075905575906,0.7582485353068147,0.2098939929328622,0.5010030090270812,0.0395660497766433,0.43563641000573794,0.0186738639633795,0.36462412657771703,0.0,0.4999999999999999,0.625
2020-09-15,0.4677437577674839,0.2433837051251299,0.6628026790314272,0.755722978846711,0.5040700040700041,0.7810669133518348,0.1639575971731449,0.9581243731193583,0.05041480536056164,0.44391430939578713,0.016416469461288274,0.3729238457934233,0.0,0.4999999999999999,0.625
2020-09-16,0.5560953564568976,0.5001199328376109,0.4005667181865018,0.691828455520139,0.36271367521367526,0.6708294788775825,0.15689045936395762,0.6923269809428285,0.05041480536056164,0.4521815824708306,0.014302176132192812,0.3812611680324481,0.0,0.4999999999999999,0.625
2020-09-17,0.4528301886792453,0.33980970656432397,0.4734672849046883,0.6979860909881193,0.38023377085877086,0.6853993216157879,0.13321554770318023,0.3062938816449348,0.05041480536056164,0.4605232397509189,0.012331609629504747,0.389633626147007,0.0,0.4999999999999999,0.625
2020-09-18,0.5471698113207547,0.5440953066282881,0.33487892838742916,0.7207331208345407,0.3874961843711844,0.7065217391304348,0.2724381625441697,0.4600050150451354,0.04594767070835992,0.46884364440099446,0.010505353075555668,0.3980387425920435,0.0,0.4999999999999999,0.625
2020-09-19,0.42526268218280416,0.20444551051411208,0.6406491499227203,0.7538394668212112,0.5296347171347172,0.7872340425531915,0.23674911660777392,0.3602056168505517,0.03509891512444163,0.47717467536607616,0.008823946889041479,0.40647403015837646,0.0,0.4999999999999999,0.625
2020-09-20,0.5034459383120551,0.4987606940113536,0.24755280783101496,0.8000579542161692,0.41922949735449744,0.7883903792784459,0.3162544169611308,0.7148946840521566,0.03509891512444163,0.4855269589611715,0.0072878886251041,0.414936992708704,0.0,0.4999999999999999,0.5
2020-09-21,0.5554174669528866,0.6294874870072759,0.22024729520865532,0.8007823819182844,0.24050544363044368,0.7301880974406414,0.18515901060070677,0.6844282848545638,0.03509891512444163,0.49382611098123386,0.005897632828096633,0.4234251259162512,0.0,0.4999999999999999,0.5
2020-09-22,0.5589198960569427,0.6611497561365635,0.19036579082946936,0.8073746740075339,0.2762006512006512,0.7456059204440333,0.13321554770318023,0.4507271815446339,0.03509891512444163,0.5028053471617109,0.004653590897076287,0.43193591800584186,0.0,0.4999999999999999,0.5
2020-09-23,0.3961134335103378,0.2254737347085632,0.4598145285935085,0.7868009272674586,0.4426383801383801,0.7953283996299723,0.1441696113074205,0.2151454363089268,0.03509891512444163,0.5111895097018251,0.0035561309640653183,0.4404668504971708,0.0,0.4999999999999999,0.5
2020-09-24,0.445938312055135,0.36475573678739903,0.4036579082946935,0.7839032164589973,0.45333485958485964,0.7889300030835646,0.2593639575971732,0.46489468405215645,0.030631780472239967,0.5195736722419397,0.002605577785114388,0.44901539895006387,0.0,0.4999999999999999,0.5
2020-09-25,0.5222008812563552,0.5535300231870153,0.18778979907264298,0.7899159663865545,0.19369403744403746,0.7015880357693494,0.23109540636042408,0.831369107321966,0.02425015954052334,0.527925955837035,0.0018022126442019393,0.45757903371150177,0.0,0.4999999999999999,0.5
2020-09-26,0.1670997627386736,0.12457024066522747,0.24343122102009274,0.7649232106635757,0.21661960724460738,0.6940333024976874,0.3250883392226149,0.7503761283851555,0.03509891512444163,0.5362676131171233,0.001146273269998166,0.4661552206641821,0.0,0.4999999999999999,0.375
2020-09-27,0.12235905547395776,0.06284480690813145,0.21612570839773315,0.6534337873080265,0.4266572547822548,0.6616558741905643,0.4544169611307421,0.8770060180541626,0.03509891512444163,0.5452043440375745,0.000637953765516841,0.47474142197640884,0.0,0.4999999999999999,0.375
2020-09-28,0.3224494407411592,0.2671304069720956,0.3905203503348789,0.6527818023761228,0.4384221102971103,0.6604995374653099,0.31908127208480574,0.8909227683049148,0.03509891512444163,0.5536203855227084,0.0002774045506774847,0.48333509685307463,0.0,0.4999999999999999,0.375
2020-09-29,0.27318947011637107,0.22075637642919962,0.33668212261720765,0.7509417560127498,0.20266712454212465,0.6763798951588036,0.4236749116607775,0.8975677031093281,0.03509891512444163,0.5619620428027967,6.473231779347e-05,0.4919337022875245,0.0,0.4999999999999999,0.375
2020-09-30,0.4603999548073664,0.5480131126569121,0.17001545595054096,0.6458272964358156,0.27951388888888895,0.6069226025285229,0.5551236749116608,0.9321715145436311,0.03509891512444163,0.5703355790279043,0.0,0.5005346938140721,0.0,0.4999999999999999,0.375
2020-10-01,0.3501299288216021,0.355161109778524,0.2707367336424524,0.5842509417560127,0.45747481684981695,0.5999845821769966,0.17950530035335693,0.7627883650952858,0.03509891512444163,0.5786984889380058,8.322675263150447e-05,0.5091355262609477,0.0669872981077807,0.75,0.375
2020-10-02,0.15037848830640607,0.058847045654433515,0.28619268418341065,0.6049695740365111,0.4907343813593814,0.6300493370336109,0.18233215547703185,0.4393179538615848,0.03509891512444163,0.5869976409580686,0.00031438794755273003,0.517733654503457,0.0669872981077807,0.75,0.375
2020-10-03,0.4322675403909163,0.482609738546414,0.250386398763524,0.6051144595769341,0.5860615079365079,0.650940487203207,0.08975265017667845,0.2666750250752257,0.03509891512444163,0.5953286719231503,0.0006934151804470767,0.526326534217122,0.0669872981077807,0.75,0.375
2020-10-04,0.48762851655180206,0.681378428080275,0.12261720762493561,0.6672703564184294,0.428196225071225,0.6637372802960222,0.3459363957597174,0.5293380140421264,0.03509891512444163,0.6035959449981934,0.0012201962910585173,0.534911622630589,0.0669872981077807,0.75,0.375
2020-10-05,0.4559936730312959,0.5678420084752538,0.16280267903142712,0.7229064039408866,0.3674005392755393,0.7082947887758249,0.3477031802120142,0.8689819458375128,0.03509891512444163,0.6119057233332623,0.001894575396381215,0.5434863792780764,0.0669872981077807,0.75,0.375
2020-10-06,0.41724098971867585,0.49092508195410567,0.2403400309119011,0.755867864387134,0.323673433048433,0.7226333641689794,0.3113074204946997,0.7052407221664996,0.03509891512444163,0.620141117463286,0.0027163529367881245,0.5520482667511368,0.0669872981077807,0.75,0.375
2020-10-07,0.21771551237148346,0.13864236027824417,0.36321483771251933,0.6833526514053896,0.37412876475376466,0.6544094973789701,0.1692579505300354,0.6834252758274826,0.03509891512444163,0.6283658852783032,0.003685285735084032,0.5605947514495203,0.0669872981077807,0.75,0.375
2020-10-08,0.39961586261439386,0.46469976812984726,0.28413189077794954,0.7046508258475803,0.26135149572649574,0.6514030218933087,0.3367491166077739,0.4875877632898696,0.03509891512444163,0.6365375215182878,0.004801087068465271,0.5691233043309044,0.0669872981077807,0.75,0.375
2020-10-09,0.42481075584679695,0.5527304709362757,0.18444100978876868,0.7011735728774268,0.3927871896621896,0.6968085106382979,0.23144876325088343,0.7190320962888668,0.03509891512444163,0.6446879051282592,0.006063426753365853,0.5776314016592805,0.0669872981077807,0.75,0.375
2020-10-10,0.43192859563891084,0.5801551131366435,0.16769706336939721,0.7015357867284844,0.3090595746845747,0.6631205673758865,0.4077738515901061,0.40960381143430297,0.03509891512444163,0.652827662423225,0.007471931243163699,0.5861165257517666,0.0669872981077807,0.75,0.375
2020-10-11,0.1390803299062253,0.020308627168785478,0.2892838742916023,0.682048681541582,0.3606341575091575,0.6722170829478877,0.402826855123675,0.756394182547643,0.0395660497766433,0.6609036618281512,0.009026183738719717,0.5945761657236313,0.0669872981077807,0.75,0.375
2020-10-12,0.2328550446277257,0.28751898936595505,0.17877382792375066,0.6368443929295855,0.39370929995930004,0.6252698119025594,0.3074204946996467,0.7649197592778334,0.05041480536056164,0.6689159033430387,0.01072572431171509,0.6030078182313049,0.0669872981077807,0.75,0.375
2020-10-13,0.38571912778217154,0.4559046933717118,0.24961360123647608,0.6172124022022601,0.3779316748066748,0.5991366019118101,0.28445229681978806,0.6997241725175527,0.05041480536056164,0.6769068922279131,0.012570050040751068,0.6114089882131574,0.0669872981077807,0.75,0.375
2020-10-14,0.20472263021127557,0.22763252578556006,0.26944873776403916,0.5885975079687047,0.334242724867725,0.5636756090040086,0.4628975265017668,0.8810180541624877,0.05041480536056164,0.6848660021677677,0.014558615160172317,0.6197771896278301,0.0669872981077807,0.75,0.375
2020-10-15,0.2760140097164162,0.34828496042216356,0.22333848531684697,0.530063749637786,0.3043091168091169,0.5020043169904409,0.4367491166077739,0.8558174523570714,0.05041480536056164,0.6927507279025775,0.016690831221566893,0.6281099461898927,0.0669872981077807,0.75,0.375
2020-10-16,0.22641509433962265,0.21420004797313502,0.29701184956208143,0.5064474065488264,0.3966982091982091,0.49722479185938945,0.26289752650176684,0.6869358074222669,0.2603701340140395,0.7006142010073746,0.01896606726789818,0.6364047921026168,0.0669872981077807,0.75,0.375
2020-10-17,0.31329793243701276,0.3337331094587031,0.2614631633178774,0.4557374674007533,0.439751221001221,0.4507400555041628,0.30494699646643114,0.6559679037111334,0.5603063178047223,0.7083926635921194,0.02138365002021514,0.6446592727876465,0.0669872981077807,0.75,0.375
2020-10-18,0.20438368545927013,0.04669385144319181,0.393353941267388,0.4201680672268907,0.3045062576312576,0.3922294172062905,0.18975265017667847,0.7629137412236711,0.05041480536056164,0.7161073682868255,0.023942864076886228,0.6528709456113447,0.0669872981077807,0.75,0.375
2020-10-19,0.2552253982600836,0.18693531622291515,0.3132405976300876,0.42255867864387125,0.576840404965405,0.47070613629355534,0.09363957597173146,0.2688064192577733,0.2648372686662412,0.7238114466665246,0.02664295212529799,0.6610373806076096,0.0669872981077807,0.75,0.375
2020-10-20,0.09784205174556547,0.11401615095546493,0.1553323029366306,0.4574760938858301,0.7711067867317867,0.5487203206907185,0.30106007067137813,0.6562186559679037,0.8168474792597319,0.7314305145261724,0.029483115165957197,0.6691561611969415,0.0669872981077807,0.75,0.375
2020-10-21,0.24991526381199866,0.061005836731430396,0.4858320453374549,0.42226890756302515,0.5316697191697192,0.45667591736046864,0.08975265017667845,0.5507773319959879,0.8927887683471599,0.7389964508107876,0.03246251274892564,0.677224884901544,0.0669872981077807,0.75,0.375
2020-10-22,0.2478815952999661,0.05812744862876788,0.4781040700669758,0.40807012460156467,0.7056178774928776,0.4852759790317607,0.2448763250883393,0.3669759277833501,0.9240587109125716,0.7464561239453382,0.03558026322252511,0.6852411640562606,0.0669872981077807,0.75,0.375
2020-10-23,0.38639701728618236,0.5379387542975933,0.15507470376094798,0.36873370037670233,0.42111823361823364,0.37565525747764417,0.16466431095406364,0.8074222668004012,1.0,0.7538626655048564,0.038835443994230334,0.6932026265151192,0.0669872981077807,0.75,0.375
2020-10-24,0.24098971867585586,0.045094746941712636,0.4845440494590418,0.37141408287452904,0.4809027777777778,0.3972402096823928,0.15583038869257954,0.2041123370110331,1.0,0.7612373281193547,0.042227091803680394,0.7011069163532914,0.0669872981077807,0.75,0.375
2020-10-25,0.24166760817986668,0.06748220996242105,0.44616177228232873,0.3496812518110692,0.3986314611314611,0.3536077705827937,0.25441696113074214,0.9183801404212637,1.0,0.7684738486387692,0.04575420300772215,0.7089516945642459,0.0669872981077807,0.75,0.375
2020-10-26,0.37984408541407755,0.592708083473255,0.13060278207109738,0.327223993045494,0.44269561457061457,0.3400400863398088,0.28904593639575976,0.6633650952858576,0.9910657306955967,0.7756678638981573,0.04941573387740428,0.7167346397518992,0.0669872981077807,0.75,0.375
2020-10-27,0.240311829171845,0.2167586151755017,0.324317362184441,0.4440741813966965,0.6121540496540498,0.49876657415972864,0.3155477031802121,0.6963390170511534,0.705807275047862,0.7827981212675068,0.05321060090683438,0.7244534488175558,0.0669872981077807,0.75,0.375
2020-10-28,0.2753361202124054,0.3681938114655793,0.1818650180319423,0.48051289481309756,0.8097845441595442,0.5783996299722479,0.2289752650176679,0.9195085255767301,0.0657306955966816,0.7898221154867908,0.057137681133804796,0.7321058376414289,0.0669872981077807,0.75,0.375
2020-10-29,0.05965427635295446,0.043015911089789714,0.11076764554353427,0.46464792813677186,0.9259704415954417,0.5861085414739439,0.12190812720848059,0.5452607823470412,0.0657306955966816,0.7967823518160371,0.061195812472095434,0.7396895417585501,0.0669872981077807,0.75,0.25
2020-10-30,0.0849621511693594,0.12728871831774205,0.12622359608449255,0.5051434366850187,0.8710762617012615,0.6149398704902868,0.26042402826855127,0.5921514543630892,0.0657306955966816,0.8042632775806005,0.06538379405535477,0.7472023170288616,0.0669872981077807,0.75,0.25
2020-10-31,0.28030730990848496,0.4205644838890221,0.16460587326120557,0.49768183135323085,0.5354026760276761,0.5292167745914277,0.5459363957597173,0.8865346038114343,0.06126356094447993,0.8110959981297685,0.06970038659245392,0.7546419403012921,0.0669872981077807,0.75,0.25
2020-11-01,0.316122472037058,0.5362596945710402,0.09376609994848017,0.49811648797450003,0.4007491351241351,0.49568300955905026,0.1950530035335689,0.6770310932798396,0.05041480536056164,0.8177799502688461,0.07414431273421379,0.7620062100716227,0.24999999999999978,0.9330127018922192,0.25
2020-11-02,0.31262004293300194,0.5728791876549132,0.0695517774343122,0.6138800347725296,0.4626322751322751,0.6292784458834413,0.17950530035335693,0.7117602808425276,0.0548819400127632,0.82444264977791,0.07871425745139299,0.7692929471339487,0.24999999999999978,0.9330127018922192,0.25
2020-11-03,0.3192859563891086,0.6108579195650435,0.056156620298815046,0.6516227180527383,0.3772130647130648,0.6345975948196114,0.2448763250883393,0.770060180541625,0.0657306955966816,0.8310203387669226,0.08340886842382678,0.7764999952255415,0.24999999999999978,0.9330127018922192,0.125
2020-11-04,0.22087899672353406,0.27152794435116334,0.2192168985059248,0.6656766154737757,0.4368068274318275,0.6686709836571076,0.22650176678445233,0.8061685055165497,0.06126356094447993,0.838086838246233,0.08822675644059919,0.7836252216649202,0.24999999999999978,0.9330127018922192,0.125
2020-11-05,0.19873460625917977,0.19429119692971936,0.24162802679031425,0.672268907563025,0.5736289173789173,0.7129972247918595,0.1929328621908128,0.5155466399197592,0.05041480536056164,0.8444838798801348,0.09316649581113345,0.7906665179829475,0.24999999999999978,0.9330127018922192,0.125
2020-11-06,0.15139532256242233,0.05341009034940433,0.28361669242658427,0.6182266009852215,0.5565730565730564,0.6608849830403947,0.16254416961130747,0.28761283851554664,0.0548819400127632,0.8507746583639726,0.0982266247870775,0.7976218005467597,0.24999999999999978,0.9330127018922192,0.125
2020-11-07,0.10507287312168116,0.14256016630686816,0.11849562081401341,0.5297015357867284,0.7843152218152218,0.6255010792476102,0.19893992932862198,0.2548896690070211,0.0657306955966816,0.8569379210677321,0.10340564599485752,0.8044890111763461,0.24999999999999978,0.9330127018922192,0.125
2020-11-08,0.14574624336233194,0.16974494283201405,0.15919629057187018,0.5900463633729353,0.640440577940578,0.6503237742830712,0.49151943462897535,0.5915245737211636,0.0657306955966816,0.8630586785114653,0.10870202687877534,0.8112661177535982,0.24999999999999978,0.9330127018922192,0.125
2020-11-09,0.266749519828268,0.4399136483569201,0.11720762493560022,0.39119095914227753,0.3293841575091575,0.3738822078322541,0.3816254416961132,0.820210631895687,0.0657306955966816,0.8689881622850826,0.11411420015451745,0.8179511148236478,0.24999999999999978,0.9330127018922192,0.125
2020-11-10,0.272624562196362,0.5197089629807308,0.08809891808346212,0.43204868154158205,0.4235665954415955,0.43686401480111003,0.12332155477031802,0.7117602808425276,0.0657306955966816,0.874832635538648,0.11964056427293779,0.8245420241883097,0.24999999999999978,0.9330127018922192,0.125
2020-11-11,0.11727488419387641,0.06780203086271687,0.18830499742400825,0.437481889307447,0.48038130850630856,0.46099290780141844,0.4342756183745584,0.7723169508525578,0.0657306955966816,0.8806027245871677,0.12527948389398308,0.8310368954914655,0.24999999999999978,0.9330127018922192,0.125
2020-11-12,0.2378262343238052,0.3572399456304469,0.16022668727460074,0.37496377861489416,0.36526378713878727,0.36810052420598216,0.24098939929328628,0.7731945837512537,0.0657306955966816,0.8862452978556097,0.13102929037061556,0.837433806796204,0.24999999999999978,0.9330127018922192,0.125
2020-11-13,0.23714834481979438,0.4205644838890221,0.08758371973209686,0.4457403651115618,0.4246858465608465,0.4518963922294172,0.22720848056537107,0.5183049147442327,0.07019783024888321,0.8918241132340126,0.13688828224259403,0.8437308651535544,0.24999999999999978,0.9330127018922192,0.125
2020-11-14,0.15263811998644222,0.20860318221795793,0.1496651210716126,0.5015937409446536,0.5334312678062677,0.5390841813135985,0.3893992932862191,0.8417753259779339,0.07657945118059989,0.8972222812573052,0.14285472573996105,0.8499262071626383,0.24999999999999978,0.9330127018922192,0.125
2020-11-15,0.2493503558919896,0.5009994403134245,0.07006697578567748,0.461532889017676,0.5171703296703296,0.49113475177304966,0.368904593639576,0.7898696088264794,0.0657306955966816,0.9024929335005205,0.14892685529609467,0.8560179995220816,0.24999999999999978,0.9330127018922192,0.125
2020-11-16,0.11716190260987458,0.20292636123770688,0.1362699639361154,0.4639959432048681,0.7140504171754172,0.540163428923836,0.26749116607773854,0.6784102306920763,0.07019783024888321,0.907678575223684,0.15510287407016865,0.8620044395725182,0.24999999999999978,0.9330127018922192,0.125
2020-11-17,0.2214439046435431,0.38882225953466054,0.09866048428645027,0.4732686177919443,0.6911312067562065,0.5429386370644464,0.2816254416961131,0.39769307923771313,0.07657945118059989,0.9127792064267948,0.16138095447886447,0.8678837558300239,0.24999999999999978,0.9330127018922192,0.125
2020-11-18,0.10473392836967575,0.04821300071959702,0.18366821226172078,0.5410750507099391,0.7522766585266585,0.6286617329633056,0.14346289752650182,0.7158976930792378,0.06126356094447993,0.9177098165898028,0.16775923873718535,0.8736542085103296,0.24999999999999978,0.9330127018922192,0.125
2020-11-19,0.07196926900915152,0.09002958343327735,0.11437403400309121,0.5020283975659229,0.8903515466015466,0.6177921677459143,0.17455830388692584,0.8135656970912739,0.05041480536056164,0.9224916583427198,0.17423583940820214,0.8793140900436494,0.24999999999999978,0.9330127018922192,0.125
2020-11-20,0.1761382894588182,0.3346925721595906,0.128026790314271,0.41596638655462176,0.5673585673585675,0.45636756090040087,0.16183745583038872,0.7785857572718156,0.05041480536056164,0.9271459843155587,0.18080883996157754,0.8848617255799784,0.24999999999999978,0.9330127018922192,0.125
2020-11-21,0.17229691560275676,0.21204125689613815,0.2320968572900567,0.46747319617502164,0.5850758038258039,0.5178075855689177,0.19045936395759722,0.6776579739217654,0.05041480536056164,0.9317152997683462,0.18747629534069887,0.8902954734847094,0.24999999999999978,0.9330127018922192,0.125
2020-11-22,0.22957857869167325,0.49388342528184215,0.07135497166409067,0.4443639524775427,0.6937639906389907,0.5159574468085106,0.22685512367491167,0.7051153460381143,0.04594767070835992,0.936103967866023,0.1942362325382503,0.8956137258244161,0.24999999999999978,0.9330127018922192,0.125
2020-11-23,0.2153428991074455,0.41144958823059086,0.08964451313755797,0.4614604462474644,0.7132809320309321,0.5363860622880049,0.3957597173144877,0.41925777331995995,0.03509891512444163,0.9404607570186809,0.20108665118005764,0.9008149088426689,0.24999999999999978,0.9330127018922192,0.125
2020-11-24,0.14755394870636088,0.3132645718397697,0.09891808346213293,0.42009562445667914,0.6262718762718764,0.477104532839963,0.22049469964664314,0.8298645937813443,0.03509891512444163,0.9445200093511574,0.2080255241170333,0.9058974834257341,0.24999999999999978,0.9330127018922192,0.125
2020-11-25,0.21217941475539487,0.455504917246342,0.06233900051519835,0.46870472326861773,0.6126818783068784,0.5218933086648165,0.24770318021201415,0.6173520561685055,0.030631780472239967,0.9485473827386142,0.21505079802503763,0.9108599455580206,0.24999999999999978,0.9330127018922192,0.125
2020-11-26,0.20133318269122133,0.4123290957064044,0.0870685213807316,0.46305418719211816,0.6642119454619455,0.5274437249460376,0.3208480565371025,0.8163239719157473,0.02425015954052334,0.9523941087709602,0.2221603940124977,0.9157008267671469,0.24999999999999978,0.9330127018922192,0.125
2020-11-27,0.18653259518698453,0.35348205005197086,0.08449252962390522,0.4700086931324253,0.5706400081400083,0.5135676842429849,0.24169611307420497,0.6953360080240722,0.03509891512444163,0.9561133190232289,0.22935220823557684,0.9204186945584796,0.24999999999999978,0.9330127018922192,0.125
2020-11-28,0.2171506044514744,0.505716798592788,0.0558990211231324,0.5005795421616922,0.4961525742775743,0.5226641998149861,0.32473498233215553,0.7909979939819458,0.03509891512444163,0.9597262661254331,0.23662411252074145,0.9250121528390364,0.24999999999999978,0.9330127018922192,0.125
2020-11-29,0.2202011072195232,0.534740545294635,0.04791344667697063,0.4045928716314111,0.4250292531542532,0.41019118100524204,0.3014134275618375,0.833124373119358,0.03509891512444163,0.9631054342974941,0.24397395499452046,0.9294798423306105,0.24999999999999978,0.9330127018922192,0.125
2020-11-30,0.21184047000338946,0.5180299032541776,0.04404945904173106,0.43400463633729347,0.5061431623931624,0.46230342275670677,0.20106007067137815,0.5608074222668005,0.03509891512444163,0.9663995919495036,0.25139956072027764,0.933820440972003,0.24999999999999978,0.9330127018922192,0.125
2020-12-01,0.1246186871539939,0.09330774766130966,0.19242658423493045,0.44472616632860035,0.7744836182336181,0.536308973172988,0.2823321554770319,0.8880391173520563,0.030631780472239967,0.9695556075064289,0.25889873234181326,0.938032664310243,0.4999999999999999,1.0,0.125
2020-12-02,0.20438368545927013,0.49132485807947546,0.052807831014940756,0.424152419588525,0.6418777981277981,0.48350292938637063,0.2424028268551237,0.8585757271815446,0.01978302488832165,0.9725203493932373,0.266469250733593,0.9421152658806755,0.4999999999999999,1.0,0.125
2020-12-03,0.1789628290588634,0.4020148716718637,0.09582689335394126,0.4562445667922341,0.49820029507529506,0.4845821769966081,0.27137809187279155,0.8326228686058175,0.02425015954052334,0.9754000807599938,0.2741088756574279,0.946067037575814,0.4999999999999999,1.0,0.125
2020-12-04,0.19398937973110383,0.4416726633085472,0.05692941782586296,0.477035641842944,0.6605107855107855,0.5434011717545483,0.2968197879858658,0.8762537612838515,0.04403318442884496,0.9780991647716406,0.2818153464253925,0.9498868100028355,0.4999999999999999,1.0,0.125
2020-12-05,0.18280420291492488,0.4159270808347325,0.07315816589386914,0.47674587076209785,0.7822738603988604,0.5696885599753315,0.21696113074204953,0.8639669007021065,0.0657306955966816,0.9806069751131701,0.2895863825688022,0.9535734528296247,0.4999999999999999,1.0,0.125
2020-12-06,0.19376341656310023,0.48364915647237544,0.04507985574446162,0.4810924369747898,0.6221128408628409,0.5379278445883441,0.11519434628975266,0.8192076228686058,0.0657306955966816,0.9830616538796675,0.29741968451303735,0.9571258751192568,0.4999999999999999,1.0,0.125
2020-12-07,0.16065981245057057,0.3284560646038218,0.0824317362184441,0.48688785859171246,0.6014448514448514,0.5389300030835646,0.27031802120141346,0.8240972918756269,0.0657306955966816,0.985261301086009,0.30531293425802775,0.9605430256528238,0.4999999999999999,1.0,0.125
2020-12-08,0.0952434753135239,0.09802510594067322,0.12132921174652242,0.5336858881483627,0.5074786324786325,0.5642923219241444,0.2731448763250884,0.8074222668004012,0.0657306955966816,0.9873546851422863,0.31326379606418364,0.9638238932405055,0.4999999999999999,1.0,0.125
2020-12-09,0.14111399841825784,0.22947149596226113,0.11875321998969604,0.5032599246595189,0.8550760582010581,0.6097748997841504,0.1551236749116608,0.70160481444333,0.0657306955966816,0.989267421843453,0.32126991714357844,0.9669675070207987,0.4999999999999999,1.0,0.125
2020-12-10,0.14009716416224155,0.18237786839369952,0.15069551777434312,0.4431324253839466,0.8871400590150591,0.5541936478569226,0.2621908127208481,0.746865596790371,0.0657306955966816,0.9910420164495353,0.3293289283561797,0.9699729367478103,0.4999999999999999,1.0,0.125
2020-12-11,0.03061800926448989,0.055488926201327254,0.04250386398763524,0.40162271805273825,0.7395578958078959,0.482809127351218,0.027915194346289765,0.1109578736208626,0.0657306955966816,0.9926253373855012,0.3374384449109119,0.9728392930665308,0.4999999999999999,1.0,0.125
2020-12-12,0.0,7.995522507395858e-05,0.0,0.3677195015937409,0.6824252136752136,0.43848288621646625,0.08939929328621908,0.3252256770310933,0.33822590938098274,0.9940811425413894,0.3455960670713577,0.9755657277760108,0.4999999999999999,1.0,0.125
2020-12-13,0.16800361541068806,0.26681058607179975,0.13987635239567234,0.29795711388003465,0.49149114774114777,0.3203823620104841,0.34840989399293293,0.8885406218655969,1.0,0.9953669266571739,0.3537993808658755,0.9781514340803552,0.4999999999999999,1.0,0.125
2020-12-14,0.18698452152299175,0.4316782601743024,0.07934054611025244,0.25449145175311494,0.4059574684574685,0.2590194264569842,0.16360424028268555,0.410481444332999,1.0,0.9964720634178481,0.36204595880193563,0.980595646827469,0.4999999999999999,1.0,0.125
2020-12-15,0.09626030956954017,0.09354761333653154,0.18856259659969088,0.3311359026369167,0.5810312372812374,0.37804502004316987,0.17137809187279157,0.620110330992979,0.7275047862156988,0.9974815633434635,0.3703333605844513,0.9828976427354764,0.4999999999999999,1.0,0.125
2020-12-16,0.15196023048243137,0.3179819301191333,0.0674909840288511,0.4321211243117936,0.7115511803011803,0.5089423373419673,0.22756183745583042,0.7487462387161485,0.0657306955966816,0.9983316685439823,0.378659133837905,0.985056740606753,0.4999999999999999,1.0,0.125
2020-12-17,0.08586600384137386,0.062285120332613735,0.16280267903142712,0.4424804404520428,0.8485513329263328,0.5470243601603454,0.19399293286219083,0.5272066198595788,0.0657306955966816,0.9989905000743842,0.38702081483204037,0.9870723015295015,0.4999999999999999,1.0,0.125
2020-12-18,0.14111399841825784,0.3661949308387303,0.04585265327150953,0.37337003767024046,0.5876195563695563,0.41990440949737895,0.2862190812720849,0.8513039117352057,0.0657306955966816,0.9994580579346692,0.39541592921092605,0.9889437290668184,0.4999999999999999,1.0,0.125
2020-12-19,0.13727262456219635,0.22323498840649236,0.13936115404430707,0.42828165749058233,0.5846370065120066,0.4763336416897934,0.3583038869257951,0.6720160481444333,0.0657306955966816,0.9998406052749025,0.4038419927251526,0.9906704694331863,0.4999999999999999,1.0,0.125
2020-12-20,0.014461642752231385,0.032461821380027185,0.024729520865533233,0.48855404230657773,0.6153655372405373,0.5466389145852606,0.38409893992932864,0.7748244734202607,0.0657306955966816,1.0,0.4122965119669632,0.9922520116583506,0.4999999999999999,1.0,0.125
2020-12-21,0.15783527285052537,0.34324778124250416,0.07959814528593509,0.47095044914517525,0.4450740231990232,0.4858156028368794,0.27738515901060073,0.7585255767301906,0.0657306955966816,1.0,0.4207769851080956,0.9936878877385225,0.4999999999999999,1.0,0.125
2020-12-22,0.11750084736188002,0.15695210682018068,0.12570839773312725,0.4613155607070414,0.765675875050875,0.551495528831329,0.33851590106007073,0.6286359077231696,0.33822590938098274,0.9998512315899091,0.4292809026401072,0.9949776727748683,0.4999999999999999,1.0,0.125
2020-12-23,0.09851994124957632,0.09810506116574717,0.14811952601751674,0.27006664734859454,0.41278744403744405,0.2760561208757323,0.6226148409893993,0.9799398194583753,1.0,0.999489936879689,0.43780574811698825,0.9961209850992455,0.4999999999999999,1.0,0.125
2020-12-24,0.11942153428991076,0.05412968737506996,0.2192168985059248,0.29498696030136184,0.6876780626780625,0.36332099907493054,0.09293286219081275,0.5219408224674023,0.9910657306955967,0.9989905000743842,0.4463489988998083,0.9971174863871431,0.4999999999999999,1.0,0.125
2020-12-25,0.15105637781041692,0.264491884544655,0.12751159196290573,0.41335844682700656,0.7445054945054943,0.49491211840888066,0.1862190812720848,0.8057923771313944,0.705807275047862,0.9984591843240596,0.4549081269032143,0.9979668817577979,0.4999999999999999,1.0,0.125
2020-12-26,0.09151508304146425,0.05189094107299912,0.15636269963936117,0.4048101999420457,0.8388659951159951,0.505781683626272,0.1363957597173145,0.3703610832497493,0.0657306955966816,0.9976090791235417,0.46348059934352615,0.9986689198614541,0.4999999999999999,1.0,0.125
2020-12-27,0.13998418257823975,0.2069241224914048,0.15069551777434312,0.3538829324833381,0.6537889194139195,0.41535615171137835,0.1915194346289753,0.49648946840521574,0.0657306955966816,0.9966314581429452,0.47206387948823164,0.9992233929537424,0.4999999999999999,1.0,0.125
2020-12-28,0.1877753926110044,0.4397537379067722,0.05435342606903658,0.31092436974789905,0.6896876271876271,0.37873882207832255,0.23038869257950534,0.7231695085255767,0.33822590938098274,0.9955156950672643,0.4806554274066444,0.9996301369571539,0.4999999999999999,1.0,0.125
2020-12-29,0.03649305163258389,0.003278164228032302,0.07985574446161772,0.34497247174731954,0.7942803724053724,0.4376349059512797,0.3176678445229682,0.6639919759277835,1.0,0.9942936688415189,0.48925270072150934,0.9998890315095941,0.4999999999999999,1.0,0.125
2020-12-30,0.12235905547395776,0.04109698568801471,0.23879443585780524,0.3265720081135902,0.6543549043549042,0.3889145852605612,0.25865724381625443,0.7395937813440323,1.0,0.9928378636856308,0.49785315536133695,1.0,0.4999999999999999,1.0,0.125
2020-12-31,0.11173878657778782,0.1314463900215879,0.18134981968057703,0.41871921182266003,0.7474689662189662,0.5023897625655257,0.2024734982332156,0.656469408224674,0.9329929802169751,0.9919771321701059,0.5064542463132305,0.9999630095910097,0.4999999999999999,1.0,0.125
2021-01-01,0.19274658230708394,0.4797313504437515,0.047655847501288,0.42263112141408277,0.8937029405779404,0.5352297255627505,0.11130742049469965,0.7329488465396188,0.8685386088066368,0.9895224534036084,0.5086043202025801,0.9999306437314268,0.75,0.9330127018922194,0.125
2021-01-02,0.19726584566715627,0.4819700967458223,0.04688304997424009,0.4420457838307736,0.7891101953601956,0.5346901017576318,0.1826855123674912,0.6836760280842529,0.824505424377792,0.9876203430174484,0.5172026274050304,0.9997087252218304,0.75,0.9330127018922194,0.125
2021-01-03,0.14913569088238618,0.21955704805309026,0.16666666666666669,0.4920312952767313,0.6884157509157509,0.5633672525439408,0.27667844522968205,0.7350802407221666,0.7702616464582003,0.985569464221197,0.5257958450994664,0.9993389340057308,0.75,0.9330127018922194,0.125
2021-01-04,0.20314088803525027,0.5079555448948588,0.04276146316331787,0.4658070124601564,0.6993093711843712,0.5388529139685476,0.265017667844523,0.774949849548646,0.7791959157626037,0.9833273117548296,0.5343814304145206,0.9988213795102985,0.75,0.9330127018922194,0.125
2021-01-05,0.08620494859337928,0.008315343407691692,0.18804739824832561,0.45385395537525347,0.6158488502238502,0.5122571692876966,0.17067137809187283,0.2571464393179539,0.8098276962348435,0.9809682698233901,0.5429568427373694,0.998156214888235,0.75,0.9330127018922194,0.125
2021-01-06,0.14868376454637894,0.22459422723274966,0.14322514167954664,0.436395247754274,0.9265173483923481,0.5565063213074314,0.12826855123674913,0.35318455366098295,0.8359923420548819,0.9784498331668541,0.5515195444655416,0.9973436369724538,0.75,0.9330127018922194,0.125
2021-01-07,0.06552931872104847,0.01343247781242504,0.14425553838227717,0.4369747899159663,0.9053088115588113,0.5533456675917361,0.1763250883392226,0.4863340020060181,0.8423739629865986,0.975729496525195,0.5600670017578351,0.996383886217833,0.75,0.9330127018922194,0.125
2021-01-08,0.052197491808835164,0.0018389701767010473,0.11798042246264812,0.43726456099681243,0.9055886243386244,0.5538852913968547,0.003533568904593637,0.2809679037111334,0.8404594767070833,0.972902896733471,0.5685966852841216,0.9952772466300619,0.75,0.9330127018922194,0.125
2021-01-09,0.07061349000112982,0.004237626928919804,0.15919629057187018,0.41879165459287154,0.9262693325193323,0.5376965772432932,0.02791519434628975,0.5289618856569709,0.875558391831525,0.9699381548466626,0.5771060709738164,0.9940240456815989,0.75,0.9330127018922194,0.125
2021-01-10,0.1860806688509773,0.2971136163748301,0.1403915507470376,0.4309620399884091,0.7962327024827023,0.5239747147702745,0.2448763250883393,0.6456870611835508,0.6624122527121887,0.9668033919197501,0.585592640762791,0.9926246542147663,0.75,0.9330127018922194,0.125
2021-01-11,0.19545814032312733,0.45142720076757015,0.06027820710973725,0.4546508258475803,0.6721039377289377,0.5225100215849522,0.2487632508833923,0.8070461384152456,0.0657306955966816,0.9635304868977537,0.5940538833385093,0.9910794863320134,0.75,0.9330127018922194,0.125
2021-01-12,0.13862840357021805,0.15991045014791716,0.14219474497681608,0.49261083743842354,0.6668447293447293,0.5618254702436016,0.20565371024734985,0.7469909729187563,0.0657306955966816,0.9601194397806725,0.6024872948831644,0.989388999273376,0.75,0.9330127018922194,0.125
2021-01-13,0.06270477912100328,0.02310706004637403,0.12442040185471406,0.51890756302521,0.7114112739112739,0.5989053345667592,0.30883392226148415,0.7606569709127384,0.0657306955966816,0.9565277453084815,0.6108903798146001,0.9875536932811722,0.75,0.9330127018922194,0.125
2021-01-14,0.14032312733024518,0.19772927160789958,0.12828438948995363,0.46740075340481013,0.4024661680911682,0.4714770274437249,1.0,0.9230190571715147,0.0657306955966816,0.952829787686226,0.6192606515247924,0.9855741114519722,0.75,0.9330127018922194,0.125
2021-01-15,0.0249689300643995,0.001519149276405213,0.05564142194744977,0.3890901188061431,0.5172975172975174,0.42298797409805733,0.4681978798586573,0.9793129388164492,0.0657306955966816,0.9489511827088601,0.6275956331156775,0.9834508395758876,0.75,0.9330127018922194,0.125
2021-01-16,0.20167212744322677,0.36419605021188134,0.07470376094796496,0.4364676905244856,0.5764143264143264,0.4830403946962689,0.29893992932862196,0.9099799398194586,0.0657306955966816,0.9449663145814293,0.6358928581321057,0.9811845059632269,0.75,0.9330127018922194,0.125
2021-01-17,0.1389673483222235,0.11569521068201806,0.2212776919113859,0.4442915097073311,0.7023809523809523,0.5178846746839346,0.22402826855123675,0.80641925777332,0.3024888321633694,0.9407901727838821,0.6441498712917051,0.9787757812585678,0.75,0.9330127018922194,0.125
2021-01-18,0.03988249915263812,0.0007195970256656272,0.09015971148892324,0.40560707041437255,0.7728365384615383,0.49460376194881284,0.237809187279152,0.8388916750250754,0.9132099553286531,0.9365290204662831,0.6523642292114393,0.9762253782423029,0.75,0.9330127018922194,0.125
2021-01-19,0.17546039995480736,0.14160070360598065,0.24884080370942813,0.3680817154447985,0.5448845136345135,0.4069534381745297,0.4102473498233216,0.8098044132397193,0.9329929802169751,0.9320659681635601,0.6605335011306435,0.9735340516197171,0.75,0.9330127018922194,0.125
2021-01-20,0.250932098068015,0.5413768289757735,0.06388459556929418,0.47783251231527085,0.3165827228327227,0.4462688868331791,0.5657243816254417,0.7844784353059178,0.564773452456924,0.9275816632308249,0.6686552696303258,0.9707025977976569,0.75,0.9330127018922194,0.125
2021-01-21,0.08869054344141905,0.009274806108579194,0.19113858835651726,0.34721819762387707,0.5112306674806676,0.3788930003083565,0.37314487632508836,0.9157472417251755,0.0657306955966816,0.922204747837545,0.6767271313485206,0.9677318546488622,0.75,0.9330127018922194,0.125
2021-01-22,0.1820133318269122,0.24034540657231948,0.16306027820710975,0.3230947551434366,0.5928088115588115,0.36887141535615176,0.12049469964664312,0.7219157472417252,0.0657306955966816,0.9174122797696214,0.6847466976914816,0.9646227012640256,0.75,0.9330127018922194,0.25
2021-01-23,0.19963845893119422,0.320380586871352,0.10535806285419888,0.33461315560707033,0.7036782661782661,0.4043324082639531,0.15194346289752653,0.7184052156469409,0.0657306955966816,0.9125241748666397,0.6927115955405055,0.9613760576916547,0.75,0.9330127018922194,0.25
2021-01-24,0.1376115693142018,0.20252658511233707,0.09917568263781557,0.29621848739495793,0.4821937321937322,0.3198427382053654,0.2593639575971732,0.34591273821464397,0.33822590938098274,0.9074873015535672,0.700619467954176,0.9579928846658162,0.75,0.9330127018922194,0.25
2021-01-25,0.08710880126539375,0.0012792836011833373,0.19706336939721794,0.2916545928716313,0.5672059422059421,0.3344896700585877,0.23427561837455835,0.23495486459378134,1.0,0.9022910335153971,0.7084679748658202,0.9544741833218385,0.75,0.9330127018922194,0.25
2021-01-26,0.18732346627499719,0.03094267210362197,0.3902627511591963,0.23855404230657773,0.5114341676841677,0.2691181005242059,0.17950530035335693,0.1995987963891675,1.0,0.8969566233821435,0.716254793775973,0.9508209949000599,0.75,0.9330127018922194,0.25
2021-01-27,0.21748954920347985,0.2213960182297913,0.2601751674394642,0.26999420457838297,0.5985449735449735,0.31930311440024667,0.3250883392226149,0.3581995987963892,1.0,0.8915903343038702,0.7239776204396406,0.9470344004377083,0.75,0.9330127018922194,0.25
2021-01-28,0.25194893232403115,0.37802830414967614,0.19963936115404432,0.3074471167777455,0.7235258954008952,0.38236201048411966,0.18833922261484104,0.31218655967903713,1.0,0.8860433978704862,0.7316341695481653,0.9431155204490055,0.75,0.9330127018922194,0.25
2021-01-29,0.06191390803299063,0.0014391940513312543,0.13987635239567234,0.37757171834250935,0.762807794057794,0.46345975948196116,0.2745583038869258,0.3198345035105316,0.9776643267389916,0.8803901982870381,0.7392221754054835,0.9390655145935891,0.75,0.9330127018922194,0.25
2021-01-30,0.11783979211388543,0.0470936275685616,0.23930963420917056,0.3955375253549695,0.7897016178266179,0.48573851372186244,0.15477031802120145,0.6471915747241725,0.9412890874282066,0.8746201092385184,0.746739392598583,0.9348855813333501,0.75,0.9330127018922194,0.25
2021-01-31,0.10450796520167213,0.020388582393859437,0.2266872746007213,0.3811214140828745,0.8225859788359788,0.47725871106999695,0.11908127208480566,0.6938314944834505,0.9757498404594765,0.8687012517799073,0.7541835966619558,0.9305769575777887,0.75,0.9330127018922194,0.25
2021-02-01,0.20890294881934246,0.17462221156152555,0.2838742916022669,0.40908432338452616,0.8161757224257224,0.5036231884057971,0.25194346289752656,0.47893681043129394,0.6994256541161454,0.8627080101162519,0.7615525847358539,0.9261409183179932,0.9330127018922193,0.75,0.25
2021-02-02,0.1408880352502542,0.160230271048213,0.17697063369397217,0.42864387134164,0.7417264448514449,0.5093277829170522,0.302826855123675,0.4900952858575727,0.2999361837906829,0.856608505302531,0.7688441762181506,0.9215787762493497,0.9330127018922193,0.75,0.25
2021-02-03,0.10134448084962151,0.022387463020708404,0.20814013395157138,0.40640394088669946,0.6643327737077735,0.47178538390379277,0.5021201413427562,0.7708124373119358,0.8806636885768985,0.8503708583937266,0.7760562134096158,0.9168918813830942,0.9330127018922193,0.75,0.25
2021-02-04,0.304937295220879,0.4725353801870952,0.16692426584234932,0.2519559547957113,0.36362306674806677,0.24614554424915197,0.5685512367491167,0.9144934804413241,1.0,0.8439738167598234,0.7831865621524141,0.9120816206468223,0.9330127018922193,0.75,0.25
2021-02-05,0.26347305389221554,0.2882385863916207,0.2967542503863988,0.21196754563894518,0.3634513634513634,0.20528831329016345,0.4445229681978799,0.9438314944834505,1.0,0.8375767751259215,0.7902331124616363,0.9071494174740756,0.9330127018922193,0.75,0.25
2021-02-06,0.348435205061575,0.6493963380506915,0.09144770736733643,0.09758041147493474,0.194170991045991,0.04563675609004003,0.32579505300353356,0.7343279839518557,1.0,0.8309778335068962,0.7971937791496777,0.9020967313831245,0.9330127018922193,0.75,0.25
2021-02-07,0.2978194554287651,0.2649716158950987,0.3905203503348789,0.09381338742393502,0.3063886345136345,0.07547024360160348,0.10000000000000002,0.5896439317953863,1.0,0.8243045076828257,0.8040665024432789,0.8969250575450732,0.9330127018922193,0.75,0.25
2021-02-08,0.3584905660377359,0.6155752778444071,0.10973724884080371,0.12742683280208628,0.23871845746845755,0.0874190564292322,0.22296819787985872,0.8459127382146441,1.0,0.8176099292287415,0.810849248593046,0.8916359263414146,0.9330127018922193,0.75,0.25
2021-02-09,0.36809400067788955,0.6812984728552011,0.08912931478619268,0.12503622138510573,0.17170965608465616,0.06128584643848278,0.3593639575971732,0.8319959879638916,1.0,0.8107665823645673,0.8175400104752691,0.8862309029111658,0.9330127018922193,0.75,0.25
2021-02-10,0.3738560614619817,0.6641880546893739,0.10020607934054612,0.10076789336424219,0.30560007122507116,0.07801418439716312,0.21554770318021205,0.9010782347041124,0.7319719208679003,0.8038169723503281,0.8241368081858635,0.8807115866877182,0.9330127018922193,0.75,0.25
2021-02-11,0.27081685685233303,0.2513792276325258,0.31452859350850076,0.06331498116487971,0.26224816849816857,0.03137526981190253,0.2583038869257951,0.9124874623871615,0.08104658583280161,0.796824857076063,0.8306376896262546,0.8750796109255397,0.9330127018922193,0.75,0.25
2021-02-12,0.35001694723760024,0.5440953066282881,0.1403915507470376,0.0574471167777455,0.27278566341066346,0.026518655565834104,0.22932862190812725,0.8375125376128385,0.08104658583280161,0.7897264786517333,0.8370407310810345,0.869336642216868,0.9330127018922193,0.75,0.25
2021-02-13,0.3826686250141227,0.6509154873270968,0.09299330242143225,0.007026948710518621,0.3852513227513227,0.00408572309589883,0.16537102473498239,0.8355065195586762,0.08104658583280161,0.7825218370773381,0.843344037787222,0.8634843799985397,0.9330127018922193,0.75,0.25
2021-02-14,0.3875268331262004,0.652514591828576,0.0870685213807316,0.031222833961170593,0.2793231074481074,0.0,0.07491166077738516,0.736208625877633,0.08104658583280161,0.7752321849828911,0.8495457444949523,0.8575245560490985,0.9330127018922193,0.75,0.25
2021-02-15,0.3564568975257033,0.5580874710162309,0.16743946419371458,0.10873659808751085,0.3078067765567766,0.0807123034227567,0.3024734982332156,0.4434553660982949,0.08104658583280161,0.7679531592034512,0.8556440160194346,0.8514589339763361,0.9330127018922193,0.75,0.25
2021-02-16,0.25612925093209804,0.20796354041736625,0.3281813498196806,0.1507534048101999,0.2931356837606838,0.12442183163737286,0.34028268551236757,0.3896690070210632,0.349074664964901,0.7605253650139203,0.8616370477840132,0.8452893086954099,0.9330127018922193,0.75,0.25
2021-02-17,0.3894475200542312,0.5825537698888622,0.13987635239567234,0.22681831353230944,0.4991096866096866,0.25238976256552575,0.05441696113074207,0.6059428284854564,1.0,0.7530338129343503,0.8675230663541702,0.8390175058977003,0.9330127018922193,0.75,0.25
2021-02-18,0.31815614054909047,0.39082114016150954,0.22539927872230808,0.2410895392639814,0.6174196174196176,0.29116558741905646,0.2109540636042403,0.8776328986960884,1.0,0.7454785029647417,0.8733003299623139,0.8326453815105587,0.9330127018922193,0.75,0.25
2021-02-19,0.42650547960682406,0.6970496521947709,0.1069036579082947,0.30375253549695735,0.5300099206349207,0.3322540857230959,0.1593639575971732,0.6379137412236711,0.9821314613911932,0.7378488087900874,0.8789671290231953,0.8261748211481089,0.9330127018922193,0.75,0.25
2021-02-20,0.3673031295898769,0.4711761413608379,0.2514167954662545,0.4290060851926977,0.659353378103378,0.48743447425223557,0.11978798586572441,0.7812186559679037,0.688576898532227,0.7301872356704138,0.8845217866398023,0.8196077395532636,0.9330127018922193,0.75,0.25
2021-02-21,0.41475539487063606,0.6734628607979531,0.08964451313755797,0.4586351782092146,0.49885531135531136,0.4742522355843355,0.27738515901060073,0.7904964894684052,0.08104658583280161,0.7224087730856694,0.8899626590995804,0.8129460800311208,0.9330127018922193,0.75,0.25
2021-02-22,0.2723985990283584,0.33309346765811143,0.243946419371458,0.52883222254419,0.5011128917378916,0.5581251927227875,0.4897526501766785,0.8243480441323972,0.08104658583280161,0.7145984315559049,0.8952881363608334,0.8061918138739088,0.9330127018922193,0.75,0.25
2021-02-23,0.11139984182578241,0.05021188134644599,0.18753219989696035,0.4816719791364821,0.6724155474155473,0.5487974098057354,0.318374558303887,0.7795887662988967,0.08104658583280161,0.7067137058210955,0.9004966425291608,0.7993469397776494,0.9330127018922193,0.75,0.25
2021-02-24,0.2713817647723421,0.22435436155752778,0.34131890777949514,0.4350912778904664,0.6203258547008548,0.48936170212765956,0.19045936395759722,0.8540621865596791,0.08104658583280161,0.6987758485112532,0.9055866363237911,0.792413483250711,0.9330127018922193,0.75,0.25
2021-02-25,0.43757767483900123,0.631086591508755,0.14064914992272026,0.4708780063749637,0.25010175010175006,0.4066450817144619,0.4060070671378093,0.6359077231695085,0.08104658583280161,0.6901579070409958,0.9105566115336701,0.7853934960144285,0.9330127018922193,0.75,0.25
2021-02-26,0.3938538018303017,0.5092348284960422,0.1620298815043792,0.5014488554042306,0.3447229853479855,0.4774899784150478,0.2978798586572439,0.7651705115346039,0.08104658583280161,0.6821987971011412,0.9154050974631737,0.7782890553959659,0.9330127018922193,0.75,0.375
2021-02-27,0.09049824878544797,0.01631086591508755,0.1993817619783617,0.40647638365691097,0.56506919006919,0.45004625346901017,0.2243816254416961,0.5026328986960882,0.08104658583280161,0.6741121713812079,0.9201306593673111,0.7711022637136017,0.9330127018922193,0.75,0.375
2021-02-28,0.37001468760592027,0.40393379707363875,0.25218959299330246,0.40452042886119954,0.3839158526658527,0.39939870490286766,0.2770318021201414,0.7111334002006018,0.08104658583280161,0.666014919346269,0.9247318988762877,0.7638352476546191,0.9330127018922193,0.75,0.375
2021-03-01,0.3835724776861372,0.37714879667386264,0.27331272539927876,0.43443929295856265,0.4490486365486366,0.4481190255935862,0.3734982332155477,0.4732948846539619,0.08104658583280161,0.6578857883663103,0.9292074544093061,0.7564901576459847,1.0,0.5,0.375
2021-03-02,0.4641283470794261,0.6827376669065323,0.11437403400309121,0.53781512605042,0.49691570004070007,0.5575084798026518,0.2985865724381626,0.6567201604814443,0.08104658583280161,0.649129704800969,0.9335560015774793,0.7490691672180035,1.0,0.5,0.375
2021-03-03,0.46571008925545143,0.6645078755896697,0.128026790314271,0.5723703274413212,0.4168129324379325,0.5659882824545174,0.1314487632508834,0.5376128385155468,0.08104658583280161,0.6409793211909975,0.9377762535757386,0.7415744723611354,1.0,0.5,0.5
2021-03-04,0.4792678793356683,0.6878548013112656,0.12313240597630087,0.5688206317009562,0.5413359788359788,0.5915818686401481,0.0685512367491166,0.30641925777331996,0.08104658583280161,0.6327439270609738,0.9418669615636207,0.7340082908761664,1.0,0.5,0.5
2021-03-05,0.4474070726471585,0.5847125609658591,0.19835136527563113,0.5418719211822659,0.646011396011396,0.5912735121800802,0.17173144876325092,0.2836008024072217,0.08104658583280161,0.6244128960958917,0.9458269150348186,0.7263728617179261,1.0,0.5,0.5
2021-03-06,0.3430120890294882,0.30311025825537696,0.25502318392581147,0.5760649087221095,0.5558989621489623,0.605072463768116,0.4964664310954065,0.41424272818455365,0.08104658583280161,0.6161668756508618,0.9496549421753908,0.7186704443327449,1.0,0.5,0.5
2021-03-07,0.4961021353519376,0.6545134724554249,0.14760432766615147,0.5724427702115328,0.3472540191290191,0.5469472710453284,0.33109540636042406,0.8126880641925778,0.08104658583280161,0.6078252183707735,0.9533499102105194,0.7109033179898466,1.0,0.5,0.5
2021-03-08,0.43554400632696877,0.4256016630686815,0.28876867594023703,0.5888148362793393,0.28818172568172573,0.5437866173296331,0.3395759717314488,0.40584252758274825,0.08104658583280161,0.5994410558306589,0.9569107257397163,0.7030737811068777,1.0,0.5,0.5
2021-03-09,0.3596203818777539,0.216198928599984,0.4556929417825863,0.5570124601564763,0.6774330993080993,0.6214924452667283,0.3925795053003534,0.7561434302908727,0.08104658583280161,0.5910356406605315,0.9603363350603784,0.6951841505697665,1.0,0.5,0.5
2021-03-10,0.09128911987346063,0.0021587910769968817,0.20453374549201445,0.43943784410315845,0.5902396214896215,0.48874498920752385,0.24416961130742054,0.29676529588766304,0.08104658583280161,0.582577093915372,0.9636257244795952,0.6872367610471211,1.0,0.5,0.5
2021-03-11,0.3093435769969495,0.19772927160789958,0.3943843379701185,0.450666473485946,0.3918396418396418,0.4451125501079247,0.25406360424028274,0.6854312938816449,0.08104658583280161,0.5741504261152319,0.9667779206141163,0.6792339642993624,1.0,0.5,0.5
2021-03-12,0.5479606824087674,0.743103861837371,0.1450283359093251,0.5031150391190958,0.4107524420024421,0.49498920752389763,0.22226148409893998,0.5452607823470412,0.08104658583280161,0.5657025056850782,0.9697919906783913,0.6711781284828007,1.0,0.5,0.5
2021-03-13,0.5313523895605017,0.667865995042776,0.13987635239567234,0.5823674297305128,0.4042849511599511,0.5625963613937712,0.16678445229681982,0.4221414242728185,0.08104658583280161,0.5572545852549253,0.9726670427605966,0.6630716374488601,1.0,0.5,0.5
2021-03-14,0.37668060106202694,0.20892300311825376,0.4750128799587841,0.5220950449145174,0.2573514448514449,0.45505704594511254,0.3745583038869259,0.25526579739217653,0.2820676451818761,0.5487216543047202,0.975402226086566,0.6549168900386584,1.0,0.5,0.5
2021-03-15,0.08326742740933228,0.0018389701767010473,0.18675940236991243,0.462764416111272,0.6149521774521773,0.5192722787542399,0.24063604240282693,0.33525576730190576,0.7702616464582003,0.5402099759845282,0.9779967312715485,0.6467162993731514,1.0,0.5,0.5
2021-03-16,0.2508191164840131,0.019908851043415686,0.5437918598660485,0.4796435815705592,0.6503484940984943,0.5421677459142769,0.0,0.47818455366098295,0.5692405871091257,0.5316770450343227,0.9804497905597181,0.6384722921390523,1.0,0.5,0.5
2021-03-17,0.17207095243475315,0.05476932917566162,0.35780525502318394,0.4839177050130396,0.6856748575498577,0.5528060437866174,0.15971731448763254,0.5590521564694082,0.08104658583280161,0.5231759930291373,0.9827606780513657,0.6301873078707345,1.0,0.5,0.5
2021-03-18,0.4335103378149362,0.42512193171823776,0.3678516228748068,0.505578093306288,0.49505876068376076,0.5252081406105458,0.2657243816254417,0.43668505516549655,0.08104658583280161,0.5146218094489194,0.9849287099177038,0.6218637982283358,1.0,0.5,0.5
2021-03-19,0.5916845554174669,0.7483809066922523,0.17181865018031944,0.5580991017096493,0.5327444546194545,0.5758556891766883,0.4431095406360425,0.48884152457372126,0.08104658583280161,0.5060995048137209,0.986953244603223,0.6135042262722716,1.0,0.5,0.5
2021-03-20,0.4826573268557225,0.41744623011113774,0.4265842349304482,0.6041727035641842,0.5597082315832318,0.6378353376503237,0.22155477031802123,0.6905717151454362,0.08104658583280161,0.4976515843835676,0.988833683015538,0.6051110657343766,1.0,0.5,0.5
2021-03-21,0.4406281776070501,0.4578236187734868,0.24368882019577537,0.5898290350623007,0.28335495522995524,0.532377428307123,0.36148409893992944,0.8560682046138415,0.08104658583280161,0.48911865343336247,0.9905694687026694,0.5966868002858867,1.0,0.5,0.5
2021-03-22,0.5532708168568523,0.5852722475413767,0.22771767130345183,0.5634598667053027,0.1221382783882784,0.4547486894850447,0.30035335689045944,0.42364593781344034,0.08104658583280161,0.4805750961681512,0.9921600880177063,0.5882339228024817,1.0,0.5,0.5
2021-03-23,0.33702406507739235,0.1509554649396338,0.467284904688305,0.5582439872500724,0.5117457773707774,0.5776287388220783,0.25547703180212017,0.2237963891675025,0.07657945118059989,0.47205279153295177,0.9936050702708027,0.5797549346266023,1.0,0.5,0.5
2021-03-24,0.4526042255112417,0.41168945390581274,0.37068521380731584,0.48855404230657773,0.3754260785510787,0.47301880974406413,0.2098939929328622,0.7479939819458374,0.07019783024888321,0.4635729921577796,0.9949039878684625,0.5712523448272637,1.0,0.5,0.5
2021-03-25,0.38425036719014805,0.2357080035180299,0.5445646573930965,0.5625905534627643,0.42301968864468875,0.5656799259944496,0.3904593639575973,0.43956870611835513,0.08104658583280161,0.4551038190976131,0.9960564564400708,0.5627286694575813,1.0,0.5,0.5
2021-03-26,0.32165856965314654,0.08515231470376589,0.5530654301906235,0.5295566502463054,0.48328754578754574,0.545790934320074,0.149469964664311,0.8188314944834505,0.08104658583280161,0.44663464603744707,0.997062134951636,0.5541864308102296,1.0,0.5,0.5
2021-03-27,0.22505931533160095,0.04549452306708243,0.446676970633694,0.483700376702405,0.411102207977208,0.4868177613320999,0.2286219081272085,0.6609829488465397,0.08104658583280161,0.4381760992922876,0.9979207258067064,0.5456281566710555,1.0,0.5,0.5
2021-03-28,0.36075019771777206,0.14192052450627649,0.5592478104070067,0.5765720081135902,0.3096192002442003,0.5423219241443108,0.2388692579505301,0.5735957873620863,0.07657945118059989,0.42916498416679083,0.998631974934435,0.5370563795710666,1.0,0.5,0.5
2021-03-29,0.508191164840131,0.44399136483569196,0.43147861926841835,0.5659953636627064,0.17660002035002043,0.482886216466235,0.8060070671378092,0.7464894684052157,0.306955966815571,0.4208764584617346,0.9991956718647619,0.528473636037013,1.0,0.5,0.625
2021-03-30,0.42311603208676984,0.07155992644119293,0.8374549201442556,0.39756592292089243,0.1578525641025642,0.32223250077089116,0.6773851590106007,0.8826479438314945,0.6470963624760688,0.4124710432916072,0.9996116497906962,0.5198824658407896,1.0,0.5,0.625
2021-03-31,0.6942718336911083,0.8025105940673223,0.19319938176197837,0.42103738046942907,0.13191264753764753,0.33063521430773973,0.24770318021201415,0.7320712136409229,0.05041480536056164,0.4041718912715453,0.9998797856176773,0.5112854112478764,1.0,0.5,0.625
2021-04-01,0.6320189809061123,0.5603262173183017,0.31839258114374036,0.5692552883222254,0.14623397435897434,0.4690101757631822,0.34840989399293293,0.5066449348044133,0.05041480536056164,0.3959471234565273,1.0,0.5026850162650404,0.9330127018922194,0.2500000000000001,0.625
2021-04-02,0.555191503784883,0.5688814264012153,0.4023699124162803,0.6374963778614893,0.2590239621489622,0.5619025593586185,0.2501766784452297,0.6152206619859579,0.05041480536056164,0.38770110301149785,0.9999722573642948,0.49408382588752436,0.9330127018922194,0.2500000000000001,0.625
2021-04-03,0.6473844763303581,0.6207723674742144,0.318650180319423,0.6912489133584467,0.19683557183557177,0.5921214924452667,0.2614840989399294,0.545135406218656,0.05041480536056164,0.37950821414150004,0.9997965659200537,0.4854843853459405,0.9330127018922194,0.2500000000000001,0.625
2021-04-04,0.4539600045192633,0.21547933157431837,0.6741370427614632,0.6960301361924079,0.21439382376882377,0.6130126426148628,0.1685512367491166,0.29676529588766304,0.05041480536056164,0.3713365779015154,0.9994729776572018,0.476889239353097,0.9330127018922194,0.2500000000000001,0.625
2021-04-05,0.5933792791774941,0.46813784280802745,0.45904173106646057,0.6496667632570269,0.3724117317867319,0.6333641689793401,0.33992932862190817,0.2176529588766299,0.05041480536056164,0.36318619429154353,0.999001588330712,0.4683009313509757,0.9330127018922194,0.2500000000000001,0.625
2021-04-06,0.1732007682747712,0.004717358279363556,0.38511076764554353,0.5686033033903215,0.25237204924704937,0.5184242984890534,0.17738515901060076,0.09779338014042127,0.0548819400127632,0.35507831594159756,0.9983825374322698,0.45972200275808717,0.9330127018922194,0.2500000000000001,0.625
2021-04-07,0.5460399954807367,0.26864955624850084,0.725399278722308,0.593668501883512,0.2506295787545788,0.5372340425531915,0.19045936395759722,0.24285356068204617,0.0657306955966816,0.34700231653667135,0.9976160081489959,0.4511549922174234,0.9330127018922194,0.2500000000000001,0.625
2021-04-08,0.721500395435544,0.7378268169824898,0.25193199381761977,0.6307592002318168,0.3337594118844118,0.5771662041319766,0.16643109540636047,0.1394182547642929,0.0657306955966816,0.3389475697617583,0.9967022273092373,0.4426024348452336,0.9330127018922194,0.2500000000000001,0.625
2021-04-09,0.6494181448423907,0.557847605341009,0.42065945388974757,0.5765720081135902,0.35033831908831914,0.5344588344125809,0.4318021201413428,0.9326730190571715,0.0657306955966816,0.3309884598219033,0.995641465315446,0.4340668614808413,0.9330127018922194,0.2500000000000001,0.625
2021-04-10,0.739125522539826,0.8172223554809306,0.2156105100463679,0.6180092726745869,0.07288486975986985,0.4814986123959297,0.18551236749116612,0.6014292878635907,0.0657306955966816,0.3230399761970544,0.9944340360641617,0.42555079793772954,0.9330127018922194,0.2500000000000001,0.625
2021-04-11,0.19376341656310023,0.043975373790677216,0.40674909840288515,0.5291944363952477,0.6246438746438747,0.5910422448350293,0.42791519434628983,0.8504262788365096,0.2712188895979578,0.31518712940726434,0.9930802968531257,0.41705676425611093,0.9330127018922194,0.2500000000000001,0.625
2021-04-12,0.252061913908033,0.012632925561685455,0.557702215352911,0.47037090698348294,0.5536095848595848,0.5124884366327475,0.5268551236749116,0.9082246740220663,0.7970644543714102,0.3073236563024673,0.9915806482755501,0.4085872739572076,0.9330127018922194,0.2500000000000001,0.625
2021-04-13,0.5356456897525703,0.20780362996721835,0.8552292632663576,0.423065778035352,0.53423254985755,0.459913660191181,0.4604240282685513,0.9338014042126379,0.6298659859604336,0.29956644634773566,0.9899355341015761,0.4001448332994602,0.9330127018922194,0.2500000000000001,0.625
2021-04-14,0.47011637103152193,0.13888222595346605,0.7480680061823803,0.4613880034772529,0.5884335571835573,0.5073234659266112,0.19045936395759722,0.7513791374122367,0.0657306955966816,0.29118228380762146,0.988145441146955,0.39173194053688476,0.9330127018922194,0.2500000000000001,0.625
2021-04-15,0.15941701502655067,0.0019189254017750058,0.3590932509015971,0.5139814546508258,0.6615155677655677,0.5781683626271971,0.14876325088339226,0.2995235707121364,0.07466496490108487,0.2835950948929926,0.986210899128992,0.3833510851798006,0.9330127018922194,0.2500000000000001,0.75
2021-04-16,0.1685685233306971,0.007515791156952107,0.3657908294693457,0.5196319907273254,0.6967656186406186,0.5925069380203515,0.15477031802120145,0.49761785356068206,0.09636247606892151,0.27608229018341035,0.9841324805097938,0.37500474725814276,0.9330127018922194,0.2500000000000001,0.75
2021-04-17,0.7797988927804768,0.7945150715599264,0.2810407006697579,0.5758475804114749,0.35002670940170943,0.5351526364477336,0.14699646643109543,0.8974423269809428,0.09636247606892151,0.2685801117888338,0.9819108003268686,0.36669539658758177,0.9330127018922194,0.2500000000000001,0.75
2021-04-18,0.3831205513501299,0.1380027184776525,0.6705306543019063,0.5347000869313242,0.4374300468050468,0.5471014492753623,0.34628975265017675,0.25639418254764296,0.09636247606892151,0.2611204386542836,0.9795465160111259,0.35842549203866586,0.9330127018922194,0.2500000000000001,0.75
2021-04-19,0.5360976160885775,0.2640921084192852,0.7351880473982484,0.44878296146044616,0.22944012006512005,0.3933857539315449,0.2109540636042403,0.771690070210632,0.09636247606892151,0.2537457760397852,0.9770403271923322,0.35019748080920077,0.9330127018922194,0.2500000000000001,0.75
2021-04-20,0.39645237826234325,0.1599904053729911,0.6280267903142711,0.45276731382208046,0.3137146418396418,0.4276133209990749,0.23533568904593644,0.7541374122367102,0.08296107211231657,0.24645612394533822,0.9743929754920799,0.34201379770008533,0.9330127018922194,0.2500000000000001,0.75
2021-04-21,0.7784431137724551,0.747181578316143,0.3580628541988666,0.543103448275862,0.15894637769637776,0.4513567684242985,0.24169611307420497,0.7817201604814445,0.05041480536056164,0.2392514823709435,0.9716052443043288,0.3338768643948147,0.9330127018922194,0.2500000000000001,0.75
2021-04-22,0.792565811772681,0.7815623250979451,0.33462132921174653,0.5799768183135322,0.3201248982498983,0.53245451742214,0.31872791519434635,0.5430040120361084,0.05041480536056164,0.23208934605657472,0.9686779585635876,0.32578908874286405,0.9330127018922194,0.2500000000000001,0.75
2021-04-23,0.3579256581177268,0.07731670264651795,0.6759402369912417,0.48152709359605905,0.5017742673992673,0.5069380203515264,0.2522968197879859,0.7222918756268806,0.05041480536056164,0.2250228465772639,0.9656119845008027,0.31775286404716896,0.9330127018922194,0.2500000000000001,0.75
2021-04-24,0.761495876172184,0.6681858159430718,0.4778464708912931,0.5404955085482468,0.18196733821733824,0.45436324390995986,0.16042402826855123,0.5068956870611836,0.05041480536056164,0.2180626102480181,0.9624082293870257,0.3097705683559071,0.9330127018922194,0.2500000000000001,0.75
2021-04-25,0.16890746808270252,0.006476373230990645,0.3745492014425554,0.5594030715734569,0.49985373422873425,0.5847209374036386,0.3035335689045937,0.304037111334002,0.05041480536056164,0.21114487917879865,0.9590676412649386,0.3018445637587963,0.9330127018922194,0.2500000000000001,0.75
2021-04-26,0.14913569088238618,0.0034380746781802187,0.3330757341576507,0.5966386554621848,0.7284798534798533,0.6766111625038544,0.1021201413427562,0.15157973921765297,0.05041480536056164,0.20428027968461104,0.9555912086683114,0.2939771956881142,0.9330127018922194,0.2500000000000001,0.75
2021-04-27,0.5437803638007005,0.22267530183097464,0.7377640391550748,0.6711822660098521,0.4219131562881563,0.6574159728646315,0.068904593639576,0.3066700100300903,0.05041480536056164,0.19756444860051436,0.9519799603294798,0.2861707922246466,0.9330127018922194,0.2500000000000001,0.75
2021-04-28,0.5359846345045758,0.24290397377468617,0.6692426584234932,0.6815415821501013,0.3403095746845747,0.645081714461918,0.2374558303886926,0.6332748244734203,0.05041480536056164,0.19086987014643064,0.948234964874927,0.27842766340877123,0.9330127018922194,0.2500000000000001,0.75
2021-04-29,0.7377697435318044,0.6653074278404093,0.4412673879443586,0.6807447116777745,0.2538601444851445,0.6022201665124884,0.2346289752650177,0.5694583751253761,0.05041480536056164,0.18429218115741852,0.9443573305090589,0.27075010055687976,0.9330127018922194,0.2500000000000001,0.75
2021-04-30,0.5788046548412609,0.27424642200367794,0.770994332818135,0.725949000289771,0.14501297313797323,0.6257323465926611,0.3194346289752651,0.537863590772317,0.05041480536056164,0.17720442904809475,0.9403482046862693,0.2631403755833399,0.9330127018922194,0.2500000000000001,0.75
2021-05-01,0.6943848152751102,0.5221076197329495,0.5973724884080371,0.8091133004926108,0.07289758852258854,0.6591119333950046,0.27279151943462904,0.7610330992978938,0.05041480536056164,0.17087114530423153,0.9362087737713902,0.25560074032820035,0.75,0.06698729810778065,0.875
2021-05-02,0.21443904643543102,0.013352522587351083,0.47269448737764036,0.7207331208345407,0.3860971204721205,0.7012796793092815,0.25194346289752656,0.6094533600802408,0.05041480536056164,0.1645909931354006,0.9319402626886263,0.24813342589083415,0.75,0.06698729810778065,0.875
2021-05-03,0.7268105298836289,0.6298073079075717,0.5471406491499227,0.6122862938278759,0.3558646214896216,0.5855689176688251,0.29893992932862196,0.6662487462387161,0.05041480536056164,0.15835334622659536,0.9275439345590806,0.24074064196972078,0.75,0.06698729810778065,0.875
2021-05-04,0.7801378375324822,0.6379627408651155,0.5208655332302936,0.6309765285424513,0.2110805860805861,0.5444804193647856,0.12296819787985867,0.3479187562688065,0.05041480536056164,0.1522538414128749,0.9230210903269767,0.23342457620856094,0.75,0.06698729810778065,0.875
2021-05-05,0.5989153767935826,0.36379627408651155,0.5927357032457496,0.5922196464792813,0.48108084045584043,0.6095436324390996,0.18339222614840994,0.47655466399197594,0.05041480536056164,0.14628185237923197,0.9183730683746885,0.22618739354891737,0.75,0.06698729810778065,0.875
2021-05-06,0.7395774488758332,0.6216518749500279,0.5700669757856776,0.654447986090988,0.2519078144078145,0.5758556891766883,0.26113074204947,0.7054914744232699,0.05041480536056164,0.1403948738656411,0.9136012441266914,0.21903123558957455,0.75,0.06698729810778065,0.875
2021-05-07,0.8901819003502429,0.8643159830494922,0.27228232869654817,0.6225731671979136,0.11313339438339431,0.490440949737897,0.24487632508833923,0.2726930792377132,0.05041480536056164,0.13458227955709523,0.9087070296425512,0.21195821995280367,0.75,0.06698729810778065,0.875
2021-05-08,0.060106202688961705,0.002078835851922923,0.13523956723338484,0.5310055056505361,0.6883076414326414,0.6053037311131668,0.26784452296819794,0.36785356068204617,0.05041480536056164,0.12888657471362075,0.9036918731990744,0.20497043965772593,0.75,0.06698729810778065,0.875
2021-05-09,0.6987910970511807,0.36763412489006153,0.7509015971148894,0.591640104317589,0.3730921855921856,0.5586648165279062,0.05300353356890462,0.5833751253761283,0.05041480536056164,0.1232758803901981,0.8985572588617388,0.1980699625009531,0.75,0.06698729810778065,0.875
2021-05-10,0.9018190035024292,0.862796833773087,0.31349819680577024,0.6054042306577803,0.20749389499389503,0.5186555658341042,0.11413427561837457,0.17765797392176533,0.05041480536056164,0.11779270184685342,0.8933047060455347,0.19125883044469383,0.75,0.06698729810778065,0.875
2021-05-11,0.9038526720144616,0.8696729831294474,0.2995878413189078,0.6547377571718341,0.09996947496947495,0.5218933086648165,0.11060070671378093,0.5640672016048145,0.05041480536056164,0.11244766539859308,0.8879357690653457,0.18453905901250395,0.75,0.06698729810778065,0.875
2021-05-12,0.7657891763642526,0.5759974414327976,0.6324059763008758,0.6984207476093884,0.1977195258445259,0.6075393154486587,0.22614840989399299,0.5160481444332998,0.05041480536056164,0.10717701315537798,0.8824520366760022,0.17791263669286117,0.75,0.06698729810778065,0.875
2021-05-13,0.7608179866681731,0.5807947549372351,0.5994332818134982,0.7222544190089828,0.3211296805046805,0.6807739747147703,0.1159010600706714,0.6973420260782348,0.05041480536056164,0.10202325037723425,0.8768551316021433,0.17138152435073895,0.75,0.06698729810778065,0.875
2021-05-14,0.7814936165405039,0.6974494283201407,0.4160226687274601,0.7424659518980006,0.21434930809930808,0.656567992599445,0.141696113074205,0.6712637913741224,0.05041480536056164,0.09696512443414873,0.8711467100580257,0.16494765464735456,0.75,0.06698729810778065,0.875
2021-05-15,0.7628516551802056,0.5435356200527705,0.6434827408552293,0.7707186322804983,0.2544642857142857,0.7012025901942646,0.11872791519434632,0.4863340020060181,0.05041480536056164,0.09204514058614754,0.8653284612574239,0.15861293146826433,0.75,0.06698729810778065,0.875
2021-05-16,0.8758332391820133,0.7827616534740545,0.3902627511591963,0.7971602434077079,0.34488832926332924,0.7583256244218316,0.17243816254416966,0.5845035105315948,0.0548819400127632,0.08724204620321774,0.8594021069137645,0.15237922935997272,0.75,0.06698729810778065,0.875
2021-05-17,0.8886001581742176,0.7839609818501638,0.39129314786192687,0.792958562735439,0.3453907203907205,0.7511563367252544,0.3109540636042404,0.4702858575727182,0.0657306955966816,0.08252396234033954,0.8533694007306438,0.14624839297522424,0.75,0.06698729810778065,0.875
2021-05-18,0.8408089481414529,0.714160070360598,0.4871200412158681,0.8059258186033033,0.48995217745217745,0.8233888374961456,0.4342756183745584,0.45925275827482454,0.0657306955966816,0.07795464688755205,0.8472321278828785,0.140222236527141,0.75,0.06698729810778065,0.875
2021-05-19,0.7503106993560049,0.509634604621412,0.5674909840288511,0.8209214720370905,0.466765873015873,0.8298643231575702,0.23321554770318026,0.38916750250752263,0.06126356094447993,0.07351284721484297,0.8409921044882432,0.13430254325236746,0.75,0.06698729810778065,0.875
2021-05-20,0.7642074341882273,0.5552090829135684,0.49227202472952086,0.8391770501303969,0.5425188237688239,0.8684088806660499,0.2939929328621908,0.38239719157472424,0.05041480536056164,0.06912417911716573,0.8346511770700529,0.1284910648833822,0.75,0.06698729810778065,0.875
2021-05-21,0.4696644446955146,0.24394339170064763,0.5188047398248326,0.7986090988119385,0.689897486772487,0.8755010792476102,0.23992932862190813,0.44358074222668004,0.05041480536056164,0.06493741100461192,0.828211222010746,0.12278952113013225,0.75,0.06698729810778065,0.875
2021-05-22,0.22087899672353406,0.028863836251699047,0.4513137557959815,0.6939292958562735,0.5588560744810744,0.7325778600061671,0.26643109540636045,0.4904714142427283,0.0548819400127632,0.0608037744670904,0.8216741449966338,0.11719959917114331,0.75,0.06698729810778065,0.875
2021-05-23,0.3335216359733364,0.16526745022787237,0.46213292117465227,0.7650680962039988,0.6086309523809523,0.8211532531606537,0.31872791519434635,0.34591273821464397,0.06126356094447993,0.056893290544705044,0.8150418804539763,0.11172295315425645,0.75,0.06698729810778065,0.875
2021-05-24,0.9389899446390239,0.9050931478372111,0.2892838742916023,0.7868733700376701,0.2235068172568172,0.6895621338267037,0.37102473498233224,0.6206118355065195,0.0548819400127632,0.053014685567339015,0.8083163909765543,0.10636120370713859,0.75,0.06698729810778065,0.875
2021-05-25,0.504688735736075,0.31550331814184057,0.6810922205048944,0.7345696899449434,0.3159595034595034,0.7047486894850448,0.4749116607773853,0.8439067201604815,0.0657306955966816,0.0492954753150705,0.801499666744907,0.10111593745771341,0.75,0.06698729810778065,0.875
2021-05-26,0.15478477008247657,0.008395298632765651,0.34209170530654304,0.6137351492321066,0.4218940781440781,0.6143231575701511,0.206713780918728,0.16775325977933803,0.0657306955966816,0.045703780842879516,0.794593724937405,0.09598870656465225,0.75,0.06698729810778065,0.875
2021-05-27,0.39351485707829625,0.08547213560406172,0.7519319938176199,0.5833091857432627,0.5532025844525843,0.6199506629663891,0.23427561837455835,0.23307422266800404,0.0657306955966816,0.04225022846577264,0.787600609133335,0.0909810282580657,0.75,0.06698729810778065,0.875
2021-05-28,0.876624110270026,0.6977692492204365,0.49536321483771256,0.6645899739206027,0.4436177248677249,0.660268270120259,0.3289752650176679,0.4474674022066199,0.0657306955966816,0.03893481818375033,0.7805223887081723,0.08609438439053063,0.75,0.06698729810778065,0.875
2021-05-29,0.42582759010281324,0.22027664507875588,0.6543019062339002,0.7315270935960589,0.3489138176638177,0.6971939562133826,0.1402826855123675,0.7413490471414244,0.0657306955966816,0.03576817631181872,0.7733611582212179,0.08133022099858572,0.75,0.06698729810778065,0.875
2021-05-30,0.7918879222686702,0.6933717118413688,0.5267903142709944,0.7489133584468269,0.20884208384208391,0.660268270120259,0.23392226148409895,0.7479939819458374,0.0657306955966816,0.03270779758995168,0.766119036795786,0.0766899478748268,0.75,0.06698729810778065,0.875
2021-05-31,0.9790984069596655,0.932357879587431,0.32457496136012365,0.7626774847870181,0.06793727106227121,0.5908880666049954,0.05936395759717315,0.38766298896690077,0.0657306955966816,0.029764308333156464,0.7587981674921209,0.0721749381507259,0.75,0.06698729810778065,0.875
2021-06-01,0.9082589537905321,0.789397937155193,0.31427099433281813,0.8263546798029555,0.21209172771672768,0.7444495837187789,0.1763250883392226,0.6965897693079237,0.0657306955966816,0.026969587486451285,0.7514007166732315,0.06778652789030004,0.5000000000000001,0.0,0.875
2021-06-02,0.9281437125748503,0.820500519708963,0.3281813498196806,0.8659084323384525,0.1954746642246643,0.7708140610545791,0.1318021201413428,0.8731193580742227,0.0657306955966816,0.02376044035449376,0.7439288733638278,0.0635260156947478,0.5000000000000001,0.0,0.875
2021-06-03,0.9165066094226642,0.8371312065243464,0.32921174652241114,0.9303100550565052,0.11553724053724057,0.795790934320074,0.17809187279151945,0.7439819458375125,0.0657306955966816,0.021284508957983395,0.7363848486025563,0.0593946623181732,0.5000000000000001,0.0,0.875
2021-06-04,0.8671336572138741,0.762532981530343,0.35059247810407007,0.9724717473196174,0.1313721001221002,0.836031452358927,0.21943462897526506,0.6494483450351054,0.0657306955966816,0.01891484071153804,0.7287708747877152,0.05539369029450725,0.5000000000000001,0.0,0.875
2021-06-05,0.8496215116935939,0.7081634284800511,0.41679546625450803,0.9634164010431757,0.22940832315832316,0.8816682084489671,0.08763250883392228,0.5127883650952858,0.0657306955966816,0.016715193505196346,0.7210892050166531,0.051524283575741125,0.5000000000000001,0.0,1.0
2021-06-06,0.9548073663992769,0.8577596545934276,0.2985574446161772,0.8622862938278759,0.13352157102157114,0.7335029293863706,0.31413427561837465,0.771815446339017,0.0657306955966816,0.01456867787388716,0.7133421124190418,0.04778758718157594,0.5000000000000001,0.0,1.0
2021-06-07,0.9057733589424923,0.7555768769489085,0.34028851107676455,0.9056070704143726,0.05711996336996339,0.7427536231884058,0.19681978798586575,0.4478435305917754,0.0657306955966816,0.012634688542707329,0.7055318894842194,0.044184706860592116,0.5000000000000001,0.0,1.0
2021-06-08,0.1406620720822506,0.04829295594467098,0.25296239052035036,0.9141553172993334,0.5643124236874237,0.9590656799259945,0.3413427561837456,0.3679789368104313,0.0657306955966816,0.010806962361592287,0.6976608473828072,0.040716708763041676,0.5000000000000001,0.0,1.0
2021-06-09,0.8535758671336572,0.7040857120012792,0.39103554868624424,0.9234279918864097,0.5032432844932846,0.9416435399321615,0.13109540636042405,0.49548645937813446,0.0657306955966816,0.009117378275561805,0.6897313152827955,0.03738461912535618,0.5000000000000001,0.0,1.0
2021-06-10,0.7923398486046774,0.6038218597585352,0.6151468315301392,0.9554476963199072,0.4636434167684167,0.9670058587727414,0.37879858657243826,0.35067703109327986,0.0657306955966816,0.007629694174654089,0.6817456396603067,0.034189423966467736,0.5000000000000001,0.0,1.0
2021-06-11,0.7433058411478929,0.5397777244742944,0.6342091705306543,0.8286728484497246,0.2564420533170533,0.7527752081406105,0.4590106007067139,0.7861083249749248,0.0657306955966816,0.006195141648778879,0.6737061836052344,0.031132068796029422,0.5000000000000001,0.0,1.0
2021-06-12,0.9635069483674161,0.9047733269369153,0.2990726429675425,0.8620689655172413,0.06302146927146923,0.6921060746222634,0.12226148409893993,0.6039368104312939,0.0657306955966816,0.004909357532994596,0.6656153261219682,0.02821345833462452,0.5000000000000001,0.0,1.0
2021-06-13,0.9623771325273981,0.9173262972735268,0.29160226687274604,0.8738046942915096,0.11104751729751727,0.7251002158495221,0.21024734982332155,0.2675526579739218,0.0657306955966816,0.0038148470873269336,0.6574754614254064,0.025434456246044346,0.5000000000000001,0.0,1.0
2021-06-14,0.967122359055474,0.9369952826417206,0.258887171561051,0.8901043175891045,0.09926358363858367,0.7470706136293556,0.19045936395759722,0.26767803410230695,0.0657306955966816,0.0028159734767176925,0.6492889982324707,0.0227958848817168,0.5000000000000001,0.0,1.0
2021-06-15,0.8778669076940459,0.704725353801871,0.464451313755796,0.9166183714865255,0.10771520146520153,0.7834566759173605,0.3554770318021202,0.34679037111334005,0.07019783024888321,0.001997747221218704,0.641058359049327,0.02029852503735896,0.5000000000000001,0.0,1.0
2021-06-16,0.9516438820472263,0.8863036699448308,0.31298299845440497,0.9201680672268906,0.1214769027269027,0.7910884983040395,0.3441696113074205,0.7413490471414244,0.07657945118059989,0.0013282893758101988,0.6327859794545286,0.017943115721927694,0.5000000000000001,0.0,1.0
2021-06-17,0.8631793017738109,0.6435596066202925,0.566975785677486,0.8936540133294695,0.06367648555148564,0.7291088498304039,0.11625441696113077,0.5056419257773319,0.07019783024888321,0.0007863473104796626,0.6244743073782868,0.015730353938934127,0.5000000000000001,0.0,1.0
2021-06-18,0.9652016721274432,0.9102902374670184,0.3039670273055126,0.845986670530281,0.08402650590150584,0.7018193031144002,0.23250883392226157,0.6569709127382146,0.07211231652839822,0.0003931736552398313,0.6161258023780913,0.013660894480189922,0.5000000000000001,0.0,1.0
2021-06-19,0.8665687492938651,0.6928120252658511,0.455177743431221,0.8651115618661256,0.19466702279202286,0.7692722787542399,0.11908127208480566,0.4996238716148445,0.05041480536056164,0.00015939472509751695,0.6077429349108862,0.01173534973204321,0.5000000000000001,0.0,1.0
2021-06-20,0.6848943622189583,0.4581434396737826,0.5762493560020607,0.7719501593740944,0.4522219678469679,0.7765186555658341,0.34169611307420505,0.676529588766299,0.05041480536056164,0.0,0.5993281856020221,0.009954289494164048,0.5000000000000001,0.0,1.0
2021-06-21,0.9420404474070726,0.8032301910929879,0.3874291602266873,0.750289771080846,0.1371591371591372,0.6380666049953747,0.15441696113074205,0.5965396188565697,0.05041480536056164,2.125263001295785e-05,0.5908840445111997,0.008318240810931299,0.5000000000000001,0.0,1.0
2021-06-22,0.9602304824313637,0.8998161029823298,0.2990726429675425,0.8456968994494349,0.04856659544159547,0.6827012025901943,0.14452296819787985,0.5559177532597794,0.05041480536056164,0.0002231526151363905,0.5824130103956213,0.006827687815471828,0.5000000000000001,0.0,1.0
2021-06-23,0.8124505705569992,0.6345246661869353,0.535548686244204,0.9233555491161981,0.14599231786731792,0.793709528214616,0.3053003533568905,0.5100300902708124,0.05041480536056164,0.0004994368053046205,0.5739175899705675,0.005483071586397714,0.5000000000000001,0.0,1.0
2021-06-24,0.9203479832787256,0.8326537139202046,0.3712004121586811,0.8775717183425094,0.1760276760276761,0.7736663583102066,0.11696113074204949,0.35305917753259786,0.0548819400127632,0.0009669946655901374,0.5654002971676201,0.004284790017283879,0.5000000000000001,0.0,1.0
2021-06-25,0.24991526381199866,0.0853122251539138,0.44899536321483774,0.8367864387134163,0.46953220390720385,0.8489824236817761,0.09752650176678447,0.6361584754262788,0.06126356094447993,0.001572694620959325,0.5568636523907493,0.0032331976989251054,0.5000000000000001,0.0,1.0
2021-06-26,0.6844424358829511,0.40385384184856477,0.6774858320453374,0.8299768183135323,0.4769790394790394,0.8379586802343509,0.11625441696113077,0.92339518555667,0.05041480536056164,0.0022740314113873783,0.5483101817704863,0.0023286058144070254,0.5000000000000001,0.0,1.0
2021-06-27,0.6706586826347305,0.4639801711041816,0.6901081916537868,0.8276586496667633,0.45238731176231173,0.8371877890841813,0.12367491166077742,0.4608826479438315,0.05041480536056164,0.003187894501944788,0.5397424164163998,0.001571282047021616,0.5000000000000001,0.0,1.0
2021-06-28,0.8132414416450119,0.6979291596705844,0.5435342606903659,0.8323674297305128,0.4146189458689459,0.8221554116558742,0.16607773851590107,0.06607321965897694,0.05041480536056164,0.004186768112554251,0.5311628916681003,0.0009614505010558938,0.5000000000000001,0.0,1.0
2021-06-29,0.923624449214778,0.8660749980011193,0.34312210200927357,0.8738771370617211,0.21501704314204328,0.7910884983040395,0.034982332155477025,0.5359829488465397,0.05041480536056164,0.005323783818247385,0.5225741463449918,0.0004992916354755184,0.5000000000000001,0.0,1.0
2021-06-30,0.9509659925432155,0.9152474614216038,0.2717671303451829,0.9229933352651405,0.12239901302401301,0.7911655874190564,0.1303886925795053,0.3722417251755266,0.0548819400127632,0.00663082056404507,0.5139787219949951,0.00018494221052428594,0.5000000000000001,0.0,1.0
2021-07-01,0.9193311490227093,0.8579995202686495,0.339258114374034,0.9408142567371776,0.13256766381766394,0.8166049953746531,0.2208480565371025,0.3781344032096289,0.06126356094447993,0.008097252034939162,0.5053791621424623,1.849524725433538e-05,0.2500000000000001,0.06698729810778059,1.0
2021-07-02,0.9415885210710654,0.874390341408811,0.29237506439979394,0.9574036511156185,0.134888838013838,0.8380357693493679,0.31872791519434635,0.46865596790371117,0.05041480536056164,0.009701825600918035,0.49677801153550777,0.0,0.2500000000000001,0.06698729810778059,1.0
2021-07-03,0.8594509095017512,0.6906532341888542,0.3923235445646574,0.9999999999999999,0.14518467643467659,0.8802806043786617,0.2879858657243817,0.6527081243731194,0.0548819400127632,0.011391409686948961,0.48817781539297506,0.00012946194180257775,0.2500000000000001,0.06698729810778059,1.0
2021-07-04,0.9505140662072082,0.8871032221955705,0.3024214322514168,0.9617502173283106,0.10100605413105423,0.7980265186555658,0.2296819787985866,0.7311935807422267,0.0657306955966816,0.01320850955305719,0.4795811186512666,0.0004068427627906268,0.2500000000000001,0.06698729810778059,1.0
2021-07-05,0.5053666252400859,0.23906612297113614,0.5151983513652756,0.921037380469429,0.2621718559218559,0.8617792167745915,0.16713780918727922,0.3229689067201605,0.0657306955966816,0.01524876203430181,0.47099046521125565,0.0008320603815165084,0.2500000000000001,0.06698729810778059,1.0
2021-07-06,0.34459383120551357,0.07651715039577836,0.6710458526532714,0.8183135323094755,0.5251004782254781,0.8491366019118101,0.21201413427561838,0.1216148445336008,0.0657306955966816,0.01727838820053984,0.46240839718550564,0.0014049889692458462,0.2500000000000001,0.06698729810778059,1.0
2021-07-07,0.5415207321206643,0.3315743183817062,0.6393611540443072,0.8333091857432626,0.3132122507122507,0.7982577860006167,0.10176678445229682,0.2852306920762287,0.0657306955966816,0.01960555118695928,0.4538374541460177,0.0021254589871919083,0.2500000000000001,0.06698729810778059,1.0
2021-07-08,0.694497796859112,0.44870872311505555,0.6406491499227203,0.8641698058533758,0.5016152828652828,0.8917668825161887,0.23180212014134277,0.3652206619859579,0.0657306955966816,0.021996472063417816,0.4452801723727302,0.0029932572366851984,0.2500000000000001,0.06698729810778059,1.0
2021-07-09,0.46243362331939897,0.20044774926041414,0.6823802163833077,0.8169371196754563,0.7583244301994301,0.9164353993216159,0.13851590106007067,0.23846539618856571,0.06126356094447993,0.02449365608994092,0.4367390841029935,0.004008126922262156,0.2500000000000001,0.06698729810778059,1.0
2021-07-10,0.767370918540278,0.5801551131366435,0.6022668727460072,0.8843813387423933,0.3915789072039072,0.8627813752698119,0.13109540636042405,0.32259277833500505,0.05041480536056164,0.027192740101587454,0.42821671678223944,0.005169767727655095,0.2500000000000001,0.06698729810778059,1.0
2021-07-11,0.9078070274545249,0.779723354921244,0.44229778464708913,0.917487684729064,0.13543574481074494,0.795868023435091,0.20388692579505302,0.5018806419257773,0.0548819400127632,0.02997683463328582,0.4197155923160698,0.0064778359046607226,0.2500000000000001,0.06698729810778059,1.0
2021-07-12,0.9047565246864762,0.7709282801631087,0.3768675940236991,0.8874963778614893,0.22221586284086292,0.8098211532531607,0.24169611307420497,0.8452858575727182,0.0657306955966816,0.03287781863005579,0.411238226323984,0.007931944374860722,0.2500000000000001,0.06698729810778059,1.0
2021-07-13,0.8728957179979663,0.6631486367634124,0.539927872230809,0.8696754563894522,0.1866096866096867,0.7735121800801726,0.08233215547703181,0.3581995987963892,0.0657306955966816,0.035927571036915795,0.40278712739496714,0.00953166284416429,0.2500000000000001,0.06698729810778059,1.0
2021-07-14,0.7544910179640718,0.4429519469097305,0.7027305512622359,0.870327441321356,0.28423254985755,0.8183780450200432,0.11201413427561839,0.4139919759277834,0.0657306955966816,0.03915797079888628,0.39436479634515725,0.011276517930139396,0.2500000000000001,0.06698729810778059,1.0
2021-07-15,0.8754942944300079,0.7171983689134085,0.4688304997424008,0.8980730223123732,0.22747507122507127,0.8156799259944496,0.24628975265017672,0.5011283851554664,0.0657306955966816,0.04249463371092199,0.3859737254778142,0.013165993302094225,0.2500000000000001,0.06698729810778059,1.0
2021-07-16,0.7485029940119761,0.4770928280163108,0.7614631633178774,0.9102434077079107,0.40927706552706555,0.9079555966697502,0.3420494699646644,0.4513540621865597,0.0657306955966816,0.04591630714300887,0.3776163978458068,0.015199529833867298,0.2500000000000001,0.06698729810778059,0.875
2021-07-17,0.8306406055812903,0.6154153673942592,0.5842349304482226,0.9329179947841204,0.36909213471713476,0.9111933395004626,0.284452296819788,0.4117352056168506,0.0657306955966816,0.04949737530019327,0.3692952865168381,0.017376525769282503,0.2500000000000001,0.06698729810778059,0.875
2021-07-18,0.8549316461416789,0.6967298312944751,0.45955692941782583,0.9635612865835989,0.35385505698005704,0.9313906876349058,0.20742049469964668,0.44445837512537617,0.0657306955966816,0.053195332922449046,0.36101285384162396,0.019696336900218048,0.2500000000000001,0.06698729810778059,0.875
2021-07-19,0.8193424471811095,0.5963860238266571,0.6066460587326121,0.9775427412344246,0.29544413919413914,0.9141998149861239,0.2547703180212015,0.49674022066198603,0.0657306955966816,0.05758400102012606,0.35277155072524496,0.022158276757238082,0.2500000000000001,0.06698729810778059,0.875
2021-07-20,0.7306519037396905,0.3710721995682418,0.8387429160226687,0.9336424224862359,0.26772995522995524,0.8717237126117792,0.318374558303887,0.4487211634904715,0.0657306955966816,0.061558242832550736,0.34457381590188274,0.024761616812730036,0.2500000000000001,0.06698729810778059,0.875
2021-07-21,0.5402779346966444,0.19085312225153914,0.8462132921174652,0.9553028107794841,0.2831768925518925,0.9031760715386987,0.19575971731448766,0.6535857572718156,0.0657306955966816,0.06563874779503975,0.33642207521316037,0.02750558669648795,0.2500000000000001,0.06698729810778059,0.875
2021-07-22,0.7889504010846232,0.5797553370112737,0.4974240082431736,0.9884091567661546,0.2388265669515669,0.9053345667591737,0.09681978798586575,0.6512036108324974,0.0657306955966816,0.06984676853760652,0.32831874089029633,0.030389374423676896,0.2500000000000001,0.06698729810778059,0.875
2021-07-23,0.7775392611004406,0.5213880227072839,0.6264811952601752,0.9707331208345407,0.24605718355718365,0.8976256552574776,0.13604240282685515,0.7333249749247743,0.0657306955966816,0.07417167874524466,0.3202662108402873,0.03341212663511267,0.2500000000000001,0.06698729810778059,0.875
2021-07-24,0.8469099536775505,0.6739425921483968,0.5175167439464194,0.914227760069545,0.06528540903540914,0.7413660191181005,0.14098939929328624,0.8143179538615848,0.0657306955966816,0.07859222578794123,0.31226686793632763,0.03657294884978457,0.2500000000000001,0.06698729810778059,0.875
2021-07-25,0.83436899785335,0.6638682337890781,0.48686244204018553,0.9374094465372356,0.12139423076923084,0.8075855689176688,0.09151943462897529,0.42377131394182554,0.06126356094447993,0.08312966229570917,0.30432307931267977,0.039870905729546546,0.2500000000000001,0.06698729810778059,0.875
2021-07-26,0.7877076036606033,0.5930279043735508,0.5767645543534261,0.9815995363662705,0.2002950752950754,0.8818223866790009,0.20318021201413433,0.466900702106319,0.05041480536056164,0.08782649352857441,0.29643719566420024,0.043305021355898865,0.2500000000000001,0.06698729810778059,0.875
2021-07-27,0.49745791435995934,0.19085312225153914,0.798042246264812,0.971457548536656,0.17387184574684578,0.8633209990749307,0.23851590106007076,0.33462888665998,0.05041480536056164,0.09262958791150422,0.28861155055073284,0.04687427951877804,0.2500000000000001,0.06698729810778059,0.875
2021-07-28,0.5876172183934019,0.2353082273926601,0.8948995363214838,0.9321211243117935,0.20927452177452166,0.8575393154486586,0.29363957597173146,0.21176028084252757,0.05041480536056164,0.09752831912949245,0.28084845970656885,0.05057762401726984,0.2500000000000001,0.06698729810778059,0.875
2021-07-29,0.4110270025985765,0.1392020468537619,0.6826378155589903,0.856056215589684,0.2723723036223036,0.7920906567992599,0.10671378091872792,0.304037111334002,0.05041480536056164,0.10249080823751933,0.2731502203551856,0.05441395897215595,0.2500000000000001,0.06698729810778059,0.875
2021-07-30,0.7385606146198169,0.41992484208843045,0.7478104070066975,0.8741669081425673,0.3784722222222222,0.85877274128893,0.1127208480565371,0.5940320962888666,0.05041480536056164,0.10761269207064372,0.26551911052945965,0.05838214915020273,0.2500000000000001,0.06698729810778059,0.875
2021-07-31,0.8117726810529884,0.6564323978572,0.5077279752704791,0.8895247754274123,0.17324862637362648,0.7826857847671909,0.17031802120141343,0.07710631895687062,0.05041480536056164,0.11285146536883928,0.25795738839756116,0.06248102030009428,0.2500000000000001,0.06698729810778059,0.875
2021-08-01,0.8108688283809738,0.6532341888542416,0.48634724368882026,0.8817009562445666,0.15132147944647945,0.7715849522047487,0.06819787985865726,0.2345787362086259,0.05041480536056164,0.11814337024206778,0.2504672915947252,0.06670935949991313,0.06698729810778081,0.24999999999999978,0.875
2021-08-02,0.7169811320754716,0.38746302070840327,0.7962390520350335,0.9117647058823528,0.16543930606430612,0.8036540240518039,0.12120141342756184,0.4608826479438315,0.05041480536056164,0.12359466984039269,0.24305103656110022,0.07106591551606228,0.06698729810778081,0.24999999999999978,0.875
2021-08-03,0.707942605355327,0.4424722155592868,0.725399278722308,0.927557229788467,0.17162698412698418,0.8184551341350601,0.19787985865724383,0.4958625877632899,0.05041480536056164,0.12914160627377647,0.23571081788586645,0.07554939917352649,0.06698729810778081,0.24999999999999978,0.875
2021-08-04,0.49937860128799005,0.19525065963060684,0.7727975270479135,0.8995943204868153,0.32277676027676017,0.8706444650015417,0.13286219081272088,0.6028084252758275,0.0548819400127632,0.13478417954221822,0.22844880765782277,0.08015848373735907,0.06698729810778081,0.24999999999999978,0.875
2021-08-05,0.6847813806349565,0.4286399616214919,0.7171561051004638,0.8830049261083743,0.34103454415954415,0.8499845821769966,0.17243816254416966,0.6339017051153462,0.0657306955966816,0.1404905107006995,0.22126715482262993,0.0848918053052849,0.06698729810778081,0.24999999999999978,0.75
2021-08-06,0.4866116822957858,0.16518749500279842,0.8147861926841835,0.8536656041727034,0.4518785612535613,0.8566913351834722,0.19823321554770323,0.3198345035105316,0.0657306955966816,0.14697256285465343,0.2141679845469039,0.08974796321129969,0.06698729810778081,0.24999999999999978,0.75
2021-08-07,0.4562196361992995,0.05588870232669704,0.9363730036063884,0.8461315560707041,0.6843966218966218,0.9266882516188715,0.11696113074204949,0.14819458375125377,0.0657306955966816,0.15293392557328978,0.20715339758934354,0.09472552044015142,0.06698729810778081,0.24999999999999978,0.75
2021-08-08,0.7696305502203141,0.6348444870872311,0.4301906233900052,0.9448710518690233,0.3312538156288156,0.8709528214616096,0.09893992932862193,0.6014292878635907,0.06126356094447993,0.158959046181965,0.20022546967908378,0.09982300405257472,0.06698729810778081,0.24999999999999978,0.75
2021-08-09,0.6650096034346401,0.4194451107379867,0.6563626996393612,0.8927847000869312,0.28749491249491266,0.8462072155411655,0.2508833922261484,0.6914493480441324,0.05041480536056164,0.1651010562557118,0.1933862509014529,0.10503890562115786,0.06698729810778081,0.24999999999999978,0.75
2021-08-10,0.712687831883403,0.5681618293755497,0.4433281813498197,0.8753984352361633,0.24719551282051289,0.7879278445883442,0.3307420494699647,0.7902457372116349,0.05041480536056164,0.17135995579452956,0.18663776509131952,0.11037168167671108,0.06698729810778081,0.24999999999999978,0.75
2021-08-11,0.7007117839792114,0.6332453825857519,0.4567233384853168,0.8831498116487975,0.24544032356532353,0.7956367560900401,0.31484098939929334,0.8398946840521566,0.0548819400127632,0.1776826132233864,0.17998200923420765,0.11581975416500345,0.06698729810778081,0.24999999999999978,0.75
2021-08-12,0.8153880917410462,0.8348924602222755,0.2220504894384338,0.8251955954795711,0.11620497557997556,0.7019734813444342,0.280565371024735,0.9226429287863591,0.05679642629227827,0.184132786432321,0.17342095287535603,0.12138151091373472,0.06698729810778081,0.24999999999999978,0.75
2021-08-13,0.7953903513727263,0.8169824898057088,0.25012879958784134,0.8500434656621269,0.09841778591778594,0.7153869873573852,0.14770318021201417,0.7953861584754263,0.0261646458200383,0.19060421227126856,0.1669565375368987,0.12705530610960258,0.06698729810778081,0.24999999999999978,0.75
2021-08-14,0.7886114563326178,0.8021108179419525,0.2498712004121587,0.9341495218777165,0.13783323158323169,0.8122880049337033,0.17173144876325092,0.5366098294884654,0.00893426930440333,0.1972350328353134,0.16059067614333672,0.1328394607853262,0.06698729810778081,0.24999999999999978,0.75
2021-08-15,0.723308100779573,0.6174942032461821,0.3972179289026275,0.9803680092726745,0.23040038665038665,0.8957755164970707,0.2681978798586573,0.5273319959879639,0.01978302488832165,0.20391898497439076,0.15432525245547324,0.13873226331647887,0.06698729810778081,0.24999999999999978,0.75
2021-08-16,0.6376680601062027,0.33996961701447187,0.7828438948995364,0.9718922051579252,0.12713675213675213,0.8275516497070614,0.20565371024734985,0.5566700100300903,0.01978302488832165,0.21062418974348107,0.14816212051297828,0.1447319699279857,0.06698729810778081,0.24999999999999978,0.75
2021-08-17,0.5401649531126427,0.21843767490205485,0.7982998454404946,0.9666038829324832,0.15792251729751727,0.8596978106691335,0.22084805653710254,0.4711634904714143,0.01978302488832165,0.21747816292266187,0.14210310408574933,0.15083680521013415,0.06698729810778081,0.24999999999999978,0.75
2021-08-18,0.7076036606033217,0.5906292476213321,0.4459041731066461,0.9845696899449434,0.19717261904761907,0.8886833179155104,0.3151943462897527,0.5327231695085255,0.01978302488832165,0.22438526767687517,0.13614999613422685,0.15704496264394718,0.06698729810778081,0.24999999999999978,0.75
2021-08-19,0.6183482092418936,0.38570400575677616,0.5857805255023185,0.8732975949000289,0.39654558404558404,0.8654024051803886,0.1353356890459364,0.5599297893681043,0.01978302488832165,0.2313242513761078,0.13030455827883058,0.1633546051357599,0.06698729810778081,0.24999999999999978,0.75
2021-08-20,0.1437125748502994,0.03078276165347405,0.28155589902112316,0.7981019994204577,0.7767284798534799,0.9013259327782916,0.31166077738515907,0.7650451354062187,0.01978302488832165,0.23839075085541817,0.12456852027866577,0.169763865560847,0.06698729810778081,0.24999999999999978,0.75
2021-08-21,0.7412721726358603,0.7389461901335251,0.29778464708912933,0.7871631411185163,0.4015758547008548,0.7773666358310207,0.24416961130742054,0.7036108324974926,0.01978302488832165,0.24553163453977422,0.11894357951966056,0.1762708473159335,0.06698729810778081,0.24999999999999978,0.75
2021-08-22,0.437125748502994,0.25313824258415285,0.5592478104070067,0.8296146044624746,0.3134030321530321,0.7986432315757015,0.426148409893993,0.6179789368104314,0.01978302488832165,0.2527043971691496,0.11343140051228207,0.18287362488043107,0.06698729810778081,0.24999999999999978,0.75
2021-08-23,0.7107671449553723,0.6525945470536499,0.3815043791859866,0.8527238481599535,0.3285320004070005,0.8026518655565834,0.2014134275618375,0.40659478435305924,0.01978302488832165,0.2599409176885641,0.10803361439898135,0.18957024438622927,0.06698729810778081,0.24999999999999978,0.75
2021-08-24,0.6508869054344142,0.5126729031742224,0.5396702730551262,0.8281657490582439,0.4394586894586894,0.8325624421831638,0.27137809187279155,0.7913741223671014,0.01978302488832165,0.2672518224130238,0.10275181847151083,0.1963587241958789,0.06698729810778081,0.24999999999999978,0.75
2021-08-25,0.5603886566489662,0.37171184136883345,0.5283359093250901,0.7734714575485366,0.35223977411477414,0.7473018809744064,0.09116607773851591,0.614468405215647,0.01978302488832165,0.2746264850275222,0.09758757569826165,0.20323705548898768,0.06698729810778081,0.24999999999999978,0.75
2021-08-26,0.2392949949158287,0.1468777484608619,0.36398763523956723,0.7423210663575774,0.7655486874236872,0.8424298489053346,0.2996466431095407,0.23620862587763292,0.01978302488832165,0.2820436529020469,0.09254241426175541,0.21020320285666405,0.06698729810778081,0.24999999999999978,0.75
2021-08-27,0.5715738334651451,0.39042136403613975,0.4647089129314786,0.7910026079397275,0.8105476699226699,0.8995528831329016,0.12968197879858662,0.3392678034102307,0.01978302488832165,0.2895139523516037,0.08761782710642946,0.217255104903828,0.06698729810778081,0.24999999999999978,0.625
2021-08-28,0.49180883515986895,0.29751339250019987,0.5059247810407006,0.8054187192118225,0.5071479446479447,0.8213074313906876,0.21166077738515904,0.8380140421263791,0.01978302488832165,0.29768558859158833,0.0828152714968523,0.22439067485920916,0.06698729810778081,0.24999999999999978,0.625
2021-08-29,0.7018415998192294,0.719836891340849,0.24574961360123648,0.8245436105476673,0.30601979039479044,0.7723558433549182,0.16678445229681982,0.7085005015045136,0.01978302488832165,0.3053259090812488,0.07813616858649447,0.23160780119285762,0.06698729810778081,0.24999999999999978,0.625
2021-08-30,0.36662524008586606,0.28536019828895814,0.2743431221020093,0.8472906403940885,0.36553724053724046,0.8230033919210608,0.2374558303886926,0.4296639919759278,0.02425015954052334,0.31301936114594175,0.0735819029971867,0.23890434824097873,0.06698729810778081,0.24999999999999978,0.625
2021-08-31,0.6617331374985878,0.6354841288878228,0.351365275631118,0.8445378151260503,0.48644815832315835,0.8575393154486586,0.33144876325088346,0.39355566700100303,0.03509891512444163,0.32079782373068655,0.06915382240938822,0.2462781568379105,0.06698729810778081,0.24999999999999978,0.625
2021-09-01,0.2348887131397582,0.028464060126329255,0.49716640906749104,0.8120110113010721,0.6915954415954415,0.8959296947271045,0.3780918727915195,0.4294132397191575,0.03509891512444163,0.3285869126304384,0.06485323716338537,0.2537270449550566,0.0,0.4999999999999999,0.625
2021-09-02,0.17783301321884534,0.0843527624530263,0.3207109737248841,0.7831063459866705,0.7025208587708587,0.8642460684551341,0.1685512367491166,0.29889669007021064,0.03509891512444163,0.33646101205024115,0.060681419871542686,0.2612488083465813,0.0,0.4999999999999999,0.625
2021-09-03,0.39859902835837757,0.16654673382905572,0.5522926326635755,0.7652854245146333,0.41508318070818073,0.7612550107924761,0.10989399293286221,0.7958876629889668,0.03509891512444163,0.3443563641000571,0.05663960504171456,0.2688412212016844,0.0,0.4999999999999999,0.625
2021-09-04,0.6366512258501864,0.6459582633725114,0.2939206594538898,0.7886844392929584,0.384774369149369,0.7643385753931545,0.17102473498233217,0.7852306920762286,0.03509891512444163,0.352304847724906,0.05272898871193582,0.27650203680325147,0.0,0.4999999999999999,0.625
2021-09-05,0.6705457010507287,0.7283121451986887,0.22050489438433796,0.81947261663286,0.2426994301994303,0.7351988899167438,0.08621908127208482,0.5460130391173521,0.03509891512444163,0.3602958366097804,0.04895072809649448,0.28422898819269493,0.0,0.4999999999999999,0.625
2021-09-06,0.6008360637216134,0.5223474854081714,0.4175682637815559,0.8860475224572587,0.20526175213675213,0.7816065371569534,0.27526501766784456,0.716900702106319,0.03509891512444163,0.36832933075468066,0.045305941243492465,0.29201978884078467,0.0,0.4999999999999999,0.625
2021-09-07,0.6624110270025986,0.7657311905333013,0.18006182380216385,0.7980295566502462,0.2305784493284494,0.7176996608078939,0.35618374558303895,0.9218906720160482,0.03509891512444163,0.3763521985845748,0.04179570670399896,0.29987213332426665,0.0,0.4999999999999999,0.625
2021-09-08,0.6308891650660943,0.6789797713280562,0.2668727460072128,0.7879600115908432,0.21567841880341887,0.709990749306198,0.15088339222614844,0.7968906720160482,0.03509891512444163,0.3844919558795401,0.03842106321288835,0.30778369800807615,0.0,0.4999999999999999,0.625
2021-09-09,0.6145068353858321,0.6073398896617893,0.31014940752189596,0.8147638365691103,0.2611797924297924,0.7547795251310515,0.20812720848056537,0.5293380140421264,0.03509891512444163,0.3926210868594988,0.03518300938146257,0.31575214173293803,0.0,0.4999999999999999,0.625
2021-09-10,0.5141791887922269,0.30023187015271446,0.6063884595569295,0.8662706461895102,0.21927146927146923,0.7773666358310206,0.12226148409893996,0.7354563691073221,0.03509891512444163,0.40079272309948344,0.03208250340194535,0.3237751065081549,0.0,0.4999999999999999,0.625
2021-09-11,0.44367868037509883,0.22883185416166946,0.6218444100978877,0.7389886989278469,0.4307208994708994,0.7462226333641689,0.23568904593639578,0.08613340020060181,0.03509891512444163,0.40896435933946806,0.029120462763938537,0.33185021820937227,0.0,0.4999999999999999,0.625
2021-09-12,0.5910066659134561,0.6055808747101623,0.25450798557444615,0.7724572587655751,0.333129833129833,0.7282608695652174,0.237809187279152,0.4082246740220662,0.03509891512444163,0.41715724820946587,0.026297763982921718,0.33997508728112136,0.0,0.4999999999999999,0.625
2021-09-13,0.23082137611569317,0.19533061485568082,0.253219989696033,0.7397855694001738,0.5889168701668701,0.7965618254702436,0.12438162544169613,0.5481444332998997,0.03509891512444163,0.4254138949695023,0.023615242340876696,0.348147309443928,0.0,0.4999999999999999,0.625
2021-09-14,0.6106654615297706,0.7096825777564564,0.20015455950540958,0.7636192407997681,0.26105260480260484,0.7000462534690102,0.1353356890459364,0.8017803410230693,0.03509891512444163,0.4336811680445458,0.021073691639115155,0.3563644664057755,0.0,0.4999999999999999,0.625
2021-09-15,0.5811772681052988,0.6332453825857519,0.2138073158165894,0.8268617791944364,0.27759971509971515,0.7698119025593586,0.2166077738515902,0.5913991975927784,0.0395660497766433,0.4419696937496016,0.0186738639633795,0.36462412657771703,0.0,0.4999999999999999,0.625
2021-09-16,0.5871652920573946,0.6588310546094187,0.20865533230293665,0.7453636627064618,0.34928266178266176,0.7200894233734196,0.3318021201413428,0.4857071213640923,0.05041480536056164,0.4502475931396508,0.016416469461288274,0.3729238457934233,0.0,0.4999999999999999,0.625
2021-09-17,0.6180092644898881,0.7419844886863356,0.18778979907264298,0.717255867864387,0.06528540903540903,0.5669133518347209,0.2699646643109541,0.6577231695085257,0.05041480536056164,0.4585467451597136,0.014302176132192812,0.3812611680324481,0.0,0.4999999999999999,0.625
2021-09-18,0.5807253417692916,0.6696250099944031,0.2174137042761463,0.8195450594030715,0.1993030118030119,0.7342738205365402,0.3021201413427563,0.4951103309929789,0.05041480536056164,0.4668565234947821,0.012331609629504747,0.389633626147007,0.0,0.4999999999999999,0.625
2021-09-19,0.5362105976725794,0.5498520828336132,0.32019577537351884,0.8373659808751086,0.1725554538054539,0.7350447116867098,0.32190812720848067,0.7948846539618857,0.04594767070835992,0.4751875544598647,0.010505353075555668,0.3980387425920435,0.0,0.4999999999999999,0.625
2021-09-20,0.46887357360750204,0.4184056928120252,0.2892838742916023,0.7168936540133294,0.3875089031339032,0.6955750847980265,0.3335689045936396,0.9558676028084254,0.03509891512444163,0.4834654538499139,0.008823946889041479,0.40647403015837646,0.0,0.4999999999999999,0.625
2021-09-21,0.5497683877527962,0.6693851443191812,0.21045852653271513,0.7164589973920601,0.2480858262108263,0.6517113783533766,0.17137809187279152,0.7675526579739218,0.03509891512444163,0.4917646058699763,0.0072878886251041,0.414936992708704,0.0,0.4999999999999999,0.5
2021-09-22,0.5729296124731669,0.7447029663388502,0.13292117465224113,0.7553607649956533,0.2047212047212048,0.6651248843663274,0.2855123674911661,0.541875626880642,0.03509891512444163,0.5007969736254863,0.005897632828096633,0.4234251259162512,0.0,0.4999999999999999,0.5
2021-09-23,0.4244718110947916,0.31742224354361553,0.4600721277691912,0.7570269487105186,0.40037393162393164,0.7496145544249152,0.21766784452296822,0.7428535606820461,0.03509891512444163,0.5091598835355873,0.004653590897076287,0.43193591800584186,0.0,0.4999999999999999,0.5
2021-09-24,0.5850186419613603,0.785560086351643,0.11540443070582174,0.6648073022312373,0.10796957671957674,0.5400863398088189,0.25441696113074214,0.9000752256770312,0.03509891512444163,0.5174802881856628,0.0035561309640653183,0.4404668504971708,0.0,0.4999999999999999,0.5
2021-09-25,0.4948593379279177,0.5505716798592788,0.24471921689850595,0.7620254998551144,0.10857371794871795,0.6419981498612396,0.19964664310954067,0.6633650952858576,0.030631780472239967,0.5258644507257775,0.002605577785114388,0.44901539895006387,0.0,0.4999999999999999,0.5
2021-09-26,0.5312394079764998,0.7030462940753178,0.125193199381762,0.8124456679223413,0.2804042022792024,0.7585568917668826,0.18233215547703185,0.5512788365095287,0.02425015954052334,0.534227360635879,0.0018022126442019393,0.45757903371150177,0.0,0.4999999999999999,0.5
2021-09-27,0.5127104282002034,0.6326057407851603,0.19010819165378673,0.8300492610837438,0.3344843813593814,0.7870798643231576,0.26537102473498236,0.4793129388164494,0.03509891512444163,0.5426008968609866,0.001146273269998166,0.4661552206641821,0.0,0.4999999999999999,0.375
2021-09-28,0.5133883177042142,0.6210921883745102,0.17078825347758889,0.884453781512605,0.26137057387057394,0.8079710144927537,0.37102473498233224,0.4626379137412237,0.03509891512444163,0.5515695067264574,0.000637953765516841,0.47474142197640884,0.0,0.4999999999999999,0.375
2021-09-29,0.19591006665913457,0.09794515071559926,0.3150437918598661,0.8023036800927267,0.4818376068376069,0.8228492136910268,0.26890459363957603,0.8706118355065195,0.03509891512444163,0.559943042951565,0.0002774045506774847,0.48333509685307463,0.0,0.4999999999999999,0.375
2021-09-30,0.33408654389334536,0.1879747341488766,0.48763523956723337,0.7575340481019992,0.41822471509971515,0.7553191489361702,0.1777385159010601,0.43342527582748247,0.03509891512444163,0.568305952861667,6.473231779347e-05,0.4919337022875245,0.0,0.4999999999999999,0.375
2021-10-01,0.28279290475652474,0.23242983928999758,0.26867594023699126,0.7517386264850767,0.34427782865282874,0.7260252852297255,0.06289752650176679,0.27444834503510535,0.03509891512444163,0.5766476101417548,0.0,0.5005346938140721,0.0669872981077807,0.75,0.375
2021-10-02,0.49768387752796295,0.6908930998640761,0.11875321998969604,0.7428281657490581,0.36365486365486366,0.723404255319149,0.1551236749116608,0.7113841524573721,0.03509891512444163,0.5849998937368497,8.322675263150447e-05,0.5091355262609477,0.0669872981077807,0.75,0.375
2021-10-03,0.48762851655180206,0.679379547453426,0.12029881504379186,0.7883222254419008,0.228289072039072,0.707986432315757,0.10989399293286221,0.5801153460381143,0.03509891512444163,0.5933202983869252,0.00031438794755273003,0.517733654503457,0.0669872981077807,0.75,0.375
2021-10-04,0.4914698904078635,0.7020068761493563,0.10819165378670789,0.8198348304839176,0.10974384411884419,0.6887912426765341,0.10459363957597177,0.4725426278836509,0.03509891512444163,0.601661955667014,0.0006934151804470767,0.526326534217122,0.0669872981077807,0.75,0.375
2021-10-05,0.4794938425036719,0.677460622051651,0.12235960844925298,0.8314981164879744,0.22306801994301995,0.7483811285846438,0.39010600706713794,0.48884152457372126,0.03509891512444163,0.6099186024270504,0.0012201962910585173,0.534911622630589,0.0669872981077807,0.75,0.375
2021-10-06,0.48107558467969724,0.6998480850723594,0.10587326120556415,0.8032454361054766,0.2803851241351243,0.7393617021276595,0.4141342756183746,0.4508525576730191,0.03509891512444163,0.6182177544471128,0.001894575396381215,0.5434863792780764,0.0669872981077807,0.75,0.375
2021-10-07,0.2951078974127217,0.2626529143679539,0.33204533745492015,0.760069545059403,0.6669401200651199,0.8314831945729263,0.14664310954063609,0.24047141424272822,0.03509891512444163,0.6264106433171106,0.0027163529367881245,0.5520482667511368,0.0669872981077807,0.75,0.375
2021-10-08,0.2243814258275901,0.08875029983209402,0.3969603297269449,0.7423210663575774,0.7970467032967032,0.8469010175763182,0.20176678445229684,0.03159478435305918,0.03509891512444163,0.6346141585021146,0.003685285735084032,0.5605947514495203,0.0669872981077807,0.75,0.375
2021-10-09,0.09501751214552029,0.02366674662189174,0.1723338485316847,0.6874094465372356,0.8925200956450958,0.8143694110391613,0.32473498233215553,0.3081745235707122,0.03509891512444163,0.6427645421120864,0.004801087068465271,0.5691233043309044,0.0669872981077807,0.75,0.375
2021-10-10,0.28911987346062595,0.31158551211321656,0.24626481195260175,0.6659663865546217,0.5277078245828245,0.6995837187789085,0.368904593639576,0.8980692076228687,0.03509891512444163,0.6509042994070517,0.006063426753365853,0.5776314016592805,0.0669872981077807,0.75,0.375
2021-10-11,0.45102248333521633,0.6809786519549053,0.10844925296239052,0.6374963778614894,0.4324188542938543,0.6403021893308665,0.2660777385159011,0.9735456369107323,0.03509891512444163,0.6589590461819652,0.007471931243163699,0.5861165257517666,0.0669872981077807,0.75,0.375
2021-10-12,0.24618687153993898,0.1337650915487327,0.32560535806285423,0.5849029266879164,0.5477080789580788,0.6238051187172371,0.29752650176678447,0.2063691073219659,0.0395660497766433,0.6669925403268655,0.009026183738719717,0.5945761657236313,0.0669872981077807,0.75,0.375
2021-10-13,0.02022370353632358,0.00047973135044375144,0.0455950540958269,0.55954795711388,0.8868984025234026,0.6798489053345668,0.572791519434629,0.45260782347041123,0.05041480536056164,0.6750260344717658,0.01072572431171509,0.6030078182313049,0.0669872981077807,0.75,0.375
2021-10-14,0.3148796746130381,0.3021507955544895,0.243946419371458,0.5529556650246304,0.6426917989417991,0.6152482269503546,0.4282685512367492,0.8155717151454365,0.05041480536056164,0.6829851444116204,0.012570050040751068,0.6114089882131574,0.0669872981077807,0.75,0.375
2021-10-15,0.4146424132866343,0.604141680658831,0.1496651210716126,0.5541871921182265,0.5648466117216118,0.5874190564292322,0.2978798586572439,0.8168254764292879,0.05041480536056164,0.6908911227764434,0.014558615160172317,0.6197771896278301,0.0669872981077807,0.75,0.375
2021-10-16,0.4131736526946108,0.6402014871671864,0.10947964966512108,0.6122138510576643,0.5842172873422873,0.6561825470243602,0.20388692579505302,0.7828485456369108,0.05041480536056164,0.69875459588124,0.016690831221566893,0.6281099461898927,0.0669872981077807,0.75,0.375
2021-10-17,0.40888035250254207,0.6600303829855281,0.09144770736733643,0.6651695160822949,0.5732282763532763,0.7014338575393154,0.16961130742049474,0.5416248746238717,0.05041480536056164,0.7065436847809914,0.01896606726789818,0.6364047921026168,0.0669872981077807,0.75,0.375
2021-10-18,0.319059993221105,0.3149436315663228,0.3276661514683153,0.6713995943204867,0.6025005087505086,0.7224020968239284,0.16042402826855123,0.5924022066198595,0.05041480536056164,0.7143327736807428,0.02138365002021514,0.6446592727876465,0.0669872981077807,0.75,0.375
2021-10-19,0.3127330245170037,0.44327176781002636,0.11334363730036065,0.5704143726456099,0.6039059320309321,0.6232654949121184,0.41060070671378096,0.17427281845536613,0.05041480536056164,0.7220155994304291,0.023942864076886228,0.6528709456113447,0.0669872981077807,0.75,0.375
2021-10-20,0.10190938876963056,0.011433597185576077,0.2199896960329727,0.47377571718342504,0.6165738196988197,0.5319919827320382,0.28586572438162544,0.28034102306920766,0.05041480536056164,0.7296134146600641,0.02664295212529799,0.6610373806076096,0.0669872981077807,0.75,0.375
2021-10-21,0.3386058072534177,0.4281602302710482,0.17207624935600208,0.5063749637786148,0.6167137260887259,0.5574313906876349,0.043816254416961145,0.38227181544633904,0.05041480536056164,0.7371793509446789,0.029483115165957197,0.6691561611969415,0.0669872981077807,0.75,0.375
2021-10-22,0.3318269122133093,0.418885424162469,0.1764554353426069,0.5490437554332077,0.6615600834350832,0.6149398704902868,0.1816254416961131,0.32321965897693083,0.05041480536056164,0.7446921556542621,0.03246251274892564,0.677224884901544,0.0669872981077807,0.75,0.375
2021-10-23,0.30776183482092423,0.33461261693451666,0.2756311179804225,0.5316574905824398,0.5162355006105006,0.5608233117483812,0.3583038869257951,0.3256018054162488,0.05041480536056164,0.7521305761587995,0.03558026322252511,0.6852411640562606,0.0669872981077807,0.75,0.375
2021-10-24,0.011637103152186194,0.0,0.026532715095311687,0.5232541292379019,0.912755647130647,0.6462380511871724,0.25547703180212017,0.31670010030090273,0.0548819400127632,0.7594839861432852,0.038835443994230334,0.6932026265151192,0.0669872981077807,0.75,0.375
2021-10-25,0.11795277369788726,0.03757895578476053,0.21818650180319427,0.5647638365691103,0.6816239316239316,0.635445575084798,0.5240282685512367,0.387913741223671,0.0657306955966816,0.7667842645527383,0.042227091803680394,0.7011069163532914,0.0669872981077807,0.75,0.375
2021-10-26,0.023726132640379614,0.006796194131286479,0.0497166409067491,0.5712836858881483,0.8836996336996337,0.6912580943570767,0.35123674911660785,0.49498495486459376,0.06126356094447993,0.7740314113871594,0.04575420300772215,0.7089516945642459,0.0669872981077807,0.75,0.375
2021-10-27,0.2202011072195232,0.2564963620372591,0.23003606388459558,0.6016372066067806,0.6660816035816037,0.6654332408263953,0.20848056537102472,0.854689067201605,0.0548819400127632,0.7811297898114891,0.04941573387740428,0.7167346397518992,0.0669872981077807,0.75,0.375
2021-10-28,0.34753135238956057,0.6047813224594227,0.07496136012364761,0.5810634598667053,0.5260925417175416,0.6086185630588961,0.3169611307420495,0.898319959879639,0.0657306955966816,0.788153784030774,0.05321060090683438,0.7244534488175558,0.0669872981077807,0.75,0.375
2021-10-29,0.32335329341317365,0.5585672023666747,0.08681092220504893,0.6185888148362793,0.4556051587301587,0.6293555349984582,0.26431095406360433,0.5414994984954866,0.0657306955966816,0.7951777782500584,0.057137681133804796,0.7321058376414289,0.0669872981077807,0.75,0.25
2021-10-30,0.22042707038752685,0.22563364515871112,0.2050489438433797,0.5615039119095914,0.557997557997558,0.601063829787234,0.37950530035335694,0.9286609829488466,0.0657306955966816,0.8020211251142326,0.061195812472095434,0.7396895417585501,0.0669872981077807,0.75,0.25
2021-10-31,0.30651903739690434,0.5055568881426401,0.11257083977331273,0.47413793103448265,0.4954148860398859,0.4969164353993216,0.2787985865724382,0.887788365095286,0.0657306955966816,0.8094276666737508,0.06538379405535477,0.7472023170288616,0.0669872981077807,0.75,0.25
2021-11-01,0.14710202237035364,0.0922683297353482,0.2266872746007213,0.44320486815415816,0.5676574582824583,0.4855072463768116,0.149469964664311,0.9113590772316951,0.06126356094447993,0.8161647503878608,0.06970038659245392,0.7546419403012921,0.24999999999999978,0.9330127018922192,0.25
2021-11-02,0.2658456671562536,0.35028384104901256,0.2596599690880989,0.4482758620689654,0.47977716727716735,0.46762257169287696,0.04204946996466431,0.6044383149448345,0.05041480536056164,0.822838076211931,0.07414431273421379,0.7620062100716227,0.24999999999999978,0.9330127018922192,0.25
2021-11-03,0.3151056377810417,0.5779163668345726,0.07856774858320453,0.49768183135323085,0.6108821733821734,0.5480265186555658,0.09469964664310955,0.6011785356068204,0.0548819400127632,0.8294051388859369,0.07871425745139299,0.7692929471339487,0.24999999999999978,0.9330127018922192,0.125
2021-11-04,0.28810303920460967,0.5053170224674182,0.1069036579082947,0.5653433787308025,0.728587962962963,0.6429232192414431,0.172791519434629,0.5774824473420261,0.0657306955966816,0.8365353962552864,0.08340886842382678,0.7764999952255415,0.24999999999999978,0.9330127018922192,0.125
2021-11-05,0.1421308326742741,0.20476533141440792,0.1620298815043792,0.6382208055636047,0.6077787952787952,0.6903330249768733,0.3406360424028269,0.7343279839518557,0.06126356094447993,0.8429430642041948,0.08822675644059919,0.7836252216649202,0.24999999999999978,0.9330127018922192,0.125
2021-11-06,0.25488645350807815,0.3891420804349564,0.14116434827408553,0.619240799768183,0.4394396113146113,0.625886524822695,0.14699646643109543,0.6409227683049148,0.05041480536056164,0.8492869742630651,0.09316649581113345,0.7906665179829475,0.24999999999999978,0.9330127018922192,0.125
2021-11-07,0.2156818438594509,0.2022867194371152,0.26043276661514686,0.6067082005215878,0.58943198005698,0.6531760715386987,0.17985865724381628,0.5338515546639919,0.0548819400127632,0.8554714895968374,0.0982266247870775,0.7976218005467597,0.24999999999999978,0.9330127018922192,0.125
2021-11-08,0.24426618461190827,0.38746302070840327,0.11720762493560022,0.5439003187481888,0.4438466625966626,0.5509559050262103,0.1593639575971732,0.7275576730190572,0.0657306955966816,0.8615709944105583,0.10340564599485752,0.8044890111763461,0.24999999999999978,0.9330127018922192,0.125
2021-11-09,0.2511580612360186,0.37802830414967614,0.1682122617207625,0.5620110113010721,0.724002849002849,0.6426148627813753,0.22049469964664314,0.4998746238716149,0.0657306955966816,0.867596115019234,0.10870202687877534,0.8112661177535982,0.24999999999999978,0.9330127018922192,0.125
2021-11-10,0.09964975708959439,0.013272567362277124,0.21226172076249356,0.5630976528542451,0.6221827940577942,0.6213382670366944,0.3530035335689046,0.7309428284854564,0.2712188895979578,0.873504346162838,0.11411420015451745,0.8179511148236478,0.24999999999999978,0.9330127018922192,0.125
2021-11-11,0.02655067224042481,7.995522507395858e-05,0.060535806285419894,0.44885540423065773,0.6348443223443223,0.5117946345975948,0.7240282685512368,0.8981945837512537,0.564773452456924,0.8793063141563766,0.11964056427293779,0.8245420241883097,0.24999999999999978,0.9330127018922192,0.125
2021-11-12,0.12326290814597221,0.08579195650435756,0.2228232869654817,0.3958272964358156,0.4267081298331298,0.40487203206907185,0.42438162544169616,0.8708625877632901,0.28462029355456286,0.8849382611098124,0.12527948389398308,0.8310368954914655,0.24999999999999978,0.9330127018922192,0.125
2021-11-13,0.12721726358603547,0.1040217478212201,0.15842349304482226,0.46732831063459856,0.7042824074074074,0.5447887758248535,0.4367491166077739,0.7491223671013039,0.8072750478621568,0.8905170764882153,0.13102929037061556,0.837433806796204,0.24999999999999978,0.9330127018922192,0.125
2021-11-14,0.1480058750423681,0.1160150315823139,0.2282328696548171,0.4772529701535786,0.8820016788766787,0.591658957755165,0.1628975265017668,0.5965396188565697,0.580089342693044,0.8959471234565277,0.13688828224259403,0.8437308651535544,0.24999999999999978,0.9330127018922192,0.125
2021-11-15,0.2357925658117727,0.4509474694171264,0.07573415765069552,0.543248333816285,0.8816900691900693,0.6589577551649707,0.12226148409893996,0.3657221664994985,0.07657945118059989,0.9012709072747747,0.14285472573996105,0.8499262071626383,0.24999999999999978,0.9330127018922192,0.125
2021-11-16,0.19150378488306408,0.26281282481810186,0.13523956723338484,0.5673717762967255,0.4282661782661783,0.5556583410422449,0.5657243816254417,0.7359578736208625,0.0657306955966816,0.9064990542579645,0.14892685529609467,0.8560179995220816,0.24999999999999978,0.9330127018922192,0.125
2021-11-17,0.05490904982487854,0.005277044854881266,0.12158681092220505,0.4239350912778904,0.3874135124135124,0.4248381128584644,0.7484098939929329,0.8576980942828487,0.07019783024888321,0.9115359275710371,0.15510287407016865,0.8620044395725182,0.24999999999999978,0.9330127018922192,0.125
2021-11-18,0.20878996723534066,0.3177420644439114,0.1110252447192169,0.3995218777166038,0.42878764753764753,0.410268270120259,0.2731448763250884,0.6470661985957873,0.07657945118059989,0.9165090429940705,0.16138095447886447,0.8678837558300239,0.24999999999999978,0.9330127018922192,0.125
2021-11-19,0.21782849395548526,0.38210602062844806,0.1069036579082947,0.48333816285134734,0.5271672771672772,0.5188868331791551,0.1402826855123675,0.7212888665997994,0.06126356094447993,0.921375895267039,0.16775923873718535,0.8736542085103296,0.24999999999999978,0.9330127018922192,0.125
2021-11-20,0.2213309230595413,0.45958263372511393,0.08062854198866563,0.4679802955665024,0.5644014550264549,0.5117175454825779,0.1540636042402827,0.49072216649949857,0.05041480536056164,0.9260408475548854,0.17423583940820214,0.8793140900436494,0.24999999999999978,0.9330127018922192,0.125
2021-11-21,0.19850864309117613,0.254737347085632,0.16924265842349306,0.3964068385975079,0.32129502442002444,0.3694881282762874,0.29434628975265026,0.8212136409227684,0.05041480536056164,0.930567657747646,0.18080883996157754,0.8848617255799784,0.24999999999999978,0.9330127018922192,0.125
2021-11-22,0.16032086769856513,0.16302870392580154,0.1968057702215353,0.4746450304259634,0.6026213369963371,0.5288313290163429,0.1593639575971732,0.6140922768304915,0.05041480536056164,0.9350625889953883,0.18747629534069887,0.8902954734847094,0.24999999999999978,0.9330127018922192,0.125
2021-11-23,0.16167664670658682,0.17518189813704324,0.18907779495105617,0.4854390031874818,0.7249503968253967,0.5630588960838729,0.15300353356890461,0.8504262788365096,0.04594767070835992,0.9393874992030264,0.1942362325382503,0.8956137258244161,0.24999999999999978,0.9330127018922192,0.125
2021-11-24,0.005988023952095807,7.995522507395858e-05,0.013652756311179806,0.3880034772529701,0.5836513024013024,0.433163737280296,0.3537102473498234,0.7696840521564696,0.03509891512444163,0.9435317620555539,0.20108665118005764,0.9008149088426689,0.24999999999999978,0.9330127018922192,0.125
2021-11-25,0.14100101683425603,0.12281122571360037,0.21200412158681092,0.37699217618081704,0.483675468050468,0.400709219858156,0.2434628975265018,0.5486459378134403,0.03509891512444163,0.9475591354430106,0.2080255241170333,0.9058974834257341,0.24999999999999978,0.9330127018922192,0.125
2021-11-26,0.10303920460964863,0.056528344127288715,0.1731066460587326,0.5199217618081715,0.6366694647944646,0.5836416897934011,0.2289752650176679,0.7923771313941825,0.030631780472239967,0.9514802456804023,0.21505079802503763,0.9108599455580206,0.24999999999999978,0.9330127018922192,0.125
2021-11-27,0.19082589537905323,0.3760294235228272,0.07187017001545595,0.47095044914517525,0.6484533984533984,0.5313752698119025,0.23639575971731452,0.9238966900702108,0.02425015954052334,0.9552632138227102,0.2221603940124977,0.9157008267671469,0.24999999999999978,0.9330127018922192,0.125
2021-11-28,0.11094791548977517,0.0708403294155273,0.17594023699124164,0.4863807592002317,0.7865282865282863,0.5816373728029602,0.17809187279151945,0.6076980942828487,0.03509891512444163,0.9588549082949012,0.22935220823557684,0.9204186945584796,0.24999999999999978,0.9330127018922192,0.125
2021-11-29,0.16043384928256696,0.2385863916206924,0.1437403400309119,0.5294117647058822,0.9719360500610499,0.6627351218008017,0.2212014134275619,0.9116098294884654,0.03509891512444163,0.9622872080419951,0.23662411252074145,0.9250121528390364,0.24999999999999978,0.9330127018922192,0.125
2021-11-30,0.0937747147215004,0.06404413528424083,0.16460587326120557,0.5003622138510576,0.8960495522995522,0.6186401480111008,0.20848056537102483,0.7355817452357072,0.03509891512444163,0.9656451235840433,0.24397395499452046,0.9294798423306105,0.24999999999999978,0.9330127018922192,0.125
2021-12-01,0.1420178510902723,0.15591268889421922,0.16022668727460074,0.5930165169516082,0.6868513431013432,0.6696731421523281,0.3176678445229682,0.8238465396188568,0.03509891512444163,0.9688648970310072,0.25139956072027764,0.933820440972003,0.4999999999999999,1.0,0.125
2021-12-02,0.03344254886453508,0.005836731430398976,0.07032457496136013,0.508838017965807,0.7954441391941391,0.6051495528831329,0.09469964664310955,0.7211634904714144,0.030631780472239967,0.9718615178628354,0.25889873234181326,0.938032664310243,0.4999999999999999,1.0,0.125
2021-12-03,0.18528979776296464,0.349404333573199,0.095311695002576,0.45023181686467684,0.5804906898656896,0.4868948504471169,0.20353356890459368,0.9408224674022068,0.01978302488832165,0.9747199965995788,0.266469250733593,0.9421152658806755,0.4999999999999999,1.0,0.125
2021-12-04,0.01333182691221331,0.0009594627008875029,0.029623905203503345,0.41828455520139085,0.6088280932030934,0.4730958988590811,0.2734982332155477,0.5226930792377131,0.2788768347160179,0.9774509595562448,0.2741088756574279,0.946067037575814,0.4999999999999999,1.0,0.125
2021-12-05,0.028471359168455543,7.995522507395858e-05,0.06491499227202473,0.38046942915097065,0.6694647944647945,0.44796484736355224,0.6010600706713781,0.8747492477432297,0.9349074664964899,0.9800650330478393,0.2818153464253925,0.9498868100028355,0.4999999999999999,1.0,0.125
2021-12-06,0.20325386961925207,0.4321579915247461,0.07702215352910871,0.23782961460446242,0.39903846153846145,0.24236817761332097,0.22826855123674916,0.6792878635907724,1.0,0.9824240749792787,0.2895863825688022,0.9535734528296247,0.4999999999999999,1.0,0.125
2021-12-07,0.11851768161789628,0.05724794115295434,0.22050489438433796,0.32468849608809036,0.6033145095645094,0.3775053962380512,0.09893992932862193,0.626629889669007,1.0,0.984751237965698,0.29741968451303735,0.9571258751192568,0.4999999999999999,1.0,0.125
2021-12-08,0.13964523782623434,0.18085871911729431,0.14425553838227717,0.4127064618951028,0.7207977207977208,0.49229108849830405,0.25689045936395766,0.5086509528585756,0.9374601148691767,0.9868871272820012,0.30531293425802775,0.9605430256528238,0.4999999999999999,1.0,0.125
2021-12-09,0.1863066320189809,0.40601263292556167,0.08423493044822256,0.43183135323094746,0.668771621896622,0.49629972247918597,0.25441696113074214,0.8072968906720162,0.8302488832163367,0.988863621873207,0.31326379606418364,0.9638238932405055,0.4999999999999999,1.0,0.125
2021-12-10,0.15794825443452717,0.19357159990405373,0.18444100978876868,0.3993045494059692,0.6198298229548229,0.45752389762565526,0.10070671378091876,0.7487462387161485,0.9476707083599231,0.9906594691093016,0.32126991714357844,0.9669675070207987,0.4999999999999999,1.0,0.125
2021-12-11,0.15376793582646028,0.2728871831774206,0.13111798042246264,0.42125470878006366,0.5573489010989012,0.463768115942029,0.3091872791519435,0.7289368104312939,0.9112954690491385,0.9922959216203004,0.3293289283561797,0.9699729367478103,0.4999999999999999,1.0,0.125
2021-12-12,0.12495763190599932,0.19293195810346206,0.16331787738279238,0.4773254129237901,0.5924145299145298,0.5308356460067838,0.2063604240282686,0.7254262788365096,0.7791959157626037,0.9938261109812343,0.3374384449109119,0.9728392930665308,0.4999999999999999,1.0,0.125
2021-12-13,0.056942718336911086,0.006556328456064604,0.1246780010303967,0.4446537235583888,0.86101572039072,0.5538082022818378,0.20353356890459368,0.4106068204613842,0.5864709636247606,0.9951437740420372,0.3455960670713577,0.9755657277760108,0.4999999999999999,1.0,0.125
2021-12-14,0.12224607388995595,0.1352842408251379,0.18160741885625967,0.46109823239640674,0.9340404965404967,0.5831791551032994,0.24840989399293295,0.4956118355065196,0.0657306955966816,0.9963126686927506,0.3537993808658755,0.9781514340803552,0.4999999999999999,1.0,0.125
2021-12-15,0.049824878544797196,0.05364995602462621,0.09144770736733643,0.37409446537235574,0.7404545685795685,0.45505704594511254,0.5159010600706714,0.8688565697091275,0.33822590938098274,0.9973221686183664,0.36204595880193563,0.980595646827469,0.4999999999999999,1.0,0.125
2021-12-16,0.17094113659473506,0.3406892140401375,0.14245234415249872,0.2649956534337873,0.43447293447293456,0.2770582793709528,0.3215547703180213,0.7123871614844535,1.0,0.9981191422438527,0.3703333605844513,0.9828976427354764,0.4999999999999999,1.0,0.125
2021-12-17,0.11851768161789628,0.026545134724554248,0.24497681607418859,0.26064908722109525,0.5634920634920635,0.3040394696268887,0.20777385159010603,0.3213390170511535,1.0,0.9987992264042678,0.378659133837905,0.985056740606753,0.4999999999999999,1.0,0.125
2021-12-18,0.19252061913908033,0.4639002158791077,0.05564142194744977,0.25268038249782665,0.5081908831908832,0.28345667591736046,0.2385159010600707,0.6834252758274826,1.0,0.9992880368945656,0.38702081483204037,0.9870723015295015,0.4999999999999999,1.0,0.125
2021-12-19,0.07953903513727263,0.09058927000879508,0.11823802163833075,0.3706172124022022,0.6624503968253967,0.4371723712611779,0.326148409893993,0.7725677031093281,0.7275047862156988,0.9997662210698572,0.39541592921092605,0.9889437290668184,0.4999999999999999,1.0,0.125
2021-12-20,0.18393401875494295,0.4264811705444951,0.05023183925811438,0.2821645899739205,0.44087047212047215,0.2961763798951588,0.29540636042402835,0.7222918756268806,0.33822590938098274,0.9999256157949543,0.4038419927251526,0.9906704694331863,0.4999999999999999,1.0,0.125
2021-12-21,0.1800926448988815,0.3919405133125449,0.0783101494075219,0.3173717762967255,0.6336423992673994,0.37511563367252543,0.21236749116607778,0.745110330992979,1.0,0.9999787473699873,0.4122965119669632,0.9922520116583506,0.4999999999999999,1.0,0.125
2021-12-22,0.11490227092983843,0.1434396737826817,0.15687789799072643,0.38025210084033606,0.6902854090354089,0.4521276595744681,0.07137809187279152,0.4573721163490472,0.7275047862156988,0.999893736849935,0.4207769851080956,0.9936878877385225,0.4999999999999999,1.0,0.125
2021-12-23,0.18122246073889955,0.4794115295434556,0.032715095311695,0.4496522747029846,0.8895820614570613,0.5630588960838729,0.22614840989399293,0.6385406218655969,0.0657306955966816,0.9996812105498054,0.4292809026401072,0.9949776727748683,0.4999999999999999,1.0,0.125
2021-12-24,0.17839792113885436,0.4127288718317742,0.047655847501288,0.3598232396406838,0.6414262820512819,0.4193647856922602,0.3240282685512368,0.7883650952858576,0.33822590938098274,0.9992136526895199,0.43780574811698825,0.9961209850992455,0.4999999999999999,1.0,0.125
2021-12-25,0.05999322110495989,0.013512433037499,0.128026790314271,0.2565922920892494,0.6527332621082622,0.3180696885599753,0.1639575971731449,0.2255516549648947,1.0,0.9985654474741246,0.4463489988998083,0.9971174863871431,0.4999999999999999,1.0,0.125
2021-12-26,0.062365834368997855,0.006556328456064604,0.13601236476043277,0.2673138220805563,0.7339616402116402,0.345436324390996,0.33109540636042406,0.3520561685055166,1.0,0.9978003527936581,0.4549081269032143,0.9979668817577979,0.4999999999999999,1.0,0.125
2021-12-27,0.18856626369901708,0.4244822899176461,0.062081401339515715,0.1672703564184294,0.6332926332926332,0.2229417206290472,0.3876325088339223,0.8115596790371113,1.0,0.9968864897031002,0.46348059934352615,0.9986689198614541,0.4999999999999999,1.0,0.125
2021-12-28,0.16291944413060672,0.2938354521467978,0.15352910870685216,0.10518690234714567,0.6098074379324381,0.15379278445883438,0.08551236749116607,0.6395436308926781,1.0,0.9958026055724396,0.47206387948823164,0.9992233929537424,0.4999999999999999,1.0,0.125
2021-12-29,0.09049824878544797,0.02310706004637403,0.18778979907264298,0.12047232686177911,0.6435566748066748,0.17668825161887142,0.08657243816254419,0.8125626880641927,1.0,0.9945487004016744,0.4806554274066444,0.9996301369571539,0.4999999999999999,1.0,0.125
2021-12-30,0.08315444582533048,0.017590149516270887,0.1723338485316847,0.2167487684729063,0.6979357448107448,0.28561517113783536,0.19328621908127214,0.643555667001003,1.0,0.9931885320808447,0.48925270072150934,0.9998890315095941,0.4999999999999999,1.0,0.125
2021-12-31,0.20438368545927013,0.4879667386263692,0.055383822771767136,0.17494929006085186,0.6862090455840455,0.24082639531298178,0.265017667844523,0.9172517552657975,0.9642629227823866,0.9913183006397039,0.49785315536133695,1.0,0.4999999999999999,1.0,0.125
