datetime,ghi,dni,dhi,temperature,relative_humidity,dew_point,wind_speed,wind_direction,surface_albedo,solar_zenith_angle,doy_sin,doy_cos,month_sin,month_cos,daylight_hours
2015-01-01,562,30,555,-6.591666666666668,78.12791666666666,-9.887500000000001,3.1958333333333333,255.20833333333334,0.8000000000000002,109.17958333333333,0.017201575418260506,0.9998520419557735,0.49999999999999994,0.8660254037844387,8
2015-01-02,1433,3482,613,-3.970833333333333,90.00791666666667,-5.466666666666668,3.7083333333333335,212.41666666666666,0.8000000000000002,109.10875,0.03439806061360801,0.9994082116062598,0.49999999999999994,0.8660254037844387,8
2015-01-03,923,174,884,-16.379166666666666,62.27125,-22.120833333333334,6.466666666666668,275.5416666666667,0.8000000000000002,109.02791666666667,0.051584366869408364,0.9986686402879997,0.49999999999999994,0.8660254037844387,8
2015-01-04,2079,6451,404,-21.0,58.657916666666665,-27.008333333333336,4.9125000000000005,312.1666666666667,0.8000000000000002,108.94333333333333,0.06875540848113941,0.9976335468520451,0.49999999999999994,0.8660254037844387,8
2015-01-05,707,1101,533,-20.495833333333334,69.22416666666668,-24.708333333333332,3.341666666666667,211.0,0.8000000000000002,108.85416666666667,0.08590610426133272,0.9963032375991965,0.49999999999999994,0.8660254037844387,8
2015-01-06,1305,1110,1034,-18.71666666666667,67.72083333333333,-23.262500000000003,5.629166666666666,311.7916666666667,0.8000000000000002,108.75791666666667,0.10303137904317879,0.9946781061893646,0.49999999999999994,0.8660254037844387,8
2015-01-07,2044,5430,417,-19.095833333333335,62.812916666666666,-24.537499999999998,4.2375,247.20833333333334,0.8000000000000002,108.65500000000002,0.1201261651823505,0.9927586335250793,0.49999999999999994,0.8660254037844387,8
2015-01-08,1558,4010,538,-14.366666666666667,69.01208333333334,-18.845833333333335,8.75,305.8333333333333,0.8000000000000002,108.55,0.13718540405660057,0.9905453876091833,0.49999999999999994,0.8660254037844387,8
2015-01-09,2163,6695,367,-19.133333333333336,61.32666666666666,-24.8125,4.741666666666667,282.25,0.8000000000000002,108.43458333333332,0.1542040475626894,0.988039023376751,0.49999999999999994,0.8660254037844387,8
2015-01-10,1812,4107,591,-16.150000000000002,62.770833333333336,-21.666666666666668,2.2958333333333334,211.91666666666666,0.8000000000000002,108.31708333333334,0.17117705961019986,0.985240282501282,0.49999999999999994,0.8660254037844387,8
2015-01-11,1949,5063,472,-15.825000000000001,67.1775,-20.704166666666666,2.45,271.5416666666667,0.8000000000000002,108.19166666666666,0.18809941761179758,0.9821499931752291,0.49999999999999994,0.8660254037844387,8
2015-01-12,2139,6015,396,-20.07916666666667,73.25208333333333,-23.712500000000002,3.0541666666666667,155.5,0.8000000000000002,108.05791666666666,0.20496611396949532,0.9787690698649216,0.49999999999999994,0.8660254037844387,8
2015-01-13,1909,4456,602,-13.516666666666667,80.65791666666667,-16.212500000000002,4.0875,245.08333333333334,0.8000000000000002,107.92375,0.22177215755648186,0.975098513039961,0.49999999999999994,0.8660254037844387,8
2015-01-14,602,8,601,-4.8374999999999995,85.41416666666667,-6.970833333333334,3.616666666666667,262.5833333333333,0.7854166666666668,107.78166666666665,0.23851257519407648,0.9711394088771653,0.49999999999999994,0.8660254037844387,8
2015-01-15,2099,5516,451,-2.704166666666667,88.70541666666666,-4.420833333333333,3.1125000000000003,258.5833333333333,0.7529166666666667,107.63416666666667,0.2551824131233728,0.9668929289391521,0.49999999999999994,0.8660254037844387,8
2015-01-16,1531,2490,742,-2.225,88.46125,-3.966666666666667,3.4125,188.33333333333334,0.7279166666666667,107.48166666666667,0.2717767384711357,0.9623603298276545,0.49999999999999994,0.8660254037844387,8
2015-01-17,2159,5762,408,1.3458333333333334,77.09583333333333,-2.45,7.1375,293.0416666666667,0.6616666666666667,107.32083333333333,0.2882906407095177,0.9575429528116719,0.49999999999999994,0.8660254037844387,8
2015-01-18,1994,4374,653,-0.4958333333333333,85.39041666666667,-2.8125,1.9583333333333333,252.70833333333334,0.6783333333333333,107.15541666666667,0.3047192331091634,0.9524422234305676,0.49999999999999994,0.8660254037844387,8
2015-01-19,1088,831,905,1.9041666666666668,86.98666666666666,-0.15416666666666665,4.875,285.2916666666667,0.6558333333333334,106.98625,0.321057654185271,0.9470596510722283,0.49999999999999994,0.8660254037844387,8
2015-01-20,619,12,616,-0.7625000000000001,89.70291666666667,-2.2666666666666666,3.725,321.75,0.69625,106.81,0.3373010691361842,0.9413968285264122,0.49999999999999994,0.8660254037844387,9
2015-01-21,700,113,656,-5.45,84.79083333333334,-7.7250000000000005,2.8874999999999997,287.8333333333333,0.7687499999999999,106.60208333333333,0.3534446712740877,0.9354554315134164,0.49999999999999994,0.8660254037844387,9
2015-01-22,1745,4002,459,-1.9166666666666667,79.43875,-5.145833333333333,4.520833333333333,223.58333333333334,0.7491666666666666,106.42,0.3694836834473831,0.9292372181882051,0.49999999999999994,0.8660254037844387,9
2015-01-23,2380,6535,434,0.8833333333333334,88.16791666666667,-0.9791666666666666,4.2375,293.0,0.65,106.22958333333334,0.38541335945432564,0.9227440286201427,0.49999999999999994,0.8660254037844387,9
2015-01-24,589,15,584,1.3041666666666667,92.09541666666667,0.15000000000000002,4.366666666666667,301.5416666666667,0.6558333333333334,106.03666666666668,0.4012289854475009,0.9159777842484877,0.49999999999999994,0.8660254037844387,9
2015-01-25,735,29,724,0.25,87.12666666666667,-1.7000000000000002,3.279166666666667,284.75,0.53,105.83375000000001,0.4169258813287287,0.908940487313808,0.49999999999999994,0.8660254037844387,9
2015-01-26,2174,4621,655,2.816666666666667,85.73166666666667,0.46666666666666673,3.625,257.25,0.19000000000000003,105.63041666666668,0.4324994021339788,0.901634220265486,0.49999999999999994,0.8660254037844387,9
2015-01-27,1894,2074,1199,2.9291666666666667,92.41916666666667,1.6708333333333334,2.845833333333333,208.91666666666666,0.19000000000000003,105.41958333333334,0.44794493940789115,0.8940611451454876,0.49999999999999994,0.8660254037844387,9
2015-01-28,651,51,632,0.9458333333333333,89.34875,-0.6375000000000001,4.929166666666667,322.9166666666667,0.19000000000000003,105.20541666666666,0.4632579225674917,0.88622350294858,0.49999999999999994,0.8660254037844387,10
2015-01-29,1267,804,1098,-4.0375000000000005,66.78291666666667,-9.450000000000001,4.154166666666667,256.125,0.19000000000000003,104.9825,0.4784338202547012,0.8781236129591848,0.49999999999999994,0.8660254037844387,10
2015-01-30,2637,7153,426,-1.7583333333333335,79.46916666666667,-5.1000000000000005,3.7083333333333335,210.20833333333334,0.19000000000000003,104.76125,0.49346814167723735,0.8697638720650646,0.49999999999999994,0.8660254037844387,10
2015-01-31,1403,577,1162,-10.475,60.611250000000005,-16.8625,5.720833333333334,52.958333333333336,0.36791666666666667,104.52958333333333,0.5083564379375122,0.8611467540480452,0.49999999999999994,0.8660254037844387,10
2015-02-01,2844,6695,567,-17.020833333333332,50.71958333333333,-24.962500000000002,3.4499999999999997,197.29166666666666,0.8000000000000002,104.29541666666667,0.5230943033491326,0.8522748088519838,0.8660254037844386,0.5000000000000001,10
2015-02-02,2374,4424,1055,-11.541666666666666,67.64375,-16.383333333333333,3.204166666666667,256.625,0.8000000000000002,104.05958333333332,0.5376773767406141,0.8431506618282,0.8660254037844386,0.5000000000000001,10
2015-02-03,1249,860,866,-11.725,73.92791666666666,-15.479166666666666,2.625,212.66666666666666,0.8000000000000002,103.8175,0.5521013427459208,0.8337770129585915,0.8660254037844386,0.5000000000000001,10
2015-02-04,2901,6280,567,-14.945833333333333,67.48208333333334,-19.82916666666667,4.054166666666666,263.125,0.8000000000000002,103.57166666666666,0.5663619330814524,0.8241566360566663,0.8660254037844386,0.5000000000000001,10
2015-02-05,2929,7124,502,-5.545833333333333,80.66250000000001,-8.4625,2.629166666666667,199.25,0.7912500000000001,103.32125,0.580454927809098,0.8142923779467267,0.8660254037844386,0.5000000000000001,10
2015-02-06,2331,3395,1278,-3.345833333333333,87.83,-5.2625,2.975,123.25,0.7379166666666667,103.06916666666666,0.5943761565849831,0.804187157621448,0.8660254037844386,0.5000000000000001,10
2015-02-07,2081,2015,1276,0.8500000000000001,90.50708333333334,-0.6833333333333335,2.575,205.08333333333334,0.6775000000000001,102.81166666666667,0.6081214998935418,0.7938439653781019,0.8660254037844386,0.5000000000000001,10
2015-02-08,1080,36,1066,-3.8875000000000006,84.3525,-6.1875,2.2125,81.375,0.7374999999999999,102.54833333333333,0.6216868902665479,0.7832658619336791,0.8660254037844386,0.5000000000000001,10
2015-02-09,1142,295,1114,-3.670833333333334,82.04916666666666,-6.354166666666667,3.5,112.5,0.7683333333333334,102.28125,0.6350683134867438,0.7724559775191742,0.8660254037844386,0.5000000000000001,10
2015-02-10,1259,649,1109,-4.491666666666666,78.07458333333334,-7.791666666666667,6.770833333333333,262.0833333333333,0.7575,102.0125,0.6482618097757122,0.7614175109532997,0.8660254037844386,0.5000000000000001,10
2015-02-11,1931,1461,1666,-13.791666666666666,62.423750000000005,-19.45416666666667,5.729166666666667,236.25,0.8000000000000002,101.73708333333333,0.6612634749656386,0.7501537286959042,0.8660254037844386,0.5000000000000001,10
2015-02-12,1052,47,1034,-12.670833333333334,71.14666666666666,-16.983333333333334,3.9875000000000003,182.41666666666666,0.8000000000000002,101.46166666666666,0.6740694616546161,0.7386679638813748,0.8660254037844386,0.5000000000000001,10
2015-02-13,1177,426,1134,-3.804166666666667,87.69416666666666,-5.683333333333334,3.4583333333333335,228.58333333333334,0.8000000000000002,101.18291666666666,0.6866759803451553,0.726963615332308,0.8660254037844386,0.5000000000000001,10
2015-02-14,1498,98,1454,-16.270833333333332,53.68333333333334,-23.645833333333332,5.791666666666667,108.83333333333333,0.8000000000000002,100.89708333333334,0.6990793005655562,0.7150441465537444,0.8660254037844386,0.5000000000000001,10
2015-02-15,2240,1565,1682,-9.475,73.95166666666667,-13.404166666666667,3.1999999999999997,271.7083333333333,0.8000000000000002,100.61291666666666,0.7112757519738152,0.7029130847082615,0.8660254037844386,0.5000000000000001,10
2015-02-16,1320,49,1298,-8.770833333333334,76.235,-12.341666666666667,4.325,343.7083333333333,0.8000000000000002,100.32249999999999,0.7232617254437388,0.6905740195722294,0.8660254037844386,0.5000000000000001,10
2015-02-17,3253,5271,1182,-15.554166666666667,56.74583333333334,-22.287499999999998,7.5874999999999995,327.9583333333333,0.8000000000000002,100.03000000000002,0.7350336741329412,0.6780306024735382,0.8660254037844386,0.5000000000000001,10
2015-02-18,3858,7999,693,-17.541666666666668,60.63125,-23.483333333333334,2.891666666666667,271.9166666666667,0.8000000000000002,99.73458333333333,0.746588114532413,0.6652865452111116,0.8660254037844386,0.5000000000000001,10
2015-02-19,2523,2148,1682,-10.375,66.86833333333334,-15.4625,4.0,177.625,0.7970833333333335,99.43833333333333,0.7579216274973472,0.6523456189565257,0.8660254037844386,0.5000000000000001,10
2015-02-20,1531,140,1484,-3.8625000000000003,90.06375000000001,-5.308333333333334,3.7375000000000003,219.58333333333334,0.7929166666666667,99.13708333333334,0.7690308592589181,0.6392116531380588,0.8660254037844386,0.5000000000000001,10
2015-02-21,2714,3431,1523,-12.766666666666666,61.401250000000005,-18.825,5.295833333333333,222.79166666666666,0.8000000000000002,98.8325,0.7799125224167177,0.6258885343075018,0.8660254037844386,0.5000000000000001,10
2015-02-22,4125,8332,670,-19.962500000000002,54.97416666666667,-26.8125,3.2583333333333333,298.2916666666667,0.8000000000000002,98.52708333333334,0.7905633969115482,0.612380204990065,0.8660254037844386,0.5000000000000001,10
2015-02-23,2861,1416,2189,-7.95,63.724583333333335,-14.220833333333333,6.020833333333333,250.5,0.7795833333333334,98.22125,0.8009803309782905,0.5986906625177214,0.8660254037844386,0.5000000000000001,10
2015-02-24,1681,132,1628,-3.5208333333333335,76.12708333333333,-7.383333333333334,4.375,220.41666666666666,0.7504166666666667,97.91041666666666,0.8111602420785621,0.5848239578463322,0.8660254037844386,0.5000000000000001,10
2015-02-25,2752,2510,1840,-12.508333333333333,64.05708333333334,-18.054166666666667,5.616666666666667,190.5,0.8000000000000002,97.59916666666668,0.8211001178128892,0.5707841943569036,0.8660254037844386,0.5000000000000001,10
2015-02-26,4288,8331,671,-16.841666666666665,59.97833333333333,-22.970833333333335,3.454166666666667,332.0416666666667,0.8000000000000002,97.2575,0.8307970168121247,0.5565755266413303,0.8660254037844386,0.5000000000000001,10
2015-02-27,4494,9268,619,-13.404166666666667,57.62166666666667,-20.583333333333332,3.804166666666667,191.54166666666666,0.8000000000000002,96.94458333333334,0.8402480696078469,0.5422021592729844,0.8660254037844386,0.5000000000000001,10
2015-02-28,3742,5174,1416,-10.841666666666667,65.80458333333333,-16.2375,3.983333333333334,261.125,0.8000000000000002,96.62875000000001,0.8494504794814806,0.527668345562516,0.8660254037844386,0.5000000000000001,10
2015-03-01,3117,1084,2770,-9.079166666666667,71.60791666666667,-13.354166666666666,3.654166666666667,276.4583333333333,0.8000000000000002,96.31125000000002,0.8584015232918917,0.512978386299228,1.0,6.123233995736766e-17,10
2015-03-02,4241,6927,1011,-4.808333333333334,74.30833333333334,-9.125,5.270833333333333,203.25,0.625,95.96833333333335,0.8670985522812081,0.4981366284784055,1.0,6.123233995736766e-17,11
2015-03-03,2978,1643,2494,-12.4125,57.69958333333333,-19.229166666666668,7.245833333333334,317.7916666666667,0.20000000000000004,95.64541666666668,0.8755389928586302,0.4831474640149687,1.0,6.123233995736766e-17,11
2015-03-04,4480,7614,969,-17.09166666666667,53.74666666666667,-24.454166666666666,4.591666666666667,300.5416666666667,0.20000000000000004,95.32333333333332,0.8837203473619977,0.4680153284438345,1.0,6.123233995736766e-17,11
2015-03-05,4537,8803,685,-8.325000000000001,62.03666666666667,-14.775,3.9125,236.0,0.20000000000000004,95.00166666666667,0.8916401947968874,0.45274469960737107,1.0,6.123233995736766e-17,11
2015-03-06,2823,1166,2247,0.25000000000000006,80.92291666666667,-3.1791666666666667,3.4000000000000004,292.4583333333333,0.20000000000000004,94.67875,0.8992961915530253,0.4373400963303323,1.0,6.123233995736766e-17,11
2015-03-07,4215,6493,1066,1.5041666666666667,80.68458333333334,-1.9333333333333336,3.6374999999999997,303.0,0.20000000000000004,94.3525,0.9066860720977985,0.4218060770826634,1.0,6.123233995736766e-17,11
2015-03-08,4101,6759,1275,3.125,69.22541666666667,-2.8625000000000003,3.4708333333333337,263.3333333333333,0.20000000000000004,94.02499999999999,0.9138076496466615,0.40614723863057883,1.0,6.123233995736766e-17,12
2015-03-09,4720,9217,641,5.8999999999999995,59.859166666666674,-2.0333333333333337,2.8208333333333333,262.5416666666667,0.20000000000000004,93.69833333333334,0.9206588168102428,0.3903682146763026,1.0,6.123233995736766e-17,12
2015-03-10,4770,8996,648,5.6625000000000005,62.655833333333334,-1.7125000000000001,3.6500000000000004,250.20833333333334,0.20000000000000004,93.36791666666666,0.9272375462179537,0.374473674486883,1.0,6.123233995736766e-17,12
2015-03-11,4077,4809,1541,6.575,64.46375,-0.004166666666666661,3.7208333333333337,183.29166666666666,0.20000000000000004,93.03750000000001,0.9335418911179212,0.35846832151248087,1.0,6.123233995736766e-17,12
2015-03-12,4154,5065,1824,9.491666666666667,65.07833333333333,2.5791666666666666,3.0583333333333336,297.625,0.20000000000000004,92.70666666666666,0.9395699859530622,0.342356891994542,1.0,6.123233995736766e-17,12
2015-03-13,5025,9471,667,7.291666666666667,68.09541666666667,0.8458333333333333,3.6625,313.7916666666667,0.20000000000000004,92.37374999999999,0.945320046913132,0.3261441535642696,1.0,6.123233995736766e-17,12
2015-03-14,4193,5090,1602,10.383333333333335,54.592083333333335,0.5499999999999999,5.008333333333334,210.20833333333334,0.20000000000000004,92.04041666666666,0.9507903724625832,0.3098349038318025,1.0,6.123233995736766e-17,12
2015-03-15,4105,4438,1615,14.125,61.187916666666666,6.166666666666667,3.2750000000000004,201.0,0.20000000000000004,91.70833333333333,0.9559793438440766,0.2934339689665273,1.0,6.123233995736766e-17,12
2015-03-16,1679,364,1533,3.0250000000000004,69.09375,-2.3874999999999997,4.4125000000000005,82.75,0.20000000000000004,91.37333333333333,0.9608854255574977,0.27694620226893646,1.0,6.123233995736766e-17,12
2015-03-17,4206,3656,2123,-0.05416666666666661,57.47958333333333,-8.012500000000001,1.5833333333333333,203.91666666666666,0.20000000000000004,91.03958333333333,0.9655071658143364,0.2603764827344581,1.0,6.123233995736766e-17,12
2015-03-18,694,9,689,1.1291666666666667,71.7475,-3.7125000000000004,4.770833333333333,135.79166666666666,0.33125,90.70416666666667,0.969843196967294,0.24372971360968387,1.0,6.123233995736766e-17,12
2015-03-19,2678,2481,2012,3.1375000000000006,68.96291666666667,-2.495833333333333,3.8708333333333336,283.0,0.51875,90.37041666666666,0.9738922359149924,0.22701082094141847,1.0,6.123233995736766e-17,12
2015-03-20,4399,5580,1018,4.7124999999999995,68.92458333333333,-0.9958333333333335,3.9583333333333335,189.79166666666666,0.20000000000000004,90.03666666666668,0.9776530844816641,0.2102247521189836,1.0,6.123233995736766e-17,12
2015-03-21,3848,3027,2319,1.2125000000000001,65.20875,-5.0625,5.1375,128.08333333333334,0.20000000000000004,89.70208333333333,0.981124629771712,0.19337647441020586,1.0,6.123233995736766e-17,12
2015-03-22,2107,195,1999,-1.5166666666666666,69.51666666666667,-6.695833333333334,4.4125000000000005,142.79166666666666,0.20000000000000004,89.36833333333334,0.984305844499033,0.17647097349152166,1.0,6.123233995736766e-17,12
2015-03-23,5081,6179,1605,3.704166666666667,71.22666666666667,-1.554166666666667,3.154166666666667,164.33333333333334,0.20000000000000004,89.03541666666666,0.9871957872910085,0.15951325197263655,1.0,6.123233995736766e-17,12
2015-03-24,2212,1625,1562,4.55,73.13375,-0.10416666666666667,8.1875,231.66666666666666,0.23500000000000001,88.70208333333333,0.9897936029670716,0.14250832791617088,1.0,6.123233995736766e-17,12
2015-03-25,3131,574,2761,0.6625,63.48500000000001,-5.945833333333334,5.766666666666667,316.375,0.285,88.36874999999999,0.992098522791769,0.12546123335273648,1.0,6.123233995736766e-17,12
2015-03-26,3595,1092,2989,0.5208333333333334,61.78916666666667,-6.208333333333333,2.4,103.75,0.20000000000000004,88.03625,0.9941098647022418,0.10837701279187609,1.0,6.123233995736766e-17,12
2015-03-27,3083,1033,2498,2.6833333333333336,72.29625,-2.1791666666666667,4.1125,178.41666666666666,0.20000000000000004,87.705,0.9958270335100595,0.09126072172931188,1.0,6.123233995736766e-17,12
2015-03-28,5044,6184,1184,8.495833333333334,68.88083333333334,2.191666666666667,5.862500000000001,200.875,0.20000000000000004,87.375,0.9972495210773451,0.07411742515094437,1.0,6.123233995736766e-17,12
2015-03-29,6046,10266,714,8.495833333333334,59.062916666666666,-0.2708333333333334,5.7250000000000005,300.5833333333333,0.20000000000000004,87.02166666666666,0.998376906467142,0.056952196034039754,1.0,6.123233995736766e-17,12
2015-03-30,5864,8599,1061,10.3375,55.15375,0.8291666666666667,4.883333333333334,286.125,0.20000000000000004,86.69375000000001,0.9992088560679753,0.03977011384605572,1.0,6.123233995736766e-17,12
2015-03-31,5875,8799,1008,12.895833333333334,50.497083333333336,1.9708333333333334,2.754166666666667,158.0,0.20000000000000004,86.37,0.9997451236925734,0.022576263041545485,1.0,6.123233995736766e-17,12
2015-04-01,4356,3952,2242,10.645833333333334,55.043749999999996,1.5083333333333335,6.420833333333333,280.125,0.20000000000000004,86.04458333333334,0.9999855506507186,0.005375731557583884,0.8660254037844387,-0.4999999999999998,12
2015-04-02,3826,2224,2990,1.4833333333333334,57.15208333333334,-6.391666666666667,6.870833333333334,302.625,0.20000000000000004,85.71916666666668,0.9999300657962057,-0.011826390691832589,0.8660254037844387,-0.4999999999999998,13
2015-04-03,4719,4754,2704,2.004166666666667,55.16958333333333,-6.9125000000000005,3.441666666666667,292.625,0.20000000000000004,85.39708333333334,0.9995786855478958,-0.029025013321975237,0.8660254037844387,-0.4999999999999998,13
2015-04-04,5889,6792,1855,5.925,52.47416666666667,-4.15,2.0,160.125,0.20000000000000004,85.07666666666667,0.9989315138848577,-0.046215046983708354,0.8660254037844387,-0.4999999999999998,13
2015-04-05,5334,5346,2027,1.8208333333333335,65.20666666666666,-4.383333333333334,5.7875000000000005,81.375,0.20000000000000004,84.75541666666668,0.9979887423155984,-0.06339140486951038,0.8660254037844387,-0.4999999999999998,13
2015-04-06,3603,939,3099,1.2458333333333333,54.411249999999995,-7.158333333333334,5.420833333333334,77.41666666666667,0.20000000000000004,84.43708333333333,0.9967506498213929,-0.08054900421874167,0.8660254037844387,-0.4999999999999998,13
2015-04-07,2263,257,2127,2.9000000000000004,75.11541666666666,-1.3916666666666666,2.620833333333333,155.16666666666666,0.20000000000000004,84.12041666666666,0.9952176027737294,-0.09768276782171598,0.8660254037844387,-0.4999999999999998,13
2015-04-08,1559,203,1524,3.3874999999999997,79.31791666666668,-0.2791666666666667,2.858333333333334,95.25,0.20291666666666666,83.80375,0.9933900548258936,-0.11478762552212701,0.8660254037844387,-0.4999999999999998,13
2015-04-09,5518,6424,2078,6.570833333333334,61.65708333333333,-1.5916666666666668,4.920833333333333,275.875,0.21291666666666664,83.49166666666666,0.9912685467787256,-0.13185851571739118,0.8660254037844387,-0.4999999999999998,13
2015-04-10,6761,10607,897,6.741666666666667,49.17916666666667,-4.5375000000000005,1.7333333333333334,245.66666666666666,0.22,83.17958333333333,0.9888537064205885,-0.1488903868564548,0.8660254037844387,-0.4999999999999998,13
2015-04-11,6422,8559,1244,13.279166666666667,45.40083333333333,0.34583333333333327,3.341666666666667,190.125,0.22,82.87,0.986146248341595,-0.16587819893463143,0.8660254037844387,-0.4999999999999998,13
2015-04-12,3326,1399,2792,9.854166666666666,52.41,-0.65,5.741666666666667,297.875,0.22,82.56208333333333,0.9831469737221499,-0.1828169249850199,0.8660254037844387,-0.4999999999999998,13
2015-04-13,6999,10735,961,8.354166666666666,41.90416666666667,-5.5,4.083333333333333,268.75,0.22,82.25625000000001,0.9798567700958665,-0.1997015525660636,0.8660254037844387,-0.4999999999999998,13
2015-04-14,6872,10160,1162,14.429166666666667,36.77291666666667,-1.7750000000000001,7.116666666666667,156.25,0.21708333333333332,81.95291666666667,0.9762766110869321,-0.21652708524481437,0.8660254037844387,-0.4999999999999998,13
2015-04-15,6583,8511,1370,14.670833333333334,46.393750000000004,2.391666666666667,6.683333333333334,170.33333333333334,0.21,81.62833333333333,0.9724075561219968,-0.23328854407545518,0.8660254037844387,-0.4999999999999998,13
2015-04-16,5903,6651,1731,11.049999999999999,57.69083333333333,1.8875,3.358333333333334,160.25,0.21,81.33,0.9682507501166718,-0.2499809690726521,0.8660254037844387,-0.4999999999999998,13
2015-04-17,6722,8066,1876,12.15,41.84583333333333,-1.6958333333333335,2.1041666666666665,209.33333333333334,0.21291666666666664,81.03458333333333,0.9638074231367307,-0.26659942067929354,0.8660254037844387,-0.4999999999999998,13
2015-04-18,2749,444,2619,11.0625,63.83958333333334,3.3458333333333337,2.9083333333333337,201.45833333333334,0.22,80.74208333333333,0.9590788900341131,-0.28313898122818354,0.8660254037844387,-0.4999999999999998,13
2015-04-19,4600,2925,3233,6.258333333333334,62.75333333333333,-0.7083333333333334,6.8999999999999995,320.4166666666667,0.21708333333333332,80.4525,0.9540665500578387,-0.2995947563972602,0.8660254037844387,-0.4999999999999998,13
2015-04-20,7483,10937,1105,4.575,44.62291666666667,-8.7375,6.1625000000000005,325.25,0.21,80.16375000000001,0.9487718864399473,-0.31596187665790293,0.8660254037844387,-0.4999999999999998,13
2015-04-21,7344,10213,1341,3.1833333333333336,52.78875,-6.45,3.9625000000000004,259.6666666666667,0.21,79.87916666666666,0.9431964659565866,-0.33223549871590435,0.8660254037844387,-0.4999999999999998,14
2015-04-22,7410,10504,1215,5.266666666666667,41.0625,-7.845833333333334,1.6541666666666668,126.5,0.21291666666666664,79.59666666666666,0.9373419384643772,-0.3484108069446808,0.8660254037844387,-0.4999999999999998,14
2015-04-23,5445,4733,2780,6.745833333333334,46.89833333333333,-4.808333333333334,4.5125,126.875,0.22,79.31833333333334,0.9312100364121947,-0.3644830148102912,0.8660254037844387,-0.4999999999999998,14
2015-04-24,7248,10191,1200,10.354166666666668,65.19458333333334,3.1333333333333333,3.533333333333333,72.83333333333333,0.22291666666666665,79.04291666666667,0.9248025743285089,-0.38044736628785164,0.8660254037844387,-0.4999999999999998,14
2015-04-25,1680,307,1637,9.575000000000001,78.3475,5.708333333333333,3.7583333333333333,115.83333333333333,0.23,78.76916666666666,0.9181214482844365,-0.39629913726891813,0.8660254037844387,-0.4999999999999998,14
2015-04-26,2788,699,2356,11.429166666666667,72.57833333333333,6.112500000000001,2.625,128.45833333333334,0.22416666666666665,78.5,0.9111686353326631,-0.41203363695942635,0.8660254037844387,-0.4999999999999998,14
2015-04-27,2182,36,2158,8.429166666666667,76.15958333333333,4.2250000000000005,2.7583333333333333,304.1666666666667,0.21,78.23166666666667,0.9039461929224011,-0.42764620926777464,0.8660254037844387,-0.4999999999999998,14
2015-04-28,7537,10095,1456,11.549999999999999,54.49041666666667,0.875,1.3125,262.0833333333333,0.2070833333333333,77.96916666666667,0.8964562582905575,-0.44313223418263453,0.8660254037844387,-0.4999999999999998,14
2015-04-29,7637,10377,1151,14.308333333333332,41.75333333333334,0.05000000000000002,3.5500000000000003,177.5,0.20000000000000004,77.70875,0.8887010478292915,-0.45848712914008766,0.8660254037844387,-0.4999999999999998,14
2015-04-30,5912,5323,2092,13.870833333333335,52.47833333333333,3.6999999999999997,4.379166666666667,246.75,0.20000000000000004,77.45291666666667,0.8806828564301475,-0.47370635037968,0.8660254037844387,-0.4999999999999998,14
2015-05-01,7466,9016,1563,15.758333333333333,42.98583333333334,1.6708333333333334,2.7875,243.33333333333334,0.20000000000000004,77.17666666666666,0.8724040568049612,-0.48878539428899265,0.49999999999999994,-0.8660254037844387,14
2015-05-02,6305,6354,2736,18.504166666666666,44.65708333333333,5.15,4.108333333333333,223.20833333333334,0.20000000000000004,76.92916666666666,0.8638670987837349,-0.503719798736334,0.49999999999999994,-0.8660254037844387,14
2015-05-03,5804,4067,3129,13.841666666666667,41.23166666666667,-0.7333333333333334,4.083333333333333,230.375,0.19416666666666668,76.685,0.8550745085896932,-0.518505144391157,0.49999999999999994,-0.8660254037844387,14
2015-05-04,6707,5520,2937,13.75,40.502500000000005,-0.7166666666666667,2.4791666666666665,131.95833333333334,0.18291666666666664,76.44333333333334,0.8460288880917339,-0.533137056031809,0.49999999999999994,-0.8660254037844387,14
2015-05-05,7073,7485,2163,17.2,48.99458333333334,5.116666666666667,5.233333333333333,154.45833333333334,0.18708333333333335,76.20833333333333,0.8367329140344921,-0.5476112038402312,0.49999999999999994,-0.8660254037844387,14
2015-05-06,3444,1135,2684,16.270833333333332,86.59833333333334,13.845833333333333,3.329166666666667,163.29166666666666,0.18000000000000002,75.97416666666666,0.8271893372462497,-0.5619233046832195,0.49999999999999994,-0.8660254037844387,14
2015-05-07,3230,1247,2471,11.354166666666666,62.04625000000001,3.5208333333333335,6.020833333333333,333.2916666666667,0.18000000000000002,75.74416666666667,0.8174009818249189,-0.5760691233798758,0.49999999999999994,-0.8660254037844387,15
2015-05-08,6096,4952,2970,8.695833333333335,53.42958333333333,-0.9666666666666667,2.8625000000000003,155.875,0.18000000000000002,75.51708333333333,0.8073707443023492,-0.5900444739548627,0.49999999999999994,-0.8660254037844387,15
2015-05-09,4650,1488,3550,5.358333333333333,60.62291666666667,-1.9875,2.975,57.041666666666664,0.18000000000000002,75.29583333333333,0.7971015927871943,-0.6038452208771035,0.49999999999999994,-0.8660254037844387,15
2015-05-10,1638,23,1620,2.3625000000000003,87.86041666666667,0.55,6.220833333333334,29.208333333333332,0.18000000000000002,75.07958333333333,0.7865965660866021,-0.6174672802835514,0.49999999999999994,-0.8660254037844387,15
2015-05-11,7186,6801,2241,7.595833333333334,62.864583333333336,0.09583333333333333,4.995833333333334,283.0833333333333,0.18000000000000002,74.86625,0.7758587728069828,-0.6309066211876704,0.49999999999999994,-0.8660254037844387,15
2015-05-12,5196,2791,2981,9.1875,63.9575,2.0375,4.779166666666667,131.41666666666666,0.18000000000000002,74.6575,0.7648913904341226,-0.6441592666722685,0.49999999999999994,-0.8660254037844387,15
2015-05-13,5612,4026,2719,13.012500000000001,78.41458333333334,8.941666666666666,4.195833333333334,118.33333333333333,0.18000000000000002,74.45375,0.753697664392914,-0.6572212950663319,0.49999999999999994,-0.8660254037844387,15
2015-05-14,2496,506,2348,11.283333333333333,87.46125,9.120833333333334,2.5958333333333337,194.16666666666666,0.18000000000000002,74.25291666666666,0.742280907086982,-0.6700888411055113,0.49999999999999994,-0.8660254037844387,15
2015-05-15,4719,2093,3495,11.4625,75.46708333333333,6.566666666666666,3.033333333333333,81.79166666666667,0.18000000000000002,74.05708333333332,0.7306444969184916,-0.6827580970759147,0.49999999999999994,-0.8660254037844387,15
2015-05-16,2084,275,1911,15.041666666666666,86.44166666666666,12.637500000000001,4.141666666666667,151.33333333333334,0.18000000000000002,73.86625,0.7187918772884232,-0.6952253139408722,0.49999999999999994,-0.8660254037844387,15
2015-05-17,1581,18,1572,6.120833333333334,87.71166666666666,4.220833333333333,6.916666666666667,332.75,0.18000000000000002,73.67999999999999,0.7067265555776158,-0.7074868024503348,0.49999999999999994,-0.8660254037844387,15
2015-05-18,7082,6290,3024,4.945833333333334,57.97125,-3.3625000000000003,4.825,225.04166666666666,0.18000000000000002,73.49624999999999,0.6944521021088763,-0.719538934232584,0.49999999999999994,-0.8660254037844387,15
2015-05-19,8574,10947,1370,7.875,54.73708333333334,-1.7916666666666667,1.4833333333333334,105.04166666666667,0.18000000000000002,73.31833333333334,0.6819721490904629,-0.7313781428679254,0.49999999999999994,-0.8660254037844387,15
2015-05-20,8490,11286,1332,11.612499999999999,49.32749999999999,0.05000000000000001,1.8833333333333335,296.0,0.17708333333333334,73.145,0.6692903895412567,-0.7430009249440493,0.49999999999999994,-0.8660254037844387,15
2015-05-21,7506,8449,1837,15.0875,50.79916666666667,4.1000000000000005,2.3666666666666667,202.0,0.1729166666666667,72.9775,0.6564105761979381,-0.7544038410927472,0.49999999999999994,-0.8660254037844387,15
2015-05-22,7477,7883,2560,15.595833333333333,53.809583333333336,4.904166666666667,3.1125000000000003,173.41666666666666,0.18000000000000002,72.81375,0.6433365204044917,-0.765583517007675,0.49999999999999994,-0.8660254037844387,15
2015-05-23,5970,4901,2675,13.049999999999999,74.40333333333334,8.15,2.5541666666666667,128.20833333333334,0.18000000000000002,72.65666666666667,0.6300720909843687,-0.7765366444428655,0.49999999999999994,-0.8660254037844387,15
2015-05-24,4331,1092,3518,14.279166666666667,80.7425,10.758333333333333,2.3666666666666667,88.0,0.18000000000000002,72.50375,0.6166212130956382,-0.7872599821916922,0.49999999999999994,-0.8660254037844387,15
2015-05-25,4614,1752,3301,14.549999999999999,83.07666666666667,11.508333333333333,2.0625,137.58333333333334,0.18000000000000002,72.35416666666667,0.6029878670694714,-0.7977503570459932,0.49999999999999994,-0.8660254037844387,15
2015-05-26,7506,7865,2200,18.85,60.39416666666667,9.820833333333333,2.8125,316.0,0.18000000000000002,72.21083333333333,0.5891760872322963,-0.8080046647350754,0.49999999999999994,-0.8660254037844387,15
2015-05-27,7214,5787,3411,19.2875,63.562916666666666,11.091666666666667,3.0124999999999997,204.875,0.17708333333333334,72.07375,0.5751899607119775,-0.8180198708443175,0.49999999999999994,-0.8660254037844387,15
2015-05-28,6049,4017,3326,19.208333333333332,71.44125000000001,13.0875,3.2375000000000003,265.375,0.1729166666666667,71.94,0.5610336262283677,-0.8277930117131022,0.49999999999999994,-0.8660254037844387,15
2015-05-29,5763,4743,3034,11.566666666666668,60.01208333333333,3.141666666666667,4.5125,61.208333333333336,0.18000000000000002,71.81208333333333,0.5467112728685939,-0.8373211953118121,0.49999999999999994,-0.8660254037844387,15
2015-05-30,8441,10115,1656,9.775,52.78208333333333,-0.41250000000000003,3.233333333333334,112.04166666666667,0.17708333333333334,71.68833333333333,0.5322271388474397,-0.8466016020976267,0.49999999999999994,-0.8660254037844387,15
2015-05-31,4162,1378,3497,11.15,71.24541666666667,5.904166666666668,4.3375,137.5,0.17,71.57083333333334,0.5175855102531889,-0.8556314858488706,0.49999999999999994,-0.8660254037844387,15
2015-06-01,6994,6353,2575,19.333333333333332,71.42583333333333,13.204166666666666,3.8541666666666665,162.5,0.17,71.45958333333333,0.5027907197793043,-0.8644081744776648,1.2246467991473532e-16,-1.0,15
2015-06-02,5432,2963,3598,19.895833333333332,81.63166666666667,16.224999999999998,2.3958333333333335,220.75,0.17,71.32833333333333,0.4878471454423119,-0.8729290708206411,1.2246467991473532e-16,-1.0,15
2015-06-03,6722,6100,3040,16.1625,62.57583333333333,7.8875,3.441666666666667,211.33333333333334,0.17,71.22791666666667,0.47275920928627757,-0.881191653407483,1.2246467991473532e-16,-1.0,15
2015-06-04,4538,2045,3435,15.066666666666668,67.4875,8.479166666666666,2.0333333333333337,79.45833333333333,0.17,71.13125000000001,0.4575313760742512,-0.8891934772070711,1.2246467991473532e-16,-1.0,15
2015-06-05,6734,4985,2987,19.337500000000002,71.41375000000001,13.491666666666667,2.8833333333333333,116.33333333333333,0.17,71.04291666666667,0.44216815196707204,-0.8969321743510065,1.2246467991473532e-16,-1.0,15
2015-06-06,6004,4821,3146,19.558333333333334,77.1775,15.125,3.3958333333333335,251.375,0.17,70.95791666666666,0.42667408318992467,-0.9044054548343001,1.2246467991473532e-16,-1.0,15
2015-06-07,7497,8931,2197,20.462500000000002,60.52791666666667,11.5625,3.6333333333333333,304.875,0.1729166666666667,70.87791666666666,0.4110537546870351,-0.9116111071930239,1.2246467991473532e-16,-1.0,15
2015-06-08,7927,9157,1998,22.787499999999998,57.38666666666666,12.979166666666666,2.5958333333333337,233.125,0.18000000000000002,70.80458333333333,0.3953117887649151,-0.9185469991587165,1.2246467991473532e-16,-1.0,15
2015-06-09,8553,11162,1292,22.6875,55.14666666666667,12.4375,3.629166666666667,209.83333333333334,0.18000000000000002,70.73625,0.37945284372454435,-0.925211078289358,1.2246467991473532e-16,-1.0,15
2015-06-10,1765,22,1750,15.145833333333334,75.99416666666667,10.8125,1.5958333333333334,101.875,0.18000000000000002,70.67125,0.36348161248290634,-0.9316013725767187,1.2246467991473532e-16,-1.0,15
2015-06-11,6166,3427,3680,18.145833333333332,69.29708333333333,11.695833333333333,1.4125000000000003,116.79166666666667,0.18000000000000002,70.61458333333333,0.3474028211842774,-0.9377159910299093,1.2246467991473532e-16,-1.0,15
2015-06-12,8544,10965,1377,20.5375,59.737500000000004,11.620833333333332,4.129166666666667,174.875,0.18000000000000002,70.56291666666667,0.3312212278016865,-0.9435531242349544,1.2246467991473532e-16,-1.0,15
2015-06-13,6092,3940,3043,20.895833333333332,62.970416666666665,13.195833333333333,3.066666666666667,197.66666666666666,0.18000000000000002,70.51625,0.31494162072895193,-0.9491110448902284,1.2246467991473532e-16,-1.0,15
2015-06-14,8062,9376,1405,16.537499999999998,65.74583333333334,9.545833333333333,3.279166666666667,165.79166666666666,0.18000000000000002,70.47458333333334,0.2985688173637202,-0.9543881083175908,1.2246467991473532e-16,-1.0,15
2015-06-15,7918,8025,2179,15.941666666666668,57.96333333333334,6.837500000000001,2.9000000000000004,207.91666666666666,0.18000000000000002,70.43833333333333,0.2821076626819194,-0.9593827529490743,1.2246467991473532e-16,-1.0,15
2015-06-16,1453,28,1442,12.5875,83.31541666666666,9.733333333333333,3.8541666666666665,97.95833333333333,0.18000000000000002,70.40666666666667,0.26556302780405594,-0.9640935007889755,1.2246467991473532e-16,-1.0,15
2015-06-17,6403,5377,2931,17.570833333333333,65.6275,10.158333333333333,1.2458333333333333,232.54166666666666,0.18000000000000002,70.38458333333334,0.24893980855376657,-0.9685189578512204,1.2246467991473532e-16,-1.0,15
2015-06-18,4150,946,3570,16.491666666666667,73.66625,11.495833333333332,2.9458333333333333,111.0,0.18000000000000002,70.36541666666666,0.23224292400907015,-0.9726578145718654,1.2246467991473532e-16,-1.0,15
2015-06-19,7493,6980,2487,20.916666666666668,76.2625,16.183333333333334,2.65,155.625,0.18000000000000002,70.35333333333334,0.21547731504673012,-0.976508846196619,1.2246467991473532e-16,-1.0,15
2015-06-20,8435,10101,1530,21.07916666666667,69.32625,14.3375,3.045833333333334,275.3333333333333,0.18000000000000002,70.34541666666667,0.19864794288017112,-0.9800709131432666,1.2246467991473532e-16,-1.0,15
2015-06-21,7238,7622,2152,21.974999999999998,63.02166666666667,13.641666666666666,2.4333333333333336,154.29166666666666,0.18000000000000002,70.34333333333333,0.18175978759137534,-0.9833429613388902,1.2246467991473532e-16,-1.0,16
2015-06-22,7646,9458,1990,18.758333333333336,64.05541666666666,11.0,4.116666666666667,318.125,0.18000000000000002,70.34583333333333,0.16481784665719793,-0.9863240225317866,1.2246467991473532e-16,-1.0,16
2015-06-23,8036,9293,1598,20.837500000000002,58.42458333333334,11.512500000000001,2.2083333333333335,229.79166666666666,0.18000000000000002,70.35416666666667,0.14782713347053048,-0.9890132145779883,1.2246467991473532e-16,-1.0,16
2015-06-24,5890,3540,3726,19.920833333333334,73.64708333333333,14.362499999999999,1.9333333333333333,196.83333333333334,0.18000000000000002,70.37,0.13079267585675922,-0.9914097417023038,1.2246467991473532e-16,-1.0,16
2015-06-25,6456,4975,3229,20.808333333333334,68.39708333333333,14.3375,1.0583333333333333,131.70833333333334,0.18000000000000002,70.38958333333333,0.11371951458594969,-0.9935128947338007,1.2246467991473532e-16,-1.0,16
2015-06-26,8657,11515,1190,22.129166666666666,59.19291666666667,12.9625,1.25,168.29166666666666,0.18000000000000002,70.41541666666667,0.0966127018812031,-0.9953220513156602,1.2246467991473532e-16,-1.0,16
2015-06-27,8372,10085,1684,23.09166666666667,57.022083333333335,13.254166666666668,3.466666666666667,288.25,0.18000000000000002,70.44708333333334,0.07947729992362097,-0.9968366760893436,1.2246467991473532e-16,-1.0,16
2015-06-28,7616,8098,2584,21.712500000000002,60.2425,12.916666666666666,2.5749999999999997,332.625,0.18000000000000002,70.48416666666667,0.062318379354325076,-0.998056320853012,1.2246467991473532e-16,-1.0,16
2015-06-29,8382,10343,1445,24.979166666666668,55.91625,14.512500000000001,2.15,223.58333333333334,0.18000000000000002,70.52666666666667,0.04514101777397193,-0.9989806246941579,1.2246467991473532e-16,-1.0,16
2015-06-30,3325,560,3023,21.354166666666668,77.91000000000001,16.995833333333334,1.8958333333333333,142.16666666666666,0.18000000000000002,70.57416666666667,0.02795029824021032,-0.999609314096404,1.2246467991473532e-16,-1.0,16
2015-07-01,5738,2474,3954,21.84166666666667,77.37166666666667,17.27916666666667,1.3416666666666668,94.08333333333333,0.18000000000000002,70.6275,0.01075130776352193,-0.9999422030204416,-0.4999999999999997,-0.8660254037844388,16
2015-07-02,7097,5219,3514,21.775000000000002,73.09541666666667,16.116666666666667,2.325,329.7916666666667,0.18000000000000002,70.68625,-0.00645086419810515,-0.9999791929590823,-0.4999999999999997,-0.8660254037844388,15
2015-07-03,7214,4619,3988,22.954166666666666,67.06375,15.720833333333333,1.3458333333333334,241.0,0.18000000000000002,70.75166666666667,-0.023651127245231586,-0.9997202729664083,-0.4999999999999997,-0.8660254037844388,15
2015-07-04,7705,7120,2376,25.754166666666666,65.1125,18.020833333333332,3.2416666666666667,169.41666666666666,0.18291666666666664,70.82125,-0.04084439154329611,-0.9991655196610109,-0.4999999999999997,-0.8660254037844388,15
2015-07-05,3893,1112,2940,21.2,73.51833333333333,15.929166666666667,3.345833333333333,243.83333333333334,0.19000000000000003,70.89541666666666,-0.05802556932878035,-0.9983150972033183,-0.4999999999999997,-0.8660254037844388,15
2015-07-06,6273,3975,3848,17.070833333333333,63.130833333333335,9.5625,2.8083333333333336,233.91666666666666,0.19000000000000003,70.97583333333334,-0.07518957641475855,-0.9971692572470178,-0.4999999999999997,-0.8660254037844388,15
2015-07-07,7310,6485,2855,18.758333333333333,60.43833333333333,10.370833333333334,2.983333333333334,164.79166666666666,0.19000000000000003,71.06041666666667,-0.09233133369539122,-0.9957283388645872,-0.4999999999999997,-0.8660254037844388,15
2015-07-08,8334,9918,1695,19.283333333333335,59.7225,10.137500000000001,2.725,209.45833333333334,0.19000000000000003,71.15125,-0.10944576864891556,-0.993992768446958,-0.4999999999999997,-0.8660254037844388,15
2015-07-09,8379,10408,1617,21.775000000000002,48.88625,9.6,2.975,199.95833333333334,0.19000000000000003,71.24791666666667,-0.12652781683868314,-0.9919630595773397,-0.4999999999999997,-0.8660254037844388,15
2015-07-10,7702,8584,1972,24.1125,66.97875,16.908333333333335,3.9958333333333336,160.25,0.19000000000000003,71.35166666666667,-0.1435724234118113,-0.9896398128792412,-0.4999999999999997,-0.8660254037844388,15
2015-07-11,7870,9540,1259,26.287499999999998,63.3225,17.716666666666665,3.3333333333333335,185.125,0.19000000000000003,71.45916666666666,-0.16057454459499376,-0.9870237158387383,-0.4999999999999997,-0.8660254037844388,15
2015-07-12,7395,7961,2342,26.587500000000002,52.34458333333333,14.891666666666667,2.375,270.0416666666667,0.18708333333333335,71.57041666666667,-0.17752914918703497,-0.984115542601034,-0.4999999999999997,-0.8660254037844388,15
2015-07-13,7680,8327,2222,24.133333333333336,63.127916666666664,16.2375,4.116666666666667,300.5,0.18291666666666664,71.68666666666667,-0.19443122004766195,-0.9809161537413774,-0.4999999999999997,-0.8660254037844388,15
2015-07-14,7497,8962,2059,26.254166666666666,57.768750000000004,16.20416666666667,1.3083333333333333,276.2083333333333,0.19000000000000003,71.80958333333334,-0.2112757555821793,-0.9774264960104055,-0.4999999999999997,-0.8660254037844388,15
2015-07-15,4851,2494,2821,25.450000000000003,61.600833333333334,16.875,2.766666666666667,179.25,0.19000000000000003,71.9375,-0.2280577712215198,-0.9736476020539838,-0.4999999999999997,-0.8660254037844388,15
2015-07-16,6876,6411,2770,23.3,70.44333333333334,17.020833333333332,1.9666666666666668,229.66666666666666,0.18708333333333335,72.06916666666667,-0.24477230089725957,-0.9695805901076308,-0.4999999999999997,-0.8660254037844388,15
2015-07-17,2904,1942,2022,19.541666666666668,68.89166666666667,13.341666666666667,2.783333333333333,287.4583333333333,0.18000000000000002,72.20583333333333,-0.2614143985111562,-0.965226663665613,-0.4999999999999997,-0.8660254037844388,15
2015-07-18,7853,9916,1815,19.466666666666665,58.906666666666666,10.299999999999999,4.620833333333334,278.0,0.18000000000000002,72.34708333333333,-0.2779791393987801,-0.9605871111248129,-0.4999999999999997,-0.8660254037844388,15
2015-07-19,8329,11586,1031,23.59166666666667,50.13291666666667,11.1625,3.8958333333333335,279.7083333333333,0.18000000000000002,72.495,-0.2944616217868012,-0.9556633054034704,-0.4999999999999997,-0.8660254037844388,15
2015-07-20,7502,9556,2043,21.095833333333335,53.73041666666666,10.645833333333334,2.8625000000000003,264.625,0.18000000000000002,72.67,-0.3108569682435036,-0.9504567035349151,-0.4999999999999997,-0.8660254037844388,15
2015-07-21,5812,7207,1967,22.820833333333336,55.824999999999996,12.950000000000001,3.1750000000000003,158.375,0.18000000000000002,72.82916666666667,-0.3271603271220951,-0.9449688462364056,-0.4999999999999997,-0.8660254037844388,15
2015-07-22,7991,10588,1199,25.3,61.66708333333333,16.645833333333332,4.25,171.08333333333334,0.18000000000000002,72.99125,-0.34336687399638804,-0.939201357453208,-0.4999999999999997,-0.8660254037844388,15
2015-07-23,7837,10365,1093,26.379166666666666,65.79708333333333,18.104166666666668,3.5416666666666665,199.16666666666666,0.18000000000000002,73.1575,-0.3594718130884232,-0.9331559438780432,-0.4999999999999997,-0.8660254037844388,15
2015-07-24,8018,10771,1229,24.337500000000002,57.020833333333336,13.775,2.5458333333333334,245.66666666666666,0.18000000000000002,73.32916666666667,-0.3754703786876202,-0.9268343944460494,-0.4999999999999997,-0.8660254037844388,15
2015-07-25,6446,6976,1983,25.683333333333334,57.617916666666666,15.995833333333335,3.6041666666666665,178.83333333333334,0.18000000000000002,73.50625000000001,-0.3913578365610259,-0.9202385798054075,-0.4999999999999997,-0.8660254037844388,15
2015-07-26,7936,10479,1108,26.558333333333334,52.787083333333335,14.5625,3.3000000000000003,161.375,0.18000000000000002,73.68583333333333,-0.4071294853542516,-0.9133704517637858,-0.4999999999999997,-0.8660254037844388,15
2015-07-27,7560,8954,1289,26.945833333333336,69.4475,20.166666666666668,5.045833333333333,145.125,0.18000000000000002,73.87083333333334,-0.4227806579826773,-0.9062320427107697,-0.4999999999999997,-0.8660254037844388,15
2015-07-28,6221,6358,2475,21.345833333333335,49.490833333333335,9.333333333333334,8.333333333333334,264.875,0.18000000000000002,74.06041666666667,-0.4383067230125192,-0.898825465016444,-0.4999999999999997,-0.8660254037844388,15
2015-07-29,7696,10702,1354,22.079166666666666,42.935833333333335,8.245833333333334,5.441666666666666,295.0416666666667,0.18000000000000002,74.25416666666666,-0.45370308603134424,-0.8911529104063088,-0.4999999999999997,-0.8660254037844388,15
2015-07-30,8028,11435,955,22.887500000000003,42.19875,8.258333333333335,3.154166666666667,248.5,0.18000000000000002,74.4525,-0.46896519100763184,-0.8832166493127127,-0.4999999999999997,-0.8660254037844388,14
2015-07-31,7967,11349,946,24.17916666666667,41.985,9.170833333333333,2.4166666666666665,208.04166666666666,0.18291666666666664,74.655,-0.48408852163897587,-0.8750190302029955,-0.4999999999999997,-0.8660254037844388,14
2015-08-01,7917,11175,986,25.895833333333332,43.151250000000005,11.258333333333333,2.0458333333333334,222.16666666666666,0.19000000000000003,74.86208333333333,-0.4990686026885319,-0.8665624788845385,-0.8660254037844384,-0.5000000000000004,14
2015-08-02,7797,10898,1079,21.833333333333332,50.0,10.125,3.7624999999999997,337.75,0.19000000000000003,75.07291666666667,-0.5139010013093103,-0.8578494977869301,-0.8660254037844384,-0.5000000000000004,14
2015-08-03,7815,11081,1017,22.0,46.99333333333333,9.033333333333333,1.8,256.9166666666667,0.19000000000000003,75.28750000000001,-0.5285813283559292,-0.8488826652214553,-0.8660254037844384,-0.5000000000000004,14
2015-08-04,7319,8498,1841,23.84166666666667,47.873333333333335,11.058333333333332,2.6041666666666665,136.79166666666666,0.19000000000000003,75.50625000000001,-0.5431052396834317,-0.8396646346181327,-0.8660254037844384,-0.5000000000000004,14
2015-08-05,4565,3764,2119,23.15416666666667,69.61666666666666,16.900000000000002,2.795833333333333,165.41666666666666,0.19000000000000003,75.72916666666667,-0.5574684374327892,-0.8301981337405212,-0.8660254037844384,-0.5000000000000004,14
2015-08-06,4011,2354,2797,22.358333333333334,72.10666666666667,16.775000000000002,1.5625,237.66666666666666,0.19000000000000003,75.95541666666666,-0.5716666713027052,-0.8204859638785327,-0.8660254037844384,-0.5000000000000004,14
2015-08-07,7216,8836,1226,22.53333333333333,52.89958333333334,11.387500000000001,2.1458333333333335,245.66666666666666,0.19000000000000003,76.20916666666666,-0.5856957398073508,-0.8105309990194823,-0.8660254037844384,-0.5000000000000004,14
2015-08-08,6769,7578,1766,22.983333333333334,52.946666666666665,11.887500000000001,1.9375,154.29166666666666,0.19000000000000003,76.44541666666667,-0.5995514915196489,-0.8003361849976323,-0.8660254037844384,-0.5000000000000004,14
2015-08-09,4529,2198,2968,19.645833333333332,71.60291666666667,14.125,1.8875000000000002,140.58333333333334,0.19000000000000003,76.685,-0.6132298262997502,-0.7899045386224707,-0.8660254037844384,-0.5000000000000004,14
2015-08-10,7460,10634,1047,22.795833333333334,57.423750000000005,12.833333333333334,1.7791666666666668,183.16666666666666,0.19000000000000003,76.92666666666666,-0.6267266965083301,-0.7792391467859886,-0.8660254037844384,-0.5000000000000004,14
2015-08-11,7500,10806,1004,24.683333333333334,49.40416666666667,12.1625,3.158333333333333,157.125,0.19000000000000003,77.17375,-0.6400381082043503,-0.7683431655492202,-0.8660254037844384,-0.5000000000000004,14
2015-08-12,6639,7505,1949,28.316666666666666,57.77458333333333,18.245833333333334,2.8625000000000003,177.58333333333334,0.19000000000000003,77.42333333333333,-0.65316012232693,-0.7572198192083127,-0.8660254037844384,-0.5000000000000004,14
2015-08-13,6339,7577,1570,27.954166666666666,56.28125,17.708333333333332,1.554166666666667,212.20833333333334,0.18708333333333335,77.6775,-0.666088855860977,-0.7458723993404063,-0.8660254037844384,-0.5000000000000004,14
2015-08-14,7088,9025,1438,28.545833333333334,49.298750000000005,15.608333333333334,3.004166666666667,154.83333333333334,0.18000000000000002,77.93375,-0.6788204829862355,-0.734304263829602,-0.8660254037844384,-0.5000000000000004,14
2015-08-15,6320,7659,2026,28.650000000000002,51.36708333333333,16.724999999999998,5.079166666666667,240.33333333333334,0.18000000000000002,78.19500000000001,-0.6913512362094071,-0.722518835873311,-0.8660254037844384,-0.5000000000000004,14
2015-08-16,3947,1537,2739,18.01666666666667,57.32750000000001,8.958333333333334,3.579166666666667,329.2083333333333,0.18000000000000002,78.45666666666666,-0.7036774074790128,-0.7105196029692745,-0.8660254037844384,-0.5000000000000004,14
2015-08-17,5010,4468,2439,18.645833333333332,52.879583333333336,7.945833333333334,1.2833333333333334,90.54166666666667,0.18000000000000002,78.72333333333333,-0.7157953492826642,-0.6983101158835584,-0.8660254037844384,-0.5000000000000004,14
2015-08-18,3550,790,3031,16.1375,67.13708333333334,9.566666666666666,2.1166666666666667,138.58333333333334,0.18000000000000002,78.99166666666666,-0.7277014757264236,-0.6858939875998223,-0.8660254037844384,-0.5000000000000004,14
2015-08-19,6893,9279,1475,17.979166666666668,53.42791666666667,7.704166666666667,2.5583333333333336,286.375,0.18000000000000002,79.26291666666667,-0.7393922635959241,-0.673274892250183,-0.8660254037844384,-0.5000000000000004,14
2015-08-20,6989,10040,1040,20.64166666666667,49.89958333333333,8.766666666666667,3.204166666666667,191.58333333333334,0.18000000000000002,79.54041666666667,-0.7508642533989489,-0.6604565640279754,-0.8660254037844384,-0.5000000000000004,14
2015-08-21,5658,3717,3329,24.079166666666666,55.1325,12.991666666666667,3.545833333333334,188.04166666666666,0.18000000000000002,79.81666666666666,-0.7621140503891487,-0.6474427960827475,-0.8660254037844384,-0.5000000000000004,14
2015-08-22,1936,309,1875,15.729166666666666,72.01958333333333,10.529166666666667,7.2,270.6666666666667,0.18000000000000002,80.09708333333333,-0.7731383255706026,-0.6342374393978054,-0.8660254037844384,-0.5000000000000004,14
2015-08-23,7151,11211,805,13.700000000000001,53.48583333333334,3.5750000000000006,5.541666666666667,316.4583333333333,0.18000000000000002,80.37916666666666,-0.7839338166829201,-0.620844401650647,-0.8660254037844384,-0.5000000000000004,14
2015-08-24,6964,9782,1104,15.787500000000001,50.00625,3.9583333333333335,1.75,260.5,0.18000000000000002,80.665,-0.7944973291665992,-0.6072676460566135,-0.8660254037844384,-0.5000000000000004,13
2015-08-25,6059,6111,2380,17.816666666666666,51.94416666666667,6.862500000000001,3.0749999999999997,157.125,0.18000000000000002,80.9525,-0.8048257371083452,-0.593511190196115,-0.8660254037844384,-0.5000000000000004,13
2015-08-26,5167,3938,2845,18.958333333333332,69.46791666666667,12.7875,2.154166666666667,142.66666666666666,0.18000000000000002,81.24416666666667,-0.8149159841660791,-0.5795791048257612,-0.8660254037844384,-0.5000000000000004,13
2015-08-27,5086,3562,3065,20.3,81.00291666666666,16.587500000000002,1.7958333333333334,179.33333333333334,0.18000000000000002,81.53625000000001,-0.8247650844733614,-0.5654755126737576,-0.8660254037844384,-0.5000000000000004,13
2015-08-28,5255,3310,3133,24.1375,62.42625,15.679166666666667,2.7875,230.91666666666666,0.18000000000000002,81.83125,-0.8343701235229537,-0.5512045872199277,-0.8660254037844384,-0.5000000000000004,13
2015-08-29,5510,4822,2627,25.224999999999998,53.01125,13.566666666666668,2.4125,213.08333333333334,0.18000000000000002,82.1525,-0.8437282590292712,-0.5367705514607103,-0.8660254037844384,-0.5000000000000004,13
2015-08-30,5258,4086,2816,26.337500000000002,53.16458333333333,14.575000000000001,3.658333333333333,164.16666666666666,0.18000000000000002,82.45291666666667,-0.8528367217694595,-0.522177676659508,-0.8660254037844384,-0.5000000000000004,13
2015-08-31,5258,4525,2754,21.679166666666664,51.96458333333334,10.125,3.283333333333333,253.5,0.18000000000000002,82.75625000000001,-0.8616928164028521,-0.5074302810827518,-0.8660254037844384,-0.5000000000000004,13
2015-09-01,6029,8024,1391,23.195833333333336,59.55666666666667,14.191666666666668,2.4958333333333336,165.625,0.18000000000000002,83.06083333333333,-0.8702939222685674,-0.49253272872205434,-1.0,-1.8369701987210297e-16,13
2015-09-02,6134,8680,1100,25.704166666666666,59.40291666666667,15.3125,2.8041666666666667,154.45833333333334,0.18000000000000002,83.36791666666666,-0.8786374941610001,-0.4774894280028391,-1.0,-1.8369701987210297e-16,13
2015-09-03,4104,3315,2110,27.391666666666666,59.02708333333334,16.908333333333335,3.904166666666667,170.0,0.18000000000000002,83.67708333333333,-0.886721063082993,-0.46230483047981086,-1.0,-1.8369701987210297e-16,13
2015-09-04,3267,3606,1532,24.379166666666666,72.68208333333332,18.658333333333335,2.2833333333333337,123.66666666666667,0.18291666666666664,83.98791666666666,-0.8945422369764496,-0.4469834295196741,-1.0,-1.8369701987210297e-16,13
2015-09-05,1488,520,1307,20.837500000000002,83.59208333333333,17.75,2.7916666666666665,96.0,0.19000000000000003,84.29958333333333,-0.9020987014301837,-0.43152975897147144,-1.0,-1.8369701987210297e-16,13
2015-09-06,5921,8382,979,18.1125,55.53125,7.504166666666666,4.120833333333334,293.875,0.19000000000000003,84.61208333333333,-0.9093882203647925,-0.4159483918249421,-1.0,-1.8369701987210297e-16,13
2015-09-07,2564,2268,1746,16.504166666666666,53.88833333333333,6.641666666666667,2.3458333333333337,175.45833333333334,0.19000000000000003,84.92791666666666,-0.9164086366943458,-0.4002439388573056,-1.0,-1.8369701987210297e-16,13
2015-09-08,5510,7912,1435,15.829166666666666,51.93166666666667,4.858333333333333,3.0250000000000004,286.0,0.18708333333333335,85.24374999999999,-0.9231578729647039,-0.38442104726885545,-1.0,-1.8369701987210297e-16,13
2015-09-09,4001,2007,2801,16.479166666666668,54.42333333333334,6.479166666666667,2.6666666666666665,226.83333333333334,0.18000000000000002,85.56291666666668,-0.9296339319682695,-0.3684843993077793,-1.0,-1.8369701987210297e-16,13
2015-09-10,5317,7004,1538,12.862499999999999,55.95083333333333,3.3375000000000004,2.3375,99.33333333333333,0.18291666666666664,85.8825,-0.9358348973349941,-0.35243871088460327,-1.0,-1.8369701987210297e-16,13
2015-09-11,5924,9459,845,14.095833333333333,53.58041666666667,3.8625000000000003,1.2416666666666667,230.04166666666666,0.19000000000000003,86.20208333333333,-0.9417589340994617,-0.33628873017668287,-1.0,-1.8369701987210297e-16,13
2015-09-12,5760,9186,970,18.275000000000002,55.79791666666667,8.1875,2.8874999999999997,215.29166666666666,0.19000000000000003,86.52416666666666,-0.9474042892438845,-0.32003923622313857,-1.0,-1.8369701987210297e-16,13
2015-09-13,5802,9791,749,21.495833333333334,55.596666666666664,10.450000000000001,3.9958333333333336,203.625,0.18708333333333335,86.84708333333333,-0.9527692922168511,-0.30369503751065885,-1.0,-1.8369701987210297e-16,13
2015-09-14,4753,4981,2129,17.400000000000002,67.90125,10.716666666666667,3.316666666666667,73.0,0.18000000000000002,87.17166666666667,-0.9578523554276669,-0.28726097055059635,-1.0,-1.8369701987210297e-16,13
2015-09-15,3611,2500,2262,20.8,65.30208333333333,13.345833333333333,3.475,182.95833333333334,0.18000000000000002,87.495,-0.9626519747161487,-0.2707418984477642,-1.0,-1.8369701987210297e-16,13
2015-09-16,5104,6780,1329,19.175,58.28625,9.779166666666667,2.929166666666667,180.75,0.18000000000000002,87.82000000000001,-0.9671667297977312,-0.2541427094613622,-1.0,-1.8369701987210297e-16,12
2015-09-17,4515,5216,1899,15.029166666666667,57.04,5.825,4.4125000000000005,258.3333333333333,0.18000000000000002,88.14375,-0.97139528468375,-0.23746831555846842,-1.0,-1.8369701987210297e-16,12
2015-09-18,3550,4335,1481,12.125,64.95625,5.445833333333334,1.6333333333333335,263.625,0.18000000000000002,88.47041666666667,-0.9753363880767837,-0.2207236509605022,-1.0,-1.8369701987210297e-16,12
2015-09-19,4920,6092,1544,15.145833333333334,55.335,5.2250000000000005,4.045833333333333,201.33333333333334,0.18000000000000002,88.79583333333333,-0.9789888737409319,-0.20391367068311472,-1.0,-1.8369701987210297e-16,12
2015-09-20,5322,9127,658,18.345833333333335,51.42416666666667,7.0625,2.795833333333334,250.16666666666666,0.18000000000000002,89.12416666666667,-0.9823516608469237,-0.18704334906991657,-1.0,-1.8369701987210297e-16,12
2015-09-21,5277,9271,663,19.7,49.19083333333333,7.870833333333334,4.316666666666667,242.75,0.18000000000000002,89.45041666666667,-0.9854237542919524,-0.17011767832049052,-1.0,-1.8369701987210297e-16,12
2015-09-22,3843,4238,1597,14.304166666666667,42.265,0.24583333333333335,3.4166666666666665,63.958333333333336,0.18000000000000002,89.77541666666667,-0.9882042449941422,-0.15314166701312007,-1.0,-1.8369701987210297e-16,12
2015-09-23,3847,4600,1370,16.1375,63.93125,8.920833333333333,3.5833333333333335,116.41666666666667,0.18000000000000002,90.12958333333334,-0.9906923101615609,-0.13612033862266704,-1.0,-1.8369701987210297e-16,12
2015-09-24,3319,4334,1593,19.14166666666667,73.42875,13.549999999999999,2.2708333333333335,165.79166666666666,0.18000000000000002,90.45583333333333,-0.9928872135356962,-0.11905873003404988,-1.0,-1.8369701987210297e-16,11
2015-09-25,3908,5533,1195,19.854166666666668,72.0175,13.975,4.408333333333334,175.33333333333334,0.18000000000000002,90.78500000000001,-0.994788305609327,-0.10196189005174576,-1.0,-1.8369701987210297e-16,11
2015-09-26,4841,8002,790,21.8625,65.84375,14.241666666666667,6.25,179.29166666666666,0.18000000000000002,91.11333333333333,-0.9963950238187231,-0.08483487790576538,-1.0,-1.8369701987210297e-16,11
2015-09-27,4680,7253,901,19.179166666666667,59.961666666666666,10.445833333333333,3.0750000000000006,93.25,0.18000000000000002,91.44,-0.9977068927101168,-0.06768276175455162,-1.0,-1.8369701987210297e-16,11
2015-09-28,4590,7086,888,13.845833333333333,46.10541666666666,0.9708333333333333,2.704166666666667,71.70833333333333,0.18000000000000002,91.79083333333334,-0.9987235240803972,-0.050510617185222886,-1.0,-1.8369701987210297e-16,11
2015-09-29,4276,6074,1565,13.829166666666667,53.99916666666667,4.104166666666667,3.9708333333333337,168.70833333333334,0.18000000000000002,92.11916666666667,-0.9994446170919858,-0.033323525711631344,-1.0,-1.8369701987210297e-16,11
2015-09-30,4688,8447,707,16.325,59.609166666666674,8.091666666666667,5.1625000000000005,163.83333333333334,0.18000000000000002,92.44833333333334,-0.9998699583618592,-0.016126573270657762,-1.0,-1.8369701987210297e-16,11
2015-10-01,3347,3177,1822,15.366666666666667,52.9275,5.429166666666667,5.933333333333334,142.20833333333334,0.18000000000000002,92.77666666666666,-0.9999994220246925,0.001075151282798226,-0.8660254037844386,0.5000000000000001,11
2015-10-02,1117,105,1068,10.633333333333333,62.85916666666666,3.766666666666667,6.066666666666667,142.25,0.18291666666666664,93.10208333333333,-0.999832969770105,0.018276557681691223,-0.8660254037844386,0.5000000000000001,11
2015-10-03,990,20,979,8.983333333333333,73.10458333333334,4.379166666666667,5.320833333333334,140.5,0.19000000000000003,93.42916666666667,-0.9993706508539969,0.03547255575312556,-0.8660254037844386,0.5000000000000001,11
2015-10-04,543,1,542,11.045833333333334,75.59208333333333,6.758333333333334,3.2416666666666667,189.0,0.19000000000000003,93.75541666666668,-0.9986126020839734,0.052658056924614005,-0.8660254037844386,0.5000000000000001,11
2015-10-05,1302,399,1238,10.625,71.87333333333333,5.391666666666667,1.6083333333333334,298.625,0.19000000000000003,94.08041666666666,-0.9975590477788613,0.06982797572987089,-0.8660254037844386,0.5000000000000001,11
2015-10-06,4419,8236,644,10.354166666666666,67.59708333333333,3.7833333333333337,2.079166666666667,238.91666666666666,0.19000000000000003,94.40499999999999,-0.9962102997023297,0.0869772313136861,-0.8660254037844386,0.5000000000000001,11
2015-10-07,2164,875,1900,13.716666666666667,60.499583333333334,5.991666666666667,4.391666666666667,214.75,0.19000000000000003,94.72874999999999,-0.9945667569706337,0.1041007489354256,-0.8660254037844386,0.5000000000000001,11
2015-10-08,3550,5605,899,11.858333333333334,62.47958333333333,4.516666666666667,3.5583333333333336,246.20833333333334,0.18708333333333335,95.05083333333334,-0.9926289059345095,0.121193461470736,-0.8660254037844386,0.5000000000000001,11
2015-10-09,2931,2974,1722,12.4125,68.30041666666666,6.420833333333333,3.5583333333333336,195.91666666666666,0.18000000000000002,95.37,-0.9903973200352558,0.1382503109109819,-0.8660254037844386,0.5000000000000001,11
2015-10-10,3689,6096,1048,19.462500000000002,55.45875,9.316666666666666,3.3249999999999997,256.6666666666667,0.18000000000000002,95.69208333333334,-0.9878726596350429,0.15526624985999563,-0.8660254037844386,0.5000000000000001,11
2015-10-11,3145,4795,1224,17.341666666666665,50.47083333333333,6.4375,7.420833333333333,262.4583333333333,0.18000000000000002,96.00999999999999,-0.9850556718215013,0.172236243027682,-0.8660254037844386,0.5000000000000001,11
2015-10-12,3754,6840,839,11.129166666666668,51.977916666666665,1.1625,6.841666666666666,300.75,0.18000000000000002,96.32416666666667,-0.981947190186646,0.18915526872004093,-0.8660254037844386,0.5000000000000001,11
2015-10-13,4142,8848,519,11.729166666666666,48.87708333333333,0.6291666666666668,3.679166666666667,290.5416666666667,0.18000000000000002,96.64041666666667,-0.9785481345802031,0.20601832032517084,-0.8660254037844386,0.5000000000000001,11
2015-10-14,3778,6638,833,11.162500000000001,50.06333333333333,0.1416666666666667,3.154166666666667,309.6666666666667,0.18000000000000002,96.95375,-0.9748595108374125,0.22282040779479959,-0.8660254037844386,0.5000000000000001,11
2015-10-15,4009,8726,511,7.208333333333333,54.58041666666667,-1.8500000000000003,4.1125,323.75,0.18000000000000002,97.26375,-0.9708824104813836,0.23955655912092708,-0.8660254037844386,0.5000000000000001,11
2015-10-16,3124,4498,1361,6.554166666666667,56.03375,-2.3541666666666665,1.5708333333333335,200.375,0.18000000000000002,97.57333333333334,-0.9666180104000972,0.2562218218071163,-0.8660254037844386,0.5000000000000001,11
2015-10-17,3837,8318,540,7.3875,54.870000000000005,-1.9708333333333334,3.6458333333333335,135.83333333333334,0.18000000000000002,97.88041666666668,-0.9620675724981452,0.27281126433401914,-0.8660254037844386,0.5000000000000001,11
2015-10-18,3613,7420,589,12.383333333333333,66.01166666666667,5.720833333333334,3.7375000000000003,191.29166666666666,0.18000000000000002,98.18708333333332,-0.957232443323312,0.28931997761869527,-0.8660254037844386,0.5000000000000001,11
2015-10-19,3346,5709,1096,13.033333333333333,58.94083333333333,4.4875,2.9625000000000004,119.20833333333333,0.18000000000000002,98.49000000000001,-0.9521140536681102,0.3057430764672831,-0.8660254037844386,0.5000000000000001,11
2015-10-20,3099,4373,1160,13.1,67.09541666666667,6.595833333333334,4.683333333333334,193.41666666666666,0.18000000000000002,98.79125,-0.9467139181463862,0.3220757010206104,-0.8660254037844386,0.5000000000000001,11
2015-10-21,3652,8244,514,9.3625,53.965,-0.5833333333333334,3.358333333333334,280.5416666666667,0.18000000000000002,99.08875,-0.9410336347451197,0.3383130181923076,-0.8660254037844386,0.5000000000000001,11
2015-10-22,3526,7748,508,9.558333333333334,57.24208333333333,0.29583333333333334,3.3958333333333335,170.41666666666666,0.18000000000000002,99.385,-0.9350748843515574,0.3544502230989869,-0.8660254037844386,0.5000000000000001,11
2015-10-23,710,53,683,7.041666666666667,85.21625,4.695833333333334,3.920833333333334,257.9583333333333,0.18291666666666664,99.67666666666668,-0.9288394302558068,0.3704825404820963,-0.8660254037844386,0.5000000000000001,11
2015-10-24,3338,6827,594,8.033333333333333,61.59041666666667,0.39166666666666666,2.3625000000000003,203.91666666666666,0.18708333333333335,99.96791666666667,-0.9223291176290545,0.3864052261209853,-0.8660254037844386,0.5000000000000001,11
2015-10-25,1005,283,968,5.0625,77.80041666666666,1.1708333333333334,2.0625,72.08333333333333,0.18000000000000002,100.25416666666666,-0.9155458729775467,0.40221356823680365,-0.8660254037844386,0.5000000000000001,11
2015-10-26,1734,543,1491,4.320833333333334,88.72000000000001,2.5333333333333337,3.8958333333333335,89.54166666666667,0.18000000000000002,100.53750000000001,-0.9084917035725082,0.41790288888678667,-0.8660254037844386,0.5000000000000001,10
2015-10-27,987,165,957,5.487500000000001,85.09083333333334,3.1041666666666665,4.108333333333333,237.20833333333334,0.18000000000000002,100.82083333333333,-0.9011686968561569,0.4334685453485363,-0.8660254037844386,0.5000000000000001,10
2015-10-28,783,17,778,0.9333333333333335,63.91166666666667,-5.270833333333334,6.995833333333334,316.125,0.18000000000000002,101.09708333333333,-0.8935790198239952,0.4489059314938798,-0.8660254037844386,0.5000000000000001,10
2015-10-29,1472,1021,1288,0.8125000000000001,74.67833333333333,-3.483333333333334,2.845833333333333,253.08333333333334,0.18000000000000002,101.37208333333332,-0.8857249183835637,0.4642104791518923,-0.8660254037844386,0.5000000000000001,10
2015-10-30,2796,5383,719,6.358333333333333,67.60416666666667,0.30416666666666664,3.204166666666667,228.0,0.18000000000000002,101.64458333333334,-0.8776087166898392,0.4793776594606945,-0.8660254037844386,0.5000000000000001,9
2015-10-31,2958,6268,694,8.245833333333334,58.504583333333336,0.11249999999999998,5.9375,282.2916666666667,0.18000000000000002,101.93833333333333,-0.8692328164574792,0.49440298420761813,-0.8660254037844386,0.5000000000000001,9
2015-11-01,2042,2251,1142,9.158333333333333,61.81375,1.991666666666667,2.9000000000000004,247.91666666666666,0.18000000000000002,102.20458333333333,-0.8605996962501181,0.5092820071573356,-0.5000000000000004,0.8660254037844384,9
2015-11-02,2565,4758,1020,8.116666666666667,66.88791666666667,1.5416666666666667,2.5208333333333335,235.91666666666666,0.18000000000000002,102.46833333333332,-0.8517119107469189,0.5240103253675756,-0.5000000000000004,0.8660254037844384,9
2015-11-03,1409,708,1117,6.1625000000000005,74.83291666666666,1.7083333333333333,4.208333333333333,60.208333333333336,0.18000000000000002,102.7275,-0.8425720899866032,0.5385835804920232,-0.5000000000000004,0.8660254037844384,9
2015-11-04,452,467,384,4.2,87.40833333333335,2.2458333333333336,3.8958333333333335,249.33333333333334,0.18000000000000002,102.98041666666667,-0.8331829385891785,0.5529974600700271,-0.5000000000000004,0.8660254037844384,9
2015-11-05,788,144,724,2.7624999999999997,82.06166666666667,-0.12916666666666668,4.020833333333333,305.7916666666667,0.18000000000000002,103.25958333333334,-0.8235472349556007,0.5672476988027229,-0.5000000000000004,0.8660254037844384,9
2015-11-06,1149,758,1008,0.6375000000000001,73.4025,-3.7708333333333335,3.9916666666666667,293.9583333333333,0.18000000000000002,103.50833333333333,-0.8136678304455991,0.5813300798152042,-0.5000000000000004,0.8660254037844384,9
2015-11-07,2617,5622,646,3.2916666666666665,62.94375,-3.7458333333333336,3.5,229.16666666666666,0.18000000000000002,103.75541666666668,-0.8035476485339116,0.5952404359043674,-0.5000000000000004,0.8660254037844384,9
2015-11-08,2757,7143,411,6.3125,62.02333333333333,-0.9375,1.991666666666667,246.91666666666666,0.18000000000000002,103.99666666666667,-0.7931896839451843,0.6089746507720486,-0.5000000000000004,0.8660254037844384,9
2015-11-09,2107,3136,1151,6.958333333333333,61.780833333333334,-0.17916666666666659,1.5291666666666668,175.45833333333334,0.18000000000000002,104.235,-0.7825970017677834,0.6225286602431057,-0.5000000000000004,0.8660254037844384,9
2015-11-10,614,479,555,3.2625000000000006,86.80791666666666,1.1500000000000001,2.7624999999999997,326.7916666666667,0.18000000000000002,104.46708333333333,-0.7717727365467837,0.6358984534680745,-0.5000000000000004,0.8660254037844384,9
2015-11-11,704,673,628,0.7125,87.2275,-1.2791666666666668,2.8541666666666665,326.0,0.18000000000000002,104.69708333333334,-0.7607200913564104,0.6490800741100398,-0.5000000000000004,0.8660254037844384,9
2015-11-12,2594,6479,519,1.1125,65.16583333333334,-5.366666666666667,5.883333333333333,299.375,0.18000000000000002,104.92041666666667,-0.7494423368521953,0.6620696215153815,-0.5000000000000004,0.8660254037844384,9
2015-11-13,2316,4917,633,3.179166666666667,60.140416666666674,-4.316666666666667,3.9791666666666665,218.91666666666666,0.18000000000000002,105.1425,-0.7379428103031386,0.6748632518680403,-0.5000000000000004,0.8660254037844384,9
2015-11-14,2143,3580,775,8.1625,65.01375,1.6458333333333333,2.4583333333333335,230.79166666666666,0.18000000000000002,105.35958333333333,-0.7262249146041543,0.6874571793269664,-0.5000000000000004,0.8660254037844384,9
2015-11-15,2451,6755,398,7.666666666666667,74.00791666666667,2.7583333333333333,3.4791666666666665,155.25,0.18000000000000002,105.57083333333333,-0.7142921172691032,0.699847677146407,-0.5000000000000004,0.8660254037844384,9
2015-11-16,2001,3555,861,5.5,77.1075,1.4750000000000003,4.933333333333334,227.08333333333334,0.18000000000000002,105.77708333333334,-0.7021479494046978,0.7120310787787131,-0.5000000000000004,0.8660254037844384,9
2015-11-17,2011,4115,657,1.2583333333333335,56.80625,-6.75,4.104166666666667,309.5416666666667,0.18000000000000002,105.97791666666666,-0.6897960046655887,0.7240037789593305,-0.5000000000000004,0.8660254037844384,9
2015-11-18,724,102,685,0.6875,55.04791666666667,-7.520833333333333,8.554166666666667,272.125,0.18000000000000002,106.17666666666668,-0.6772399381909491,0.7357622347736527,-0.5000000000000004,0.8660254037844384,9
2015-11-19,2461,7089,395,-3.3250000000000006,42.939166666666665,-14.604166666666666,7.583333333333333,295.4583333333333,0.18000000000000002,106.36666666666667,-0.6644834655228552,0.7473029667054297,-0.5000000000000004,0.8660254037844384,9
2015-11-20,2324,6288,497,-3.3125,51.30875,-12.129166666666668,2.4083333333333337,216.70833333333334,0.18000000000000002,106.55541666666666,-0.6515303615068021,0.75862255966641,-0.5000000000000004,0.8660254037844384,9
2015-11-21,1425,913,1190,-4.625,65.52041666666666,-10.3125,2.0416666666666665,263.5833333333333,0.18000000000000002,106.73583333333333,-0.6383844591746642,0.769717664006921,-0.5000000000000004,0.8660254037844384,9
2015-11-22,2229,6266,437,0.7208333333333333,63.61958333333333,-5.591666666666668,5.154166666666667,282.0416666666667,0.18000000000000002,106.91458333333333,-0.6250496486104377,0.7805849965070866,-0.5000000000000004,0.8660254037844384,9
2015-11-23,1915,3951,743,0.2541666666666666,65.545,-5.6000000000000005,2.204166666666667,222.5,0.18000000000000002,107.085,-0.6115298757991053,0.7912213413483807,-0.5000000000000004,0.8660254037844384,9
2015-11-24,1963,4273,605,0.42083333333333334,73.39916666666666,-3.866666666666667,3.358333333333334,153.58333333333334,0.18000000000000002,107.2525,-0.5978291414589552,0.801623551065242,-0.5000000000000004,0.8660254037844384,9
2015-11-25,498,5,495,-2.8125,73.17958333333333,-7.029166666666666,5.170833333333333,341.9166666666667,0.36083333333333334,107.41208333333333,-0.5839514998576998,0.8117885474764613,-0.5000000000000004,0.8660254037844384,9
2015-11-26,1646,3010,857,-8.975,59.77916666666667,-15.5,2.2458333333333336,278.375,0.6220833333333334,107.56708333333334,-0.5699010576127624,0.821713322596059,-0.5000000000000004,0.8660254037844384,9
2015-11-27,2225,6966,360,-7.729166666666667,61.08708333333333,-14.429166666666667,2.8958333333333335,236.125,0.19000000000000003,107.71833333333335,-0.5556819724760489,0.8313949395234058,-0.5000000000000004,0.8660254037844384,9
2015-11-28,2103,6072,428,-4.2250000000000005,58.70416666666667,-11.445833333333333,2.3000000000000003,243.375,0.19000000000000003,107.86208333333333,-0.5412984521036173,0.8408305333122887,-0.5000000000000004,0.8660254037844384,9
2015-11-29,994,557,880,-2.654166666666667,80.62291666666667,-5.6625000000000005,1.8250000000000002,182.45833333333334,0.19000000000000003,108.00208333333335,-0.5267547528105542,0.8500173118187018,-0.5000000000000004,0.8660254037844384,9
2015-11-30,937,165,894,-3.4583333333333335,85.38083333333333,-5.6375,1.8416666666666668,98.75,0.3445833333333333,108.13666666666667,-0.5120551783114646,0.8589525565270845,-0.5000000000000004,0.8660254037844384,9
2015-12-01,493,336,473,-2.6999999999999997,78.07125,-6.087500000000001,4.266666666666667,293.2916666666667,0.7404166666666666,108.26291666666667,-0.4972040784469378,0.8676336233547726,-2.4492935982947064e-16,1.0,9
2015-12-02,2103,6602,393,-3.429166666666667,76.9325,-7.0125,3.079166666666667,285.3333333333333,0.7579166666666667,108.38541666666667,-0.4822058478963526,0.8760579434344281,-2.4492935982947064e-16,1.0,9
2015-12-03,1977,6026,349,-0.04166666666666665,82.70541666666666,-2.7125000000000004,2.7583333333333333,246.125,0.6741666666666667,108.5025,-0.46706492487743034,0.8842230238742036,-2.4492935982947064e-16,1.0,9
2015-12-04,1992,6050,372,0.5416666666666666,81.75500000000001,-2.3625000000000003,4.4875,196.08333333333334,0.6570833333333334,108.6125,-0.451785789832884,0.8921264484954345,-2.4492935982947064e-16,1.0,9
2015-12-05,1474,2837,770,1.0666666666666667,86.86458333333333,-0.9375,2.691666666666667,297.125,0.65,108.71666666666665,-0.4363729641045924,0.8997658785476209,-2.4492935982947064e-16,1.0,9
2015-12-06,1702,3726,709,0.7583333333333333,84.7625,-1.6958333333333335,3.016666666666667,209.70833333333334,0.51,108.81458333333335,-0.42083100859565564,0.9071390534005044,-2.4492935982947064e-16,1.0,9
2015-12-07,1554,3031,707,2.6208333333333336,76.51833333333333,-1.2416666666666667,3.2208333333333337,256.9583333333333,0.17,108.90875,-0.4051645224207563,0.9142437912130223,-2.4492935982947064e-16,1.0,9
2015-12-08,765,555,691,2.5333333333333337,90.59541666666667,1.0291666666666668,2.9875000000000003,286.375,0.17,108.99458333333332,-0.3893781415452015,0.9210779895789526,-2.4492935982947064e-16,1.0,9
2015-12-09,1279,1514,858,5.75,85.05458333333333,3.3125,3.420833333333334,254.16666666666666,0.17,109.07625,-0.37347653741307074,0.9276396261490467,-2.4492935982947064e-16,1.0,9
2015-12-10,815,1029,531,1.6500000000000001,77.37833333333333,-2.0375,5.541666666666667,251.66666666666666,0.3275,109.14916666666666,-0.3574644155648614,0.9339267592294762,-2.4492935982947064e-16,1.0,9
2015-12-11,325,175,316,-2.0416666666666665,86.88333333333333,-3.9875000000000003,1.9000000000000001,100.0,0.7158333333333333,109.21625,-0.34134651424503615,0.9399375283564133,-2.4492935982947064e-16,1.0,9
2015-12-12,741,571,653,-2.066666666666667,89.51166666666667,-3.608333333333334,1.9541666666666668,170.83333333333334,0.7270833333333333,109.27749999999999,-0.3251276029999093,0.9456701548465688,-2.4492935982947064e-16,1.0,9
2015-12-13,783,1799,437,-2.3208333333333333,89.98291666666667,-3.8125,1.8499999999999999,135.08333333333334,0.7287499999999999,109.33291666666668,-0.30881248126625377,0.9511229423235357,-2.4492935982947064e-16,1.0,9
2015-12-14,822,1449,494,-3.225,87.57541666666667,-5.029166666666667,3.1666666666666665,23.333333333333332,0.75875,109.38333333333333,-0.29240597695107734,0.9562942772197719,-2.4492935982947064e-16,1.0,8
2015-12-15,345,0,345,-4.375000000000001,77.36,-7.783333333333334,3.9083333333333337,25.5,0.7858333333333333,109.42541666666666,-0.27591294500296043,0.9611826292540837,-2.4492935982947064e-16,1.0,8
2015-12-16,479,20,472,-5.6875,78.53958333333334,-8.841666666666667,6.104166666666667,320.375,0.8000000000000002,109.46291666666667,-0.2593382659754056,0.9657865518844574,-2.4492935982947064e-16,1.0,8
2015-12-17,1514,3399,580,-9.112499999999999,69.2075,-13.866666666666667,5.479166666666667,303.5,0.8000000000000002,109.49166666666667,-0.2426868445825954,0.9701046827361175,-2.4492935982947064e-16,1.0,8
2015-12-18,614,1106,469,-12.308333333333332,64.25916666666667,-17.758333333333333,3.891666666666667,292.0833333333333,0.8000000000000002,109.51583333333333,-0.22596360824801906,0.974135744004672,-2.4492935982947064e-16,1.0,8
2015-12-19,589,18,585,-8.541666666666666,80.16166666666668,-11.475,3.0124999999999997,187.29166666666666,0.8000000000000002,109.53500000000001,-0.20917350564635637,0.9778785428342386,-2.4492935982947064e-16,1.0,8
2015-12-20,954,1814,570,-7.066666666666666,86.10375,-9.049999999999999,2.029166666666667,231.66666666666666,0.8000000000000002,109.5475,-0.19232150523909483,0.9813319716704275,-2.4492935982947064e-16,1.0,8
2015-12-21,693,1128,539,-6.241666666666667,89.35625,-7.737500000000001,3.5124999999999997,179.58333333333334,0.8000000000000002,109.55250000000001,-0.17541259380427843,0.9844950085880858,-2.4492935982947064e-16,1.0,8
2015-12-22,486,337,464,-4.820833333333334,89.72583333333334,-6.279166666666668,3.566666666666667,212.95833333333334,0.8000000000000002,109.55250000000001,-0.15845177496083632,0.9873667175937016,-2.4492935982947064e-16,1.0,8
2015-12-23,795,757,567,-7.5249999999999995,87.62708333333335,-9.254166666666666,2.441666666666667,321.125,0.8000000000000002,109.54458333333334,-0.14144406768794202,0.9899462489023779,-2.4492935982947064e-16,1.0,8
2015-12-24,544,334,521,-7.620833333333334,85.73458333333333,-9.604166666666666,1.3875000000000002,210.375,0.8000000000000002,109.53125,-0.12439450483979998,0.9922328391893008,-2.4492935982947064e-16,1.0,8
2015-12-25,540,366,512,-9.333333333333334,80.82791666666667,-12.091666666666667,3.804166666666667,88.75,0.8000000000000002,109.50958333333334,-0.10730813165636247,0.9942258118156161,-2.4492935982947064e-16,1.0,8
2015-12-26,1532,3723,563,-13.770833333333334,67.76083333333334,-18.529166666666665,3.254166666666667,169.91666666666666,0.8000000000000002,109.48125,-0.09019000427034513,0.9959245770286599,-2.4492935982947064e-16,1.0,8
2015-12-27,1345,3816,349,-13.845833333333333,81.62583333333333,-16.354166666666668,3.0583333333333336,199.29166666666666,0.8000000000000002,109.45083333333334,-0.07304518821104743,0.9973286321364752,-2.4492935982947064e-16,1.0,8
2015-12-28,788,834,587,-12.145833333333334,72.49916666666667,-16.170833333333334,3.720833333333333,133.91666666666666,0.8000000000000002,109.41208333333333,-0.05587875690537313,0.9984375616565666,-2.4492935982947064e-16,1.0,8
2015-12-29,557,12,554,-9.941666666666666,74.30875,-13.654166666666667,1.0041666666666667,161.83333333333334,0.8000000000000002,109.3675,-0.03869579017652689,0.9992510374388481,-2.4492935982947064e-16,1.0,8
2015-12-30,409,1,408,-11.4375,75.50500000000001,-14.954166666666666,2.2416666666666667,293.1666666666667,0.8000000000000002,109.31541666666668,-0.021501372740813793,0.999768818762748,-2.4492935982947064e-16,1.0,8
2015-12-31,1677,4939,392,-9.154166666666667,79.68375,-12.058333333333332,5.308333333333334,287.5833333333333,0.8000000000000002,109.25041666666668,-0.004300592702981974,0.9999907524084426,-2.4492935982947064e-16,1.0,8
2016-01-01,1897,6014,353,-5.245833333333334,76.06875000000001,-8.845833333333333,5.116666666666667,290.25,0.8000000000000002,109.195,0.017201575418260506,0.9998520419557735,0.49999999999999994,0.8660254037844387,8
2016-01-02,1909,6221,315,-6.329166666666667,76.03,-10.008333333333333,4.3875,304.9583333333333,0.8000000000000002,109.12541666666668,0.03439806061360801,0.9994082116062598,0.49999999999999994,0.8660254037844387,8
2016-01-03,1676,4748,355,-7.916666666666667,89.05375,-9.466666666666667,1.9750000000000003,248.5,0.8000000000000002,109.04916666666666,0.051584366869408364,0.9986686402879997,0.49999999999999994,0.8660254037844387,8
2016-01-04,907,831,729,-5.820833333333334,87.08833333333332,-7.6875,4.129166666666667,177.66666666666666,0.8000000000000002,108.96666666666665,0.06875540848113941,0.9976335468520451,0.49999999999999994,0.8660254037844387,8
2016-01-05,1027,1686,521,-5.883333333333334,86.57791666666667,-7.795833333333333,1.9375,127.375,0.8000000000000002,108.87958333333334,0.08590610426133272,0.9963032375991965,0.49999999999999994,0.8660254037844387,8
2016-01-06,411,8,408,-6.470833333333334,83.50500000000001,-8.816666666666666,2.0208333333333335,66.20833333333333,0.8000000000000002,108.78541666666666,0.10303137904317879,0.9946781061893646,0.49999999999999994,0.8660254037844387,8
2016-01-07,646,471,583,-6.3125,85.92625,-8.320833333333335,1.8333333333333333,91.04166666666667,0.8000000000000002,108.68458333333332,0.1201261651823505,0.9927586335250793,0.49999999999999994,0.8660254037844387,8
2016-01-08,938,388,885,-10.737499999999999,74.81875000000001,-14.391666666666666,4.070833333333334,327.125,0.8000000000000002,108.57625,0.13718540405660057,0.9905453876091833,0.49999999999999994,0.8660254037844387,8
2016-01-09,1156,2983,562,-16.7625,62.40875,-22.325,3.129166666666667,310.8333333333333,0.8000000000000002,108.46249999999999,0.1542040475626894,0.988039023376751,0.49999999999999994,0.8660254037844387,8
2016-01-10,827,53,815,-15.2875,76.21208333333334,-18.57916666666667,2.254166666666667,279.125,0.8000000000000002,108.34541666666667,0.17117705961019986,0.985240282501282,0.49999999999999994,0.8660254037844387,8
2016-01-11,695,34,685,-11.237499999999999,74.4975,-14.9125,5.683333333333334,317.2916666666667,0.8000000000000002,108.22333333333334,0.18809941761179758,0.9821499931752291,0.49999999999999994,0.8660254037844387,8
2016-01-12,663,48,649,-12.7875,68.98833333333333,-17.441666666666666,2.1833333333333336,261.0416666666667,0.8000000000000002,108.09166666666665,0.20496611396949532,0.9787690698649216,0.49999999999999994,0.8660254037844387,8
2016-01-13,684,65,664,-3.3249999999999997,88.73541666666667,-4.966666666666667,2.279166666666667,241.29166666666666,0.7854166666666668,107.95875000000001,0.22177215755648186,0.975098513039961,0.49999999999999994,0.8660254037844387,8
2016-01-14,360,2,360,-6.0375000000000005,89.02125000000001,-7.554166666666667,3.2916666666666665,251.95833333333334,0.7645833333333334,107.81875000000001,0.23851257519407648,0.9711394088771653,0.49999999999999994,0.8660254037844387,8
2016-01-15,645,364,591,-11.154166666666667,78.78750000000001,-14.158333333333333,1.9458333333333335,178.20833333333334,0.8000000000000002,107.67,0.2551824131233728,0.9668929289391521,0.49999999999999994,0.8660254037844387,8
2016-01-16,1907,4312,613,-19.895833333333332,60.779583333333335,-25.558333333333334,5.033333333333334,330.625,0.8000000000000002,107.51541666666667,0.2717767384711357,0.9623603298276545,0.49999999999999994,0.8660254037844387,8
2016-01-17,1006,2140,629,-20.3625,65.63583333333334,-25.25,3.1333333333333333,308.1666666666667,0.8000000000000002,107.35583333333334,0.2882906407095177,0.9575429528116719,0.49999999999999994,0.8660254037844387,8
2016-01-18,722,15,718,-16.470833333333335,73.32416666666667,-20.2,2.4833333333333334,171.875,0.8000000000000002,107.19333333333333,0.3047192331091634,0.9524422234305676,0.49999999999999994,0.8660254037844387,8
2016-01-19,802,1140,640,-9.633333333333333,86.66250000000001,-11.512500000000001,3.4958333333333336,191.08333333333334,0.8000000000000002,107.02625,0.321057654185271,0.9470596510722283,0.49999999999999994,0.8660254037844387,8
2016-01-20,776,32,767,-8.825000000000001,89.15333333333332,-10.308333333333334,2.0583333333333336,96.70833333333333,0.8000000000000002,106.85166666666667,0.3373010691361842,0.9413968285264122,0.49999999999999994,0.8660254037844387,9
2016-01-21,538,9,534,-8.679166666666667,83.39208333333333,-11.029166666666667,1.2750000000000001,167.375,0.8000000000000002,106.645,0.3534446712740877,0.9354554315134164,0.49999999999999994,0.8660254037844387,9
2016-01-22,453,16,449,-7.279166666666668,85.03583333333334,-9.408333333333333,5.145833333333333,173.66666666666666,0.7883333333333334,106.46249999999999,0.3694836834473831,0.9292372181882051,0.49999999999999994,0.8660254037844387,9
2016-01-23,1390,2486,523,-1.9416666666666667,90.23,-3.404166666666667,3.616666666666667,264.2916666666667,0.7629166666666666,106.27749999999999,0.38541335945432564,0.9227440286201427,0.49999999999999994,0.8660254037844387,9
2016-01-24,504,7,503,-4.904166666666667,86.61583333333334,-6.829166666666667,1.6291666666666667,123.08333333333333,0.77875,106.08166666666666,0.4012289854475009,0.9159777842484877,0.49999999999999994,0.8660254037844387,9
2016-01-25,562,2,561,-6.362500000000001,87.43958333333335,-8.158333333333333,3.8833333333333333,317.25,0.8000000000000002,105.8825,0.4169258813287287,0.908940487313808,0.49999999999999994,0.8660254037844387,9
2016-01-26,946,600,852,-6.004166666666666,80.66,-8.845833333333333,2.65,270.625,0.7562500000000001,105.67833333333334,0.4324994021339788,0.901634220265486,0.49999999999999994,0.8660254037844387,9
2016-01-27,2532,6574,422,1.7541666666666667,81.45708333333333,-1.2291666666666667,6.591666666666668,281.0,0.6529166666666667,105.47166666666668,0.44794493940789115,0.8940611451454876,0.49999999999999994,0.8660254037844387,9
2016-01-28,1931,3318,710,0.17083333333333336,88.18083333333334,-1.6500000000000001,3.625,229.125,0.6570833333333334,105.25750000000001,0.4632579225674917,0.88622350294858,0.49999999999999994,0.8660254037844387,10
2016-01-29,1816,3087,934,3.345833333333333,79.50791666666667,0.037500000000000054,4.858333333333333,274.875,0.65,105.03958333333333,0.4784338202547012,0.8781236129591848,0.49999999999999994,0.8660254037844387,10
2016-01-30,1130,763,899,1.3333333333333333,80.75875,-1.7750000000000001,2.4083333333333337,291.3333333333333,0.6558333333333334,104.81583333333333,0.49346814167723735,0.8697638720650646,0.49999999999999994,0.8660254037844387,10
2016-01-31,2511,4830,796,-0.17916666666666667,82.08583333333333,-3.1750000000000003,3.0625,302.3333333333333,0.6758333333333334,104.58833333333332,0.5083564379375122,0.8611467540480452,0.49999999999999994,0.8660254037844387,10
2016-02-01,2247,1989,1534,-0.7416666666666667,78.805,-4.220833333333334,1.1625,224.20833333333334,0.55,104.35583333333334,0.5230943033491326,0.8522748088519838,0.8660254037844386,0.5000000000000001,10
2016-02-02,1505,616,1254,-4.183333333333334,70.05541666666666,-9.016666666666667,3.375,26.166666666666668,0.21,104.11791666666666,0.5376773767406141,0.8431506618282,0.8660254037844386,0.5000000000000001,10
2016-02-03,1232,491,1157,-4.920833333333333,67.79458333333334,-10.104166666666666,3.266666666666667,286.4583333333333,0.37916666666666665,103.8775,0.5521013427459208,0.8337770129585915,0.8660254037844386,0.5000000000000001,10
2016-02-04,2827,6127,816,-4.033333333333334,72.37791666666668,-8.779166666666667,2.704166666666667,258.625,0.76375,103.63333333333333,0.5663619330814524,0.8241566360566663,0.8660254037844386,0.5000000000000001,10
2016-02-05,2829,5993,578,-1.3791666666666667,69.90916666666666,-6.5249999999999995,3.0708333333333333,291.9583333333333,0.6854166666666668,103.38125000000001,0.580454927809098,0.8142923779467267,0.8660254037844386,0.5000000000000001,10
2016-02-06,892,36,880,2.5875,65.50958333333334,-3.629166666666667,6.625,266.0416666666667,0.5216666666666666,103.12958333333334,0.5943761565849831,0.804187157621448,0.8660254037844386,0.5000000000000001,10
2016-02-07,1075,1226,877,-0.7041666666666666,60.61875,-7.487500000000001,10.783333333333333,315.5,0.21,102.8725,0.6081214998935418,0.7938439653781019,0.8660254037844386,0.5000000000000001,10
2016-02-08,2203,2266,1419,-4.3375,63.51708333333334,-10.354166666666666,6.404166666666668,339.3333333333333,0.21,102.61,0.6216868902665479,0.7832658619336791,0.8660254037844386,0.5000000000000001,10
2016-02-09,1842,1403,1214,-3.3000000000000003,72.66166666666668,-7.579166666666667,1.5999999999999999,236.16666666666666,0.21,102.34500000000001,0.6350683134867438,0.7724559775191742,0.8660254037844386,0.5000000000000001,10
2016-02-10,1267,302,1176,-5.075,78.4875,-8.333333333333334,2.2625,99.08333333333333,0.38208333333333333,102.07625,0.6482618097757122,0.7614175109532997,0.8660254037844386,0.5000000000000001,10
2016-02-11,1706,210,1612,-7.658333333333334,77.23791666666666,-11.008333333333333,2.058333333333333,239.0,0.8000000000000002,101.80416666666667,0.6612634749656386,0.7501537286959042,0.8660254037844386,0.5000000000000001,10
2016-02-12,2750,3365,1369,-11.987499999999999,56.395833333333336,-19.337500000000002,3.1750000000000003,138.75,0.8000000000000002,101.52791666666667,0.6740694616546161,0.7386679638813748,0.8660254037844386,0.5000000000000001,10
2016-02-13,1091,26,1081,-9.091666666666667,71.16041666666666,-13.570833333333333,5.5874999999999995,161.45833333333334,0.7854166666666668,101.24916666666667,0.6866759803451553,0.726963615332308,0.8660254037844386,0.5000000000000001,10
2016-02-14,1990,1965,1446,-1.3416666666666668,89.89291666666666,-2.966666666666667,3.216666666666667,291.0833333333333,0.7325,100.96708333333333,0.6990793005655562,0.7150441465537444,0.8660254037844386,0.5000000000000001,10
2016-02-15,1839,723,1542,-0.875,88.40208333333334,-2.6791666666666667,2.4958333333333336,282.2083333333333,0.6900000000000001,100.68166666666667,0.7112757519738152,0.7029130847082615,0.8660254037844386,0.5000000000000001,10
2016-02-16,1424,277,1305,-1.2,85.15916666666666,-3.5124999999999997,2.2208333333333337,229.08333333333334,0.6929166666666667,100.39291666666666,0.7232617254437388,0.6905740195722294,0.8660254037844386,0.5000000000000001,10
2016-02-17,965,459,910,-0.5291666666666667,84.51,-3.0416666666666665,3.866666666666667,159.0,0.6854166666666668,100.10166666666667,0.7350336741329412,0.6780306024735382,0.8660254037844386,0.5000000000000001,10
2016-02-18,1271,20,1261,1.2625,89.89666666666666,-0.3166666666666667,2.8000000000000003,154.75,0.5041666666666667,99.80874999999999,0.746588114532413,0.6652865452111116,0.8660254037844386,0.5000000000000001,10
2016-02-19,3309,5679,713,4.820833333333334,65.39958333333333,-1.9708333333333334,8.920833333333333,296.2083333333333,0.15,99.51083333333334,0.7579216274973472,0.6523456189565257,0.8660254037844386,0.5000000000000001,10
2016-02-20,2764,3389,1368,1.0291666666666668,81.21208333333333,-2.1791666666666667,1.8958333333333333,220.25,0.3016666666666667,99.20958333333334,0.7690308592589181,0.6392116531380588,0.8660254037844386,0.5000000000000001,10
2016-02-21,2153,1465,1813,-1.3500000000000003,74.16791666666667,-5.658333333333334,2.7125000000000004,182.5,0.5183333333333334,98.90791666666667,0.7799125224167177,0.6258885343075018,0.8660254037844386,0.5000000000000001,10
2016-02-22,3000,4320,1395,0.6708333333333334,71.23375,-4.2625,2.7833333333333337,239.29166666666666,0.15,98.60333333333334,0.7905633969115482,0.612380204990065,0.8660254037844386,0.5000000000000001,10
2016-02-23,3280,5028,1264,-0.1541666666666667,66.72208333333333,-6.004166666666667,4.416666666666667,313.75,0.15,98.29541666666667,0.8009803309782905,0.5986906625177214,0.8660254037844386,0.5000000000000001,10
2016-02-24,1515,297,1398,-0.8333333333333334,66.92541666666666,-6.445833333333334,5.320833333333334,317.4166666666667,0.15,97.98541666666667,0.8111602420785621,0.5848239578463322,0.8660254037844386,0.5000000000000001,10
2016-02-25,3078,3584,1479,-1.125,59.772083333333335,-8.35,2.4125,287.2916666666667,0.14708333333333332,97.67416666666666,0.8211001178128892,0.5707841943569036,0.8660254037844386,0.5000000000000001,10
2016-02-26,3685,6853,1024,2.6958333333333333,56.12833333333333,-5.495833333333334,3.4625000000000004,271.4583333333333,0.1575,97.33666666666666,0.8307970168121247,0.5565755266413303,0.8660254037844386,0.5000000000000001,10
2016-02-27,3328,4599,1270,6.033333333333334,64.55875,-0.5875,3.779166666666667,282.8333333333333,0.20000000000000004,97.02458333333334,0.8402480696078469,0.5422021592729844,0.8660254037844386,0.5000000000000001,10
2016-02-28,3202,5159,886,1.7125000000000001,66.76208333333334,-4.2375,5.175,285.2083333333333,0.20000000000000004,96.7075,0.8494504794814806,0.527668345562516,0.8660254037844386,0.5000000000000001,10
2016-02-29,1531,160,1448,-8.275,43.51291666666666,-19.104166666666668,4.045833333333333,66.125,0.20000000000000004,96.38958333333333,0.8584015232918917,0.512978386299228,0.8660254037844386,0.5000000000000001,10
2016-03-01,2487,1795,1903,-4.629166666666667,63.0,-10.716666666666667,2.1666666666666665,281.375,0.34874999999999995,96.07041666666667,0.8670985522812081,0.4981366284784055,1.0,6.123233995736766e-17,10
2016-03-02,1571,44,1550,-1.6000000000000003,84.15083333333334,-3.966666666666667,2.1583333333333337,117.5,0.71875,95.72583333333334,0.8755389928586302,0.4831474640149687,1.0,6.123233995736766e-17,11
2016-03-03,1886,217,1760,-2.2583333333333333,77.31875000000001,-5.8875,2.4916666666666667,137.54166666666666,0.5766666666666667,95.40333333333332,0.8837203473619977,0.4680153284438345,1.0,6.123233995736766e-17,11
2016-03-04,4014,6785,1339,2.2208333333333337,71.43083333333334,-2.9333333333333336,5.341666666666668,244.29166666666666,0.18000000000000002,95.08291666666666,0.8916401947968874,0.45274469960737107,1.0,6.123233995736766e-17,11
2016-03-05,4293,7362,842,4.275,72.23,-1.0375,4.508333333333334,176.75,0.18000000000000002,94.75791666666667,0.8992961915530253,0.4373400963303323,1.0,6.123233995736766e-17,11
2016-03-06,4425,7828,687,9.375,67.99249999999999,2.5458333333333334,2.516666666666667,162.625,0.18000000000000002,94.43333333333334,0.9066860720977985,0.4218060770826634,1.0,6.123233995736766e-17,11
2016-03-07,3694,5997,1194,5.666666666666667,86.37208333333332,3.2916666666666665,3.641666666666667,213.25,0.18000000000000002,94.10458333333334,0.9138076496466615,0.40614723863057883,1.0,6.123233995736766e-17,11
2016-03-08,2086,2433,1229,1.7625000000000002,79.18708333333333,-1.7333333333333334,5.0375000000000005,237.0,0.18000000000000002,93.77583333333332,0.9206588168102428,0.3903682146763026,1.0,6.123233995736766e-17,12
2016-03-09,4607,7536,939,3.9791666666666665,61.86541666666667,-3.5749999999999997,1.3791666666666667,235.95833333333334,0.18000000000000002,93.44583333333333,0.9272375462179537,0.374473674486883,1.0,6.123233995736766e-17,12
2016-03-10,4679,8356,717,7.270833333333333,52.634166666666665,-2.8083333333333336,3.816666666666667,194.16666666666666,0.18000000000000002,93.11625,0.9335418911179212,0.35846832151248087,1.0,6.123233995736766e-17,12
2016-03-11,4196,6004,1205,9.0625,52.54416666666666,-2.0083333333333333,3.616666666666667,210.25,0.18000000000000002,92.78500000000001,0.9395699859530622,0.342356891994542,1.0,6.123233995736766e-17,12
2016-03-12,4430,6470,1400,10.3,49.4475,-0.8083333333333335,5.820833333333334,133.875,0.18000000000000002,92.45416666666667,0.945320046913132,0.3261441535642696,1.0,6.123233995736766e-17,12
2016-03-13,4861,8126,806,10.679166666666667,61.93541666666667,2.4125,3.6750000000000003,255.04166666666666,0.18000000000000002,92.12166666666667,0.9507903724625832,0.3098349038318025,1.0,6.123233995736766e-17,12
2016-03-14,4015,4589,1844,8.941666666666666,63.001666666666665,1.3791666666666667,5.691666666666666,203.25,0.18000000000000002,91.78750000000001,0.9559793438440766,0.2934339689665273,1.0,6.123233995736766e-17,12
2016-03-15,4341,5040,1649,4.845833333333333,55.117916666666666,-4.175,5.3,291.7083333333333,0.18000000000000002,91.45333333333333,0.9608854255574977,0.27694620226893646,1.0,6.123233995736766e-17,12
2016-03-16,3806,3859,2305,2.1875000000000004,66.16541666666667,-4.004166666666667,6.254166666666666,300.875,0.2558333333333333,91.11916666666667,0.9655071658143364,0.2603764827344581,1.0,6.123233995736766e-17,12
2016-03-17,2838,845,2365,-2.9583333333333335,62.805,-9.191666666666666,6.2124999999999995,313.25,0.4429166666666667,90.78208333333333,0.969843196967294,0.24372971360968387,1.0,6.123233995736766e-17,12
2016-03-18,1482,63,1449,-1.9458333333333335,70.94166666666666,-6.575,5.141666666666667,331.4583333333333,0.52,90.45083333333334,0.9738922359149924,0.22701082094141847,1.0,6.123233995736766e-17,12
2016-03-19,2919,209,2787,-0.9875000000000002,62.49625,-7.462500000000001,3.4000000000000004,330.7083333333333,0.5441666666666667,90.11625,0.9776530844816641,0.2102247521189836,1.0,6.123233995736766e-17,12
2016-03-20,5370,8902,1078,0.7958333333333334,55.42041666666666,-7.6499999999999995,3.108333333333333,182.75,0.19000000000000003,89.78250000000001,0.981124629771712,0.19337647441020586,1.0,6.123233995736766e-17,12
2016-03-21,4166,3817,1917,2.6458333333333335,59.11083333333334,-5.204166666666667,4.395833333333333,117.5,0.19000000000000003,89.44875,0.984305844499033,0.17647097349152166,1.0,6.123233995736766e-17,12
2016-03-22,3137,2113,2073,2.1,69.7525,-3.2083333333333335,4.3500000000000005,73.125,0.19000000000000003,89.11500000000001,0.9871957872910085,0.15951325197263655,1.0,6.123233995736766e-17,12
2016-03-23,4273,4327,2055,-0.3708333333333333,49.515416666666674,-10.112499999999999,3.420833333333334,55.083333333333336,0.19000000000000003,88.78166666666668,0.9897936029670716,0.14250832791617088,1.0,6.123233995736766e-17,12
2016-03-24,5553,8398,990,5.075,53.526250000000005,-4.2375,3.466666666666667,209.79166666666666,0.19000000000000003,88.45,0.992098522791769,0.12546123335273648,1.0,6.123233995736766e-17,12
2016-03-25,2359,847,1930,-0.08333333333333333,67.74541666666667,-5.508333333333333,4.616666666666667,70.33333333333333,0.19000000000000003,88.11708333333333,0.9941098647022418,0.10837701279187609,1.0,6.123233995736766e-17,12
2016-03-26,6100,10540,741,-1.3125,46.70208333333333,-12.166666666666666,1.9333333333333336,193.0,0.19000000000000003,87.78583333333334,0.9958270335100595,0.09126072172931188,1.0,6.123233995736766e-17,12
2016-03-27,5403,7333,1688,4.520833333333333,51.40291666666667,-5.3999999999999995,2.8958333333333335,198.66666666666666,0.19000000000000003,87.45583333333333,0.9972495210773451,0.07411742515094437,1.0,6.123233995736766e-17,12
2016-03-28,5553,7180,1320,6.879166666666666,56.60666666666666,-2.6,4.5375000000000005,101.66666666666667,0.19000000000000003,87.10041666666666,0.998376906467142,0.056952196034039754,1.0,6.123233995736766e-17,12
2016-03-29,4000,2173,2664,8.258333333333333,65.98208333333334,1.5250000000000001,4.308333333333334,90.33333333333333,0.19000000000000003,86.77333333333333,0.9992088560679753,0.03977011384605572,1.0,6.123233995736766e-17,12
2016-03-30,4739,5111,2064,6.7875000000000005,64.69125,-0.5833333333333334,3.975,262.875,0.19000000000000003,86.44833333333334,0.9997451236925734,0.022576263041545485,1.0,6.123233995736766e-17,12
2016-03-31,2721,1737,1774,2.316666666666667,74.075,-2.1041666666666665,6.0125,309.7083333333333,0.32416666666666666,86.12291666666665,0.9999855506507186,0.005375731557583884,1.0,6.123233995736766e-17,12
2016-04-01,5700,5910,2290,2.075,57.73708333333334,-6.354166666666667,5.5125,292.8333333333333,0.5158333333333334,85.79916666666666,0.9999300657962057,-0.011826390691832589,0.8660254037844387,-0.4999999999999998,12
2016-04-02,6137,9516,956,7.570833333333334,55.19208333333333,-1.8416666666666668,2.991666666666667,289.75,0.19000000000000003,85.47583333333334,0.9995786855478958,-0.029025013321975237,0.8660254037844387,-0.4999999999999998,13
2016-04-03,5443,7905,1207,8.9,57.06,0.3125,5.629166666666666,232.16666666666666,0.19000000000000003,85.15416666666667,0.9989315138848577,-0.046215046983708354,0.8660254037844387,-0.4999999999999998,13
2016-04-04,6351,9873,965,5.7124999999999995,54.32708333333333,-3.670833333333334,3.0541666666666667,154.66666666666666,0.19000000000000003,84.8325,0.9979887423155984,-0.06339140486951038,0.8660254037844387,-0.4999999999999998,13
2016-04-05,5021,4647,1993,8.425,58.28333333333333,-0.8166666666666668,6.204166666666667,252.91666666666666,0.19000000000000003,84.51583333333333,0.9967506498213929,-0.08054900421874167,0.8660254037844387,-0.4999999999999998,13
2016-04-06,3213,1755,2495,5.604166666666667,62.215,-1.4041666666666668,5.979166666666667,315.5416666666667,0.19000000000000003,84.19541666666667,0.9952176027737294,-0.09768276782171598,0.8660254037844387,-0.4999999999999998,13
2016-04-07,4017,3877,2639,4.5,58.475,-3.608333333333334,6.825,332.375,0.19000000000000003,83.88,0.9933900548258936,-0.11478762552212701,0.8660254037844387,-0.4999999999999998,13
2016-04-08,6577,9924,1269,-0.225,50.05916666666667,-10.450000000000001,3.8958333333333335,232.45833333333334,0.19000000000000003,83.56583333333333,0.9912685467787256,-0.13185851571739118,0.8660254037844387,-0.4999999999999998,13
2016-04-09,5714,6404,2207,7.591666666666668,47.6275,-3.5541666666666667,6.141666666666667,232.75,0.19000000000000003,83.25375,0.9888537064205885,-0.1488903868564548,0.8660254037844387,-0.4999999999999998,13
2016-04-10,2847,3160,1915,2.1,58.75791666666667,-5.9624999999999995,6.258333333333334,315.8333333333333,0.19000000000000003,82.94375000000001,0.986146248341595,-0.16587819893463143,0.8660254037844387,-0.4999999999999998,13
2016-04-11,6966,10371,1012,0.20833333333333345,42.14208333333333,-11.9125,2.8625000000000003,261.125,0.19291666666666665,82.63458333333334,0.9831469737221499,-0.1828169249850199,0.8660254037844387,-0.4999999999999998,13
2016-04-12,5631,6947,2262,6.2375,49.71208333333334,-4.429166666666666,3.8625000000000003,126.04166666666667,0.20000000000000004,82.32875,0.9798567700958665,-0.1997015525660636,0.8660254037844387,-0.4999999999999998,13
2016-04-13,6749,9763,1038,10.920833333333334,56.69708333333333,0.875,3.5208333333333335,141.91666666666666,0.20000000000000004,82.02499999999999,0.9762766110869321,-0.21652708524481437,0.8660254037844387,-0.4999999999999998,13
2016-04-14,5041,3536,2822,14.75,60.36166666666667,6.5625,3.566666666666667,164.33333333333334,0.20000000000000004,81.69958333333334,0.9724075561219968,-0.23328854407545518,0.8660254037844387,-0.4999999999999998,13
2016-04-15,4812,2501,3094,13.941666666666668,63.92791666666667,6.125,5.016666666666667,252.29166666666666,0.20000000000000004,81.4025,0.9682507501166718,-0.2499809690726521,0.8660254037844387,-0.4999999999999998,13
2016-04-16,1163,14,1157,2.025,84.82208333333334,-0.2916666666666667,5.133333333333334,203.625,0.20000000000000004,81.10375,0.9638074231367307,-0.26659942067929354,0.8660254037844387,-0.4999999999999998,13
2016-04-17,1905,92,1837,1.05,85.98166666666667,-1.1,4.020833333333333,113.83333333333333,0.20000000000000004,80.81125,0.9590788900341131,-0.28313898122818354,0.8660254037844387,-0.4999999999999998,13
2016-04-18,1562,29,1543,3.875,91.6175,2.6333333333333333,4.9875,96.20833333333333,0.20000000000000004,80.52083333333333,0.9540665500578387,-0.2995947563972602,0.8660254037844387,-0.4999999999999998,13
2016-04-19,6455,7122,1637,9.541666666666666,75.82916666666667,4.854166666666667,3.191666666666667,158.875,0.19708333333333336,80.23291666666667,0.9487718864399473,-0.31596187665790293,0.8660254037844387,-0.4999999999999998,13
2016-04-20,7034,9658,1328,11.470833333333333,66.485,4.670833333333333,1.6208333333333336,275.9166666666667,0.19000000000000003,79.94916666666667,0.9431964659565866,-0.33223549871590435,0.8660254037844387,-0.4999999999999998,14
2016-04-21,7426,11149,982,8.075000000000001,61.13999999999999,0.004166666666666652,4.141666666666667,77.125,0.18416666666666667,79.66541666666667,0.9373419384643772,-0.3484108069446808,0.8660254037844387,-0.4999999999999998,14
2016-04-22,7072,9381,1378,10.15,52.95375000000001,-0.075,4.995833333333334,133.66666666666666,0.17,79.38583333333334,0.9312100364121947,-0.3644830148102912,0.8660254037844387,-0.4999999999999998,14
2016-04-23,4641,2976,2597,14.487499999999999,67.4475,7.875,6.0,104.0,0.17,79.11083333333333,0.9248025743285089,-0.38044736628785164,0.8660254037844387,-0.4999999999999998,14
2016-04-24,1135,28,1122,8.5625,89.57333333333334,6.916666666666667,7.704166666666667,66.08333333333333,0.17,78.83541666666666,0.9181214482844365,-0.39629913726891813,0.8660254037844387,-0.4999999999999998,14
2016-04-25,1673,39,1652,4.15,84.85166666666667,1.7125000000000001,3.8249999999999997,91.29166666666667,0.17,78.56416666666667,0.9111686353326631,-0.41203363695942635,0.8660254037844387,-0.4999999999999998,14
2016-04-26,1497,314,1446,3.966666666666667,87.31333333333333,1.9791666666666667,3.345833333333333,63.5,0.17,78.29583333333333,0.9039461929224011,-0.42764620926777464,0.8660254037844387,-0.4999999999999998,14
2016-04-27,2172,72,2121,4.425,79.06791666666668,0.8708333333333335,3.804166666666667,58.291666666666664,0.17,78.03208333333333,0.8964562582905575,-0.44313223418263453,0.8660254037844387,-0.4999999999999998,14
2016-04-28,5434,3224,3019,6.779166666666668,65.19208333333334,-0.22083333333333335,3.2583333333333333,61.208333333333336,0.17,77.7725,0.8887010478292915,-0.45848712914008766,0.8660254037844387,-0.4999999999999998,14
2016-04-29,7327,8937,1688,8.362499999999999,60.79083333333333,0.4208333333333334,2.6999999999999997,83.75,0.17,77.51583333333333,0.8806828564301475,-0.47370635037968,0.8660254037844387,-0.4999999999999998,14
2016-04-30,7128,7455,2150,8.5625,62.001666666666665,0.6791666666666667,4.3,62.166666666666664,0.17,77.23666666666666,0.8724040568049612,-0.48878539428899265,0.8660254037844387,-0.4999999999999998,14
2016-05-01,7821,10999,1134,10.025,52.20708333333334,-0.5083333333333334,1.8291666666666668,158.58333333333334,0.17,76.98833333333333,0.8638670987837349,-0.503719798736334,0.49999999999999994,-0.8660254037844387,14
2016-05-02,6152,6301,2112,12.191666666666668,60.36083333333334,4.108333333333333,2.5541666666666667,179.5,0.17,76.745,0.8550745085896932,-0.518505144391157,0.49999999999999994,-0.8660254037844387,14
2016-05-03,7652,10430,1197,14.987499999999999,54.459583333333335,4.812500000000001,3.7916666666666665,212.375,0.17,76.50208333333333,0.8460288880917339,-0.533137056031809,0.49999999999999994,-0.8660254037844387,14
2016-05-04,7610,10142,1324,16.804166666666667,50.30875,5.175,1.75,185.0,0.17,76.26458333333333,0.8367329140344921,-0.5476112038402312,0.49999999999999994,-0.8660254037844387,14
2016-05-05,7760,9855,1366,21.0125,50.132083333333334,8.483333333333333,2.8083333333333336,205.5,0.17,76.03208333333333,0.8271893372462497,-0.5619233046832195,0.49999999999999994,-0.8660254037844387,14
2016-05-06,6435,5761,2598,17.854166666666668,59.2925,9.258333333333335,4.329166666666667,89.875,0.17,75.80125,0.8174009818249189,-0.5760691233798758,0.49999999999999994,-0.8660254037844387,15
2016-05-07,7661,9122,1913,14.6875,47.00416666666666,1.9625000000000001,1.6458333333333333,136.33333333333334,0.1729166666666667,75.57416666666667,0.8073707443023492,-0.5900444739548627,0.49999999999999994,-0.8660254037844387,15
2016-05-08,7578,9265,1777,15.158333333333333,54.60208333333333,5.170833333333333,3.616666666666667,173.33333333333334,0.18000000000000002,75.3525,0.7971015927871943,-0.6038452208771035,0.49999999999999994,-0.8660254037844387,15
2016-05-09,3188,302,2994,15.491666666666667,71.76333333333334,9.920833333333333,4.841666666666667,118.875,0.18000000000000002,75.13208333333334,0.7865965660866021,-0.6174672802835514,0.49999999999999994,-0.8660254037844387,15
2016-05-10,2737,2015,2042,12.708333333333334,68.82541666666667,6.5874999999999995,4.541666666666667,187.75,0.18000000000000002,74.91875,0.7758587728069828,-0.6309066211876704,0.49999999999999994,-0.8660254037844387,15
2016-05-11,3804,1846,3049,9.975,56.77041666666667,1.366666666666667,6.520833333333333,259.7083333333333,0.18000000000000002,74.70791666666666,0.7648913904341226,-0.6441592666722685,0.49999999999999994,-0.8660254037844387,15
2016-05-12,6526,5939,2306,9.183333333333334,51.7275,-1.325,5.204166666666667,290.0833333333333,0.18000000000000002,74.50125,0.753697664392914,-0.6572212950663319,0.49999999999999994,-0.8660254037844387,15
2016-05-13,3932,3326,2621,4.75,55.024166666666666,-4.204166666666667,5.666666666666667,323.7916666666667,0.18291666666666664,74.30041666666666,0.742280907086982,-0.6700888411055113,0.49999999999999994,-0.8660254037844387,15
2016-05-14,5079,2801,3468,8.166666666666666,53.71,-1.4458333333333335,4.079166666666667,318.75,0.18708333333333335,74.10291666666667,0.7306444969184916,-0.6827580970759147,0.49999999999999994,-0.8660254037844387,15
2016-05-15,7494,7049,2750,12.3125,47.46666666666667,0.25833333333333336,2.075,291.5833333333333,0.18000000000000002,73.91125000000001,0.7187918772884232,-0.6952253139408722,0.49999999999999994,-0.8660254037844387,15
2016-05-16,8147,10480,1492,13.2125,49.949999999999996,2.2208333333333337,2.5625,121.79166666666667,0.18000000000000002,73.72291666666666,0.7067265555776158,-0.7074868024503348,0.49999999999999994,-0.8660254037844387,15
2016-05-17,8319,11062,1332,14.3125,44.85874999999999,1.2625,1.5999999999999999,140.79166666666666,0.18000000000000002,73.54041666666667,0.6944521021088763,-0.719538934232584,0.49999999999999994,-0.8660254037844387,15
2016-05-18,7979,8690,2020,16.3125,44.12708333333333,2.654166666666667,4.158333333333334,179.20833333333334,0.18000000000000002,73.36166666666666,0.6819721490904629,-0.7313781428679254,0.49999999999999994,-0.8660254037844387,15
2016-05-19,8134,10554,1396,18.683333333333334,51.395833333333336,7.591666666666668,5.458333333333333,157.66666666666666,0.18000000000000002,73.18875,0.6692903895412567,-0.7430009249440493,0.49999999999999994,-0.8660254037844387,15
2016-05-20,7966,9525,1569,17.462500000000002,57.352916666666665,8.279166666666667,5.45,136.04166666666666,0.18000000000000002,73.01791666666666,0.6564105761979381,-0.7544038410927472,0.49999999999999994,-0.8660254037844387,15
2016-05-21,6291,4848,3296,19.054166666666667,63.57916666666667,11.3125,7.0249999999999995,150.33333333333334,0.18000000000000002,72.85458333333334,0.6433365204044917,-0.765583517007675,0.49999999999999994,-0.8660254037844387,15
2016-05-22,4421,2396,3084,19.8,62.8525,11.9625,3.6875,209.41666666666666,0.18000000000000002,72.69625,0.6300720909843687,-0.7765366444428655,0.49999999999999994,-0.8660254037844387,15
2016-05-23,7647,8229,2268,19.395833333333332,44.125,4.9125000000000005,2.6458333333333335,273.2916666666667,0.18000000000000002,72.54083333333334,0.6166212130956382,-0.7872599821916922,0.49999999999999994,-0.8660254037844387,15
2016-05-24,7829,9063,1954,18.791666666666668,46.524166666666666,5.766666666666667,1.5458333333333334,182.875,0.18000000000000002,72.39083333333333,0.6029878670694714,-0.7977503570459932,0.49999999999999994,-0.8660254037844387,15
2016-05-25,3841,1247,2847,15.5,77.00583333333334,11.299999999999999,2.1125000000000003,191.54166666666666,0.18000000000000002,72.24666666666667,0.5891760872322963,-0.8080046647350754,0.49999999999999994,-0.8660254037844387,15
2016-05-26,6561,6552,3024,16.183333333333334,57.91125,6.733333333333334,2.7291666666666665,263.8333333333333,0.18000000000000002,72.1075,0.5751899607119775,-0.8180198708443175,0.49999999999999994,-0.8660254037844387,15
2016-05-27,7285,7030,2731,16.7625,61.41958333333333,8.6125,1.2416666666666667,243.45833333333334,0.18000000000000002,71.9725,0.5610336262283677,-0.8277930117131022,0.49999999999999994,-0.8660254037844387,15
2016-05-28,5166,2636,3215,17.3625,64.09833333333334,10.0,1.3041666666666667,263.0416666666667,0.17708333333333334,71.84333333333333,0.5467112728685939,-0.8373211953118121,0.49999999999999994,-0.8660254037844387,15
2016-05-29,8480,10563,1382,19.370833333333334,52.0375,7.495833333333334,2.975,264.7916666666667,0.17,71.71916666666667,0.5322271388474397,-0.8466016020976267,0.49999999999999994,-0.8660254037844387,15
2016-05-30,5690,5040,2465,17.841666666666665,76.95083333333334,13.320833333333333,3.358333333333333,194.625,0.1729166666666667,71.60083333333334,0.5175855102531889,-0.8556314858488706,0.49999999999999994,-0.8660254037844387,15
2016-05-31,5068,3859,3227,12.366666666666667,72.73708333333333,7.283333333333334,6.3500000000000005,275.0,0.17708333333333334,71.48708333333333,0.5027907197793043,-0.8644081744776648,0.49999999999999994,-0.8660254037844387,15
2016-06-01,5565,4069,3495,14.225,56.30583333333334,4.583333333333333,4.416666666666667,274.375,0.17,71.37833333333333,0.4878471454423119,-0.8729290708206411,1.2246467991473532e-16,-1.0,15
2016-06-02,7457,7756,2237,18.1,64.40666666666667,10.270833333333334,3.125,173.375,0.17,71.2525,0.47275920928627757,-0.881191653407483,1.2246467991473532e-16,-1.0,15
2016-06-03,7063,6234,2971,19.966666666666665,60.115833333333335,10.920833333333334,5.054166666666667,297.625,0.17,71.15583333333333,0.4575313760742512,-0.8891934772070711,1.2246467991473532e-16,-1.0,15
2016-06-04,8720,11856,1126,19.095833333333335,52.68875,8.054166666666667,4.5125,319.0,0.17,71.06333333333333,0.44216815196707204,-0.8969321743510065,1.2246467991473532e-16,-1.0,15
2016-06-05,8775,11956,1116,20.462500000000002,43.50125,6.358333333333333,4.9750000000000005,317.8333333333333,0.1729166666666667,70.97875,0.42667408318992467,-0.9044054548343001,1.2246467991473532e-16,-1.0,15
2016-06-06,7457,8307,2633,16.783333333333335,56.232499999999995,7.4750000000000005,3.5541666666666667,244.375,0.18000000000000002,70.89625,0.4110537546870351,-0.9116111071930239,1.2246467991473532e-16,-1.0,15
2016-06-07,8591,11116,1247,19.091666666666665,56.497083333333336,9.299999999999999,2.8000000000000003,146.125,0.18000000000000002,70.82166666666667,0.3953117887649151,-0.9185469991587165,1.2246467991473532e-16,-1.0,15
2016-06-08,7344,6935,2821,21.254166666666666,56.115,11.304166666666667,3.016666666666667,136.79166666666666,0.18000000000000002,70.7525,0.37945284372454435,-0.925211078289358,1.2246467991473532e-16,-1.0,15
2016-06-09,8491,11311,1173,26.195833333333336,56.73916666666667,15.450000000000001,2.879166666666667,155.91666666666666,0.18000000000000002,70.68875,0.36348161248290634,-0.9316013725767187,1.2246467991473532e-16,-1.0,15
2016-06-10,8634,11372,1127,25.200000000000003,53.28041666666667,13.129166666666668,2.8000000000000003,226.54166666666666,0.18000000000000002,70.62958333333334,0.3474028211842774,-0.9377159910299093,1.2246467991473532e-16,-1.0,15
2016-06-11,8034,8955,1613,24.704166666666666,50.34916666666667,13.179166666666667,5.933333333333334,105.29166666666667,0.18000000000000002,70.57583333333334,0.3312212278016865,-0.9435531242349544,1.2246467991473532e-16,-1.0,15
2016-06-12,7088,6176,2854,22.875,58.44833333333333,13.633333333333333,4.070833333333334,219.58333333333334,0.18000000000000002,70.52791666666667,0.31494162072895193,-0.9491110448902284,1.2246467991473532e-16,-1.0,15
2016-06-13,8177,8550,1640,22.933333333333334,40.955000000000005,7.716666666666666,2.1458333333333335,146.20833333333334,0.18000000000000002,70.48416666666667,0.2985688173637202,-0.9543881083175908,1.2246467991473532e-16,-1.0,15
2016-06-14,3885,1837,2650,18.0375,69.99416666666667,12.3125,2.6208333333333336,102.54166666666667,0.18000000000000002,70.44708333333334,0.2821076626819194,-0.9593827529490743,1.2246467991473532e-16,-1.0,15
2016-06-15,8623,11611,1148,21.320833333333333,56.68958333333333,11.133333333333333,2.6750000000000003,135.25,0.18000000000000002,70.41541666666667,0.26556302780405594,-0.9640935007889755,1.2246467991473532e-16,-1.0,15
2016-06-16,8475,10828,1256,25.59166666666667,60.85875000000001,16.445833333333333,4.666666666666667,180.875,0.18000000000000002,70.39,0.24893980855376657,-0.9685189578512204,1.2246467991473532e-16,-1.0,15
2016-06-17,8584,11128,1182,23.450000000000003,47.76458333333334,10.325000000000001,3.929166666666667,123.04166666666667,0.18000000000000002,70.37041666666667,0.23224292400907015,-0.9726578145718654,1.2246467991473532e-16,-1.0,15
2016-06-18,7703,8193,1856,23.349999999999998,62.4775,15.445833333333333,3.5708333333333333,128.75,0.18000000000000002,70.35625,0.21547731504673012,-0.976508846196619,1.2246467991473532e-16,-1.0,15
2016-06-19,8439,10405,1432,24.53333333333333,50.00833333333333,11.683333333333332,5.429166666666667,282.375,0.18000000000000002,70.34666666666666,0.19864794288017112,-0.9800709131432666,1.2246467991473532e-16,-1.0,15
2016-06-20,8962,12325,1115,21.058333333333334,40.2425,5.7625,3.1374999999999997,266.5833333333333,0.18000000000000002,70.3425,0.18175978759137534,-0.9833429613388902,1.2246467991473532e-16,-1.0,16
2016-06-21,7882,7885,1899,23.208333333333332,47.81,10.670833333333334,3.579166666666667,129.08333333333334,0.18000000000000002,70.34583333333333,0.16481784665719793,-0.9863240225317866,1.2246467991473532e-16,-1.0,16
2016-06-22,7179,6189,3712,19.870833333333334,62.2125,11.558333333333332,4.65,244.25,0.18000000000000002,70.3525,0.14782713347053048,-0.9890132145779883,1.2246467991473532e-16,-1.0,16
2016-06-23,8522,11136,1570,20.212500000000002,54.05916666666667,9.304166666666667,2.6208333333333336,119.45833333333333,0.18000000000000002,70.36666666666666,0.13079267585675922,-0.9914097417023038,1.2246467991473532e-16,-1.0,16
2016-06-24,8313,10352,1353,27.012500000000003,49.14875,14.133333333333333,3.6125000000000003,176.875,0.18000000000000002,70.38583333333334,0.11371951458594969,-0.9935128947338007,1.2246467991473532e-16,-1.0,16
2016-06-25,8818,11519,1136,22.30416666666667,43.11958333333334,7.591666666666668,6.195833333333334,286.875,0.18000000000000002,70.40833333333333,0.0966127018812031,-0.9953220513156602,1.2246467991473532e-16,-1.0,16
2016-06-26,8707,11966,1093,22.158333333333335,48.01708333333334,9.862499999999999,5.366666666666667,253.5,0.18000000000000002,70.43875,0.07947729992362097,-0.9968366760893436,1.2246467991473532e-16,-1.0,16
2016-06-27,7034,7019,2967,20.241666666666667,55.93125,10.416666666666666,2.25,179.70833333333334,0.18000000000000002,70.47291666666668,0.062318379354325076,-0.998056320853012,1.2246467991473532e-16,-1.0,16
2016-06-28,8640,11152,1359,22.512500000000003,48.803333333333335,9.933333333333334,1.0416666666666667,142.66666666666666,0.18000000000000002,70.515,0.04514101777397193,-0.9989806246941579,1.2246467991473532e-16,-1.0,16
2016-06-29,6016,6770,1870,23.141666666666666,58.298750000000005,13.5375,1.4875,238.5,0.18000000000000002,70.56208333333333,0.02795029824021032,-0.999609314096404,1.2246467991473532e-16,-1.0,16
2016-06-30,8642,11592,1111,19.1375,51.844166666666666,7.520833333333333,3.254166666666667,43.125,0.18000000000000002,70.61375,0.01075130776352193,-0.9999422030204416,1.2246467991473532e-16,-1.0,16
2016-07-01,6067,5266,2883,17.679166666666667,54.10666666666666,7.633333333333334,3.629166666666667,159.20833333333334,0.18000000000000002,70.67166666666667,-0.00645086419810515,-0.9999791929590823,-0.4999999999999997,-0.8660254037844388,15
2016-07-02,7188,7004,2817,22.120833333333334,55.97875,11.9625,4.104166666666667,169.58333333333334,0.18000000000000002,70.73375,-0.023651127245231586,-0.9997202729664083,-0.4999999999999997,-0.8660254037844388,15
2016-07-03,6074,4853,2351,24.037499999999998,59.57750000000001,14.950000000000001,4.795833333333333,176.75,0.18000000000000002,70.80291666666666,-0.04084439154329611,-0.9991655196610109,-0.4999999999999997,-0.8660254037844388,15
2016-07-04,8553,11740,1088,26.84166666666667,46.932500000000005,12.287500000000001,2.85,217.625,0.18000000000000002,70.87791666666666,-0.05802556932878035,-0.9983150972033183,-0.4999999999999997,-0.8660254037844388,15
2016-07-05,7354,7266,2608,23.2,50.405,11.429166666666667,2.5166666666666666,181.875,0.18000000000000002,70.95583333333333,-0.07518957641475855,-0.9971692572470178,-0.4999999999999997,-0.8660254037844388,15
2016-07-06,5171,3849,3128,19.6375,57.42458333333334,10.570833333333333,2.4291666666666667,150.54166666666666,0.18000000000000002,71.03958333333334,-0.09233133369539122,-0.9957283388645872,-0.4999999999999997,-0.8660254037844388,15
2016-07-07,7018,7342,2375,19.154166666666665,62.30083333333334,10.7125,3.7000000000000006,265.9166666666667,0.18000000000000002,71.12958333333334,-0.10944576864891556,-0.993992768446958,-0.4999999999999997,-0.8660254037844388,15
2016-07-08,8439,10982,1239,21.879166666666666,50.6175,9.733333333333333,1.7083333333333333,186.875,0.18000000000000002,71.22541666666667,-0.12652781683868314,-0.9919630595773397,-0.4999999999999997,-0.8660254037844388,15
2016-07-09,7091,7629,1485,25.833333333333332,58.69625,16.45,4.108333333333333,152.04166666666666,0.18000000000000002,71.32625,-0.1435724234118113,-0.9896398128792412,-0.4999999999999997,-0.8660254037844388,15
2016-07-10,7189,7097,2082,26.133333333333336,74.31166666666667,20.245833333333334,3.454166666666667,109.16666666666667,0.18000000000000002,71.4325,-0.16057454459499376,-0.9870237158387383,-0.4999999999999997,-0.8660254037844388,15
2016-07-11,5216,2063,3660,22.479166666666668,62.723749999999995,13.691666666666668,3.9291666666666667,255.75,0.18000000000000002,71.54291666666667,-0.17752914918703497,-0.984115542601034,-0.4999999999999997,-0.8660254037844388,15
2016-07-12,6851,7252,2568,21.870833333333334,50.48499999999999,10.466666666666667,6.95,268.9583333333333,0.18000000000000002,71.65875,-0.19443122004766195,-0.9809161537413774,-0.4999999999999997,-0.8660254037844388,15
2016-07-13,6208,4710,2879,20.166666666666668,56.567083333333336,10.783333333333333,5.291666666666667,295.0,0.18000000000000002,71.77833333333334,-0.2112757555821793,-0.9774264960104055,-0.4999999999999997,-0.8660254037844388,15
2016-07-14,6202,4759,3090,18.983333333333334,60.30875,10.549999999999999,2.908333333333333,252.125,0.18000000000000002,71.90291666666667,-0.2280577712215198,-0.9736476020539838,-0.4999999999999997,-0.8660254037844388,15
2016-07-15,5198,4368,3034,21.125,55.14791666666667,11.049999999999999,2.0083333333333333,172.625,0.18000000000000002,72.03541666666668,-0.24477230089725957,-0.9695805901076308,-0.4999999999999997,-0.8660254037844388,15
2016-07-16,3623,2964,1960,21.391666666666666,71.84916666666668,15.729166666666666,3.6625,213.33333333333334,0.18000000000000002,72.17083333333333,-0.2614143985111562,-0.965226663665613,-0.4999999999999997,-0.8660254037844388,15
2016-07-17,8056,10289,1293,21.5125,60.5875,12.549999999999999,3.0083333333333333,268.375,0.18000000000000002,72.31208333333333,-0.2779791393987801,-0.9605871111248129,-0.4999999999999997,-0.8660254037844388,15
2016-07-18,7901,10145,1601,25.191666666666666,50.055416666666666,13.0875,3.3625000000000003,143.375,0.18000000000000002,72.45833333333333,-0.2944616217868012,-0.9556633054034704,-0.4999999999999997,-0.8660254037844388,15
2016-07-19,7769,9115,1616,27.754166666666666,60.567083333333336,18.883333333333333,3.879166666666667,161.08333333333334,0.18000000000000002,72.63291666666667,-0.3108569682435036,-0.9504567035349151,-0.4999999999999997,-0.8660254037844388,15
2016-07-20,7034,6981,2033,29.46666666666667,58.001666666666665,18.545833333333334,1.9875,129.08333333333334,0.18000000000000002,72.78958333333334,-0.3271603271220951,-0.9449688462364056,-0.4999999999999997,-0.8660254037844388,15
2016-07-21,7841,9409,1528,28.200000000000003,48.55291666666667,14.191666666666668,1.9083333333333334,64.04166666666667,0.18000000000000002,72.95041666666667,-0.34336687399638804,-0.939201357453208,-0.4999999999999997,-0.8660254037844388,15
2016-07-22,5665,5230,2396,27.662499999999998,60.90291666666667,18.654166666666665,2.9583333333333335,128.41666666666666,0.18000000000000002,73.11583333333333,-0.3594718130884232,-0.9331559438780432,-0.4999999999999997,-0.8660254037844388,15
2016-07-23,6658,6864,2301,24.887500000000003,63.7825,16.458333333333332,4.304166666666667,246.91666666666666,0.18000000000000002,73.28708333333334,-0.3754703786876202,-0.9268343944460494,-0.4999999999999997,-0.8660254037844388,15
2016-07-24,8093,11302,1051,23.641666666666666,49.67083333333333,11.454166666666666,3.1208333333333336,268.5833333333333,0.18000000000000002,73.46041666666666,-0.3913578365610259,-0.9202385798054075,-0.4999999999999997,-0.8660254037844388,15
2016-07-25,7877,10169,1194,27.958333333333332,45.82666666666666,14.141666666666666,3.1,166.08333333333334,0.18000000000000002,73.64083333333333,-0.4071294853542516,-0.9133704517637858,-0.4999999999999997,-0.8660254037844388,15
2016-07-26,4193,2768,2449,24.020833333333332,64.21666666666667,16.304166666666667,3.3875000000000006,47.708333333333336,0.18000000000000002,73.82458333333334,-0.4227806579826773,-0.9062320427107697,-0.4999999999999997,-0.8660254037844388,15
2016-07-27,5401,4117,3131,21.8625,66.84416666666667,14.820833333333333,1.8791666666666667,39.416666666666664,0.18000000000000002,74.0125,-0.4383067230125192,-0.898825465016444,-0.4999999999999997,-0.8660254037844388,15
2016-07-28,4512,1251,3686,20.791666666666668,60.04291666666666,12.116666666666667,1.9791666666666667,54.333333333333336,0.18000000000000002,74.20541666666666,-0.45370308603134424,-0.8911529104063088,-0.4999999999999997,-0.8660254037844388,15
2016-07-29,5902,4966,3111,22.454166666666666,58.69916666666666,13.4375,1.3625,177.70833333333334,0.18000000000000002,74.40291666666667,-0.46896519100763184,-0.8832166493127127,-0.4999999999999997,-0.8660254037844388,14
2016-07-30,7174,8454,1551,24.695833333333336,61.80083333333334,15.954166666666666,3.204166666666667,170.04166666666666,0.18000000000000002,74.60541666666667,-0.48408852163897587,-0.8750190302029955,-0.4999999999999997,-0.8660254037844388,14
2016-07-31,7519,9774,1038,26.962500000000002,61.60208333333333,17.962500000000002,4.195833333333334,162.04166666666666,0.18000000000000002,74.81166666666667,-0.4990686026885319,-0.8665624788845385,-0.4999999999999997,-0.8660254037844388,14
2016-08-01,6471,5514,2610,24.24166666666667,72.23791666666666,18.445833333333333,2.6083333333333334,170.91666666666666,0.18000000000000002,75.02,-0.5139010013093103,-0.8578494977869301,-0.8660254037844384,-0.5000000000000004,14
2016-08-02,7733,10587,1163,25.333333333333332,47.28375,11.491666666666667,1.429166666666667,238.625,0.18291666666666664,75.23458333333333,-0.5285813283559292,-0.8488826652214553,-0.8660254037844384,-0.5000000000000004,14
2016-08-03,6701,7574,2080,27.02916666666667,46.61291666666667,14.100000000000001,4.758333333333334,217.25,0.19000000000000003,75.45291666666667,-0.5431052396834317,-0.8396646346181327,-0.8660254037844384,-0.5000000000000004,14
2016-08-04,5933,5290,3324,20.629166666666666,47.512499999999996,8.533333333333333,4.591666666666667,305.1666666666667,0.19000000000000003,75.67333333333333,-0.5574684374327892,-0.8301981337405212,-0.8660254037844384,-0.5000000000000004,14
2016-08-05,7578,10491,1333,22.4875,46.67958333333333,9.445833333333335,1.4749999999999999,236.95833333333334,0.19000000000000003,75.89916666666666,-0.5716666713027052,-0.8204859638785327,-0.8660254037844384,-0.5000000000000004,14
2016-08-06,6731,7836,1649,24.566666666666666,47.9375,12.029166666666667,3.0208333333333335,153.25,0.19000000000000003,76.1525,-0.5856957398073508,-0.8105309990194823,-0.8660254037844384,-0.5000000000000004,14
2016-08-07,6105,5068,3160,24.670833333333334,48.850833333333334,12.4375,4.325,160.125,0.18708333333333335,76.38791666666667,-0.5995514915196489,-0.8003361849976323,-0.8660254037844384,-0.5000000000000004,14
2016-08-08,6526,7061,2071,24.787499999999998,52.49208333333333,14.0625,3.9458333333333333,216.08333333333334,0.18000000000000002,76.62625,-0.6132298262997502,-0.7899045386224707,-0.8660254037844384,-0.5000000000000004,14
2016-08-09,6524,7082,2156,24.629166666666666,49.03875,11.445833333333333,3.108333333333334,145.54166666666666,0.18000000000000002,76.86916666666667,-0.6267266965083301,-0.7792391467859886,-0.8660254037844384,-0.5000000000000004,14
2016-08-10,4562,2476,2786,23.979166666666668,76.37041666666667,18.962500000000002,4.233333333333333,99.41666666666667,0.18000000000000002,77.11291666666666,-0.6400381082043503,-0.7683431655492202,-0.8660254037844384,-0.5000000000000004,14
2016-08-11,6852,7768,1853,23.229166666666668,63.30166666666667,14.516666666666666,3.1458333333333335,294.125,0.18000000000000002,77.36208333333333,-0.65316012232693,-0.7572198192083127,-0.8660254037844384,-0.5000000000000004,14
2016-08-12,6891,8468,1400,21.558333333333334,59.1775,12.575000000000001,2.9625000000000004,316.625,0.18000000000000002,77.61375,-0.666088855860977,-0.7458723993404063,-0.8660254037844384,-0.5000000000000004,14
2016-08-13,6834,8907,1876,20.783333333333335,57.702916666666674,11.512500000000001,3.154166666666667,263.0416666666667,0.18000000000000002,77.86916666666666,-0.6788204829862355,-0.734304263829602,-0.8660254037844384,-0.5000000000000004,14
2016-08-14,6793,8325,1661,23.629166666666666,50.13125,11.729166666666666,2.6208333333333336,175.58333333333334,0.18000000000000002,78.12875,-0.6913512362094071,-0.722518835873311,-0.8660254037844384,-0.5000000000000004,14
2016-08-15,6881,8822,1083,24.375,58.732499999999995,14.854166666666666,1.425,152.0,0.18000000000000002,78.3925,-0.7036774074790128,-0.7105196029692745,-0.8660254037844384,-0.5000000000000004,14
2016-08-16,7131,10383,996,24.133333333333336,50.959583333333335,12.1875,1.9416666666666667,218.70833333333334,0.18000000000000002,78.65708333333333,-0.7157953492826642,-0.6983101158835584,-0.8660254037844384,-0.5000000000000004,14
2016-08-17,7035,10110,1061,25.575000000000003,47.70375000000001,12.450000000000001,3.7083333333333335,164.04166666666666,0.18000000000000002,78.925,-0.7277014757264236,-0.6858939875998223,-0.8660254037844384,-0.5000000000000004,14
2016-08-18,4820,3904,2687,21.787499999999998,55.721666666666664,11.883333333333333,3.3708333333333336,305.375,0.18000000000000002,79.19583333333334,-0.7393922635959241,-0.673274892250183,-0.8660254037844384,-0.5000000000000004,14
2016-08-19,1913,178,1793,15.737499999999999,66.70583333333333,9.375,2.8666666666666667,322.9166666666667,0.18000000000000002,79.46875,-0.7508642533989489,-0.6604565640279754,-0.8660254037844384,-0.5000000000000004,14
2016-08-20,5561,6195,1995,16.358333333333334,58.79083333333333,7.383333333333334,2.816666666666667,259.375,0.18000000000000002,79.74791666666667,-0.7621140503891487,-0.6474427960827475,-0.8660254037844384,-0.5000000000000004,14
2016-08-21,6957,10487,931,20.741666666666667,45.49125,7.141666666666667,3.0500000000000003,197.95833333333334,0.18000000000000002,80.02791666666667,-0.7731383255706026,-0.6342374393978054,-0.8660254037844384,-0.5000000000000004,14
2016-08-22,6808,10050,1057,24.662499999999998,56.06375,13.612499999999999,2.5541666666666667,163.29166666666666,0.18000000000000002,80.31041666666667,-0.7839338166829201,-0.620844401650647,-0.8660254037844384,-0.5000000000000004,14
2016-08-23,6424,7838,1760,21.641666666666666,48.48708333333334,8.279166666666667,3.766666666666667,300.4166666666667,0.18000000000000002,80.59416666666667,-0.7944973291665992,-0.6072676460566135,-0.8660254037844384,-0.5000000000000004,13
2016-08-24,5364,5867,2717,18.004166666666666,52.803333333333335,7.704166666666667,5.15,284.625,0.18000000000000002,80.88083333333334,-0.8048257371083452,-0.593511190196115,-0.8660254037844384,-0.5000000000000004,13
2016-08-25,3470,2052,2748,16.508333333333333,58.35041666666667,7.620833333333334,3.066666666666667,290.5833333333333,0.18000000000000002,81.16958333333334,-0.8149159841660791,-0.5795791048257612,-0.8660254037844384,-0.5000000000000004,13
2016-08-26,5277,4750,2126,17.2,58.50333333333333,8.316666666666666,3.4958333333333336,200.08333333333334,0.18000000000000002,81.46208333333333,-0.8247650844733614,-0.5654755126737576,-0.8660254037844384,-0.5000000000000004,13
2016-08-27,6679,10169,884,19.979166666666668,57.220416666666665,9.799999999999999,1.9458333333333335,198.20833333333334,0.18000000000000002,81.75750000000001,-0.8343701235229537,-0.5512045872199277,-0.8660254037844384,-0.5000000000000004,13
2016-08-28,6486,9780,918,25.133333333333336,50.013749999999995,12.225,2.45,190.875,0.18000000000000002,82.07791666666667,-0.8437282590292712,-0.5367705514607103,-0.8660254037844384,-0.5000000000000004,13
2016-08-29,5657,6802,1623,21.59166666666667,46.89125000000001,8.729166666666666,3.254166666666667,53.541666666666664,0.18000000000000002,82.37791666666666,-0.8528367217694595,-0.522177676659508,-0.8660254037844384,-0.5000000000000004,13
2016-08-30,5888,7281,1743,22.270833333333332,42.66791666666666,7.770833333333333,2.920833333333334,128.08333333333334,0.18291666666666664,82.68124999999999,-0.8616928164028521,-0.5074302810827518,-0.8660254037844384,-0.5000000000000004,13
2016-08-31,5575,5598,2033,23.099999999999998,58.831250000000004,14.029166666666667,4.3625,144.79166666666666,0.19000000000000003,82.985,-0.8702939222685674,-0.49253272872205434,-0.8660254037844384,-0.5000000000000004,13
2016-09-01,5852,7016,1734,23.92916666666667,52.98166666666666,12.841666666666667,5.3875,156.16666666666666,0.19000000000000003,83.29208333333334,-0.8786374941610001,-0.4774894280028391,-1.0,-1.8369701987210297e-16,13
2016-09-02,3511,1555,2570,22.670833333333334,59.87875,14.333333333333334,6.795833333333333,167.41666666666666,0.19000000000000003,83.60083333333334,-0.886721063082993,-0.46230483047981086,-1.0,-1.8369701987210297e-16,13
2016-09-03,4828,4678,2255,23.220833333333335,62.76500000000001,15.266666666666667,3.3458333333333337,119.33333333333333,0.18708333333333335,83.91125000000001,-0.8945422369764496,-0.4469834295196741,-1.0,-1.8369701987210297e-16,13
2016-09-04,3158,992,2526,16.0625,76.41083333333334,11.783333333333333,4.291666666666667,53.958333333333336,0.18000000000000002,84.22375000000001,-0.9020987014301837,-0.43152975897147144,-1.0,-1.8369701987210297e-16,13
2016-09-05,2180,1236,1713,16.1875,68.92791666666666,9.883333333333333,1.9333333333333336,125.41666666666667,0.18000000000000002,84.53583333333333,-0.9093882203647925,-0.4159483918249421,-1.0,-1.8369701987210297e-16,13
2016-09-06,3502,3373,2120,16.475,60.26791666666667,7.8500000000000005,2.0125,245.25,0.18000000000000002,84.84916666666668,-0.9164086366943458,-0.4002439388573056,-1.0,-1.8369701987210297e-16,13
2016-09-07,2682,3398,1465,15.1875,74.3,10.5875,3.7375000000000003,203.25,0.18000000000000002,85.1675,-0.9231578729647039,-0.38442104726885545,-1.0,-1.8369701987210297e-16,13
2016-09-08,4136,4173,1909,16.116666666666667,61.75333333333333,8.170833333333333,1.9416666666666667,201.91666666666666,0.18000000000000002,85.48458333333333,-0.9296339319682695,-0.3684843993077793,-1.0,-1.8369701987210297e-16,13
2016-09-09,2985,1751,2156,13.195833333333333,67.96124999999999,7.241666666666667,3.766666666666667,304.7083333333333,0.18000000000000002,85.80208333333333,-0.9358348973349941,-0.35243871088460327,-1.0,-1.8369701987210297e-16,13
2016-09-10,5247,6409,1838,15.658333333333333,55.981249999999996,5.820833333333334,3.0375,239.29166666666666,0.18000000000000002,86.12291666666665,-0.9417589340994617,-0.33628873017668287,-1.0,-1.8369701987210297e-16,13
2016-09-11,5478,7726,1148,20.345833333333335,49.752916666666664,7.733333333333333,3.7125000000000004,272.3333333333333,0.18000000000000002,86.44625,-0.9474042892438845,-0.32003923622313857,-1.0,-1.8369701987210297e-16,13
2016-09-12,3715,2007,2478,12.825000000000001,58.581250000000004,4.375,4.7375,338.6666666666667,0.18000000000000002,86.7675,-0.9527692922168511,-0.30369503751065885,-1.0,-1.8369701987210297e-16,13
2016-09-13,4169,3847,2269,10.279166666666667,53.34583333333333,0.38333333333333336,2.0208333333333335,274.2083333333333,0.18000000000000002,87.08791666666667,-0.9578523554276669,-0.28726097055059635,-1.0,-1.8369701987210297e-16,13
2016-09-14,5528,8530,863,14.758333333333333,60.35708333333333,6.5249999999999995,4.5125,163.29166666666666,0.18000000000000002,87.41416666666667,-0.9626519747161487,-0.2707418984477642,-1.0,-1.8369701987210297e-16,13
2016-09-15,1106,1547,668,16.241666666666667,79.1025,12.174999999999999,2.8708333333333336,229.25,0.18000000000000002,87.73958333333333,-0.9671667297977312,-0.2541427094613622,-1.0,-1.8369701987210297e-16,12
2016-09-16,1430,540,1199,14.016666666666666,79.39916666666666,10.3375,3.3041666666666667,279.6666666666667,0.18000000000000002,88.06375000000001,-0.97139528468375,-0.23746831555846842,-1.0,-1.8369701987210297e-16,12
2016-09-17,5512,9459,714,18.283333333333335,53.39833333333333,7.320833333333334,2.5500000000000003,224.29166666666666,0.18000000000000002,88.38958333333333,-0.9753363880767837,-0.2207236509605022,-1.0,-1.8369701987210297e-16,12
2016-09-18,4315,5577,1433,20.1875,45.93875,7.4750000000000005,4.341666666666667,282.9166666666667,0.18000000000000002,88.71708333333333,-0.9789888737409319,-0.20391367068311472,-1.0,-1.8369701987210297e-16,12
2016-09-19,5502,9746,651,16.891666666666666,46.2575,4.004166666666667,2.9875000000000003,262.4166666666667,0.18000000000000002,89.0425,-0.9823516608469237,-0.18704334906991657,-1.0,-1.8369701987210297e-16,12
2016-09-20,3882,3084,2003,18.691666666666666,62.24125,10.595833333333333,2.779166666666667,90.66666666666667,0.18000000000000002,89.36833333333334,-0.9854237542919524,-0.17011767832049052,-1.0,-1.8369701987210297e-16,12
2016-09-21,4670,5807,1367,17.004166666666666,57.65833333333333,7.641666666666667,5.095833333333333,60.333333333333336,0.17708333333333334,89.69500000000001,-0.9882042449941422,-0.15314166701312007,-1.0,-1.8369701987210297e-16,12
2016-09-22,2467,448,2192,14.254166666666668,64.70375,7.341666666666668,4.9,68.16666666666667,0.17,90.04583333333333,-0.9906923101615609,-0.13612033862266704,-1.0,-1.8369701987210297e-16,12
2016-09-23,579,4,576,15.875,83.28291666666667,12.9375,5.170833333333333,104.33333333333333,0.17,90.37458333333332,-0.9928872135356962,-0.11905873003404988,-1.0,-1.8369701987210297e-16,11
2016-09-24,4074,5208,1469,18.8125,71.19208333333334,12.783333333333333,4.945833333333334,196.08333333333334,0.16708333333333333,90.70208333333333,-0.994788305609327,-0.10196189005174576,-1.0,-1.8369701987210297e-16,11
2016-09-25,5083,8826,609,12.629166666666668,57.27041666666667,3.4708333333333337,7.695833333333334,306.6666666666667,0.16,91.02958333333333,-0.9963950238187231,-0.08483487790576538,-1.0,-1.8369701987210297e-16,11
2016-09-26,5043,9267,592,12.166666666666666,54.00125,2.0,4.025,308.625,0.16,91.35791666666667,-0.9977068927101168,-0.06768276175455162,-1.0,-1.8369701987210297e-16,11
2016-09-27,4938,9128,597,14.100000000000001,56.45083333333333,4.695833333333334,2.4375,231.5,0.16,91.70875000000001,-0.9987235240803972,-0.050510617185222886,-1.0,-1.8369701987210297e-16,11
2016-09-28,4888,9158,571,12.970833333333333,55.60833333333334,3.3625000000000003,1.929166666666667,112.08333333333333,0.16,92.03750000000001,-0.9994446170919858,-0.033323525711631344,-1.0,-1.8369701987210297e-16,11
2016-09-29,4854,9196,563,14.266666666666666,60.15208333333334,5.704166666666667,4.3875,151.0,0.16,92.36666666666667,-0.9998699583618592,-0.016126573270657762,-1.0,-1.8369701987210297e-16,11
2016-09-30,1951,613,1645,14.887500000000001,63.23583333333334,7.6375,4.958333333333334,143.29166666666666,0.16,92.69458333333334,-0.9999994220246925,0.001075151282798226,-1.0,-1.8369701987210297e-16,11
2016-10-01,4481,8094,725,17.445833333333333,59.720416666666665,8.875,4.345833333333333,148.20833333333334,0.16,93.02375,-0.999832969770105,0.018276557681691223,-0.8660254037844386,0.5000000000000001,11
2016-10-02,3306,5186,1139,17.704166666666666,69.76291666666667,11.520833333333334,2.3833333333333333,156.75,0.16,93.34958333333333,-0.9993706508539969,0.03547255575312556,-0.8660254037844386,0.5000000000000001,11
2016-10-03,2066,1061,1441,18.625,72.06666666666666,13.245833333333332,6.620833333333334,152.0,0.16,93.67666666666668,-0.9986126020839734,0.052658056924614005,-0.8660254037844386,0.5000000000000001,11
2016-10-04,3675,5090,1251,13.2125,64.21666666666667,5.6625000000000005,5.4125000000000005,217.54166666666666,0.16,94.00208333333335,-0.9975590477788613,0.06982797572987089,-0.8660254037844386,0.5000000000000001,11
2016-10-05,1912,492,1712,5.445833333333334,56.486250000000005,-2.7291666666666665,7.808333333333334,266.75,0.16291666666666668,94.32541666666667,-0.9962102997023297,0.0869772313136861,-0.8660254037844386,0.5000000000000001,11
2016-10-06,3279,3738,1803,3.4916666666666667,60.281666666666666,-3.983333333333334,4.466666666666667,290.6666666666667,0.17,94.64875,-0.9945667569706337,0.1041007489354256,-0.8660254037844386,0.5000000000000001,11
2016-10-07,2508,2912,1706,2.075,61.666666666666664,-4.9375,3.879166666666667,251.16666666666666,0.17,94.97166666666668,-0.9926289059345095,0.121193461470736,-0.8660254037844386,0.5000000000000001,11
2016-10-08,3478,5313,1231,4.3125,65.86416666666666,-1.8291666666666668,1.6375000000000002,132.20833333333334,0.17,95.2925,-0.9903973200352558,0.1382503109109819,-0.8660254037844386,0.5000000000000001,11
2016-10-09,3850,6840,919,11.566666666666668,58.98708333333334,3.0708333333333333,4.720833333333334,183.95833333333334,0.17,95.6125,-0.9878726596350429,0.15526624985999563,-0.8660254037844386,0.5000000000000001,11
2016-10-10,3947,6984,766,9.920833333333333,67.55666666666667,3.625,3.929166666666667,64.75,0.1729166666666667,95.93166666666667,-0.9850556718215013,0.172236243027682,-0.8660254037844386,0.5000000000000001,11
2016-10-11,1650,340,1489,2.8208333333333333,76.01666666666667,-1.0875000000000001,3.7708333333333335,335.0,0.18000000000000002,96.24833333333333,-0.981947190186646,0.18915526872004093,-0.8660254037844386,0.5000000000000001,11
2016-10-12,2640,4001,1084,1.9666666666666668,64.84875000000001,-4.733333333333333,3.033333333333333,256.4583333333333,0.18000000000000002,96.56083333333333,-0.9785481345802031,0.20601832032517084,-0.8660254037844386,0.5000000000000001,11
2016-10-13,4126,8679,583,5.920833333333333,56.18166666666667,-3.470833333333333,1.9833333333333334,211.25,0.18000000000000002,96.87583333333333,-0.9748595108374125,0.22282040779479959,-0.8660254037844386,0.5000000000000001,11
2016-10-14,2657,2074,1626,13.075000000000001,61.28125,4.941666666666667,3.4625000000000004,209.91666666666666,0.18000000000000002,97.18833333333333,-0.9708824104813836,0.23955655912092708,-0.8660254037844386,0.5000000000000001,11
2016-10-15,3598,6529,769,14.220833333333333,50.456250000000004,2.795833333333334,2.858333333333334,255.79166666666666,0.18000000000000002,97.49791666666665,-0.9666180104000972,0.2562218218071163,-0.8660254037844386,0.5000000000000001,11
2016-10-16,1962,1415,1320,13.120833333333332,60.56708333333333,5.429166666666667,5.054166666666667,211.375,0.18000000000000002,97.80624999999999,-0.9620675724981452,0.27281126433401914,-0.8660254037844386,0.5000000000000001,11
2016-10-17,957,39,942,9.579166666666667,76.54333333333334,5.5874999999999995,2.1125000000000003,205.125,0.18000000000000002,98.11208333333333,-0.957232443323312,0.28931997761869527,-0.8660254037844386,0.5000000000000001,11
2016-10-18,3178,5698,759,8.7875,69.38333333333334,3.029166666666667,3.5833333333333335,292.9583333333333,0.18000000000000002,98.41458333333333,-0.9521140536681102,0.3057430764672831,-0.8660254037844386,0.5000000000000001,11
2016-10-19,2549,3752,1230,4.454166666666667,72.94458333333334,-0.525,2.216666666666667,322.0833333333333,0.18000000000000002,98.71583333333332,-0.9467139181463862,0.3220757010206104,-0.8660254037844386,0.5000000000000001,11
2016-10-20,2407,4572,914,6.5375000000000005,69.44291666666668,0.8166666666666668,2.25,226.20833333333334,0.18000000000000002,99.01416666666667,-0.9410336347451197,0.3383130181923076,-0.8660254037844386,0.5000000000000001,11
2016-10-21,2838,4788,920,10.0875,61.034166666666664,1.9791666666666667,3.516666666666667,264.3333333333333,0.18000000000000002,99.31083333333333,-0.9350748843515574,0.3544502230989869,-0.8660254037844386,0.5000000000000001,11
2016-10-22,3052,5042,1019,10.825000000000001,60.705000000000005,2.7458333333333336,3.9791666666666665,197.83333333333334,0.18291666666666664,99.60541666666667,-0.9288394302558068,0.3704825404820963,-0.8660254037844386,0.5000000000000001,11
2016-10-23,2245,3478,1289,6.145833333333333,74.92125,1.6458333333333333,3.0541666666666667,204.54166666666666,0.18708333333333335,99.89541666666668,-0.9223291176290545,0.3864052261209853,-0.8660254037844386,0.5000000000000001,11
2016-10-24,2921,4302,1144,7.066666666666666,73.23333333333333,2.1416666666666666,4.408333333333334,135.125,0.18000000000000002,100.18333333333334,-0.9155458729775467,0.40221356823680365,-0.8660254037844386,0.5000000000000001,11
2016-10-25,621,12,615,7.816666666666666,85.26375,5.445833333333334,4.183333333333334,113.5,0.18000000000000002,100.46875,-0.9084917035725082,0.41790288888678667,-0.8660254037844386,0.5000000000000001,10
2016-10-26,1996,2626,993,10.233333333333334,76.73916666666666,5.825,1.425,201.75,0.18000000000000002,100.75083333333333,-0.9011686968561569,0.4334685453485363,-0.8660254037844386,0.5000000000000001,10
2016-10-27,2416,2712,1198,12.308333333333332,76.56583333333333,7.745833333333334,2.4250000000000003,168.91666666666666,0.18000000000000002,101.03208333333333,-0.8935790198239952,0.4489059314938798,-0.8660254037844386,0.5000000000000001,10
2016-10-28,2177,1943,1307,13.495833333333332,69.11708333333333,7.283333333333334,3.8875000000000006,312.5416666666667,0.18000000000000002,101.3075,-0.8857249183835637,0.4642104791518923,-0.8660254037844386,0.5000000000000001,10
2016-10-29,1821,1335,1208,5.008333333333334,75.01125,0.7916666666666666,2.904166666666667,265.0833333333333,0.18000000000000002,101.57625,-0.8776087166898392,0.4793776594606945,-0.8660254037844386,0.5000000000000001,9
2016-10-30,1196,233,1110,5.125,79.21416666666667,1.4125000000000003,3.9875000000000003,179.75,0.17708333333333334,101.87083333333334,-0.8692328164574792,0.49440298420761813,-0.8660254037844386,0.5000000000000001,9
2016-10-31,1444,1949,1026,9.0625,77.69083333333333,4.966666666666667,5.241666666666666,241.41666666666666,0.17,102.14083333333333,-0.8605996962501181,0.5092820071573356,-0.8660254037844386,0.5000000000000001,9
2016-11-01,2196,3998,736,9.170833333333333,70.98041666666667,3.5208333333333335,2.65,241.45833333333334,0.17,102.40291666666667,-0.8517119107469189,0.5240103253675756,-0.5000000000000004,0.8660254037844384,9
2016-11-02,2802,6423,582,8.804166666666667,65.88166666666667,1.9833333333333334,2.2125,293.5833333333333,0.17,102.66291666666666,-0.8425720899866032,0.5385835804920232,-0.5000000000000004,0.8660254037844384,9
2016-11-03,2833,6909,435,9.841666666666667,60.974583333333335,1.9750000000000003,1.9708333333333334,272.7083333333333,0.17,102.91958333333334,-0.8331829385891785,0.5529974600700271,-0.5000000000000004,0.8660254037844384,9
2016-11-04,2828,6876,466,10.924999999999999,59.84916666666667,2.6999999999999997,1.8083333333333333,228.0,0.17,103.19833333333334,-0.8235472349556007,0.5672476988027229,-0.5000000000000004,0.8660254037844384,9
2016-11-05,2784,7087,390,11.391666666666667,65.08791666666667,4.4875,2.3583333333333334,181.58333333333334,0.17,103.44916666666667,-0.8136678304455991,0.5813300798152042,-0.5000000000000004,0.8660254037844384,9
2016-11-06,1944,2148,1202,12.6875,76.10458333333334,8.266666666666667,4.2625,193.95833333333334,0.17,103.69541666666667,-0.8035476485339116,0.5952404359043674,-0.5000000000000004,0.8660254037844384,9
2016-11-07,2751,6949,450,8.245833333333334,65.78791666666667,1.8,3.983333333333334,311.375,0.17,103.93791666666665,-0.7931896839451843,0.6089746507720486,-0.5000000000000004,0.8660254037844384,9
2016-11-08,2191,3832,938,7.704166666666667,64.78083333333333,0.9666666666666668,2.6333333333333333,232.75,0.17,104.17625,-0.7825970017677834,0.6225286602431057,-0.5000000000000004,0.8660254037844384,9
2016-11-09,2495,6012,539,10.4375,65.04666666666667,3.5833333333333335,2.9291666666666667,221.125,0.17583333333333337,104.41166666666668,-0.7717727365467837,0.6358984534680745,-0.5000000000000004,0.8660254037844384,9
2016-11-10,2646,7044,400,8.375,71.0,2.6958333333333333,4.3125,328.7083333333333,0.19000000000000003,104.64125,-0.7607200913564104,0.6490800741100398,-0.5000000000000004,0.8660254037844384,9
2016-11-11,2648,6991,439,4.254166666666667,74.74583333333334,-0.37916666666666665,3.7375000000000003,144.41666666666666,0.19000000000000003,104.8675,-0.7494423368521953,0.6620696215153815,-0.5000000000000004,0.8660254037844384,9
2016-11-12,2570,7066,376,7.95,61.27041666666667,0.5333333333333333,3.483333333333334,215.625,0.19000000000000003,105.08958333333334,-0.7379428103031386,0.6748632518680403,-0.5000000000000004,0.8660254037844384,9
2016-11-13,2373,5509,524,9.675,71.75750000000001,4.383333333333334,4.0625,311.625,0.19000000000000003,105.30666666666667,-0.7262249146041543,0.6874571793269664,-0.5000000000000004,0.8660254037844384,9
2016-11-14,1488,2237,911,9.258333333333335,68.85291666666667,3.441666666666667,2.6583333333333337,216.79166666666666,0.19000000000000003,105.51833333333333,-0.7142921172691032,0.699847677146407,-0.5000000000000004,0.8660254037844384,9
2016-11-15,2001,3316,894,8.520833333333334,62.013749999999995,1.0625000000000002,3.3874999999999997,242.29166666666666,0.18708333333333335,105.72666666666667,-0.7021479494046978,0.7120310787787131,-0.5000000000000004,0.8660254037844384,9
2016-11-16,1908,2439,999,7.050000000000001,62.267500000000005,-0.033333333333333326,4.245833333333334,269.75,0.18000000000000002,105.93,-0.6897960046655887,0.7240037789593305,-0.5000000000000004,0.8660254037844384,9
2016-11-17,472,8,471,1.2791666666666668,71.62875000000001,-3.375,5.141666666666667,108.375,0.17708333333333334,106.12708333333335,-0.6772399381909491,0.7357622347736527,-0.5000000000000004,0.8660254037844384,9
2016-11-18,1984,3585,662,-1.4458333333333335,69.49291666666666,-6.529166666666668,5.1875,336.4583333333333,0.17,106.32,-0.6644834655228552,0.7473029667054297,-0.5000000000000004,0.8660254037844384,9
2016-11-19,1831,3260,1031,-2.7083333333333335,60.62708333333333,-9.520833333333334,3.3541666666666665,169.25,0.17,106.50791666666667,-0.6515303615068021,0.75862255966641,-0.5000000000000004,0.8660254037844384,9
2016-11-20,1725,3347,705,-1.5999999999999999,67.81458333333333,-6.958333333333333,3.3874999999999997,151.08333333333334,0.17,106.69208333333334,-0.6383844591746642,0.769717664006921,-0.5000000000000004,0.8660254037844384,9
2016-11-21,1006,360,876,0.03333333333333333,77.81791666666668,-3.6125000000000003,3.829166666666667,140.33333333333334,0.17,106.87,-0.6250496486104377,0.7805849965070866,-0.5000000000000004,0.8660254037844384,9
2016-11-22,1472,1523,923,0.9666666666666667,90.4975,-0.5208333333333334,2.5416666666666665,274.5,0.17,107.04375,-0.6115298757991053,0.7912213413483807,-0.5000000000000004,0.8660254037844384,9
2016-11-23,297,0,297,-0.45416666666666666,83.38291666666667,-3.0708333333333333,1.7208333333333334,245.08333333333334,0.1729166666666667,107.21125,-0.5978291414589552,0.801623551065242,-0.5000000000000004,0.8660254037844384,9
2016-11-24,849,414,788,-0.11666666666666665,84.48666666666666,-2.5583333333333336,1.4375,183.70833333333334,0.18000000000000002,107.37291666666665,-0.5839514998576998,0.8117885474764613,-0.5000000000000004,0.8660254037844384,9
2016-11-25,1895,4177,681,0.8958333333333334,65.97708333333334,-5.275,2.8249999999999997,224.66666666666666,0.18000000000000002,107.53041666666667,-0.5699010576127624,0.821713322596059,-0.5000000000000004,0.8660254037844384,9
2016-11-26,1926,4842,609,1.2208333333333334,76.0875,-2.8249999999999997,1.866666666666667,230.875,0.18000000000000002,107.68374999999999,-0.5556819724760489,0.8313949395234058,-0.5000000000000004,0.8660254037844384,9
2016-11-27,982,165,927,-0.25416666666666665,88.11416666666666,-2.0500000000000003,3.966666666666667,102.125,0.32583333333333336,107.83,-0.5412984521036173,0.8408305333122887,-0.5000000000000004,0.8660254037844384,9
2016-11-28,664,73,639,-0.9708333333333333,89.76333333333334,-2.4583333333333335,6.916666666666667,317.0833333333333,0.6916666666666668,107.97083333333335,-0.5267547528105542,0.8500173118187018,-0.5000000000000004,0.8660254037844384,9
2016-11-29,481,4,481,-2.5416666666666665,89.64791666666667,-4.008333333333334,8.200000000000001,321.625,0.7345833333333333,108.10374999999999,-0.5120551783114646,0.8589525565270845,-0.5000000000000004,0.8660254037844384,9
2016-11-30,402,7,401,-4.358333333333333,90.19458333333334,-5.716666666666668,4.704166666666667,324.0,0.77875,108.23291666666667,-0.4972040784469378,0.8676336233547726,-0.5000000000000004,0.8660254037844384,9
2016-12-01,708,490,540,-6.291666666666667,89.36791666666666,-7.766666666666667,1.4416666666666667,237.375,0.8000000000000002,108.35541666666667,-0.4822058478963526,0.8760579434344281,-2.4492935982947064e-16,1.0,9
2016-12-02,718,654,606,-8.304166666666667,89.78166666666668,-9.695833333333333,1.4166666666666667,178.79166666666666,0.8000000000000002,108.47125,-0.46706492487743034,0.8842230238742036,-2.4492935982947064e-16,1.0,9
2016-12-03,798,1565,565,-4.354166666666667,89.575,-5.8125,3.5750000000000006,190.04166666666666,0.7795833333333334,108.58541666666667,-0.451785789832884,0.8921264484954345,-2.4492935982947064e-16,1.0,9
2016-12-04,1865,4801,497,-3.25,86.26375,-5.2250000000000005,3.125,243.33333333333334,0.7504166666666667,108.69166666666666,-0.4363729641045924,0.8997658785476209,-2.4492935982947064e-16,1.0,9
2016-12-05,451,5,450,-5.7,86.21041666666667,-7.6375,6.170833333333333,261.7083333333333,0.8000000000000002,108.79166666666667,-0.42083100859565564,0.9071390534005044,-2.4492935982947064e-16,1.0,9
2016-12-06,737,21,731,-12.666666666666666,79.47,-15.483333333333334,9.525,301.9166666666667,0.8000000000000002,108.88375,-0.4051645224207563,0.9142437912130223,-2.4492935982947064e-16,1.0,9
2016-12-07,821,120,789,-14.766666666666666,76.46625,-17.983333333333334,8.133333333333333,306.4166666666667,0.8000000000000002,108.97000000000001,-0.3893781415452015,0.9210779895789526,-2.4492935982947064e-16,1.0,9
2016-12-08,1775,4521,640,-16.650000000000002,79.2625,-19.40416666666667,3.7916666666666665,321.7083333333333,0.8000000000000002,109.05250000000001,-0.37347653741307074,0.9276396261490467,-2.4492935982947064e-16,1.0,9
2016-12-09,1754,4829,608,-22.887500000000003,76.67541666666666,-25.86666666666667,1.5833333333333333,318.4583333333333,0.8000000000000002,109.12708333333335,-0.3574644155648614,0.9339267592294762,-2.4492935982947064e-16,1.0,9
2016-12-10,844,42,833,-22.849999999999998,74.69666666666667,-26.104166666666668,3.0416666666666665,105.41666666666667,0.8000000000000002,109.1975,-0.34134651424503615,0.9399375283564133,-2.4492935982947064e-16,1.0,9
2016-12-11,1524,3725,592,-19.833333333333332,77.66583333333334,-22.7375,1.8083333333333336,238.0,0.8000000000000002,109.26041666666667,-0.3251276029999093,0.9456701548465688,-2.4492935982947064e-16,1.0,9
2016-12-12,1503,2497,840,-17.51666666666667,76.43333333333334,-20.670833333333334,3.804166666666667,299.2916666666667,0.8000000000000002,109.31875000000001,-0.30881248126625377,0.9511229423235357,-2.4492935982947064e-16,1.0,9
2016-12-13,1111,1892,742,-14.850000000000001,74.61125,-18.366666666666667,5.866666666666667,278.2083333333333,0.8000000000000002,109.36874999999999,-0.29240597695107734,0.9562942772197719,-2.4492935982947064e-16,1.0,8
2016-12-14,1901,5560,417,-19.554166666666667,76.81958333333334,-22.6125,4.25,305.6666666666667,0.8000000000000002,109.41208333333333,-0.27591294500296043,0.9611826292540837,-2.4492935982947064e-16,1.0,8
2016-12-15,731,27,722,-17.55,78.39458333333333,-20.416666666666668,1.9541666666666666,150.41666666666666,0.8000000000000002,109.45166666666667,-0.2593382659754056,0.9657865518844574,-2.4492935982947064e-16,1.0,8
2016-12-16,868,69,846,-18.383333333333336,79.28708333333334,-21.070833333333333,3.8874999999999997,108.95833333333333,0.8000000000000002,109.48375,-0.2426868445825954,0.9701046827361175,-2.4492935982947064e-16,1.0,8
2016-12-17,1791,4727,648,-26.40833333333333,74.74208333333333,-29.599999999999998,2.875,291.5,0.8000000000000002,109.50791666666667,-0.22596360824801906,0.974135744004672,-2.4492935982947064e-16,1.0,8
2016-12-18,1511,3208,598,-15.391666666666666,73.63291666666667,-19.033333333333335,4.045833333333333,238.54166666666666,0.8000000000000002,109.52958333333333,-0.20917350564635637,0.9778785428342386,-2.4492935982947064e-16,1.0,8
2016-12-19,358,2,358,-3.783333333333333,81.56041666666667,-6.479166666666667,5.708333333333333,244.125,0.7708333333333334,109.545,-0.19232150523909483,0.9813319716704275,-2.4492935982947064e-16,1.0,8
2016-12-20,1789,5041,475,-1.4458333333333335,83.18333333333334,-3.941666666666667,4.695833333333334,250.08333333333334,0.69125,109.55250000000001,-0.17541259380427843,0.9844950085880858,-2.4492935982947064e-16,1.0,8
2016-12-21,940,2499,484,-1.5083333333333335,84.26583333333333,-3.8333333333333335,6.416666666666667,283.5416666666667,0.7079166666666667,109.55333333333334,-0.15845177496083632,0.9873667175937016,-2.4492935982947064e-16,1.0,8
2016-12-22,1894,6094,368,-6.2375,81.3775,-8.924999999999999,3.7083333333333335,231.54166666666666,0.8000000000000002,109.5475,-0.14144406768794202,0.9899462489023779,-2.4492935982947064e-16,1.0,8
2016-12-23,1663,3877,648,-9.825000000000001,86.36666666666667,-11.695833333333333,2.7000000000000006,230.25,0.8000000000000002,109.53291666666667,-0.12439450483979998,0.9922328391893008,-2.4492935982947064e-16,1.0,8
2016-12-24,966,69,946,-13.570833333333333,83.33458333333333,-15.787500000000001,4.775,72.45833333333333,0.8000000000000002,109.51458333333333,-0.10730813165636247,0.9942258118156161,-2.4492935982947064e-16,1.0,8
2016-12-25,307,0,307,-7.866666666666667,88.54791666666667,-9.445833333333333,6.404166666666668,91.29166666666667,0.8000000000000002,109.49125,-0.09019000427034513,0.9959245770286599,-2.4492935982947064e-16,1.0,8
2016-12-26,595,16,591,-12.591666666666667,80.74,-15.220833333333333,7.433333333333334,298.8333333333333,0.8000000000000002,109.45791666666668,-0.07304518821104743,0.9973286321364752,-2.4492935982947064e-16,1.0,8
2016-12-27,721,850,458,-10.129166666666666,84.32166666666667,-12.291666666666666,2.9333333333333336,228.08333333333334,0.7825000000000001,109.42166666666667,-0.05587875690537313,0.9984375616565666,-2.4492935982947064e-16,1.0,8
2016-12-28,1427,3407,509,-1.9166666666666667,87.79458333333334,-3.6833333333333336,6.170833333333334,279.4583333333333,0.7516666666666666,109.38083333333333,-0.03869579017652689,0.9992510374388481,-2.4492935982947064e-16,1.0,8
2016-12-29,1789,4928,377,-6.1625000000000005,84.88541666666667,-8.308333333333334,5.0875,280.7083333333333,0.7858333333333333,109.32958333333333,-0.021501372740813793,0.999768818762748,-2.4492935982947064e-16,1.0,8
2016-12-30,693,738,548,-4.9875,86.08958333333334,-6.979166666666667,5.8374999999999995,260.9166666666667,0.8000000000000002,109.27541666666667,-0.004300592702981974,0.9999907524084426,-2.4492935982947064e-16,1.0,8
2016-12-31,744,741,567,-7.7749999999999995,82.44958333333334,-10.266666666666667,4.604166666666667,265.125,0.8000000000000002,109.24041666666666,0.012901459949419653,0.9999167727021953,-2.4492935982947064e-16,1.0,8
2017-01-01,757,533,681,-11.362499999999999,86.68333333333334,-13.1625,3.141666666666667,107.20833333333333,0.8000000000000002,109.14125,0.017201575418260506,0.9998520419557735,0.49999999999999994,0.8660254037844387,8
2017-01-02,454,4,452,-13.508333333333333,83.68124999999999,-15.683333333333332,4.908333333333334,157.91666666666666,0.8000000000000002,109.0675,0.03439806061360801,0.9994082116062598,0.49999999999999994,0.8660254037844387,8
2017-01-03,1964,5614,425,-20.270833333333332,76.82208333333334,-23.291666666666668,5.250000000000001,312.2916666666667,0.8000000000000002,108.98375,0.051584366869408364,0.9986686402879997,0.49999999999999994,0.8660254037844387,8
2017-01-04,817,551,760,-20.7,76.32791666666667,-23.791666666666668,3.054166666666667,301.5,0.8000000000000002,108.89833333333333,0.06875540848113941,0.9976335468520451,0.49999999999999994,0.8660254037844387,8
2017-01-05,714,691,637,-21.620833333333334,74.78083333333333,-24.908333333333335,3.5375,303.5,0.8000000000000002,108.80458333333333,0.08590610426133272,0.9963032375991965,0.49999999999999994,0.8660254037844387,8
2017-01-06,1280,963,951,-19.425,78.78583333333334,-22.191666666666666,1.866666666666667,297.125,0.8000000000000002,108.7075,0.10303137904317879,0.9946781061893646,0.49999999999999994,0.8660254037844387,8
2017-01-07,1434,3302,577,-25.17916666666667,75.93875,-28.2,2.5500000000000003,226.95833333333334,0.8000000000000002,108.59833333333334,0.1201261651823505,0.9927586335250793,0.49999999999999994,0.8660254037844387,8
2017-01-08,1419,3043,627,-17.166666666666668,79.30666666666666,-19.89166666666667,4.058333333333334,249.75,0.8000000000000002,108.49208333333333,0.13718540405660057,0.9905453876091833,0.49999999999999994,0.8660254037844387,8
2017-01-09,802,106,776,-15.6875,80.55791666666667,-18.275000000000002,3.0625,147.08333333333334,0.8000000000000002,108.375,0.1542040475626894,0.988039023376751,0.49999999999999994,0.8660254037844387,8
2017-01-10,1906,4920,455,-16.0125,78.02833333333334,-18.96666666666667,4.366666666666667,311.2083333333333,0.8000000000000002,108.25125000000001,0.17117705961019986,0.985240282501282,0.49999999999999994,0.8660254037844387,8
2017-01-11,1445,1184,1022,-21.2875,74.18416666666667,-24.712500000000002,2.983333333333334,273.75,0.8000000000000002,108.12416666666667,0.18809941761179758,0.9821499931752291,0.49999999999999994,0.8660254037844387,8
2017-01-12,2019,4566,690,-22.620833333333334,75.28916666666667,-25.84166666666667,3.929166666666667,274.5416666666667,0.8000000000000002,107.98833333333334,0.20496611396949532,0.9787690698649216,0.49999999999999994,0.8660254037844387,8
2017-01-13,2194,6503,380,-18.408333333333335,79.11416666666666,-21.1375,3.891666666666667,208.41666666666666,0.8000000000000002,107.84875,0.22177215755648186,0.975098513039961,0.49999999999999994,0.8660254037844387,8
2017-01-14,1732,4905,384,-13.295833333333334,82.8975,-15.637500000000001,2.3041666666666667,244.58333333333334,0.8000000000000002,107.70291666666667,0.23851257519407648,0.9711394088771653,0.49999999999999994,0.8660254037844387,8
2017-01-15,1589,4187,339,-10.279166666666667,82.575,-12.733333333333334,2.6958333333333333,237.70833333333334,0.8000000000000002,107.55416666666667,0.2551824131233728,0.9668929289391521,0.49999999999999994,0.8660254037844387,8
2017-01-16,1949,4761,466,-9.454166666666667,88.60625,-11.0,3.1208333333333336,302.4583333333333,0.8000000000000002,107.3975,0.2717767384711357,0.9623603298276545,0.49999999999999994,0.8660254037844387,8
2017-01-17,782,2213,238,-4.7250000000000005,87.70333333333333,-6.466666666666666,3.8458333333333337,233.45833333333334,0.765,107.23666666666666,0.2882906407095177,0.9575429528116719,0.49999999999999994,0.8660254037844387,8
2017-01-18,2072,5697,308,-1.175,88.39875,-2.85,2.525,232.04166666666666,0.6975000000000001,107.06833333333333,0.3047192331091634,0.9524422234305676,0.49999999999999994,0.8660254037844387,8
2017-01-19,856,2264,286,-3.2291666666666665,90.30916666666667,-4.616666666666667,2.0208333333333335,191.54166666666666,0.7575,106.89708333333334,0.321057654185271,0.9470596510722283,0.49999999999999994,0.8660254037844387,8
2017-01-20,472,1,472,-5.504166666666666,91.51083333333334,-6.679166666666667,1.3416666666666668,162.33333333333334,0.7941666666666668,106.71791666666667,0.3373010691361842,0.9413968285264122,0.49999999999999994,0.8660254037844387,9
2017-01-21,534,583,440,-3.733333333333334,93.03833333333334,-4.7,1.3875000000000002,294.7916666666667,0.7799999999999999,106.51166666666667,0.3534446712740877,0.9354554315134164,0.49999999999999994,0.8660254037844387,9
2017-01-22,482,0,482,-3.9166666666666665,91.56166666666667,-5.095833333333333,2.795833333333334,296.8333333333333,0.7829166666666666,106.32291666666667,0.3694836834473831,0.9292372181882051,0.49999999999999994,0.8660254037844387,9
2017-01-23,468,14,465,-4.783333333333334,90.0125,-6.183333333333334,0.8583333333333334,226.04166666666666,0.7929166666666667,106.13,0.38541335945432564,0.9227440286201427,0.49999999999999994,0.8660254037844387,9
2017-01-24,716,11,714,-8.625,87.02625,-10.416666666666666,3.1458333333333335,337.875,0.8000000000000002,105.93041666666666,0.4012289854475009,0.9159777842484877,0.49999999999999994,0.8660254037844387,9
2017-01-25,988,124,955,-9.345833333333333,85.13000000000001,-11.387500000000001,4.05,324.375,0.8000000000000002,105.72791666666667,0.4169258813287287,0.908940487313808,0.49999999999999994,0.8660254037844387,9
2017-01-26,701,16,695,-8.541666666666666,83.4225,-10.854166666666666,4.5125,309.9166666666667,0.8000000000000002,105.52041666666668,0.4324994021339788,0.901634220265486,0.49999999999999994,0.8660254037844387,9
2017-01-27,878,2365,320,-3.3541666666666665,88.61041666666667,-4.9625,6.4624999999999995,302.4166666666667,0.7708333333333334,105.30874999999999,0.44794493940789115,0.8940611451454876,0.49999999999999994,0.8660254037844387,10
2017-01-28,1742,3384,460,-0.43333333333333335,91.79166666666667,-1.6041666666666667,5.5625,307.8333333333333,0.6854166666666668,105.09166666666665,0.4632579225674917,0.88622350294858,0.49999999999999994,0.8660254037844387,10
2017-01-29,708,159,649,-0.033333333333333326,90.40583333333335,-1.4208333333333334,3.233333333333334,297.5833333333333,0.65,104.86958333333332,0.4784338202547012,0.8781236129591848,0.49999999999999994,0.8660254037844387,10
2017-01-30,731,668,692,0.9250000000000002,83.10041666666667,-1.6416666666666666,7.520833333333333,289.875,0.6733333333333333,104.64541666666668,0.49346814167723735,0.8697638720650646,0.49999999999999994,0.8660254037844387,10
2017-01-31,838,37,825,-4.966666666666667,82.81333333333333,-7.470833333333334,5.254166666666667,314.125,0.7504166666666667,104.41166666666668,0.5083564379375122,0.8611467540480452,0.49999999999999994,0.8660254037844387,10
2017-02-01,2811,6698,516,-14.325000000000001,75.15333333333334,-17.8125,4.716666666666667,313.9166666666667,0.8000000000000002,104.17375,0.5230943033491326,0.8522748088519838,0.8660254037844386,0.5000000000000001,10
2017-02-02,2931,6998,520,-17.0375,72.74708333333334,-20.841666666666665,3.004166666666667,300.0,0.8000000000000002,103.93374999999999,0.5376773767406141,0.8431506618282,0.8660254037844386,0.5000000000000001,10
2017-02-03,3023,7389,523,-13.458333333333334,73.44166666666666,-17.25,3.879166666666667,206.83333333333334,0.8000000000000002,103.69125000000001,0.5521013427459208,0.8337770129585915,0.8660254037844386,0.5000000000000001,10
2017-02-04,559,272,540,-10.783333333333333,83.78375,-13.0,3.5583333333333336,290.3333333333333,0.8000000000000002,103.44208333333334,0.5663619330814524,0.8241566360566663,0.8660254037844386,0.5000000000000001,10
2017-02-05,783,941,626,-10.25,81.71708333333333,-12.8125,3.0708333333333333,144.16666666666666,0.8000000000000002,103.19,0.580454927809098,0.8142923779467267,0.8660254037844386,0.5000000000000001,10
2017-02-06,993,40,985,-12.129166666666668,84.02374999999999,-14.295833333333334,4.191666666666667,68.875,0.8000000000000002,102.93416666666667,0.5943761565849831,0.804187157621448,0.8660254037844386,0.5000000000000001,10
2017-02-07,531,8,529,-16.291666666666668,78.08875,-19.245833333333334,3.0500000000000003,198.08333333333334,0.8000000000000002,102.67333333333333,0.6081214998935418,0.7938439653781019,0.8660254037844386,0.5000000000000001,10
2017-02-08,1955,3820,709,-18.27916666666667,74.205,-21.795833333333334,3.1583333333333337,305.3333333333333,0.8000000000000002,102.40916666666668,0.6216868902665479,0.7832658619336791,0.8660254037844386,0.5000000000000001,10
2017-02-09,769,762,592,-10.020833333333334,74.98666666666666,-13.645833333333334,4.570833333333334,204.25,0.7562500000000001,102.14125,0.6350683134867438,0.7724559775191742,0.8660254037844386,0.5000000000000001,10
2017-02-10,1000,791,801,3.0583333333333336,88.34708333333333,1.2875,3.8250000000000006,283.0833333333333,0.65,101.87333333333333,0.6482618097757122,0.7614175109532997,0.8660254037844386,0.5000000000000001,10
2017-02-11,2005,3142,1018,0.7250000000000001,83.60791666666667,-1.9166666666666667,4.4625,285.8333333333333,0.6558333333333334,101.59750000000001,0.6612634749656386,0.7501537286959042,0.8660254037844386,0.5000000000000001,10
2017-02-12,3381,7970,545,-0.5208333333333334,67.23541666666667,-5.987500000000001,3.941666666666667,265.7083333333333,0.6641666666666667,101.31916666666666,0.6740694616546161,0.7386679638813748,0.8660254037844386,0.5000000000000001,10
2017-02-13,3123,5916,804,0.6791666666666667,75.72875,-3.3125,4.683333333333334,291.0833333333333,0.65,101.03708333333333,0.6866759803451553,0.726963615332308,0.8660254037844386,0.5000000000000001,10
2017-02-14,2573,4901,916,0.6375000000000001,80.83916666666667,-2.6625,3.754166666666667,305.6666666666667,0.65,100.7525,0.6990793005655562,0.7150441465537444,0.8660254037844386,0.5000000000000001,10
2017-02-15,3419,7562,504,3.345833333333333,73.53333333333333,-1.2916666666666667,3.1,244.0,0.65,100.46583333333335,0.7112757519738152,0.7029130847082615,0.8660254037844386,0.5000000000000001,10
2017-02-16,3445,7916,496,7.045833333333334,66.42291666666667,0.7458333333333332,3.1458333333333335,259.0416666666667,0.65,100.17541666666666,0.7232617254437388,0.6905740195722294,0.8660254037844386,0.5000000000000001,10
2017-02-17,2787,4816,1112,7.595833333333334,68.86083333333333,1.4041666666666668,4.808333333333334,289.4166666666667,0.65,99.88208333333334,0.7350336741329412,0.6780306024735382,0.8660254037844386,0.5000000000000001,10
2017-02-18,871,96,844,4.295833333333333,72.59541666666667,-0.6083333333333333,3.125,176.95833333333334,0.65,99.58333333333333,0.746588114532413,0.6652865452111116,0.8660254037844386,0.5000000000000001,10
2017-02-19,2205,1167,1724,6.629166666666666,78.74916666666667,2.8833333333333333,3.545833333333334,167.375,0.65,99.28541666666666,0.7579216274973472,0.6523456189565257,0.8660254037844386,0.5000000000000001,10
2017-02-20,2878,4268,1222,6.495833333333334,72.46958333333333,1.3458333333333334,4.0625,277.6666666666667,0.65,98.98333333333333,0.7690308592589181,0.6392116531380588,0.8660254037844386,0.5000000000000001,10
2017-02-21,1939,800,1591,5.1125,81.20916666666666,1.9333333333333336,2.1041666666666665,191.70833333333334,0.65,98.67958333333333,0.7799125224167177,0.6258885343075018,0.8660254037844386,0.5000000000000001,10
2017-02-22,871,46,853,0.36666666666666664,87.12,-1.6041666666666667,3.1500000000000004,90.08333333333333,0.6616666666666667,98.37083333333334,0.7905633969115482,0.612380204990065,0.8660254037844386,0.5000000000000001,10
2017-02-23,1432,68,1401,-1.6708333333333334,74.22708333333334,-5.816666666666666,3.0500000000000003,26.125,0.7133333333333334,98.06208333333332,0.8009803309782905,0.5986906625177214,0.8660254037844386,0.5000000000000001,10
2017-02-24,3815,6435,947,-3.6666666666666665,62.00375,-10.137500000000001,2.879166666666667,206.41666666666666,0.7670833333333333,97.75083333333333,0.8111602420785621,0.5848239578463322,0.8660254037844386,0.5000000000000001,10
2017-02-25,2184,1564,1741,-2.8208333333333333,66.85958333333333,-8.158333333333333,3.108333333333334,268.4583333333333,0.7687499999999999,97.41333333333334,0.8211001178128892,0.5707841943569036,0.8660254037844386,0.5000000000000001,10
2017-02-26,2677,2927,1566,-5.016666666666667,75.23833333333333,-8.85,2.204166666666667,299.2083333333333,0.79,97.09958333333333,0.8307970168121247,0.5565755266413303,0.8660254037844386,0.5000000000000001,10
2017-02-27,2004,712,1835,-4.033333333333334,70.42041666666667,-8.85,2.7083333333333335,69.875,0.7929166666666667,96.78500000000001,0.8402480696078469,0.5422021592729844,0.8660254037844386,0.5000000000000001,10
2017-02-28,2529,1157,1921,-5.3875,72.48416666666667,-9.679166666666667,2.2583333333333333,65.66666666666667,0.7970833333333335,96.46666666666665,0.8494504794814806,0.527668345562516,0.8660254037844386,0.5000000000000001,10
2017-03-01,3329,2707,1977,-4.070833333333334,64.12458333333333,-10.450000000000001,3.466666666666667,227.875,0.7929166666666667,96.14666666666666,0.8584015232918917,0.512978386299228,1.0,6.123233995736766e-17,10
2017-03-02,3776,5557,1250,-6.150000000000001,68.4375,-11.2125,2.3625000000000003,221.75,0.7912500000000001,95.80250000000001,0.8670985522812081,0.4981366284784055,1.0,6.123233995736766e-17,11
2017-03-03,2345,1662,1837,-1.6708333333333334,70.00083333333333,-6.595833333333334,3.9625000000000004,166.54166666666666,0.735,95.48166666666667,0.8755389928586302,0.4831474640149687,1.0,6.123233995736766e-17,11
2017-03-04,3121,1773,2393,4.679166666666667,61.196666666666665,-2.641666666666667,4.033333333333333,171.75,0.65,95.16083333333334,0.8837203473619977,0.4680153284438345,1.0,6.123233995736766e-17,11
2017-03-05,3871,5462,1397,8.170833333333333,60.81458333333333,0.6750000000000002,4.0,139.70833333333334,0.65,94.83791666666667,0.8916401947968874,0.45274469960737107,1.0,6.123233995736766e-17,11
2017-03-06,867,40,845,-0.01666666666666672,75.13791666666667,-4.016666666666667,7.8125,265.7916666666667,0.67625,94.51125,0.8992961915530253,0.4373400963303323,1.0,6.123233995736766e-17,11
2017-03-07,4383,5466,1621,-2.6166666666666667,47.7225,-12.541666666666666,11.5,289.0833333333333,0.7575,94.18416666666667,0.9066860720977985,0.4218060770826634,1.0,6.123233995736766e-17,11
2017-03-08,3349,2235,2671,-5.504166666666666,48.072916666666664,-14.966666666666667,5.195833333333334,226.04166666666666,0.8000000000000002,93.85625,0.9138076496466615,0.40614723863057883,1.0,6.123233995736766e-17,12
2017-03-09,2748,597,2470,-8.191666666666666,57.65166666666667,-15.158333333333333,3.829166666666667,73.5,0.8000000000000002,93.52499999999999,0.9206588168102428,0.3903682146763026,1.0,6.123233995736766e-17,12
2017-03-10,2235,136,2158,-13.229166666666666,58.65541666666667,-19.645833333333332,4.1375,101.95833333333333,0.8000000000000002,93.19458333333334,0.9272375462179537,0.374473674486883,1.0,6.123233995736766e-17,12
2017-03-11,1497,1041,1303,-12.054166666666667,61.34291666666667,-18.0375,3.7000000000000006,108.79166666666667,0.8000000000000002,92.86375,0.9335418911179212,0.35846832151248087,1.0,6.123233995736766e-17,12
2017-03-12,2012,295,1839,-11.391666666666666,68.11875,-16.116666666666667,5.795833333333333,80.95833333333333,0.8000000000000002,92.53166666666668,0.9395699859530622,0.342356891994542,1.0,6.123233995736766e-17,12
2017-03-13,1702,138,1634,-11.045833333333334,64.74833333333333,-16.441666666666666,3.6750000000000003,127.33333333333333,0.8000000000000002,92.20083333333334,0.945320046913132,0.3261441535642696,1.0,6.123233995736766e-17,12
2017-03-14,2479,2687,1080,-5.854166666666667,73.08708333333333,-9.995833333333334,4.970833333333334,155.66666666666666,0.7825000000000001,91.86708333333333,0.9507903724625832,0.3098349038318025,1.0,6.123233995736766e-17,12
2017-03-15,973,57,943,-1.0083333333333333,80.10416666666667,-4.15,4.45,161.04166666666666,0.71375,91.53541666666666,0.9559793438440766,0.2934339689665273,1.0,6.123233995736766e-17,12
2017-03-16,1514,323,1485,2.9125,89.2075,1.2375,3.233333333333334,224.83333333333334,0.65,91.20208333333333,0.9608854255574977,0.27694620226893646,1.0,6.123233995736766e-17,12
2017-03-17,4468,5416,1263,1.3,69.48416666666667,-4.175,5.808333333333334,284.9166666666667,0.65,90.86666666666667,0.9655071658143364,0.2603764827344581,1.0,6.123233995736766e-17,12
2017-03-18,4457,5033,2030,3.279166666666667,54.705000000000005,-5.791666666666667,5.0875,148.29166666666666,0.65,90.53416666666668,0.969843196967294,0.24372971360968387,1.0,6.123233995736766e-17,12
2017-03-19,3550,1736,2637,7.004166666666666,70.64041666666667,1.4125000000000003,4.041666666666667,225.70833333333334,0.65,90.2,0.9738922359149924,0.22701082094141847,1.0,6.123233995736766e-17,12
2017-03-20,2706,356,2541,3.3708333333333336,61.72291666666667,-3.4875000000000003,2.9458333333333333,162.75,0.6704166666666667,89.86583333333334,0.9776530844816641,0.2102247521189836,1.0,6.123233995736766e-17,12
2017-03-21,4929,4323,2950,-2.9000000000000004,54.69166666666666,-11.25,3.3125,70.91666666666667,0.7025,89.53041666666667,0.981124629771712,0.19337647441020586,1.0,6.123233995736766e-17,12
2017-03-22,3614,1277,2857,1.741666666666667,63.876666666666665,-4.720833333333333,6.708333333333333,154.58333333333334,0.5258333333333334,89.19791666666667,0.984305844499033,0.17647097349152166,1.0,6.123233995736766e-17,12
2017-03-23,1031,234,934,4.333333333333333,87.71625,2.275,2.5416666666666665,74.0,0.33125,88.86458333333333,0.9871957872910085,0.15951325197263655,1.0,6.123233995736766e-17,12
2017-03-24,5769,9021,983,3.970833333333333,73.81,-1.0541666666666667,3.129166666666667,86.25,0.65,88.52999999999999,0.9897936029670716,0.14250832791617088,1.0,6.123233995736766e-17,12
2017-03-25,3648,1747,2676,4.925,69.30499999999999,-0.9541666666666667,4.4625,160.41666666666666,0.51875,88.19958333333334,0.992098522791769,0.12546123335273648,1.0,6.123233995736766e-17,12
2017-03-26,4852,5714,1813,6.720833333333334,76.48833333333333,2.316666666666667,1.5875000000000001,190.66666666666666,0.20000000000000004,87.86791666666666,0.9941098647022418,0.10837701279187609,1.0,6.123233995736766e-17,12
2017-03-27,5051,5192,1880,7.1499999999999995,71.97833333333334,1.616666666666667,2.3666666666666667,176.125,0.20000000000000004,87.53583333333334,0.9958270335100595,0.09126072172931188,1.0,6.123233995736766e-17,12
2017-03-28,4454,2915,2675,6.604166666666667,73.76375,1.675,2.954166666666667,150.04166666666666,0.19416666666666668,87.18083333333334,0.9972495210773451,0.07411742515094437,1.0,6.123233995736766e-17,12
2017-03-29,4317,3913,2148,9.0,71.62708333333333,3.4625000000000004,4.4125000000000005,191.08333333333334,0.18000000000000002,86.85416666666667,0.998376906467142,0.056952196034039754,1.0,6.123233995736766e-17,12
2017-03-30,4672,3810,2466,6.4875,71.66458333333334,1.2083333333333333,4.2125,159.29166666666666,0.18000000000000002,86.52833333333332,0.9992088560679753,0.03977011384605572,1.0,6.123233995736766e-17,12
2017-03-31,5194,6086,1833,7.391666666666667,69.40625,1.2083333333333335,1.4375,117.0,0.18000000000000002,86.2025,0.9997451236925734,0.022576263041545485,1.0,6.123233995736766e-17,12
2017-04-01,4971,4647,2048,9.875,62.473333333333336,2.1375,3.6375000000000006,177.125,0.18000000000000002,85.87791666666668,0.9999855506507186,0.005375731557583884,0.8660254037844387,-0.4999999999999998,12
2017-04-02,3225,940,2641,8.616666666666667,64.98,2.0083333333333333,3.4791666666666665,290.125,0.18000000000000002,85.555,0.9999300657962057,-0.011826390691832589,0.8660254037844387,-0.4999999999999998,13
2017-04-03,4923,3813,2681,8.7125,59.10125,0.24583333333333338,2.495833333333333,92.625,0.18000000000000002,85.23291666666667,0.9995786855478958,-0.029025013321975237,0.8660254037844387,-0.4999999999999998,13
2017-04-04,1898,664,1581,6.25,75.66083333333334,1.8291666666666668,2.4708333333333337,314.6666666666667,0.18000000000000002,84.91083333333333,0.9989315138848577,-0.046215046983708354,0.8660254037844387,-0.4999999999999998,13
2017-04-05,5887,8248,1416,4.741666666666666,70.4825,-1.1666666666666667,2.8041666666666667,217.16666666666666,0.18000000000000002,84.59208333333333,0.9979887423155984,-0.06339140486951038,0.8660254037844387,-0.4999999999999998,13
2017-04-06,6590,10012,1081,6.008333333333334,53.32041666666667,-4.420833333333333,3.7833333333333337,146.41666666666666,0.18291666666666664,84.27374999999999,0.9967506498213929,-0.08054900421874167,0.8660254037844387,-0.4999999999999998,13
2017-04-07,5836,6663,1382,12.979166666666666,49.11541666666667,1.7958333333333334,4.629166666666667,165.41666666666666,0.19000000000000003,83.95916666666666,0.9952176027737294,-0.09768276782171598,0.8660254037844387,-0.4999999999999998,13
2017-04-08,5686,5761,1860,14.241666666666667,51.219166666666666,2.9250000000000003,3.5375,313.1666666666667,0.19000000000000003,83.64416666666666,0.9933900548258936,-0.11478762552212701,0.8660254037844387,-0.4999999999999998,13
2017-04-09,5987,6844,1641,7.829166666666667,56.4375,-0.8583333333333334,5.295833333333333,84.16666666666667,0.19000000000000003,83.33041666666666,0.9912685467787256,-0.13185851571739118,0.8660254037844387,-0.4999999999999998,13
2017-04-10,5534,3912,2996,1.55,50.94125,-8.333333333333334,3.4125,55.0,0.19000000000000003,83.01916666666666,0.9888537064205885,-0.1488903868564548,0.8660254037844387,-0.4999999999999998,13
2017-04-11,5973,7781,1379,6.583333333333333,49.01958333333334,-4.116666666666667,2.6999999999999997,235.75,0.19000000000000003,82.71,0.986146248341595,-0.16587819893463143,0.8660254037844387,-0.4999999999999998,13
2017-04-12,5997,6524,1989,8.866666666666667,52.62625,-1.0708333333333333,1.2458333333333333,191.125,0.19000000000000003,82.40375,0.9831469737221499,-0.1828169249850199,0.8660254037844387,-0.4999999999999998,13
2017-04-13,6624,9375,1191,11.075000000000001,62.831250000000004,3.1375000000000006,5.720833333333334,150.5,0.19000000000000003,82.09958333333334,0.9798567700958665,-0.1997015525660636,0.8660254037844387,-0.4999999999999998,13
2017-04-14,5544,6233,2191,14.125,63.925000000000004,6.383333333333334,5.766666666666667,237.5,0.19000000000000003,81.77499999999999,0.9762766110869321,-0.21652708524481437,0.8660254037844387,-0.4999999999999998,13
2017-04-15,3153,2081,2300,9.8375,54.55166666666667,0.4041666666666666,3.1666666666666665,215.75,0.19291666666666665,81.47541666666667,0.9724075561219968,-0.23328854407545518,0.8660254037844387,-0.4999999999999998,13
2017-04-16,6204,7306,2358,6.295833333333333,49.78458333333333,-3.9625000000000004,5.3,269.0,0.20000000000000004,81.17833333333333,0.9682507501166718,-0.2499809690726521,0.8660254037844387,-0.4999999999999998,13
2017-04-17,5469,5548,2043,3.779166666666667,58.02541666666667,-4.841666666666667,3.6625,101.0,0.20000000000000004,80.88416666666667,0.9638074231367307,-0.26659942067929354,0.8660254037844387,-0.4999999999999998,13
2017-04-18,2838,1240,2366,5.479166666666667,77.73375,1.6416666666666666,2.3625000000000003,96.375,0.20000000000000004,80.59416666666667,0.9590788900341131,-0.28313898122818354,0.8660254037844387,-0.4999999999999998,13
2017-04-19,3426,730,2927,5.1625000000000005,80.48,1.8708333333333336,2.2875,112.375,0.20000000000000004,80.30375,0.9540665500578387,-0.2995947563972602,0.8660254037844387,-0.4999999999999998,13
2017-04-20,2343,85,2305,7.8374999999999995,79.545,4.125,2.1166666666666667,230.58333333333334,0.19416666666666668,80.01958333333333,0.9487718864399473,-0.31596187665790293,0.8660254037844387,-0.4999999999999998,13
2017-04-21,6026,5210,3093,9.754166666666666,67.37375,3.0583333333333336,1.9791666666666667,164.5,0.18000000000000002,79.73583333333333,0.9431964659565866,-0.33223549871590435,0.8660254037844387,-0.4999999999999998,14
2017-04-22,6313,6595,2442,11.487499999999999,60.90041666666667,3.2416666666666667,3.7750000000000004,209.25,0.18000000000000002,79.455,0.9373419384643772,-0.3484108069446808,0.8660254037844387,-0.4999999999999998,14
2017-04-23,2540,166,2428,3.920833333333334,69.48458333333333,-1.4291666666666665,6.050000000000001,81.04166666666667,0.18291666666666664,79.17708333333333,0.9312100364121947,-0.3644830148102912,0.8660254037844387,-0.4999999999999998,14
2017-04-24,1956,38,1928,3.3874999999999997,72.20958333333333,-1.4208333333333334,4.3375,143.16666666666666,0.18708333333333335,78.90208333333334,0.9248025743285089,-0.38044736628785164,0.8660254037844387,-0.4999999999999998,14
2017-04-25,1910,47,1880,0.3791666666666667,69.51541666666667,-4.741666666666667,4.6625000000000005,64.41666666666667,0.18000000000000002,78.62958333333333,0.9181214482844365,-0.39629913726891813,0.8660254037844387,-0.4999999999999998,14
2017-04-26,6464,5564,2491,3.016666666666667,62.52708333333334,-4.058333333333334,3.8083333333333336,101.20833333333333,0.18000000000000002,78.36166666666666,0.9111686353326631,-0.41203363695942635,0.8660254037844387,-0.4999999999999998,14
2017-04-27,7371,9400,1245,4.4125,55.04,-5.7124999999999995,2.4625,37.541666666666664,0.18000000000000002,78.09666666666666,0.9039461929224011,-0.42764620926777464,0.8660254037844387,-0.4999999999999998,14
2017-04-28,7949,11743,989,6.741666666666667,43.88333333333333,-6.958333333333333,2.004166666666667,54.583333333333336,0.18000000000000002,77.83624999999999,0.8964562582905575,-0.44313223418263453,0.8660254037844387,-0.4999999999999998,14
2017-04-29,6967,7647,2071,10.2375,34.68625,-5.958333333333333,1.7041666666666666,136.875,0.18000000000000002,77.57625,0.8887010478292915,-0.45848712914008766,0.8660254037844387,-0.4999999999999998,14
2017-04-30,7823,10392,1196,10.391666666666667,42.757083333333334,-3.4166666666666665,1.9875,119.66666666666667,0.18000000000000002,77.29875,0.8806828564301475,-0.47370635037968,0.8660254037844387,-0.4999999999999998,14
2017-05-01,4379,2143,2834,9.329166666666667,59.935833333333335,1.1500000000000001,2.6333333333333333,309.3333333333333,0.18000000000000002,77.04875,0.8724040568049612,-0.48878539428899265,0.49999999999999994,-0.8660254037844387,14
2017-05-02,5106,3160,3375,10.608333333333333,62.98500000000001,2.8708333333333336,3.1166666666666667,290.875,0.18000000000000002,76.80333333333333,0.8638670987837349,-0.503719798736334,0.49999999999999994,-0.8660254037844387,14
2017-05-03,6751,6970,2771,11.504166666666668,56.20208333333333,2.2291666666666665,3.6791666666666667,315.0833333333333,0.18000000000000002,76.55958333333334,0.8550745085896932,-0.518505144391157,0.49999999999999994,-0.8660254037844387,14
2017-05-04,7799,9959,1396,14.891666666666667,43.75625,1.0458333333333334,2.091666666666667,259.5416666666667,0.18000000000000002,76.32166666666667,0.8460288880917339,-0.533137056031809,0.49999999999999994,-0.8660254037844387,14
2017-05-05,7854,11087,1048,18.474999999999998,45.41583333333333,5.145833333333333,2.75,171.04166666666666,0.18000000000000002,76.08791666666667,0.8367329140344921,-0.5476112038402312,0.49999999999999994,-0.8660254037844387,14
2017-05-06,7684,9473,1481,19.083333333333332,44.40291666666667,5.0625,5.033333333333334,133.5,0.18000000000000002,75.85583333333334,0.8271893372462497,-0.5619233046832195,0.49999999999999994,-0.8660254037844387,15
2017-05-07,7204,7882,1928,21.125,48.11166666666667,9.012500000000001,5.7625,132.25,0.18000000000000002,75.62833333333333,0.8174009818249189,-0.5760691233798758,0.49999999999999994,-0.8660254037844387,15
2017-05-08,6278,6600,1955,15.924999999999999,55.32125,5.941666666666666,5.145833333333333,295.375,0.18000000000000002,75.405,0.8073707443023492,-0.5900444739548627,0.49999999999999994,-0.8660254037844387,15
2017-05-09,6728,7308,2103,14.341666666666667,54.54916666666667,4.020833333333333,1.4833333333333334,310.9583333333333,0.18000000000000002,75.18583333333333,0.7971015927871943,-0.6038452208771035,0.49999999999999994,-0.8660254037844387,15
2017-05-10,8016,10725,1313,13.883333333333333,54.406666666666666,3.4875000000000003,3.116666666666667,218.45833333333334,0.18000000000000002,74.96916666666667,0.7865965660866021,-0.6174672802835514,0.49999999999999994,-0.8660254037844387,15
2017-05-11,5850,4522,2821,16.770833333333332,46.696666666666665,4.016666666666667,2.3333333333333335,204.95833333333334,0.18000000000000002,74.75916666666667,0.7758587728069828,-0.6309066211876704,0.49999999999999994,-0.8660254037844387,15
2017-05-12,7717,9374,1651,20.279166666666665,42.76916666666667,5.708333333333333,3.1333333333333333,189.58333333333334,0.18000000000000002,74.55291666666666,0.7648913904341226,-0.6441592666722685,0.49999999999999994,-0.8660254037844387,15
2017-05-13,7921,9671,1473,21.84583333333333,39.83583333333333,6.404166666666668,5.008333333333334,159.16666666666666,0.18000000000000002,74.35166666666667,0.753697664392914,-0.6572212950663319,0.49999999999999994,-0.8660254037844387,15
2017-05-14,7936,9568,1420,17.82916666666667,42.37,2.8041666666666667,4.208333333333333,275.125,0.18000000000000002,74.15333333333334,0.742280907086982,-0.6700888411055113,0.49999999999999994,-0.8660254037844387,15
2017-05-15,6189,4103,2871,18.5125,44.489583333333336,4.825,3.0416666666666665,137.0,0.18000000000000002,73.95958333333333,0.7306444969184916,-0.6827580970759147,0.49999999999999994,-0.8660254037844387,15
2017-05-16,4526,1591,3250,16.383333333333333,67.035,9.5,3.1458333333333335,221.70833333333334,0.18000000000000002,73.77041666666666,0.7187918772884232,-0.6952253139408722,0.49999999999999994,-0.8660254037844387,15
2017-05-17,5410,2588,3797,12.200000000000001,57.30458333333333,3.0083333333333333,6.216666666666668,38.958333333333336,0.18000000000000002,73.58583333333333,0.7067265555776158,-0.7074868024503348,0.49999999999999994,-0.8660254037844387,15
2017-05-18,8177,9300,1894,9.9,44.43958333333333,-3.441666666666667,4.279166666666667,40.083333333333336,0.18000000000000002,73.40458333333333,0.6944521021088763,-0.719538934232584,0.49999999999999994,-0.8660254037844387,15
2017-05-19,7296,5883,2836,10.166666666666666,43.11958333333333,-2.704166666666667,2.4458333333333333,99.375,0.18000000000000002,73.23,0.6819721490904629,-0.7313781428679254,0.49999999999999994,-0.8660254037844387,15
2017-05-20,6222,3818,3538,9.637500000000001,47.25083333333333,-2.4833333333333334,2.891666666666667,79.33333333333333,0.18000000000000002,73.05875,0.6692903895412567,-0.7430009249440493,0.49999999999999994,-0.8660254037844387,15
2017-05-21,7664,7459,2322,12.354166666666666,52.29916666666667,1.6083333333333334,2.516666666666667,276.0,0.18000000000000002,72.895,0.6564105761979381,-0.7544038410927472,0.49999999999999994,-0.8660254037844387,15
2017-05-22,4575,2212,2922,12.129166666666668,60.65875,4.129166666666667,3.616666666666667,212.75,0.18000000000000002,72.73291666666667,0.6433365204044917,-0.765583517007675,0.49999999999999994,-0.8660254037844387,15
2017-05-23,7285,6933,2933,12.987499999999999,56.4075,3.733333333333334,4.3125,118.70833333333333,0.18000000000000002,72.57791666666667,0.6300720909843687,-0.7765366444428655,0.49999999999999994,-0.8660254037844387,15
2017-05-24,8450,10937,1191,14.8375,51.11000000000001,3.579166666666667,5.554166666666667,156.25,0.18000000000000002,72.42791666666666,0.6166212130956382,-0.7872599821916922,0.49999999999999994,-0.8660254037844387,15
2017-05-25,7615,7319,2342,16.908333333333335,50.25375,4.958333333333333,4.0,238.41666666666666,0.18291666666666664,72.28291666666667,0.6029878670694714,-0.7977503570459932,0.49999999999999994,-0.8660254037844387,15
2017-05-26,4806,2201,3567,15.75,48.794999999999995,4.279166666666667,4.208333333333333,287.5833333333333,0.19000000000000003,72.14,0.5891760872322963,-0.8080046647350754,0.49999999999999994,-0.8660254037844387,15
2017-05-27,7443,7312,2785,17.091666666666665,46.29708333333334,4.4,3.920833333333334,290.5833333333333,0.19000000000000003,72.00541666666668,0.5751899607119775,-0.8180198708443175,0.49999999999999994,-0.8660254037844387,15
2017-05-28,7985,9694,1912,16.412499999999998,46.666666666666664,4.091666666666667,5.6375,321.7916666666667,0.19000000000000003,71.87375,0.5610336262283677,-0.8277930117131022,0.49999999999999994,-0.8660254037844387,15
2017-05-29,4909,2583,3862,14.279166666666667,52.225,3.9625000000000004,4.820833333333334,324.9166666666667,0.19000000000000003,71.74833333333333,0.5467112728685939,-0.8373211953118121,0.49999999999999994,-0.8660254037844387,15
2017-05-30,8213,9339,2405,13.862499999999999,50.67875,2.7083333333333335,3.3833333333333333,288.7083333333333,0.19000000000000003,71.62833333333333,0.5322271388474397,-0.8466016020976267,0.49999999999999994,-0.8660254037844387,15
2017-05-31,8853,11845,1256,17.470833333333335,32.024166666666666,-0.7583333333333333,2.325,190.83333333333334,0.19000000000000003,71.51333333333334,0.5175855102531889,-0.8556314858488706,0.49999999999999994,-0.8660254037844387,15
2017-06-01,8358,10035,1506,22.604166666666668,43.21541666666667,8.8125,4.8,161.83333333333334,0.19000000000000003,71.40375,0.5027907197793043,-0.8644081744776648,1.2246467991473532e-16,-1.0,15
2017-06-02,7993,9379,1501,25.595833333333335,52.11875,13.762500000000001,4.229166666666667,238.5,0.19000000000000003,71.27666666666667,0.4878471454423119,-0.8729290708206411,1.2246467991473532e-16,-1.0,15
2017-06-03,8754,11565,1280,23.25,36.73791666666667,5.820833333333334,3.0416666666666665,308.4166666666667,0.19000000000000003,71.17916666666666,0.47275920928627757,-0.881191653407483,1.2246467991473532e-16,-1.0,15
2017-06-04,8553,10567,1411,25.008333333333336,30.209166666666665,4.716666666666667,2.0458333333333334,126.5,0.19000000000000003,71.08749999999999,0.4575313760742512,-0.8891934772070711,1.2246467991473532e-16,-1.0,15
2017-06-05,8517,11077,1303,24.958333333333332,42.42,9.700000000000001,3.725,135.66666666666666,0.19000000000000003,70.99875,0.44216815196707204,-0.8969321743510065,1.2246467991473532e-16,-1.0,15
2017-06-06,5742,2943,4054,21.083333333333332,47.3375,8.366666666666667,3.1875,312.25,0.19000000000000003,70.91541666666667,0.42667408318992467,-0.9044054548343001,1.2246467991473532e-16,-1.0,15
2017-06-07,8200,9329,2049,20.1375,51.33833333333333,8.316666666666666,2.625,226.33333333333334,0.19000000000000003,70.83916666666667,0.4110537546870351,-0.9116111071930239,1.2246467991473532e-16,-1.0,15
2017-06-08,8376,10219,1596,22.883333333333336,47.595,10.075000000000001,3.016666666666667,99.75,0.19000000000000003,70.76916666666666,0.3953117887649151,-0.9185469991587165,1.2246467991473532e-16,-1.0,15
2017-06-09,7282,6918,2249,27.354166666666668,43.36625,12.691666666666668,5.362500000000001,211.625,0.19000000000000003,70.70333333333333,0.37945284372454435,-0.925211078289358,1.2246467991473532e-16,-1.0,15
2017-06-10,8240,9846,1399,22.599999999999998,39.98583333333334,6.529166666666666,4.4,298.8333333333333,0.19000000000000003,70.64208333333333,0.36348161248290634,-0.9316013725767187,1.2246467991473532e-16,-1.0,15
2017-06-11,8172,9505,1470,21.445833333333336,43.36416666666667,5.920833333333333,3.4083333333333337,261.2916666666667,0.19000000000000003,70.58791666666666,0.3474028211842774,-0.9377159910299093,1.2246467991473532e-16,-1.0,15
2017-06-12,6840,6266,2310,20.962500000000002,39.52458333333333,6.033333333333334,3.358333333333334,96.33333333333333,0.19000000000000003,70.53791666666667,0.3312212278016865,-0.9435531242349544,1.2246467991473532e-16,-1.0,15
2017-06-13,3428,1124,2497,19.179166666666667,72.69875,13.945833333333333,3.304166666666667,150.95833333333334,0.19000000000000003,70.49458333333332,0.31494162072895193,-0.9491110448902284,1.2246467991473532e-16,-1.0,15
2017-06-14,5741,3672,3674,20.283333333333335,48.81875,8.354166666666666,5.2250000000000005,262.2916666666667,0.19000000000000003,70.4575,0.2985688173637202,-0.9543881083175908,1.2246467991473532e-16,-1.0,15
2017-06-15,8774,11652,1186,21.358333333333334,42.51958333333334,6.708333333333333,4.9375,279.5,0.19000000000000003,70.42375,0.2821076626819194,-0.9593827529490743,1.2246467991473532e-16,-1.0,15
2017-06-16,5945,3859,3385,20.7625,49.48333333333333,9.270833333333334,2.858333333333334,288.4166666666667,0.19000000000000003,70.3975,0.26556302780405594,-0.9640935007889755,1.2246467991473532e-16,-1.0,15
2017-06-17,4037,1992,2877,17.3625,63.86333333333334,10.262500000000001,3.7375000000000003,298.5416666666667,0.19000000000000003,70.37375,0.24893980855376657,-0.9685189578512204,1.2246467991473532e-16,-1.0,15
2017-06-18,7841,8234,2467,18.604166666666668,55.29416666666666,8.191666666666666,3.966666666666667,275.0,0.18708333333333335,70.35791666666667,0.23224292400907015,-0.9726578145718654,1.2246467991473532e-16,-1.0,15
2017-06-19,8162,8838,2296,20.354166666666668,47.15541666666667,7.2625,3.054166666666667,244.25,0.18000000000000002,70.34708333333333,0.21547731504673012,-0.976508846196619,1.2246467991473532e-16,-1.0,15
2017-06-20,7211,6834,3071,20.008333333333333,42.6575,5.683333333333334,1.8791666666666667,165.33333333333334,0.18000000000000002,70.34291666666667,0.19864794288017112,-0.9800709131432666,1.2246467991473532e-16,-1.0,15
2017-06-21,8347,10879,1461,22.325000000000003,41.02708333333333,7.491666666666667,4.208333333333333,211.79166666666666,0.18000000000000002,70.34416666666667,0.18175978759137534,-0.9833429613388902,1.2246467991473532e-16,-1.0,16
2017-06-22,8047,8985,2066,19.2,39.17958333333333,3.6,4.775,281.6666666666667,0.18000000000000002,70.35041666666667,0.16481784665719793,-0.9863240225317866,1.2246467991473532e-16,-1.0,16
2017-06-23,7876,8127,2704,15.720833333333333,44.26458333333333,2.454166666666667,5.604166666666667,319.7916666666667,0.18000000000000002,70.36083333333333,0.14782713347053048,-0.9890132145779883,1.2246467991473532e-16,-1.0,16
2017-06-24,7174,7070,3202,14.3375,46.395,2.3583333333333334,4.370833333333334,330.9583333333333,0.18000000000000002,70.37875,0.13079267585675922,-0.9914097417023038,1.2246467991473532e-16,-1.0,16
2017-06-25,5055,3712,3026,15.554166666666667,46.805,3.6583333333333337,2.6875,237.58333333333334,0.18000000000000002,70.40083333333334,0.11371951458594969,-0.9935128947338007,1.2246467991473532e-16,-1.0,16
2017-06-26,9023,12507,1097,18.2,37.3675,1.804166666666667,2.1083333333333334,152.375,0.18000000000000002,70.43083333333333,0.0966127018812031,-0.9953220513156602,1.2246467991473532e-16,-1.0,16
2017-06-27,6460,3972,3253,23.025000000000002,47.4725,10.4,5.583333333333333,188.33333333333334,0.18000000000000002,70.46625,0.07947729992362097,-0.9968366760893436,1.2246467991473532e-16,-1.0,16
2017-06-28,8304,9098,1690,22.700000000000003,47.765416666666674,8.65,4.058333333333334,244.625,0.18000000000000002,70.50625000000001,0.062318379354325076,-0.998056320853012,1.2246467991473532e-16,-1.0,16
2017-06-29,5090,2859,3331,18.645833333333332,59.22833333333333,10.362499999999999,1.9583333333333333,262.75,0.18000000000000002,70.55041666666666,0.04514101777397193,-0.9989806246941579,1.2246467991473532e-16,-1.0,16
2017-06-30,6235,5937,3439,17.920833333333334,51.89875,6.841666666666668,3.220833333333333,305.125,0.18000000000000002,70.60083333333334,0.02795029824021032,-0.999609314096404,1.2246467991473532e-16,-1.0,16
2017-07-01,7854,8055,2504,22.6125,41.481249999999996,7.6625000000000005,3.608333333333334,202.70833333333334,0.18000000000000002,70.65708333333333,0.01075130776352193,-0.9999422030204416,-0.4999999999999997,-0.8660254037844388,15
2017-07-02,8332,10677,1338,22.84583333333333,46.625416666666666,9.383333333333333,2.7583333333333333,112.25,0.18000000000000002,70.71833333333333,-0.00645086419810515,-0.9999791929590823,-0.4999999999999997,-0.8660254037844388,15
2017-07-03,8167,9592,1451,23.833333333333332,54.32,13.512500000000001,4.416666666666667,146.125,0.18000000000000002,70.78583333333333,-0.023651127245231586,-0.9997202729664083,-0.4999999999999997,-0.8660254037844388,15
2017-07-04,5829,6238,1795,28.875,47.09708333333333,14.458333333333334,2.504166666666667,190.54166666666666,0.18000000000000002,70.85875,-0.04084439154329611,-0.9991655196610109,-0.4999999999999997,-0.8660254037844388,15
2017-07-05,8005,9713,1375,30.016666666666666,41.1825,13.216666666666667,1.7375,198.25,0.18000000000000002,70.93708333333333,-0.05802556932878035,-0.9983150972033183,-0.4999999999999997,-0.8660254037844388,15
2017-07-06,8443,10096,1426,25.762500000000003,37.24166666666667,8.354166666666666,3.7625000000000006,255.58333333333334,0.18000000000000002,71.01916666666666,-0.07518957641475855,-0.9971692572470178,-0.4999999999999997,-0.8660254037844388,15
2017-07-07,8341,10365,1408,25.349999999999998,37.410833333333336,8.616666666666667,2.075,188.95833333333334,0.18000000000000002,71.10916666666667,-0.09233133369539122,-0.9957283388645872,-0.4999999999999997,-0.8660254037844388,15
2017-07-08,8468,11177,1258,27.337500000000002,36.344166666666666,9.466666666666667,2.025,221.45833333333334,0.18000000000000002,71.20166666666667,-0.10944576864891556,-0.993992768446958,-0.4999999999999997,-0.8660254037844388,15
2017-07-09,8026,8941,1774,27.599999999999998,35.84916666666667,10.333333333333334,4.258333333333334,173.58333333333334,0.18000000000000002,71.30208333333333,-0.12652781683868314,-0.9919630595773397,-0.4999999999999997,-0.8660254037844388,15
2017-07-10,6801,6868,2478,26.358333333333334,43.57916666666667,11.8375,3.358333333333334,163.25,0.18000000000000002,71.40416666666667,-0.1435724234118113,-0.9896398128792412,-0.4999999999999997,-0.8660254037844388,15
2017-07-11,7807,9271,1372,28.391666666666666,40.166666666666664,12.354166666666666,3.766666666666667,275.2083333333333,0.18291666666666664,71.51625,-0.16057454459499376,-0.9870237158387383,-0.4999999999999997,-0.8660254037844388,15
2017-07-12,5458,3482,3628,20.7375,56.9025,11.254166666666668,3.7208333333333337,243.29166666666666,0.19000000000000003,71.6275,-0.17752914918703497,-0.984115542601034,-0.4999999999999997,-0.8660254037844388,15
2017-07-13,8084,9692,1890,21.40416666666667,45.29,7.604166666666667,2.2625,81.625,0.19000000000000003,71.74833333333333,-0.19443122004766195,-0.9809161537413774,-0.4999999999999997,-0.8660254037844388,15
2017-07-14,7803,9359,1402,27.454166666666666,45.354166666666664,12.716666666666667,3.4125,157.5,0.19000000000000003,71.87333333333333,-0.2112757555821793,-0.9774264960104055,-0.4999999999999997,-0.8660254037844388,15
2017-07-15,8500,11767,1074,24.916666666666668,48.06333333333333,12.216666666666667,3.0124999999999997,41.208333333333336,0.19000000000000003,72.00291666666666,-0.2280577712215198,-0.9736476020539838,-0.4999999999999997,-0.8660254037844388,15
2017-07-16,8106,10231,1307,28.087500000000002,42.4575,12.85,5.025,155.75,0.19000000000000003,72.13791666666667,-0.24477230089725957,-0.9695805901076308,-0.4999999999999997,-0.8660254037844388,15
2017-07-17,7997,9540,1419,27.9375,34.615833333333335,10.012500000000001,3.954166666666667,117.125,0.18708333333333335,72.27708333333334,-0.2614143985111562,-0.965226663665613,-0.4999999999999997,-0.8660254037844388,15
2017-07-18,6537,5805,2690,21.829166666666666,53.38041666666667,10.958333333333334,2.341666666666667,137.375,0.18000000000000002,72.42291666666667,-0.2779791393987801,-0.9605871111248129,-0.4999999999999997,-0.8660254037844388,15
2017-07-19,6216,6491,1949,24.120833333333334,63.41958333333333,16.379166666666666,3.116666666666667,176.08333333333334,0.18000000000000002,72.59666666666666,-0.2944616217868012,-0.9556633054034704,-0.4999999999999997,-0.8660254037844388,15
2017-07-20,7107,6741,1980,28.004166666666666,52.37833333333333,14.975,4.129166666666667,164.58333333333334,0.18000000000000002,72.75125,-0.3108569682435036,-0.9504567035349151,-0.4999999999999997,-0.8660254037844388,15
2017-07-21,7068,6341,2565,27.820833333333336,55.937083333333334,17.2,2.316666666666667,214.29166666666666,0.18000000000000002,72.91125000000001,-0.3271603271220951,-0.9449688462364056,-0.4999999999999997,-0.8660254037844388,15
2017-07-22,8013,10414,1359,23.995833333333334,42.487500000000004,9.2125,3.691666666666667,250.66666666666666,0.18000000000000002,73.07625,-0.34336687399638804,-0.939201357453208,-0.4999999999999997,-0.8660254037844388,15
2017-07-23,8128,11116,1137,24.15416666666667,43.71041666666667,9.691666666666666,2.1041666666666665,162.83333333333334,0.18000000000000002,73.24541666666666,-0.3594718130884232,-0.9331559438780432,-0.4999999999999997,-0.8660254037844388,15
2017-07-24,6385,5892,2248,26.599999999999998,48.15166666666667,13.779166666666667,4.395833333333333,159.29166666666666,0.18000000000000002,73.41833333333334,-0.3754703786876202,-0.9268343944460494,-0.4999999999999997,-0.8660254037844388,15
2017-07-25,4708,2293,3221,25.1125,47.17083333333333,11.633333333333333,2.2333333333333334,136.95833333333334,0.18000000000000002,73.59750000000001,-0.3913578365610259,-0.9202385798054075,-0.4999999999999997,-0.8660254037844388,15
2017-07-26,7969,10423,1268,25.42916666666667,39.074999999999996,9.479166666666666,2.525,44.541666666666664,0.18000000000000002,73.78125,-0.4071294853542516,-0.9133704517637858,-0.4999999999999997,-0.8660254037844388,15
2017-07-27,4689,1721,3464,25.162499999999998,44.748333333333335,11.516666666666666,2.7916666666666665,148.29166666666666,0.18000000000000002,73.9675,-0.4227806579826773,-0.9062320427107697,-0.4999999999999997,-0.8660254037844388,15
2017-07-28,4779,2564,3321,25.412499999999998,48.259166666666665,13.0875,3.5208333333333335,155.33333333333334,0.18000000000000002,74.16041666666668,-0.4383067230125192,-0.898825465016444,-0.4999999999999997,-0.8660254037844388,15
2017-07-29,7112,8044,1803,27.262500000000003,52.30583333333334,15.637500000000001,2.875,160.66666666666666,0.18000000000000002,74.35666666666667,-0.45370308603134424,-0.8911529104063088,-0.4999999999999997,-0.8660254037844388,14
2017-07-30,7363,8665,1471,25.870833333333334,60.281666666666666,16.754166666666666,2.1833333333333336,135.75,0.17708333333333334,74.55708333333332,-0.46896519100763184,-0.8832166493127127,-0.4999999999999997,-0.8660254037844388,14
2017-07-31,7353,8636,1483,27.99166666666667,49.285,14.633333333333333,2.1083333333333334,118.79166666666667,0.17,74.76125,-0.48408852163897587,-0.8750190302029955,-0.4999999999999997,-0.8660254037844388,14
2017-08-01,6940,6302,2675,24.308333333333334,37.98875,8.15,2.566666666666667,26.916666666666668,0.17,74.97041666666667,-0.4990686026885319,-0.8665624788845385,-0.8660254037844384,-0.5000000000000004,14
2017-08-02,1366,180,1345,18.70416666666667,66.19458333333334,11.4625,2.983333333333333,80.58333333333333,0.17,75.18166666666667,-0.5139010013093103,-0.8578494977869301,-0.8660254037844384,-0.5000000000000004,14
2017-08-03,6610,6928,2517,17.958333333333332,61.1875,9.387500000000001,2.625,169.375,0.17,75.39833333333333,-0.5285813283559292,-0.8488826652214553,-0.8660254037844384,-0.5000000000000004,14
2017-08-04,6613,6495,2938,19.95,44.01625000000001,6.2875000000000005,1.9000000000000001,184.33333333333334,0.16708333333333333,75.62,-0.5431052396834317,-0.8396646346181327,-0.8660254037844384,-0.5000000000000004,14
2017-08-05,3325,420,3033,19.708333333333332,52.81333333333333,9.291666666666666,2.2291666666666665,105.5,0.16291666666666668,75.84333333333333,-0.5574684374327892,-0.8301981337405212,-0.8660254037844384,-0.5000000000000004,14
2017-08-06,2938,559,2497,18.079166666666666,58.12708333333333,8.762500000000001,2.0125,91.29166666666667,0.1729166666666667,76.09708333333333,-0.5716666713027052,-0.8204859638785327,-0.8660254037844384,-0.5000000000000004,14
2017-08-07,7345,9822,1756,20.316666666666666,45.3675,6.845833333333334,1.3875000000000002,278.7083333333333,0.17708333333333334,76.33125,-0.5856957398073508,-0.8105309990194823,-0.8660254037844384,-0.5000000000000004,14
2017-08-08,5624,4548,2332,21.400000000000002,59.873333333333335,12.391666666666666,2.591666666666667,182.45833333333334,0.1729166666666667,76.5675,-0.5995514915196489,-0.8003361849976323,-0.8660254037844384,-0.5000000000000004,14
2017-08-09,5511,4679,2706,19.316666666666666,70.40625,13.008333333333333,3.908333333333333,309.375,0.18000000000000002,76.80833333333334,-0.6132298262997502,-0.7899045386224707,-0.8660254037844384,-0.5000000000000004,14
2017-08-10,5638,5170,2804,19.725,56.66833333333333,9.637500000000001,2.5000000000000004,118.25,0.18000000000000002,77.05208333333333,-0.6267266965083301,-0.7792391467859886,-0.8660254037844384,-0.5000000000000004,14
2017-08-11,5967,6180,2343,20.6625,52.39333333333334,9.933333333333334,2.4875000000000003,132.20833333333334,0.18000000000000002,77.30083333333333,-0.6400381082043503,-0.7683431655492202,-0.8660254037844384,-0.5000000000000004,14
2017-08-12,4656,1931,3222,18.929166666666667,75.38583333333334,14.145833333333334,3.0125000000000006,127.45833333333333,0.18000000000000002,77.5525,-0.65316012232693,-0.7572198192083127,-0.8660254037844384,-0.5000000000000004,14
2017-08-13,4864,5975,2027,18.529166666666665,75.09916666666668,13.466666666666667,2.6166666666666667,40.208333333333336,0.17124999999999999,77.80708333333332,-0.666088855860977,-0.7458723993404063,-0.8660254037844384,-0.5000000000000004,14
2017-08-14,6017,5511,2647,20.05,62.781666666666666,11.654166666666667,2.5125,94.25,0.15583333333333335,78.06541666666666,-0.6788204829862355,-0.734304263829602,-0.8660254037844384,-0.5000000000000004,14
2017-08-15,1970,368,1732,18.304166666666667,88.67166666666667,16.291666666666668,2.2916666666666665,114.0,0.17,78.32708333333333,-0.6913512362094071,-0.722518835873311,-0.8660254037844384,-0.5000000000000004,14
2017-08-16,5303,2964,3237,19.6625,69.33125,12.995833333333332,3.1958333333333333,184.66666666666666,0.16708333333333333,78.59208333333333,-0.7036774074790128,-0.7105196029692745,-0.8660254037844384,-0.5000000000000004,14
2017-08-17,6589,7103,1944,21.495833333333334,53.843333333333334,10.674999999999999,2.454166666666667,234.75,0.16291666666666668,78.85958333333333,-0.7157953492826642,-0.6983101158835584,-0.8660254037844384,-0.5000000000000004,14
2017-08-18,6577,7521,2133,20.558333333333334,59.87166666666667,11.549999999999999,2.575,249.375,0.17,79.13041666666668,-0.7277014757264236,-0.6858939875998223,-0.8660254037844384,-0.5000000000000004,14
2017-08-19,5933,5047,3016,22.5625,56.09708333333333,12.541666666666666,3.566666666666667,246.5,0.16708333333333333,79.40458333333333,-0.7393922635959241,-0.673274892250183,-0.8660254037844384,-0.5000000000000004,14
2017-08-20,4620,2277,2936,17.641666666666666,57.22,8.654166666666667,1.875,176.25,0.16,79.68083333333334,-0.7508642533989489,-0.6604565640279754,-0.8660254037844384,-0.5000000000000004,14
2017-08-21,6622,8309,1466,18.595833333333335,54.69958333333333,8.3125,3.7083333333333335,275.5,0.16,79.95958333333333,-0.7621140503891487,-0.6474427960827475,-0.8660254037844384,-0.5000000000000004,14
2017-08-22,6983,10525,929,18.133333333333333,47.01625000000001,5.462500000000001,2.1041666666666665,244.70833333333334,0.16291666666666668,80.24208333333333,-0.7731383255706026,-0.6342374393978054,-0.8660254037844384,-0.5000000000000004,14
2017-08-23,6833,10001,1006,21.462500000000002,48.456250000000004,9.008333333333335,2.2625,151.75,0.17,80.52541666666667,-0.7839338166829201,-0.620844401650647,-0.8660254037844384,-0.5000000000000004,13
2017-08-24,6628,9448,1109,21.150000000000002,59.68416666666667,12.020833333333334,3.85,128.95833333333334,0.17,80.81291666666667,-0.7944973291665992,-0.6072676460566135,-0.8660254037844384,-0.5000000000000004,13
2017-08-25,2263,212,2129,18.837500000000002,72.67875,13.308333333333332,1.6500000000000001,120.08333333333333,0.17,81.10083333333334,-0.8048257371083452,-0.593511190196115,-0.8660254037844384,-0.5000000000000004,13
2017-08-26,4230,2864,2799,20.275000000000002,62.25625,11.779166666666667,1.5750000000000002,219.91666666666666,0.17,81.39333333333333,-0.8149159841660791,-0.5795791048257612,-0.8660254037844384,-0.5000000000000004,13
2017-08-27,6561,9623,1050,21.970833333333335,45.84708333333333,8.708333333333334,1.4500000000000002,226.70833333333334,0.17,81.68708333333333,-0.8247650844733614,-0.5654755126737576,-0.8660254037844384,-0.5000000000000004,13
2017-08-28,6475,9575,1000,23.891666666666666,50.88625,11.966666666666667,3.1041666666666665,187.29166666666666,0.17,82.00666666666667,-0.8343701235229537,-0.5512045872199277,-0.8660254037844384,-0.5000000000000004,13
2017-08-29,6238,8689,1297,24.258333333333336,51.093333333333334,12.270833333333334,1.5708333333333335,114.79166666666667,0.17,82.30749999999999,-0.8437282590292712,-0.5367705514607103,-0.8660254037844384,-0.5000000000000004,13
2017-08-30,5945,7026,1931,22.325,48.51708333333334,9.970833333333333,3.7458333333333336,92.41666666666667,0.17,82.60833333333333,-0.8528367217694595,-0.522177676659508,-0.8660254037844384,-0.5000000000000004,13
2017-08-31,5244,4668,2694,23.412499999999998,59.752916666666664,14.6625,5.333333333333333,153.16666666666666,0.17,82.91291666666667,-0.8616928164028521,-0.5074302810827518,-0.8660254037844384,-0.5000000000000004,13
2017-09-01,4302,2082,3165,22.275000000000002,60.262499999999996,13.566666666666668,3.529166666666667,265.8333333333333,0.17,83.21833333333333,-0.8702939222685674,-0.49253272872205434,-1.0,-1.8369701987210297e-16,13
2017-09-02,5820,7105,1725,22.358333333333334,45.47875,8.770833333333334,1.9458333333333335,260.2083333333333,0.17,83.52625,-0.8786374941610001,-0.4774894280028391,-1.0,-1.8369701987210297e-16,13
2017-09-03,5065,3627,3168,22.875,48.49416666666667,10.279166666666667,3.804166666666667,278.7083333333333,0.17,83.83749999999999,-0.886721063082993,-0.46230483047981086,-1.0,-1.8369701987210297e-16,13
2017-09-04,5845,8202,1540,17.254166666666666,46.6525,5.041666666666667,5.2875000000000005,325.0833333333333,0.17,84.14791666666666,-0.8945422369764496,-0.4469834295196741,-1.0,-1.8369701987210297e-16,13
2017-09-05,5846,8331,1513,14.554166666666667,49.41708333333333,3.2708333333333335,3.6375000000000006,263.4583333333333,0.17,84.46083333333333,-0.9020987014301837,-0.43152975897147144,-1.0,-1.8369701987210297e-16,13
2017-09-06,6094,9772,852,17.354166666666668,40.88458333333333,2.65,1.2791666666666666,274.2083333333333,0.1729166666666667,84.77374999999999,-0.9093882203647925,-0.4159483918249421,-1.0,-1.8369701987210297e-16,13
2017-09-07,6141,9839,877,19.891666666666666,40.01083333333333,4.095833333333334,2.4375,218.33333333333334,0.18000000000000002,85.09125,-0.9164086366943458,-0.4002439388573056,-1.0,-1.8369701987210297e-16,13
2017-09-08,5547,7388,1561,18.308333333333334,55.71791666666667,8.366666666666667,3.441666666666667,114.75,0.18000000000000002,85.40708333333333,-0.9231578729647039,-0.38442104726885545,-1.0,-1.8369701987210297e-16,13
2017-09-09,5836,9039,958,21.025000000000002,60.10958333333334,11.858333333333334,4.1375,142.25,0.18000000000000002,85.72625,-0.9296339319682695,-0.3684843993077793,-1.0,-1.8369701987210297e-16,13
2017-09-10,4799,4454,2179,22.599999999999998,60.57,13.341666666666667,2.6958333333333333,195.79166666666666,0.18000000000000002,86.04708333333333,-0.9358348973349941,-0.35243871088460327,-1.0,-1.8369701987210297e-16,13
2017-09-11,5318,6394,1702,21.833333333333332,44.26541666666666,7.791666666666667,2.7750000000000004,112.125,0.18000000000000002,86.3675,-0.9417589340994617,-0.33628873017668287,-1.0,-1.8369701987210297e-16,13
2017-09-12,5615,8355,1078,24.795833333333334,48.52041666666667,10.604166666666666,1.7625000000000002,256.3333333333333,0.18000000000000002,86.69,-0.9474042892438845,-0.32003923622313857,-1.0,-1.8369701987210297e-16,13
2017-09-13,4570,3247,2840,20.466666666666665,50.98291666666666,9.0875,1.7083333333333333,195.20833333333334,0.18000000000000002,87.01208333333334,-0.9527692922168511,-0.30369503751065885,-1.0,-1.8369701987210297e-16,13
2017-09-14,3999,2261,2466,17.604166666666668,67.67541666666666,11.283333333333333,3.6458333333333335,27.541666666666668,0.18000000000000002,87.33625,-0.9578523554276669,-0.28726097055059635,-1.0,-1.8369701987210297e-16,13
2017-09-15,683,5,681,10.420833333333333,87.26541666666667,8.366666666666667,5.204166666666667,115.95833333333333,0.18000000000000002,87.65875,-0.9626519747161487,-0.2707418984477642,-1.0,-1.8369701987210297e-16,12
2017-09-16,1587,88,1548,8.633333333333335,74.68875,4.191666666666667,3.879166666666667,318.1666666666667,0.18000000000000002,87.98416666666667,-0.9671667297977312,-0.2541427094613622,-1.0,-1.8369701987210297e-16,12
2017-09-17,5170,7169,1371,11.583333333333334,64.67958333333333,4.333333333333333,3.0749999999999997,215.375,0.18000000000000002,88.31,-0.97139528468375,-0.23746831555846842,-1.0,-1.8369701987210297e-16,12
2017-09-18,5215,7348,1111,15.549999999999999,58.57791666666666,5.8500000000000005,2.0125,198.625,0.18000000000000002,88.63666666666667,-0.9753363880767837,-0.2207236509605022,-1.0,-1.8369701987210297e-16,12
2017-09-19,2131,380,1896,15.875,66.73625,9.629166666666666,4.916666666666667,210.125,0.18000000000000002,88.96499999999999,-0.9789888737409319,-0.20391367068311472,-1.0,-1.8369701987210297e-16,12
2017-09-20,5419,9509,708,13.866666666666667,47.64625,1.925,4.095833333333334,222.95833333333334,0.17708333333333334,89.29041666666667,-0.9823516608469237,-0.18704334906991657,-1.0,-1.8369701987210297e-16,12
2017-09-21,4866,7215,1131,17.45,52.143750000000004,6.712500000000001,4.204166666666667,184.41666666666666,0.17,89.6175,-0.9854237542919524,-0.17011767832049052,-1.0,-1.8369701987210297e-16,12
2017-09-22,730,620,628,12.387500000000001,74.13416666666667,7.75,5.720833333333334,186.04166666666666,0.17,89.96875,-0.9882042449941422,-0.15314166701312007,-1.0,-1.8369701987210297e-16,12
2017-09-23,2020,382,1774,10.904166666666667,78.12958333333334,6.983333333333334,3.3541666666666665,130.16666666666666,0.17,90.29541666666667,-0.9906923101615609,-0.13612033862266704,-1.0,-1.8369701987210297e-16,11
2017-09-24,1106,22,1092,8.025,84.65625,5.487500000000001,3.7458333333333336,345.0833333333333,0.17,90.62333333333333,-0.9928872135356962,-0.11905873003404988,-1.0,-1.8369701987210297e-16,11
2017-09-25,1472,527,1368,8.695833333333335,78.60166666666667,4.883333333333334,1.4749999999999999,108.58333333333333,0.17,90.95291666666667,-0.994788305609327,-0.10196189005174576,-1.0,-1.8369701987210297e-16,11
2017-09-26,2133,1129,1711,10.054166666666667,68.68375,4.179166666666666,1.3708333333333333,281.4583333333333,0.17,91.27958333333333,-0.9963950238187231,-0.08483487790576538,-1.0,-1.8369701987210297e-16,11
2017-09-27,4570,7298,968,14.033333333333333,58.04,5.041666666666667,2.795833333333334,289.2916666666667,0.17,91.60625,-0.9977068927101168,-0.06768276175455162,-1.0,-1.8369701987210297e-16,11
2017-09-28,4312,6085,1377,14.395833333333334,60.55125,6.2,2.754166666666667,221.08333333333334,0.17,91.95916666666666,-0.9987235240803972,-0.050510617185222886,-1.0,-1.8369701987210297e-16,11
2017-09-29,4811,8893,637,12.583333333333334,57.67583333333334,3.3708333333333336,3.754166666666667,128.875,0.17,92.28916666666667,-0.9994446170919858,-0.033323525711631344,-1.0,-1.8369701987210297e-16,11
2017-09-30,3667,5013,1683,17.108333333333334,65.3625,10.125,6.216666666666668,165.0,0.17,92.61833333333334,-0.9998699583618592,-0.016126573270657762,-1.0,-1.8369701987210297e-16,11
2017-10-01,1698,372,1487,15.345833333333333,74.59750000000001,10.35,3.954166666666667,228.41666666666666,0.17,92.94458333333334,-0.9999994220246925,0.001075151282798226,-0.8660254037844386,0.5000000000000001,11
2017-10-02,3639,4639,1808,10.270833333333334,60.34875,2.316666666666667,3.4708333333333337,270.9583333333333,0.17,93.27166666666666,-0.999832969770105,0.018276557681691223,-0.8660254037844386,0.5000000000000001,11
2017-10-03,3682,4139,1658,6.825,57.94375,-1.1375,5.508333333333334,256.9583333333333,0.1729166666666667,93.59875,-0.9993706508539969,0.03547255575312556,-0.8660254037844386,0.5000000000000001,11
2017-10-04,4187,7195,806,7.7875000000000005,63.290416666666665,0.5208333333333334,2.4625,238.375,0.18000000000000002,93.92291666666667,-0.9986126020839734,0.052658056924614005,-0.8660254037844386,0.5000000000000001,11
2017-10-05,3335,5159,1072,11.329166666666667,54.93208333333333,1.9833333333333334,1.6875,179.08333333333334,0.18000000000000002,94.24708333333332,-0.9975590477788613,0.06982797572987089,-0.8660254037844386,0.5000000000000001,11
2017-10-06,4107,6792,975,12.291666666666666,59.375,4.0125,2.8208333333333333,208.08333333333334,0.18000000000000002,94.57208333333334,-0.9962102997023297,0.0869772313136861,-0.8660254037844386,0.5000000000000001,11
2017-10-07,4306,7982,668,14.254166666666668,51.06458333333333,3.1,4.108333333333333,285.0833333333333,0.18000000000000002,94.89458333333334,-0.9945667569706337,0.1041007489354256,-0.8660254037844386,0.5000000000000001,11
2017-10-08,4034,5743,1028,9.8625,51.61041666666667,-0.5916666666666667,4.520833333333333,312.9166666666667,0.17708333333333334,95.21583333333332,-0.9926289059345095,0.121193461470736,-0.8660254037844386,0.5000000000000001,11
2017-10-09,3532,5133,1199,4.558333333333334,47.91125,-6.0249999999999995,3.5541666666666667,275.9583333333333,0.17,95.53291666666667,-0.9903973200352558,0.1382503109109819,-0.8660254037844386,0.5000000000000001,11
2017-10-10,4155,7773,741,8.429166666666667,46.95250000000001,-3.4708333333333337,4.1375,189.375,0.1729166666666667,95.85333333333334,-0.9878726596350429,0.15526624985999563,-0.8660254037844386,0.5000000000000001,11
2017-10-11,3716,5544,1215,9.716666666666667,52.6975,-0.09166666666666669,4.383333333333334,166.125,0.18000000000000002,96.17083333333333,-0.9850556718215013,0.172236243027682,-0.8660254037844386,0.5000000000000001,11
2017-10-12,3101,3800,1543,7.758333333333334,66.7075,1.4749999999999999,3.420833333333334,273.25,0.18000000000000002,96.48625,-0.981947190186646,0.18915526872004093,-0.8660254037844386,0.5000000000000001,11
2017-10-13,3140,5728,941,7.5249999999999995,53.77541666666667,-2.1458333333333335,3.054166666666667,193.95833333333334,0.18000000000000002,96.79916666666666,-0.9785481345802031,0.20601832032517084,-0.8660254037844386,0.5000000000000001,11
2017-10-14,1831,678,1666,3.7375000000000003,67.90375,-1.7541666666666667,2.9250000000000003,263.125,0.18000000000000002,97.11250000000001,-0.9748595108374125,0.22282040779479959,-0.8660254037844386,0.5000000000000001,11
2017-10-15,3749,7038,678,6.391666666666667,58.5425,-1.7791666666666668,4.133333333333334,277.5833333333333,0.18000000000000002,97.42375,-0.9708824104813836,0.23955655912092708,-0.8660254037844386,0.5000000000000001,11
2017-10-16,3830,7768,621,10.625,52.85874999999999,0.5458333333333334,3.8000000000000003,257.375,0.18000000000000002,97.73333333333333,-0.9666180104000972,0.2562218218071163,-0.8660254037844386,0.5000000000000001,11
2017-10-17,3779,7684,626,14.204166666666667,42.75125,0.6833333333333335,3.754166666666667,236.16666666666666,0.18000000000000002,98.03791666666666,-0.9620675724981452,0.27281126433401914,-0.8660254037844386,0.5000000000000001,11
2017-10-18,3470,5744,921,11.295833333333334,41.34125,-2.025,4.25,272.4166666666667,0.18000000000000002,98.34250000000002,-0.957232443323312,0.28931997761869527,-0.8660254037844386,0.5000000000000001,11
2017-10-19,3522,6830,670,13.904166666666669,53.67541666666667,3.8208333333333333,2.5083333333333333,187.29166666666666,0.18000000000000002,98.64416666666666,-0.9521140536681102,0.3057430764672831,-0.8660254037844386,0.5000000000000001,11
2017-10-20,3176,5115,1019,16.1875,65.59208333333333,9.116666666666667,5.1375,179.33333333333334,0.18000000000000002,98.94541666666667,-0.9467139181463862,0.3220757010206104,-0.8660254037844386,0.5000000000000001,11
2017-10-21,743,42,725,9.7375,61.3525,2.4916666666666667,5.800000000000001,283.9583333333333,0.18000000000000002,99.24125,-0.9410336347451197,0.3383130181923076,-0.8660254037844386,0.5000000000000001,11
2017-10-22,2365,3216,1369,10.075000000000001,54.19125,0.6291666666666665,5.070833333333334,250.75,0.18000000000000002,99.53583333333334,-0.9350748843515574,0.3544502230989869,-0.8660254037844386,0.5000000000000001,11
2017-10-23,2073,1559,1331,8.808333333333334,55.309583333333336,0.049999999999999996,7.5874999999999995,320.8333333333333,0.18000000000000002,99.82708333333333,-0.9288394302558068,0.3704825404820963,-0.8660254037844386,0.5000000000000001,11
2017-10-24,3416,7741,482,7.9750000000000005,57.73083333333333,-0.7333333333333334,4.604166666666667,302.9583333333333,0.18000000000000002,100.11583333333334,-0.9223291176290545,0.3864052261209853,-0.8660254037844386,0.5000000000000001,11
2017-10-25,2468,2104,1576,13.333333333333334,53.68416666666667,3.3874999999999997,4.175,263.375,0.18000000000000002,100.40333333333335,-0.9155458729775467,0.40221356823680365,-0.8660254037844386,0.5000000000000001,10
2017-10-26,530,0,529,1.679166666666667,56.73875,-6.25,8.616666666666667,337.5833333333333,0.18000000000000002,100.68291666666666,-0.9084917035725082,0.41790288888678667,-0.8660254037844386,0.5000000000000001,10
2017-10-27,3430,8152,465,-1.175,45.34458333333333,-12.716666666666667,3.1458333333333335,303.0,0.18000000000000002,100.96291666666667,-0.9011686968561569,0.4334685453485363,-0.8660254037844386,0.5000000000000001,10
2017-10-28,2679,4471,1178,3.2083333333333335,60.624583333333334,-3.9291666666666667,2.7375000000000003,288.8333333333333,0.18000000000000002,101.23916666666666,-0.8935790198239952,0.4489059314938798,-0.8660254037844386,0.5000000000000001,10
2017-10-29,1471,241,1359,6.1000000000000005,63.00333333333333,-0.9750000000000001,6.9875,314.75,0.18000000000000002,101.51416666666667,-0.8857249183835637,0.4642104791518923,-0.8660254037844386,0.5000000000000001,9
2017-10-30,1749,867,1540,-2.2833333333333337,59.12625,-9.341666666666667,6.195833333333334,316.9583333333333,0.18000000000000002,101.78166666666668,-0.8776087166898392,0.4793776594606945,-0.8660254037844386,0.5000000000000001,9
2017-10-31,2591,3390,1082,0.008333333333333302,54.28208333333333,-8.420833333333334,3.8083333333333336,197.5,0.18000000000000002,102.07541666666667,-0.8692328164574792,0.49440298420761813,-0.8660254037844386,0.5000000000000001,9
2017-11-01,1045,138,991,1.2083333333333333,86.18166666666667,-0.9333333333333335,2.3958333333333335,247.91666666666666,0.18000000000000002,102.34041666666667,-0.8605996962501181,0.5092820071573356,-0.5000000000000004,0.8660254037844384,9
2017-11-02,804,8,800,-1.4458333333333335,74.61208333333333,-5.6375,2.3333333333333335,133.625,0.18000000000000002,102.60083333333334,-0.8517119107469189,0.5240103253675756,-0.5000000000000004,0.8660254037844384,9
2017-11-03,417,5,415,-2.1166666666666667,74.23916666666666,-6.145833333333333,4.870833333333334,124.45833333333333,0.32875000000000004,102.85666666666667,-0.8425720899866032,0.5385835804920232,-0.5000000000000004,0.8660254037844384,9
2017-11-04,1250,180,1186,-1.9833333333333334,76.31458333333333,-5.679166666666667,4.1375,244.58333333333334,0.7220833333333334,103.13666666666667,-0.8331829385891785,0.5529974600700271,-0.5000000000000004,0.8660254037844384,9
2017-11-05,1663,1125,1506,-5.254166666666667,62.840833333333336,-11.387500000000001,2.4708333333333337,235.125,0.8000000000000002,103.38666666666667,-0.8235472349556007,0.5672476988027229,-0.5000000000000004,0.8660254037844384,9
2017-11-06,1236,59,1213,-5.125,64.50500000000001,-10.791666666666666,2.1083333333333334,186.41666666666666,0.8000000000000002,103.63541666666667,-0.8136678304455991,0.5813300798152042,-0.5000000000000004,0.8660254037844384,9
2017-11-07,2867,6571,576,-5.154166666666667,67.18083333333333,-10.541666666666666,3.0124999999999997,258.0833333333333,0.8000000000000002,103.87916666666666,-0.8035476485339116,0.5952404359043674,-0.5000000000000004,0.8660254037844384,9
2017-11-08,1838,683,1546,-6.875,71.10375,-11.295833333333334,2.625,264.4166666666667,0.8000000000000002,104.1175,-0.7931896839451843,0.6089746507720486,-0.5000000000000004,0.8660254037844384,9
2017-11-09,2425,3372,1397,-8.320833333333335,54.78666666666667,-15.9125,3.233333333333334,213.16666666666666,0.8000000000000002,104.35333333333334,-0.7825970017677834,0.6225286602431057,-0.5000000000000004,0.8660254037844384,9
2017-11-10,2435,4472,1018,-3.5124999999999997,66.83458333333333,-9.1125,5.533333333333334,178.66666666666666,0.7708333333333334,104.58625,-0.7717727365467837,0.6358984534680745,-0.5000000000000004,0.8660254037844384,9
2017-11-11,2613,6350,579,-1.7,80.33708333333334,-4.858333333333333,1.8500000000000003,256.625,0.5541666666666667,104.81166666666667,-0.7607200913564104,0.6490800741100398,-0.5000000000000004,0.8660254037844384,9
2017-11-12,2140,3881,805,-0.5125000000000001,90.97500000000001,-1.9416666666666667,1.7874999999999999,211.41666666666666,0.20000000000000004,105.03541666666666,-0.7494423368521953,0.6620696215153815,-0.5000000000000004,0.8660254037844384,9
2017-11-13,2492,6538,456,1.7833333333333332,85.49291666666666,-0.5458333333333334,1.6916666666666667,203.66666666666666,0.20000000000000004,105.25333333333333,-0.7379428103031386,0.6748632518680403,-0.5000000000000004,0.8660254037844384,9
2017-11-14,1788,2527,1094,2.1374999999999997,79.83416666666666,-1.1500000000000001,3.6750000000000003,281.0416666666667,0.20000000000000004,105.46750000000002,-0.7262249146041543,0.6874571793269664,-0.5000000000000004,0.8660254037844384,9
2017-11-15,2320,4971,691,-4.275,59.47875,-11.129166666666668,4.629166666666667,226.29166666666666,0.20000000000000004,105.67666666666666,-0.7142921172691032,0.699847677146407,-0.5000000000000004,0.8660254037844384,9
2017-11-16,1408,835,1088,-1.7583333333333335,71.55458333333333,-6.4125000000000005,4.7875000000000005,169.75,0.20000000000000004,105.88,-0.7021479494046978,0.7120310787787131,-0.5000000000000004,0.8660254037844384,9
2017-11-17,1205,360,1074,0.062499999999999965,78.04041666666667,-3.483333333333334,1.7375,320.9583333333333,0.20000000000000004,106.08041666666668,-0.6897960046655887,0.7240037789593305,-0.5000000000000004,0.8660254037844384,9
2017-11-18,1971,4301,752,-4.458333333333333,69.76291666666667,-9.5625,3.9500000000000006,306.4583333333333,0.19416666666666668,106.27375,-0.6772399381909491,0.7357622347736527,-0.5000000000000004,0.8660254037844384,9
2017-11-19,1498,1940,1012,0.30416666666666675,70.87375,-4.633333333333334,3.079166666666667,252.41666666666666,0.17416666666666666,106.46333333333332,-0.6644834655228552,0.7473029667054297,-0.5000000000000004,0.8660254037844384,9
2017-11-20,1793,3208,927,1.9791666666666667,57.279583333333335,-5.754166666666666,5.8125,289.6666666666667,0.16291666666666668,106.64999999999999,-0.6515303615068021,0.75862255966641,-0.5000000000000004,0.8660254037844384,9
2017-11-21,1760,3589,889,-8.875,53.576249999999995,-16.7,4.483333333333333,287.3333333333333,0.17,106.82666666666667,-0.6383844591746642,0.769717664006921,-0.5000000000000004,0.8660254037844384,9
2017-11-22,1349,2787,602,-0.012500000000000058,75.80375,-4.120833333333334,4.0875,253.95833333333334,0.17,107.0025,-0.6250496486104377,0.7805849965070866,-0.5000000000000004,0.8660254037844384,9
2017-11-23,1604,3224,682,5.595833333333334,87.99958333333335,3.6583333333333337,3.816666666666667,253.75,0.17,107.17333333333333,-0.6115298757991053,0.7912213413483807,-0.5000000000000004,0.8660254037844384,9
2017-11-24,1930,4736,490,6.825,75.98791666666666,2.454166666666667,5.029166666666667,299.75,0.17,107.33749999999999,-0.5978291414589552,0.801623551065242,-0.5000000000000004,0.8660254037844384,9
2017-11-25,1827,3991,707,2.0541666666666667,76.52,-1.9666666666666668,2.4333333333333336,265.0833333333333,0.17,107.49333333333334,-0.5839514998576998,0.8117885474764613,-0.5000000000000004,0.8660254037844384,9
2017-11-26,1176,885,889,4.308333333333334,63.02583333333334,-2.3833333333333333,2.6583333333333337,209.875,0.16416666666666668,107.64708333333334,-0.5699010576127624,0.821713322596059,-0.5000000000000004,0.8660254037844384,9
2017-11-27,1521,1689,982,6.0375000000000005,71.86333333333333,1.0666666666666667,4.495833333333334,263.4583333333333,0.15583333333333335,107.79666666666667,-0.5556819724760489,0.8313949395234058,-0.5000000000000004,0.8660254037844384,9
2017-11-28,2123,6606,360,1.0291666666666666,56.29,-7.054166666666667,3.858333333333334,268.9583333333333,0.17,107.93666666666667,-0.5412984521036173,0.8408305333122887,-0.5000000000000004,0.8660254037844384,9
2017-11-29,1542,2148,828,3.091666666666667,58.73166666666666,-4.3875,7.6000000000000005,244.54166666666666,0.16708333333333333,108.07208333333334,-0.5267547528105542,0.8500173118187018,-0.5000000000000004,0.8660254037844384,9
2017-11-30,1509,2084,936,1.366666666666667,62.03208333333333,-5.370833333333334,3.2458333333333336,260.375,0.16291666666666668,108.20291666666667,-0.5120551783114646,0.8589525565270845,-0.5000000000000004,0.8660254037844384,9
2017-12-01,1862,4900,450,2.3208333333333333,62.089166666666664,-4.391666666666667,2.5458333333333334,277.75,0.17,108.32875,-0.4972040784469378,0.8676336233547726,-2.4492935982947064e-16,1.0,9
2017-12-02,1843,4430,511,2.504166666666667,62.49625,-4.183333333333334,2.0583333333333336,243.375,0.16708333333333333,108.44625,-0.4822058478963526,0.8760579434344281,-2.4492935982947064e-16,1.0,9
2017-12-03,1028,282,944,1.2666666666666668,68.86291666666666,-4.179166666666667,2.2208333333333337,124.66666666666667,0.3233333333333333,108.56124999999999,-0.46706492487743034,0.8842230238742036,-2.4492935982947064e-16,1.0,9
2017-12-04,945,116,914,-3.0083333333333333,69.03208333333333,-8.216666666666667,7.825,320.5833333333333,0.7433333333333333,108.66708333333334,-0.451785789832884,0.8921264484954345,-2.4492935982947064e-16,1.0,9
2017-12-05,850,36,839,-4.779166666666667,62.63333333333333,-11.133333333333333,5.458333333333333,313.2083333333333,0.8000000000000002,108.76875,-0.4363729641045924,0.8997658785476209,-2.4492935982947064e-16,1.0,9
2017-12-06,1698,4032,610,-9.295833333333333,62.593333333333334,-15.216666666666667,5.516666666666667,326.3333333333333,0.8000000000000002,108.86291666666666,-0.42083100859565564,0.9071390534005044,-2.4492935982947064e-16,1.0,9
2017-12-07,746,29,739,-5.304166666666666,76.67416666666666,-8.858333333333333,4.220833333333334,285.0416666666667,0.7766666666666667,108.9525,-0.4051645224207563,0.9142437912130223,-2.4492935982947064e-16,1.0,9
2017-12-08,710,68,690,-1.7625000000000002,78.60166666666667,-5.145833333333334,5.3,312.625,0.7170833333333334,109.03583333333334,-0.3893781415452015,0.9210779895789526,-2.4492935982947064e-16,1.0,9
2017-12-09,1457,3226,665,-1.116666666666667,75.31416666666667,-5.283333333333334,4.145833333333333,289.7916666666667,0.6925,109.11250000000001,-0.37347653741307074,0.9276396261490467,-2.4492935982947064e-16,1.0,9
2017-12-10,1241,748,1072,1.5958333333333334,64.11833333333333,-4.529166666666667,4.233333333333333,290.9166666666667,0.65,109.18458333333332,-0.3574644155648614,0.9339267592294762,-2.4492935982947064e-16,1.0,9
2017-12-11,1224,2045,796,-0.6875,75.27333333333333,-4.620833333333334,5.5874999999999995,318.9583333333333,0.5158333333333334,109.24875000000002,-0.34134651424503615,0.9399375283564133,-2.4492935982947064e-16,1.0,9
2017-12-12,1621,4493,495,2.004166666666667,69.52875,-3.3208333333333333,5.058333333333334,267.5833333333333,0.19000000000000003,109.30708333333332,-0.3251276029999093,0.9456701548465688,-2.4492935982947064e-16,1.0,9
2017-12-13,493,587,404,0.7000000000000001,79.92875,-2.466666666666667,6.129166666666666,321.2083333333333,0.19000000000000003,109.36041666666667,-0.30881248126625377,0.9511229423235357,-2.4492935982947064e-16,1.0,8
2017-12-14,742,196,680,-0.32916666666666666,76.96333333333332,-4.0625,4.591666666666667,309.5,0.19000000000000003,109.40625,-0.29240597695107734,0.9562942772197719,-2.4492935982947064e-16,1.0,8
2017-12-15,538,59,521,0.6291666666666668,73.13291666666667,-3.720833333333333,3.3000000000000003,260.25,0.19000000000000003,109.44666666666666,-0.27591294500296043,0.9611826292540837,-2.4492935982947064e-16,1.0,8
2017-12-16,1257,1945,796,0.22916666666666666,79.14874999999999,-3.1125000000000003,2.766666666666667,303.375,0.19000000000000003,109.48041666666667,-0.2593382659754056,0.9657865518844574,-2.4492935982947064e-16,1.0,8
2017-12-17,1687,4994,412,-0.5916666666666667,67.86125,-6.008333333333334,2.75,246.20833333333334,0.19000000000000003,109.50625000000001,-0.2426868445825954,0.9701046827361175,-2.4492935982947064e-16,1.0,8
2017-12-18,934,366,827,1.3375000000000001,76.38083333333334,-2.454166666666667,4.333333333333333,277.2083333333333,0.19000000000000003,109.53000000000002,-0.22596360824801906,0.974135744004672,-2.4492935982947064e-16,1.0,8
2017-12-19,1130,835,891,-2.1375,60.09875,-9.1125,3.504166666666667,244.45833333333334,0.19000000000000003,109.54291666666666,-0.20917350564635637,0.9778785428342386,-2.4492935982947064e-16,1.0,8
2017-12-20,546,16,541,-6.216666666666668,65.33291666666666,-11.775,6.0375000000000005,83.0,0.36791666666666667,109.55041666666666,-0.19232150523909483,0.9813319716704275,-2.4492935982947064e-16,1.0,8
2017-12-21,1686,4134,604,-10.266666666666667,60.455000000000005,-16.575,3.154166666666667,219.91666666666666,0.8000000000000002,109.55208333333333,-0.17541259380427843,0.9844950085880858,-2.4492935982947064e-16,1.0,8
2017-12-22,897,48,884,-8.291666666666666,64.34583333333333,-13.895833333333334,4.920833333333333,295.4583333333333,0.8000000000000002,109.54833333333333,-0.15845177496083632,0.9873667175937016,-2.4492935982947064e-16,1.0,8
2017-12-23,856,20,851,-8.708333333333334,57.45375000000001,-15.783333333333333,5.0,278.7083333333333,0.8000000000000002,109.53750000000001,-0.14144406768794202,0.9899462489023779,-2.4492935982947064e-16,1.0,8
2017-12-24,1261,1607,885,-11.883333333333333,64.8775,-17.333333333333332,5.320833333333334,299.8333333333333,0.8000000000000002,109.52041666666668,-0.12439450483979998,0.9922328391893008,-2.4492935982947064e-16,1.0,8
2017-12-25,1734,4232,640,-21.454166666666666,47.55375,-29.775000000000002,5.5249999999999995,311.5,0.8000000000000002,109.49458333333332,-0.10730813165636247,0.9942258118156161,-2.4492935982947064e-16,1.0,8
2017-12-26,1534,2975,804,-21.479166666666668,56.53333333333333,-28.020833333333332,2.879166666666667,291.75,0.8000000000000002,109.46541666666667,-0.09019000427034513,0.9959245770286599,-2.4492935982947064e-16,1.0,8
2017-12-27,1025,143,984,-17.116666666666667,62.50666666666667,-22.787499999999998,3.158333333333333,146.54166666666666,0.8000000000000002,109.42916666666667,-0.07304518821104743,0.9973286321364752,-2.4492935982947064e-16,1.0,8
2017-12-28,1773,4184,582,-15.049999999999999,61.6275,-20.866666666666667,4.145833333333333,315.375,0.8000000000000002,109.38875,-0.05587875690537313,0.9984375616565666,-2.4492935982947064e-16,1.0,8
2017-12-29,934,481,890,-17.241666666666667,57.91375,-23.599999999999998,4.204166666666667,231.25,0.8000000000000002,109.34041666666667,-0.03869579017652689,0.9992510374388481,-2.4492935982947064e-16,1.0,8
2017-12-30,982,653,890,-24.079166666666666,50.040416666666665,-31.575000000000003,2.225,208.41666666666666,0.8000000000000002,109.28375,-0.021501372740813793,0.999768818762748,-2.4492935982947064e-16,1.0,8
2017-12-31,2017,6454,375,-18.233333333333334,60.52708333333334,-24.241666666666664,3.233333333333334,305.625,0.8000000000000002,109.21416666666666,-0.004300592702981974,0.9999907524084426,-2.4492935982947064e-16,1.0,8
2018-01-01,2033,6656,356,-20.783333333333335,59.432500000000005,-26.7625,2.2083333333333335,227.70833333333334,0.8000000000000002,109.15416666666665,0.017201575418260506,0.9998520419557735,0.49999999999999994,0.8660254037844387,9
2018-01-02,1504,2612,725,-13.287500000000001,69.20875,-17.804166666666667,5.704166666666667,290.0,0.8000000000000002,109.08541666666667,0.03439806061360801,0.9994082116062598,0.49999999999999994,0.8660254037844387,9
2018-01-03,1777,4675,658,-13.454166666666666,68.28583333333334,-18.220833333333335,1.3375000000000001,252.625,0.8000000000000002,109.00416666666666,0.051584366869408364,0.9986686402879997,0.49999999999999994,0.8660254037844387,9
2018-01-04,1174,675,1005,-10.299999999999999,74.99249999999999,-13.929166666666667,2.4083333333333337,119.29166666666667,0.8000000000000002,108.92041666666667,0.06875540848113941,0.9976335468520451,0.49999999999999994,0.8660254037844387,9
2018-01-05,1090,581,975,-11.770833333333334,67.43458333333334,-16.620833333333334,4.491666666666667,141.75,0.8000000000000002,108.82833333333333,0.08590610426133272,0.9963032375991965,0.49999999999999994,0.8660254037844387,9
2018-01-06,1422,1910,904,-6.362500000000001,80.23166666666667,-9.375,4.558333333333334,200.54166666666666,0.765,108.73291666666667,0.10303137904317879,0.9946781061893646,0.49999999999999994,0.8660254037844387,9
2018-01-07,1474,2318,738,-0.9375000000000001,90.53625,-2.4458333333333333,4.270833333333333,288.9166666666667,0.6945833333333334,108.63125000000001,0.1201261651823505,0.9927586335250793,0.49999999999999994,0.8660254037844387,9
2018-01-08,1352,1153,980,-1.675,91.82875,-2.9375,2.5333333333333337,216.95833333333334,0.72125,108.52125000000001,0.13718540405660057,0.9905453876091833,0.49999999999999994,0.8660254037844387,9
2018-01-09,1517,1517,1015,-1.1958333333333335,91.33749999999999,-2.4875000000000003,2.725,174.70833333333334,0.7175000000000001,108.40416666666665,0.1542040475626894,0.988039023376751,0.49999999999999994,0.8660254037844387,9
2018-01-10,923,167,867,-7.6875,80.07000000000001,-10.595833333333333,6.541666666666667,328.9166666666667,0.7716666666666666,108.28458333333333,0.17117705961019986,0.985240282501282,0.49999999999999994,0.8660254037844387,9
2018-01-11,1634,2391,1025,-18.425,60.79958333333334,-24.175,5.316666666666667,304.9166666666667,0.8000000000000002,108.15416666666665,0.18809941761179758,0.9821499931752291,0.49999999999999994,0.8660254037844387,9
2018-01-12,1850,3782,944,-21.1875,59.94166666666666,-26.954166666666666,1.8375000000000001,244.20833333333334,0.8000000000000002,108.02083333333333,0.20496611396949532,0.9787690698649216,0.49999999999999994,0.8660254037844387,9
2018-01-13,1906,4058,753,-19.325,69.73958333333333,-23.55,2.8000000000000003,181.0,0.8000000000000002,107.88166666666666,0.22177215755648186,0.975098513039961,0.49999999999999994,0.8660254037844387,9
2018-01-14,1311,779,1103,-14.820833333333333,75.56375,-18.225,6.0125,307.375,0.8000000000000002,107.74041666666666,0.23851257519407648,0.9711394088771653,0.49999999999999994,0.8660254037844387,9
2018-01-15,2307,6815,385,-24.337500000000002,61.19833333333333,-29.754166666666666,4.579166666666667,336.25,0.8000000000000002,107.58666666666666,0.2551824131233728,0.9668929289391521,0.49999999999999994,0.8660254037844387,9
2018-01-16,2220,6523,414,-18.058333333333334,63.34625,-23.479166666666668,3.8083333333333336,209.75,0.8000000000000002,107.4325,0.2717767384711357,0.9623603298276545,0.49999999999999994,0.8660254037844387,9
2018-01-17,2242,6507,410,-6.2875000000000005,87.15625,-8.091666666666667,4.216666666666667,256.2916666666667,0.7854166666666668,107.27416666666666,0.2882906407095177,0.9575429528116719,0.49999999999999994,0.8660254037844387,9
2018-01-18,806,154,751,-1.5625,91.07958333333333,-2.9000000000000004,2.9375,261.25,0.7208333333333333,107.10875,0.3047192331091634,0.9524422234305676,0.49999999999999994,0.8660254037844387,9
2018-01-19,1797,2304,988,0.9875000000000002,87.70458333333333,-0.9166666666666666,3.0583333333333336,291.5,0.65,106.93708333333335,0.321057654185271,0.9470596510722283,0.49999999999999994,0.8660254037844387,9
2018-01-20,2173,4768,628,-0.04999999999999997,81.27291666666666,-3.066666666666667,2.8041666666666667,286.5833333333333,0.6791666666666667,106.76041666666667,0.3373010691361842,0.9413968285264122,0.49999999999999994,0.8660254037844387,9
2018-01-21,1278,517,1169,-3.591666666666667,86.78250000000001,-5.554166666666667,1.366666666666667,303.2916666666667,0.7645833333333334,106.55333333333334,0.3534446712740877,0.9354554315134164,0.49999999999999994,0.8660254037844387,9
2018-01-22,1162,478,1113,-6.4125000000000005,88.9175,-8.054166666666667,1.4208333333333334,203.0,0.8000000000000002,106.36541666666666,0.3694836834473831,0.9292372181882051,0.49999999999999994,0.8660254037844387,10
2018-01-23,2111,3877,954,-4.675,90.25916666666667,-6.154166666666668,2.6958333333333333,291.5,0.8000000000000002,106.17541666666666,0.38541335945432564,0.9227440286201427,0.49999999999999994,0.8660254037844387,10
2018-01-24,1984,2833,1035,-4.341666666666667,79.79833333333333,-7.529166666666668,2.279166666666667,211.45833333333334,0.7854166666666668,105.98,0.4012289854475009,0.9159777842484877,0.49999999999999994,0.8660254037844387,10
2018-01-25,1619,1872,1109,-2.0958333333333337,84.48458333333333,-4.495833333333334,4.441666666666667,164.83333333333334,0.7266666666666667,105.77791666666667,0.4169258813287287,0.908940487313808,0.49999999999999994,0.8660254037844387,10
2018-01-26,2061,4265,810,-1.3166666666666667,78.16416666666667,-4.929166666666667,5.516666666666667,294.1666666666667,0.7079166666666667,105.5725,0.4324994021339788,0.901634220265486,0.49999999999999994,0.8660254037844387,10
2018-01-27,1682,742,1398,-9.479166666666666,72.19708333333334,-13.891666666666667,4.4625,299.3333333333333,0.8000000000000002,105.35875,0.44794493940789115,0.8940611451454876,0.49999999999999994,0.8660254037844387,10
2018-01-28,2356,4248,1040,-12.495833333333332,61.44583333333333,-18.470833333333335,1.8,69.66666666666667,0.8000000000000002,105.14083333333333,0.4632579225674917,0.88622350294858,0.49999999999999994,0.8660254037844387,10
2018-01-29,2085,1744,1488,-9.0,68.73583333333333,-13.8125,3.25,168.375,0.7941666666666668,104.92208333333333,0.4784338202547012,0.8781236129591848,0.49999999999999994,0.8660254037844387,10
2018-01-30,1091,307,1000,-1.6916666666666667,67.3075,-7.141666666666667,5.9125000000000005,245.25,0.7858333333333333,104.69916666666667,0.49346814167723735,0.8697638720650646,0.49999999999999994,0.8660254037844387,10
2018-01-31,1324,352,1225,-9.450000000000001,65.21416666666667,-15.108333333333334,5.7875000000000005,312.75,0.8000000000000002,104.46666666666665,0.5083564379375122,0.8611467540480452,0.49999999999999994,0.8660254037844387,10
2018-02-01,2544,3243,1487,-16.770833333333332,51.10833333333333,-24.641666666666666,3.091666666666667,278.7083333333333,0.8000000000000002,104.23,0.5230943033491326,0.8522748088519838,0.8660254037844386,0.5000000000000001,10
2018-02-02,2158,1198,1667,-10.095833333333333,61.93541666666667,-16.1875,2.579166666666667,155.58333333333334,0.8000000000000002,103.99291666666666,0.5376773767406141,0.8431506618282,0.8660254037844386,0.5000000000000001,10
2018-02-03,1620,574,1399,-13.983333333333334,67.22375000000001,-18.791666666666668,5.312500000000001,128.29166666666666,0.8000000000000002,103.74958333333332,0.5521013427459208,0.8337770129585915,0.8660254037844386,0.5000000000000001,10
2018-02-04,3112,7639,529,-17.970833333333335,58.51916666666667,-24.308333333333334,4.266666666666667,265.8333333333333,0.8000000000000002,103.50166666666667,0.5663619330814524,0.8241566360566663,0.8660254037844386,0.5000000000000001,10
2018-02-05,2705,4261,1268,-16.108333333333334,60.91958333333333,-22.108333333333334,3.7291666666666665,310.2916666666667,0.8000000000000002,103.25,0.580454927809098,0.8142923779467267,0.8660254037844386,0.5000000000000001,10
2018-02-06,2702,4204,1265,-15.145833333333334,67.10291666666667,-20.09166666666667,4.283333333333334,253.20833333333334,0.8000000000000002,102.99541666666666,0.5943761565849831,0.804187157621448,0.8660254037844386,0.5000000000000001,10
2018-02-07,2459,2530,1378,-15.733333333333334,74.23125,-19.475,2.2958333333333334,259.0,0.8000000000000002,102.73583333333333,0.6081214998935418,0.7938439653781019,0.8660254037844386,0.5000000000000001,10
2018-02-08,1701,411,1517,-16.395833333333332,68.40916666666666,-20.920833333333334,2.275,99.29166666666667,0.8000000000000002,102.47291666666666,0.6216868902665479,0.7832658619336791,0.8660254037844386,0.5000000000000001,10
2018-02-09,3214,7029,803,-17.679166666666667,65.20458333333333,-22.891666666666666,3.4125,302.625,0.8000000000000002,102.20583333333333,0.6350683134867438,0.7724559775191742,0.8660254037844386,0.5000000000000001,10
2018-02-10,3389,8006,549,-15.0625,65.2025,-20.425,4.179166666666667,264.7916666666667,0.8000000000000002,101.93541666666665,0.6482618097757122,0.7614175109532997,0.8660254037844386,0.5000000000000001,10
2018-02-11,2468,1539,1816,-15.020833333333334,69.61708333333333,-19.474999999999998,3.8708333333333336,322.9583333333333,0.8000000000000002,101.66166666666668,0.6612634749656386,0.7501537286959042,0.8660254037844386,0.5000000000000001,10
2018-02-12,2413,1448,1758,-17.76666666666667,63.34708333333333,-23.162499999999998,2.529166666666667,177.41666666666666,0.8000000000000002,101.38416666666667,0.6740694616546161,0.7386679638813748,0.8660254037844386,0.5000000000000001,10
2018-02-13,3525,8296,542,-7.645833333333333,73.82458333333334,-11.9625,4.7250000000000005,223.70833333333334,0.77375,101.10458333333334,0.6866759803451553,0.726963615332308,0.8660254037844386,0.5000000000000001,10
2018-02-14,2955,5206,912,0.22083333333333344,76.42083333333333,-3.795833333333334,4.183333333333334,270.1666666666667,0.73625,100.82125,0.6990793005655562,0.7150441465537444,0.8660254037844386,0.5000000000000001,10
2018-02-15,1962,250,1861,-11.450000000000001,57.157916666666665,-18.6,5.862500000000001,187.91666666666666,0.8000000000000002,100.53125,0.7112757519738152,0.7029130847082615,0.8660254037844386,0.5000000000000001,10
2018-02-16,2673,2179,1948,-7.808333333333334,68.96458333333334,-13.020833333333334,4.354166666666667,244.41666666666666,0.8000000000000002,100.24333333333334,0.7232617254437388,0.6905740195722294,0.8660254037844386,0.5000000000000001,10
2018-02-17,3161,3658,1572,-6.995833333333334,62.42916666666667,-13.850000000000001,4.033333333333334,268.8333333333333,0.8000000000000002,99.95,0.7350336741329412,0.6780306024735382,0.8660254037844386,0.5000000000000001,10
2018-02-18,1719,125,1664,-9.7125,67.07875,-14.720833333333333,6.612500000000001,36.25,0.8000000000000002,99.65333333333332,0.746588114532413,0.6652865452111116,0.8660254037844386,0.5000000000000001,10
2018-02-19,2191,613,1952,-14.15,60.109166666666674,-20.245833333333334,4.25,29.625,0.8000000000000002,99.35541666666667,0.7579216274973472,0.6523456189565257,0.8660254037844386,0.5000000000000001,10
2018-02-20,3557,5518,1081,-13.491666666666667,60.38791666666666,-19.6625,4.304166666666666,295.7083333333333,0.8000000000000002,99.05375,0.7690308592589181,0.6392116531380588,0.8660254037844386,0.5000000000000001,10
2018-02-21,3929,7666,725,-13.704166666666667,63.19583333333333,-19.716666666666665,2.975,203.95833333333334,0.8000000000000002,98.74958333333335,0.7799125224167177,0.6258885343075018,0.8660254037844386,0.5000000000000001,10
2018-02-22,3566,5254,1380,-11.133333333333333,73.55875,-15.037500000000001,1.7750000000000001,190.58333333333334,0.8000000000000002,98.44458333333334,0.7905633969115482,0.612380204990065,0.8660254037844386,0.5000000000000001,10
2018-02-23,4081,8322,676,-9.4125,66.77416666666666,-14.762500000000001,3.158333333333333,264.2916666666667,0.8000000000000002,98.13625,0.8009803309782905,0.5986906625177214,0.8660254037844386,0.5000000000000001,10
2018-02-24,2509,1383,2058,-8.875,80.01,-11.725000000000001,3.7125000000000004,217.16666666666666,0.8000000000000002,97.82666666666667,0.8111602420785621,0.5848239578463322,0.8660254037844386,0.5000000000000001,10
2018-02-25,4109,7553,726,-3.7750000000000004,70.02041666666666,-8.975,5.045833333333333,265.0833333333333,0.7766666666666667,97.48833333333334,0.8211001178128892,0.5707841943569036,0.8660254037844386,0.5000000000000001,10
2018-02-26,3509,5040,1577,-1.2458333333333333,67.88625,-6.829166666666667,3.1,268.4583333333333,0.7170833333333334,97.17583333333333,0.8307970168121247,0.5565755266413303,0.8660254037844386,0.5000000000000001,11
2018-02-27,3288,3903,1782,-2.3625000000000003,75.70333333333333,-6.404166666666668,1.8791666666666667,156.41666666666666,0.71875,96.86083333333333,0.8402480696078469,0.5422021592729844,0.8660254037844386,0.5000000000000001,11
2018-02-28,4336,8435,672,-1.8916666666666668,58.520833333333336,-9.4875,3.7291666666666665,278.7083333333333,0.7283333333333334,96.54458333333334,0.8494504794814806,0.527668345562516,0.8660254037844386,0.5000000000000001,11
2018-03-01,4320,7685,964,-1.4000000000000001,60.83291666666667,-8.708333333333334,2.45,213.95833333333334,0.6854166666666668,96.22541666666666,0.8584015232918917,0.512978386299228,1.0,6.123233995736766e-17,11
2018-03-02,3675,4227,1473,0.6875,62.893750000000004,-5.925000000000001,6.516666666666667,114.20833333333333,0.65,95.8825,0.8670985522812081,0.4981366284784055,1.0,6.123233995736766e-17,11
2018-03-03,4153,6684,1029,1.1708333333333334,78.955,-2.4458333333333333,4.05,115.04166666666667,0.65,95.56083333333333,0.8755389928586302,0.4831474640149687,1.0,6.123233995736766e-17,12
2018-03-04,1437,79,1394,1.2916666666666667,94.30166666666666,0.45416666666666666,4.383333333333334,137.875,0.6558333333333334,95.23958333333333,0.8837203473619977,0.4680153284438345,1.0,6.123233995736766e-17,12
2018-03-05,1776,75,1737,-1.5,84.99374999999999,-3.733333333333334,5.720833333333334,322.875,0.6933333333333334,94.91583333333334,0.8916401947968874,0.45274469960737107,1.0,6.123233995736766e-17,12
2018-03-06,1754,87,1709,-4.275,80.25291666666666,-7.216666666666668,5.495833333333334,327.0,0.7645833333333334,94.58916666666666,0.8992961915530253,0.4373400963303323,1.0,6.123233995736766e-17,12
2018-03-07,4724,7635,920,-7.554166666666667,71.97291666666668,-11.924999999999999,4.316666666666667,281.5,0.8000000000000002,94.26208333333334,0.9066860720977985,0.4218060770826634,1.0,6.123233995736766e-17,12
2018-03-08,4604,7310,927,-6.266666666666667,74.36166666666666,-10.316666666666666,2.9625000000000004,191.58333333333334,0.7970833333333335,93.93666666666667,0.9138076496466615,0.40614723863057883,1.0,6.123233995736766e-17,12
2018-03-09,3507,2634,2133,-3.095833333333333,78.4225,-6.470833333333334,2.7916666666666665,133.875,0.76375,93.60708333333334,0.9206588168102428,0.3903682146763026,1.0,6.123233995736766e-17,12
2018-03-10,1432,270,1375,-1.425,85.87541666666668,-3.545833333333334,4.108333333333333,288.0833333333333,0.7087500000000001,93.27833333333332,0.9272375462179537,0.374473674486883,1.0,6.123233995736766e-17,12
2018-03-11,4945,8434,939,-2.275,73.82833333333333,-6.704166666666667,3.0749999999999997,322.0833333333333,0.7183333333333333,92.94541666666667,0.9335418911179212,0.35846832151248087,1.0,6.123233995736766e-17,12
2018-03-12,5069,8887,950,-1.1500000000000001,63.99791666666667,-7.858333333333333,1.5291666666666668,124.54166666666667,0.68125,92.61458333333333,0.9395699859530622,0.342356891994542,1.0,6.123233995736766e-17,12
2018-03-13,5083,8471,954,0.9166666666666666,58.97208333333333,-6.808333333333334,3.5,203.25,0.6570833333333334,92.28166666666668,0.945320046913132,0.3261441535642696,1.0,6.123233995736766e-17,12
2018-03-14,5241,8975,834,1.7333333333333334,66.06958333333334,-4.645833333333333,2.733333333333334,120.04166666666667,0.6558333333333334,91.95083333333334,0.9507903724625832,0.3098349038318025,1.0,6.123233995736766e-17,12
2018-03-15,4385,4184,2428,-0.2541666666666667,59.3775,-8.283333333333333,5.445833333333334,105.08333333333333,0.67,91.61541666666666,0.9559793438440766,0.2934339689665273,1.0,6.123233995736766e-17,12
2018-03-16,4066,2623,2594,-0.42916666666666664,50.60833333333333,-10.299999999999999,4.216666666666667,117.54166666666667,0.6641666666666667,91.28250000000001,0.9608854255574977,0.27694620226893646,1.0,6.123233995736766e-17,12
2018-03-17,2631,1476,2229,0.2875000000000001,73.75125,-4.279166666666667,2.454166666666667,180.75,0.6529166666666667,90.94958333333334,0.9655071658143364,0.2603764827344581,1.0,6.123233995736766e-17,12
2018-03-18,3242,1027,2792,0.5750000000000001,84.57791666666667,-1.9333333333333336,1.979166666666667,99.41666666666667,0.6629166666666667,90.61541666666666,0.969843196967294,0.24372971360968387,1.0,6.123233995736766e-17,12
2018-03-19,1853,258,1708,-1.3833333333333335,85.82583333333334,-3.5124999999999997,1.9833333333333334,26.375,0.6816666666666666,90.27999999999999,0.9738922359149924,0.22701082094141847,1.0,6.123233995736766e-17,12
2018-03-20,3461,1115,2836,-0.8625000000000002,81.11166666666666,-3.8708333333333336,1.625,186.25,0.6925,89.94583333333333,0.9776530844816641,0.2102247521189836,1.0,6.123233995736766e-17,12
2018-03-21,5239,7882,1494,1.8499999999999999,72.00416666666666,-3.2916666666666665,1.8625,229.70833333333334,0.65,89.61208333333333,0.981124629771712,0.19337647441020586,1.0,6.123233995736766e-17,12
2018-03-22,2532,1359,2181,2.6083333333333334,72.33208333333333,-2.6041666666666665,3.8375000000000004,109.91666666666667,0.65,89.27833333333332,0.984305844499033,0.17647097349152166,1.0,6.123233995736766e-17,12
2018-03-23,1697,177,1613,0.8458333333333333,85.44083333333333,-1.366666666666667,7.704166666666667,123.75,0.65,88.94416666666666,0.9871957872910085,0.15951325197263655,1.0,6.123233995736766e-17,12
2018-03-24,2517,1216,2213,1.7249999999999999,78.25500000000001,-1.9708333333333334,6.304166666666667,151.16666666666666,0.65,88.61166666666666,0.9897936029670716,0.14250832791617088,1.0,6.123233995736766e-17,12
2018-03-25,3913,1426,3115,3.420833333333333,65.14291666666666,-3.379166666666667,2.8833333333333333,187.70833333333334,0.65,88.27875,0.992098522791769,0.12546123335273648,1.0,6.123233995736766e-17,12
2018-03-26,4142,1491,3282,1.9625000000000001,71.79,-3.2458333333333336,2.254166666666667,178.83333333333334,0.65,87.94749999999999,0.9941098647022418,0.10837701279187609,1.0,6.123233995736766e-17,12
2018-03-27,5669,8589,1395,6.0249999999999995,57.319583333333334,-3.033333333333333,4.9750000000000005,245.66666666666666,0.65,87.61708333333333,0.9958270335100595,0.09126072172931188,1.0,6.123233995736766e-17,12
2018-03-28,5144,6132,1947,0.5583333333333332,59.29083333333333,-7.445833333333333,5.154166666666667,326.0,0.6558333333333334,87.28625,0.9972495210773451,0.07411742515094437,1.0,6.123233995736766e-17,12
2018-03-29,4853,3547,2779,0.2791666666666668,62.9725,-6.404166666666668,2.691666666666667,242.875,0.6904166666666667,86.9325,0.998376906467142,0.056952196034039754,1.0,6.123233995736766e-17,13
2018-03-30,4414,1720,3433,-3.5375,66.7625,-9.054166666666667,4.45,75.83333333333333,0.7575,86.60625,0.9992088560679753,0.03977011384605572,1.0,6.123233995736766e-17,13
2018-03-31,6277,7817,1523,-7.995833333333334,47.25083333333333,-17.5375,6.7250000000000005,308.8333333333333,0.8000000000000002,86.28041666666667,0.9997451236925734,0.022576263041545485,1.0,6.123233995736766e-17,13
2018-04-01,6444,8573,1514,-4.733333333333333,49.06791666666667,-14.366666666666667,3.191666666666667,223.5,0.7795833333333334,85.95708333333334,0.9999855506507186,0.005375731557583884,0.8660254037844387,-0.4999999999999998,13
2018-04-02,3736,746,3259,-3.7208333333333337,64.54833333333333,-9.458333333333334,5.441666666666666,64.58333333333333,0.7504166666666667,85.63291666666667,0.9999300657962057,-0.011826390691832589,0.8660254037844387,-0.4999999999999998,13
2018-04-03,4897,2175,3898,-7.925,58.05833333333334,-14.829166666666666,3.491666666666667,243.125,0.7941666666666668,85.31,0.9995786855478958,-0.029025013321975237,0.8660254037844387,-0.4999999999999998,13
2018-04-04,6602,9365,1361,-2.6375,51.56458333333333,-11.7125,2.5958333333333337,224.125,0.7566666666666667,84.98875,0.9989315138848577,-0.046215046983708354,0.8660254037844387,-0.4999999999999998,13
2018-04-05,4641,2814,3448,-2.5875,53.317499999999995,-11.120833333333332,5.575,296.7083333333333,0.7291666666666666,84.67083333333333,0.9979887423155984,-0.06339140486951038,0.8660254037844387,-0.4999999999999998,13
2018-04-06,6712,7832,2633,-9.366666666666667,43.66083333333333,-19.875,4.6625000000000005,326.0416666666667,0.8000000000000002,84.35166666666667,0.9967506498213929,-0.08054900421874167,0.8660254037844387,-0.4999999999999998,13
2018-04-07,6756,9185,1529,-4.858333333333333,48.692083333333336,-14.637500000000001,2.7291666666666665,203.5,0.7941666666666668,84.03458333333333,0.9952176027737294,-0.09768276782171598,0.8660254037844387,-0.4999999999999998,13
2018-04-08,4368,944,3790,-4.608333333333333,73.67333333333333,-8.674999999999999,4.641666666666667,86.75,0.7741666666666668,83.72041666666667,0.9933900548258936,-0.11478762552212701,0.8660254037844387,-0.4999999999999998,13
2018-04-09,4789,1077,4043,-2.4583333333333335,75.0325,-6.583333333333333,1.7208333333333334,216.625,0.7279166666666667,83.40625,0.9912685467787256,-0.13185851571739118,0.8660254037844387,-0.4999999999999998,13
2018-04-10,6657,8739,1406,3.170833333333333,73.80624999999999,-1.7625000000000002,2.3958333333333335,214.875,0.65,83.09583333333333,0.9888537064205885,-0.1488903868564548,0.8660254037844387,-0.4999999999999998,13
2018-04-11,3645,829,3107,1.4625000000000001,89.86458333333333,-0.0625,2.941666666666667,160.125,0.65,82.78583333333333,0.986146248341595,-0.16587819893463143,0.8660254037844387,-0.4999999999999998,13
2018-04-12,4236,758,3709,2.8208333333333333,81.8125,-0.22499999999999998,3.6,133.91666666666666,0.6558333333333334,82.48,0.9831469737221499,-0.1828169249850199,0.8660254037844387,-0.4999999999999998,13
2018-04-13,3885,672,3372,-1.2916666666666667,54.07875000000001,-9.929166666666667,5.158333333333334,34.166666666666664,0.6729166666666667,82.17416666666666,0.9798567700958665,-0.1997015525660636,0.8660254037844387,-0.4999999999999998,13
2018-04-14,6595,7436,1921,-1.2041666666666666,46.36416666666667,-12.070833333333333,3.0125000000000006,58.583333333333336,0.5370833333333334,81.84416666666667,0.9762766110869321,-0.21652708524481437,0.8660254037844387,-0.4999999999999998,13
2018-04-15,7261,10732,1109,-0.32916666666666666,45.14416666666667,-11.799999999999999,2.0875,89.58333333333333,0.19583333333333333,81.54666666666667,0.9724075561219968,-0.23328854407545518,0.8660254037844387,-0.4999999999999998,13
2018-04-16,7164,10505,1115,1.7750000000000001,46.10166666666667,-9.579166666666667,4.483333333333333,137.0,0.21,81.24916666666667,0.9682507501166718,-0.2499809690726521,0.8660254037844387,-0.4999999999999998,14
2018-04-17,4058,3182,1843,3.9125,55.02166666666667,-5.0375000000000005,4.708333333333333,128.83333333333334,0.21,80.955,0.9638074231367307,-0.26659942067929354,0.8660254037844387,-0.4999999999999998,14
2018-04-18,4235,1820,3020,3.9499999999999997,65.04458333333334,-2.525,2.0375,179.125,0.21,80.66291666666667,0.9590788900341131,-0.28313898122818354,0.8660254037844387,-0.4999999999999998,14
2018-04-19,6834,8371,1539,6.529166666666668,56.07125,-2.3375,1.991666666666667,177.0,0.21,80.37333333333333,0.9540665500578387,-0.2995947563972602,0.8660254037844387,-0.4999999999999998,14
2018-04-20,5894,5050,2459,6.779166666666666,59.04708333333334,-1.9166666666666667,4.045833333333333,159.04166666666666,0.20125,80.08708333333333,0.9487718864399473,-0.31596187665790293,0.8660254037844387,-0.4999999999999998,14
2018-04-21,7077,9721,1210,8.625,70.58333333333333,2.579166666666667,5.141666666666667,177.875,0.18000000000000002,79.80458333333333,0.9431964659565866,-0.33223549871590435,0.8660254037844387,-0.4999999999999998,14
2018-04-22,7088,9549,1152,10.804166666666667,64.32333333333334,3.0833333333333335,3.1500000000000004,189.58333333333334,0.18000000000000002,79.52291666666666,0.9373419384643772,-0.3484108069446808,0.8660254037844387,-0.4999999999999998,14
2018-04-23,5734,6183,1829,11.1,62.40083333333333,3.004166666666667,3.7583333333333333,84.91666666666667,0.18000000000000002,79.24333333333333,0.9312100364121947,-0.3644830148102912,0.8660254037844387,-0.4999999999999998,14
2018-04-24,7374,9770,1241,7.745833333333334,50.27166666666667,-3.5250000000000004,3.404166666666667,149.29166666666666,0.18000000000000002,78.96916666666667,0.9248025743285089,-0.38044736628785164,0.8660254037844387,-0.4999999999999998,14
2018-04-25,5963,5145,2977,11.433333333333335,42.92541666666667,-2.4291666666666667,4.858333333333333,240.625,0.18000000000000002,78.69833333333334,0.9181214482844365,-0.39629913726891813,0.8660254037844387,-0.4999999999999998,14
2018-04-26,7507,10634,1110,11.775,49.11541666666667,-0.4208333333333334,4.4375,289.9583333333333,0.18000000000000002,78.4275,0.9111686353326631,-0.41203363695942635,0.8660254037844387,-0.4999999999999998,14
2018-04-27,7653,10889,1112,9.25,49.568333333333335,-1.9208333333333334,3.9583333333333335,162.625,0.18000000000000002,78.16166666666666,0.9039461929224011,-0.42764620926777464,0.8660254037844387,-0.4999999999999998,14
2018-04-28,7675,10810,1106,9.924999999999999,48.9125,-1.8583333333333334,5.1875,157.125,0.18000000000000002,77.89874999999999,0.8964562582905575,-0.44313223418263453,0.8660254037844387,-0.4999999999999998,14
2018-04-29,6923,8049,1638,15.875,55.032916666666665,5.8125,6.150000000000001,180.70833333333334,0.18000000000000002,77.64166666666667,0.8887010478292915,-0.45848712914008766,0.8660254037844387,-0.4999999999999998,14
2018-04-30,4125,1169,3455,12.266666666666666,73.58416666666666,7.079166666666667,4.070833333333334,330.875,0.18000000000000002,77.36083333333333,0.8806828564301475,-0.47370635037968,0.8660254037844387,-0.4999999999999998,14
2018-05-01,2811,609,2426,8.941666666666666,62.0075,1.1416666666666668,1.9208333333333334,277.0833333333333,0.18000000000000002,77.11,0.8724040568049612,-0.48878539428899265,0.49999999999999994,-0.8660254037844387,14
2018-05-02,5788,6999,1814,11.350000000000001,61.423750000000005,3.1583333333333337,3.066666666666667,235.45833333333334,0.18000000000000002,76.86291666666666,0.8638670987837349,-0.503719798736334,0.49999999999999994,-0.8660254037844387,15
2018-05-03,7040,8162,1988,14.379166666666668,43.74208333333333,1.3583333333333334,2.3583333333333334,254.54166666666666,0.18000000000000002,76.62,0.8550745085896932,-0.518505144391157,0.49999999999999994,-0.8660254037844387,15
2018-05-04,6239,5287,2637,17.491666666666667,40.61333333333334,3.091666666666667,2.8833333333333333,250.66666666666666,0.18000000000000002,76.38041666666668,0.8460288880917339,-0.533137056031809,0.49999999999999994,-0.8660254037844387,15
2018-05-05,7071,8417,1780,17.070833333333333,52.06,6.641666666666667,3.095833333333333,254.20833333333334,0.18000000000000002,76.14583333333333,0.8367329140344921,-0.5476112038402312,0.49999999999999994,-0.8660254037844387,15
2018-05-06,7565,9580,1683,19.025000000000002,43.005833333333335,4.325,1.8958333333333333,220.79166666666666,0.18000000000000002,75.91333333333334,0.8271893372462497,-0.5619233046832195,0.49999999999999994,-0.8660254037844387,15
2018-05-07,5125,3520,2613,20.1125,59.83666666666667,10.820833333333333,3.4625000000000004,165.66666666666666,0.18000000000000002,75.68625,0.8174009818249189,-0.5760691233798758,0.49999999999999994,-0.8660254037844387,15
2018-05-08,1875,1020,1516,15.420833333333334,78.83166666666666,11.358333333333334,2.5625000000000004,85.625,0.18000000000000002,75.46124999999999,0.8073707443023492,-0.5900444739548627,0.49999999999999994,-0.8660254037844387,15
2018-05-09,6480,6779,2463,15.625,62.37375,7.570833333333333,3.9875000000000003,212.83333333333334,0.18000000000000002,75.24041666666666,0.7971015927871943,-0.6038452208771035,0.49999999999999994,-0.8660254037844387,15
2018-05-10,1344,52,1322,7.108333333333333,47.00416666666666,-3.9250000000000003,4.1125,105.875,0.18000000000000002,75.02333333333333,0.7865965660866021,-0.6174672802835514,0.49999999999999994,-0.8660254037844387,15
2018-05-11,1693,111,1645,9.75,52.531666666666666,-0.05833333333333327,3.279166666666667,107.5,0.18000000000000002,74.81125,0.7758587728069828,-0.6309066211876704,0.49999999999999994,-0.8660254037844387,15
2018-05-12,2639,751,2246,11.0,64.735,4.154166666666667,1.9458333333333335,165.0,0.18000000000000002,74.60291666666667,0.7648913904341226,-0.6441592666722685,0.49999999999999994,-0.8660254037844387,15
2018-05-13,6421,5826,2309,16.0,64.66833333333334,8.233333333333334,2.4125,245.875,0.18000000000000002,74.40125,0.753697664392914,-0.6572212950663319,0.49999999999999994,-0.8660254037844387,15
2018-05-14,5963,4762,2499,18.1125,51.425000000000004,6.691666666666666,2.766666666666667,167.25,0.18000000000000002,74.20208333333333,0.742280907086982,-0.6700888411055113,0.49999999999999994,-0.8660254037844387,15
2018-05-15,8076,10821,1297,19.0,51.635,7.645833333333333,2.8958333333333335,193.5,0.18000000000000002,74.00708333333334,0.7306444969184916,-0.6827580970759147,0.49999999999999994,-0.8660254037844387,15
2018-05-16,8208,11232,1175,22.520833333333332,44.255833333333335,8.191666666666666,2.3583333333333334,180.25,0.18291666666666664,73.81666666666666,0.7187918772884232,-0.6952253139408722,0.49999999999999994,-0.8660254037844387,15
2018-05-17,488,26,486,21.695833333333336,66.6225,14.054166666666667,3.579166666666667,143.79166666666666,0.19000000000000003,73.63250000000001,0.7067265555776158,-0.7074868024503348,0.49999999999999994,-0.8660254037844387,15
2018-05-18,1492,33,1473,10.5,84.55291666666666,7.8999999999999995,4.6875,176.83333333333334,0.19000000000000003,73.44875,0.6944521021088763,-0.719538934232584,0.49999999999999994,-0.8660254037844387,15
2018-05-19,8393,10393,1322,11.933333333333332,56.7725,1.9750000000000003,3.9125,69.625,0.18708333333333335,73.27166666666666,0.6819721490904629,-0.7313781428679254,0.49999999999999994,-0.8660254037844387,15
2018-05-20,8467,11056,1414,14.137500000000001,44.89541666666667,0.6541666666666667,2.8375000000000004,136.08333333333334,0.18000000000000002,73.10041666666667,0.6692903895412567,-0.7430009249440493,0.49999999999999994,-0.8660254037844387,15
2018-05-21,8055,10365,1568,16.870833333333334,55.63666666666666,7.154166666666666,2.766666666666667,158.45833333333334,0.18000000000000002,72.935,0.6564105761979381,-0.7544038410927472,0.49999999999999994,-0.8660254037844387,15
2018-05-22,6839,6431,2251,20.45,64.36874999999999,12.266666666666666,2.1125000000000003,161.25,0.18291666666666664,72.7725,0.6433365204044917,-0.765583517007675,0.49999999999999994,-0.8660254037844387,15
2018-05-23,5435,3969,2698,21.920833333333334,75.95125,16.970833333333335,3.608333333333334,145.875,0.18708333333333335,72.61625,0.6300720909843687,-0.7765366444428655,0.49999999999999994,-0.8660254037844387,15
2018-05-24,8128,10566,1359,23.1125,59.876666666666665,13.325000000000001,3.3125,238.875,0.18291666666666664,72.46458333333334,0.6166212130956382,-0.7872599821916922,0.49999999999999994,-0.8660254037844387,15
2018-05-25,8247,10861,1317,24.425,47.678333333333335,11.254166666666668,3.6333333333333333,274.9583333333333,0.19000000000000003,72.31750000000001,0.6029878670694714,-0.7977503570459932,0.49999999999999994,-0.8660254037844387,15
2018-05-26,8342,11088,1267,25.837500000000002,42.657916666666665,10.829166666666666,2.1875,200.25,0.19000000000000003,72.17583333333333,0.5891760872322963,-0.8080046647350754,0.49999999999999994,-0.8660254037844387,15
2018-05-27,5861,4931,2529,23.816666666666666,61.48,15.391666666666666,3.391666666666667,66.875,0.19000000000000003,72.03916666666667,0.5751899607119775,-0.8180198708443175,0.49999999999999994,-0.8660254037844387,15
2018-05-28,4201,3054,2136,21.733333333333334,67.62583333333333,15.166666666666666,3.5,114.25,0.19000000000000003,71.90625,0.5610336262283677,-0.8277930117131022,0.49999999999999994,-0.8660254037844387,15
2018-05-29,5309,4857,2042,23.383333333333336,59.1925,13.787500000000001,3.225,172.125,0.19000000000000003,71.78083333333333,0.5467112728685939,-0.8373211953118121,0.49999999999999994,-0.8660254037844387,15
2018-05-30,5584,4686,2903,21.1875,64.78500000000001,13.779166666666667,1.875,221.08333333333334,0.19000000000000003,71.65958333333333,0.5322271388474397,-0.8466016020976267,0.49999999999999994,-0.8660254037844387,15
2018-05-31,7426,7868,1841,22.858333333333334,59.94708333333333,13.341666666666667,3.054166666666667,112.625,0.19000000000000003,71.54291666666667,0.5175855102531889,-0.8556314858488706,0.49999999999999994,-0.8660254037844387,15
2018-06-01,3739,1877,2495,21.450000000000003,67.275,14.645833333333334,6.1000000000000005,174.66666666666666,0.19000000000000003,71.4325,0.5027907197793043,-0.8644081744776648,1.2246467991473532e-16,-1.0,15
2018-06-02,6895,7232,2257,16.7625,52.21333333333333,6.1000000000000005,6.875,296.875,0.19000000000000003,71.30291666666666,0.4878471454423119,-0.8729290708206411,1.2246467991473532e-16,-1.0,15
2018-06-03,8655,11600,1220,18.995833333333334,49.87833333333333,6.9750000000000005,2.9458333333333333,258.625,0.19000000000000003,71.20333333333333,0.47275920928627757,-0.881191653407483,1.2246467991473532e-16,-1.0,15
2018-06-04,8557,11493,1197,23.425,48.7225,10.666666666666666,2.0583333333333336,184.125,0.19000000000000003,71.10875,0.4575313760742512,-0.8891934772070711,1.2246467991473532e-16,-1.0,15
2018-06-05,8227,9730,1532,23.27916666666667,57.51333333333333,13.316666666666668,3.4375,54.416666666666664,0.19000000000000003,71.02166666666666,0.44216815196707204,-0.8969321743510065,1.2246467991473532e-16,-1.0,16
2018-06-06,8502,9936,1661,20.7875,46.197916666666664,7.495833333333334,3.225,47.958333333333336,0.19000000000000003,70.93708333333333,0.42667408318992467,-0.9044054548343001,1.2246467991473532e-16,-1.0,16
2018-06-07,4107,1921,3008,21.075,53.848749999999995,10.625,4.166666666666667,142.04166666666666,0.19000000000000003,70.85958333333333,0.4110537546870351,-0.9116111071930239,1.2246467991473532e-16,-1.0,16
2018-06-08,8291,9818,1423,24.875,62.33083333333334,15.854166666666666,2.7750000000000004,223.79166666666666,0.19000000000000003,70.78750000000001,0.3953117887649151,-0.9185469991587165,1.2246467991473532e-16,-1.0,16
2018-06-09,8316,10269,1433,26.579166666666666,53.907916666666665,15.35,2.920833333333334,180.0,0.19000000000000003,70.72041666666667,0.37945284372454435,-0.925211078289358,1.2246467991473532e-16,-1.0,16
2018-06-10,7725,7917,1843,25.212500000000002,65.18333333333334,17.279166666666665,6.375,155.0,0.19000000000000003,70.66,0.36348161248290634,-0.9316013725767187,1.2246467991473532e-16,-1.0,16
2018-06-11,7132,7871,1376,17.958333333333332,56.5925,7.508333333333334,3.5083333333333333,271.125,0.19000000000000003,70.60000000000001,0.3474028211842774,-0.9377159910299093,1.2246467991473532e-16,-1.0,16
2018-06-12,8771,10987,1407,16.658333333333335,48.81916666666667,3.983333333333334,3.866666666666667,272.5833333333333,0.19000000000000003,70.55041666666666,0.3312212278016865,-0.9435531242349544,1.2246467991473532e-16,-1.0,16
2018-06-13,7743,8538,2158,19.70416666666667,47.100833333333334,6.8999999999999995,3.920833333333334,184.83333333333334,0.19000000000000003,70.50583333333334,0.31494162072895193,-0.9491110448902284,1.2246467991473532e-16,-1.0,16
2018-06-14,8002,8923,1744,24.3875,65.32458333333334,16.716666666666665,3.5083333333333333,154.54166666666666,0.19000000000000003,70.46666666666667,0.2985688173637202,-0.9543881083175908,1.2246467991473532e-16,-1.0,16
2018-06-15,8559,10766,1344,22.833333333333332,54.47416666666667,11.283333333333333,4.154166666666667,175.75,0.19291666666666665,70.4325,0.2821076626819194,-0.9593827529490743,1.2246467991473532e-16,-1.0,16
2018-06-16,3487,1280,2747,17.604166666666668,71.73875,12.229166666666666,4.604166666666667,33.25,0.19708333333333336,70.4025,0.26556302780405594,-0.9640935007889755,1.2246467991473532e-16,-1.0,16
2018-06-17,2109,153,2041,17.591666666666665,67.5175,10.945833333333333,3.3249999999999997,45.083333333333336,0.19291666666666665,70.38083333333334,0.24893980855376657,-0.9685189578512204,1.2246467991473532e-16,-1.0,16
2018-06-18,5223,3833,2293,18.3125,61.031666666666666,9.5625,2.8333333333333335,64.91666666666667,0.19416666666666668,70.36333333333333,0.23224292400907015,-0.9726578145718654,1.2246467991473532e-16,-1.0,16
2018-06-19,6655,5281,3051,19.7375,61.395833333333336,11.4,2.1750000000000003,59.666666666666664,0.18000000000000002,70.35125000000001,0.21547731504673012,-0.976508846196619,1.2246467991473532e-16,-1.0,16
2018-06-20,5826,2592,3863,21.070833333333333,56.129583333333336,11.362499999999999,1.8500000000000003,118.41666666666667,0.18000000000000002,70.34625,0.19864794288017112,-0.9800709131432666,1.2246467991473532e-16,-1.0,16
2018-06-21,4354,1670,3621,22.037499999999998,54.379583333333336,11.725,1.5999999999999999,227.125,0.18000000000000002,70.34583333333333,0.18175978759137534,-0.9833429613388902,1.2246467991473532e-16,-1.0,16
2018-06-22,6528,6230,2891,22.4875,61.43083333333334,13.654166666666667,2.6041666666666665,183.29166666666666,0.18000000000000002,70.35125000000001,0.16481784665719793,-0.9863240225317866,1.2246467991473532e-16,-1.0,16
2018-06-23,4250,1397,3407,19.679166666666667,81.40166666666667,16.158333333333335,1.7750000000000001,104.04166666666667,0.18000000000000002,70.36041666666667,0.14782713347053048,-0.9890132145779883,1.2246467991473532e-16,-1.0,16
2018-06-24,4963,2290,3388,20.45416666666667,78.09375,15.945833333333333,3.1750000000000003,60.125,0.18291666666666664,70.37708333333333,0.13079267585675922,-0.9914097417023038,1.2246467991473532e-16,-1.0,16
2018-06-25,6093,5518,3033,22.34166666666667,70.32208333333334,15.854166666666666,2.654166666666667,172.08333333333334,0.18708333333333335,70.39791666666666,0.11371951458594969,-0.9935128947338007,1.2246467991473532e-16,-1.0,16
2018-06-26,7165,7975,1607,24.358333333333334,63.435833333333335,15.854166666666666,2.75,181.125,0.18000000000000002,70.42625,0.0966127018812031,-0.9953220513156602,1.2246467991473532e-16,-1.0,16
2018-06-27,8675,11720,1145,24.8625,51.18083333333333,12.2875,2.016666666666667,249.70833333333334,0.18000000000000002,70.45833333333333,0.07947729992362097,-0.9968366760893436,1.2246467991473532e-16,-1.0,16
2018-06-28,5466,5990,1528,26.058333333333334,67.70125,19.183333333333334,3.045833333333334,152.54166666666666,0.18000000000000002,70.49833333333333,0.062318379354325076,-0.998056320853012,1.2246467991473532e-16,-1.0,16
2018-06-29,7569,7457,2020,22.96666666666667,73.79416666666667,17.370833333333334,3.0500000000000003,196.625,0.18000000000000002,70.54,0.04514101777397193,-0.9989806246941579,1.2246467991473532e-16,-1.0,16
2018-06-30,7993,8298,2000,20.45,61.745000000000005,12.120833333333332,2.9000000000000004,273.25,0.18291666666666664,70.58916666666667,0.02795029824021032,-0.999609314096404,1.2246467991473532e-16,-1.0,16
2018-07-01,6804,8007,2438,21.1625,54.85583333333333,11.104166666666666,3.091666666666667,258.2083333333333,0.18708333333333335,70.645,0.01075130776352193,-0.9999422030204416,-0.4999999999999997,-0.8660254037844388,16
2018-07-02,7488,9278,1639,22.820833333333336,54.72625,12.591666666666667,2.016666666666667,160.54166666666666,0.18000000000000002,70.70583333333333,-0.00645086419810515,-0.9999791929590823,-0.4999999999999997,-0.8660254037844388,16
2018-07-03,7353,7477,2403,24.391666666666666,76.33958333333334,19.604166666666668,2.5541666666666667,160.66666666666666,0.18291666666666664,70.77083333333333,-0.023651127245231586,-0.9997202729664083,-0.4999999999999997,-0.8660254037844388,16
2018-07-04,8549,11141,1281,21.849999999999998,62.517500000000005,13.008333333333333,3.4875000000000003,292.2916666666667,0.19000000000000003,70.84208333333333,-0.04084439154329611,-0.9991655196610109,-0.4999999999999997,-0.8660254037844388,16
2018-07-05,8538,11417,1177,21.641666666666666,54.338750000000005,10.975,1.9041666666666668,117.58333333333333,0.19000000000000003,70.91708333333334,-0.05802556932878035,-0.9983150972033183,-0.4999999999999997,-0.8660254037844388,16
2018-07-06,7878,9367,1674,25.729166666666668,64.07000000000001,18.0,5.029166666666667,157.70833333333334,0.19000000000000003,70.99958333333333,-0.07518957641475855,-0.9971692572470178,-0.4999999999999997,-0.8660254037844388,16
2018-07-07,8251,10801,1280,29.275000000000002,59.77708333333334,19.670833333333334,3.629166666666667,177.45833333333334,0.19000000000000003,71.08833333333334,-0.09233133369539122,-0.9957283388645872,-0.4999999999999997,-0.8660254037844388,16
2018-07-08,6571,6481,2409,26.55416666666667,61.53458333333333,17.616666666666667,3.2291666666666665,78.75,0.19000000000000003,71.18041666666666,-0.10944576864891556,-0.993992768446958,-0.4999999999999997,-0.8660254037844388,16
2018-07-09,3086,2685,1872,25.308333333333334,58.25333333333333,15.729166666666666,3.6666666666666665,115.45833333333333,0.18708333333333335,71.27833333333334,-0.12652781683868314,-0.9919630595773397,-0.4999999999999997,-0.8660254037844388,16
2018-07-10,7444,7409,2295,28.075000000000003,57.062916666666666,17.458333333333332,3.625,149.95833333333334,0.18000000000000002,71.38083333333334,-0.1435724234118113,-0.9896398128792412,-0.4999999999999997,-0.8660254037844388,16
2018-07-11,7074,6383,2716,25.795833333333334,53.020833333333336,14.608333333333334,2.8874999999999997,300.0416666666667,0.18291666666666664,71.49,-0.16057454459499376,-0.9870237158387383,-0.4999999999999997,-0.8660254037844388,16
2018-07-12,5763,5727,1909,23.583333333333332,58.653333333333336,14.4125,1.9125000000000003,255.125,0.19000000000000003,71.60291666666667,-0.17752914918703497,-0.984115542601034,-0.4999999999999997,-0.8660254037844388,16
2018-07-13,8316,11287,1152,26.641666666666666,49.5875,13.933333333333332,1.9124999999999999,192.58333333333334,0.19000000000000003,71.72125,-0.19443122004766195,-0.9809161537413774,-0.4999999999999997,-0.8660254037844388,16
2018-07-14,7779,9432,1376,28.099999999999998,50.430416666666666,15.691666666666668,4.6125,199.66666666666666,0.19000000000000003,71.84583333333333,-0.2112757555821793,-0.9774264960104055,-0.4999999999999997,-0.8660254037844388,16
2018-07-15,8229,10001,1310,21.912499999999998,40.33291666666667,6.7124999999999995,2.6,273.0,0.19000000000000003,71.9725,-0.2280577712215198,-0.9736476020539838,-0.4999999999999997,-0.8660254037844388,16
2018-07-16,8337,11301,1141,23.587500000000002,43.893750000000004,9.5875,2.0166666666666666,158.16666666666666,0.19000000000000003,72.10458333333334,-0.24477230089725957,-0.9695805901076308,-0.4999999999999997,-0.8660254037844388,16
2018-07-17,7707,9224,1669,25.087500000000002,46.07708333333333,11.854166666666666,1.8958333333333333,109.5,0.19000000000000003,72.24499999999999,-0.2614143985111562,-0.965226663665613,-0.4999999999999997,-0.8660254037844388,15
2018-07-18,3676,755,3069,22.6875,70.92041666666667,16.870833333333334,2.504166666666667,136.25,0.19000000000000003,72.38833333333334,-0.2779791393987801,-0.9605871111248129,-0.4999999999999997,-0.8660254037844388,15
2018-07-19,7607,8272,1678,24.40833333333333,59.587500000000006,14.875,2.641666666666667,234.91666666666666,0.19000000000000003,72.56,-0.2944616217868012,-0.9556633054034704,-0.4999999999999997,-0.8660254037844388,15
2018-07-20,8315,11671,1031,22.533333333333335,57.55583333333333,12.420833333333334,2.716666666666667,71.66666666666667,0.19000000000000003,72.71416666666667,-0.3108569682435036,-0.9504567035349151,-0.4999999999999997,-0.8660254037844388,15
2018-07-21,7981,10167,1260,23.0,58.3425,13.3375,3.5083333333333333,113.70833333333333,0.19000000000000003,72.87291666666667,-0.3271603271220951,-0.9449688462364056,-0.4999999999999997,-0.8660254037844388,15
2018-07-22,4832,6133,1758,22.912499999999998,63.687083333333334,15.316666666666668,3.454166666666667,241.375,0.19000000000000003,73.03666666666668,-0.34336687399638804,-0.939201357453208,-0.4999999999999997,-0.8660254037844388,15
2018-07-23,8367,11924,961,22.416666666666668,44.32875000000001,8.383333333333335,2.9583333333333335,302.6666666666667,0.19000000000000003,73.205,-0.3594718130884232,-0.9331559438780432,-0.4999999999999997,-0.8660254037844388,15
2018-07-24,7994,10539,1170,25.2375,42.606249999999996,10.525,2.1041666666666665,146.83333333333334,0.19000000000000003,73.37708333333333,-0.3754703786876202,-0.9268343944460494,-0.4999999999999997,-0.8660254037844388,15
2018-07-25,7809,10263,1533,20.983333333333334,49.654583333333335,8.950000000000001,4.016666666666667,249.45833333333334,0.18708333333333335,73.55416666666666,-0.3913578365610259,-0.9202385798054075,-0.4999999999999997,-0.8660254037844388,15
2018-07-26,6086,6533,2162,18.316666666666666,56.649166666666666,9.0,2.6791666666666667,343.2083333333333,0.18000000000000002,73.73666666666666,-0.4071294853542516,-0.9133704517637858,-0.4999999999999997,-0.8660254037844388,15
2018-07-27,7098,6695,2688,20.004166666666666,49.989583333333336,8.279166666666667,1.3458333333333332,167.625,0.18000000000000002,73.92208333333333,-0.4227806579826773,-0.9062320427107697,-0.4999999999999997,-0.8660254037844388,15
2018-07-28,6119,5941,2425,21.283333333333335,50.35375,9.604166666666666,1.3833333333333335,167.5,0.18000000000000002,74.11375,-0.4383067230125192,-0.898825465016444,-0.4999999999999997,-0.8660254037844388,15
2018-07-29,5997,5222,2414,20.64166666666667,54.1225,10.362499999999999,1.0250000000000001,219.375,0.18000000000000002,74.30916666666667,-0.45370308603134424,-0.8911529104063088,-0.4999999999999997,-0.8660254037844388,15
2018-07-30,7678,10108,1480,22.720833333333335,46.59458333333333,9.341666666666667,1.8708333333333336,252.04166666666666,0.18000000000000002,74.50708333333334,-0.46896519100763184,-0.8832166493127127,-0.4999999999999997,-0.8660254037844388,15
2018-07-31,6326,6731,1985,24.666666666666668,45.78375,10.629166666666666,4.104166666666667,227.45833333333334,0.18000000000000002,74.71249999999999,-0.48408852163897587,-0.8750190302029955,-0.4999999999999997,-0.8660254037844388,15
2018-08-01,7950,11306,1002,19.270833333333332,54.2175,8.7375,2.75,47.041666666666664,0.18000000000000002,74.91916666666667,-0.4990686026885319,-0.8665624788845385,-0.8660254037844384,-0.5000000000000004,15
2018-08-02,6420,6099,2715,23.912499999999998,52.17333333333334,12.674999999999999,4.054166666666667,173.04166666666666,0.18000000000000002,75.13125000000001,-0.5139010013093103,-0.8578494977869301,-0.8660254037844384,-0.5000000000000004,15
2018-08-03,5767,4918,2307,27.804166666666664,48.127916666666664,13.991666666666667,2.0833333333333335,229.95833333333334,0.18000000000000002,75.34791666666666,-0.5285813283559292,-0.8488826652214553,-0.8660254037844384,-0.5000000000000004,15
2018-08-04,7051,7589,1971,25.079166666666666,52.2925,12.820833333333333,3.1750000000000003,290.9166666666667,0.18291666666666664,75.56708333333333,-0.5431052396834317,-0.8396646346181327,-0.8660254037844384,-0.5000000000000004,15
2018-08-05,6917,7266,2179,23.820833333333336,52.99125,12.891666666666666,2.7083333333333335,293.625,0.19000000000000003,75.79041666666667,-0.5574684374327892,-0.8301981337405212,-0.8660254037844384,-0.5000000000000004,14
2018-08-06,6940,7246,1766,23.575,54.600833333333334,13.158333333333333,1.7333333333333334,275.2916666666667,0.19000000000000003,76.01875,-0.5716666713027052,-0.8204859638785327,-0.8660254037844384,-0.5000000000000004,14
2018-08-07,7355,9183,1339,26.15416666666667,44.48375000000001,11.683333333333332,2.183333333333333,263.5416666666667,0.19000000000000003,76.27499999999999,-0.5856957398073508,-0.8105309990194823,-0.8660254037844384,-0.5000000000000004,14
2018-08-08,7226,9084,1465,26.900000000000002,41.1625,11.225,2.575,250.45833333333334,0.18708333333333335,76.51166666666667,-0.5995514915196489,-0.8003361849976323,-0.8660254037844384,-0.5000000000000004,14
2018-08-09,6637,6248,2580,27.016666666666666,41.28416666666667,11.620833333333335,1.3375000000000001,180.75,0.18000000000000002,76.75125,-0.6132298262997502,-0.7899045386224707,-0.8660254037844384,-0.5000000000000004,14
2018-08-10,6948,7817,2021,28.041666666666668,42.26583333333333,12.279166666666667,1.7958333333333334,137.83333333333334,0.18000000000000002,76.99374999999999,-0.6267266965083301,-0.7792391467859886,-0.8660254037844384,-0.5000000000000004,14
2018-08-11,7194,9032,1603,28.395833333333332,43.53916666666667,13.133333333333333,2.6875,146.95833333333334,0.18291666666666664,77.24249999999999,-0.6400381082043503,-0.7683431655492202,-0.8660254037844384,-0.5000000000000004,14
2018-08-12,7352,9888,1297,30.470833333333335,35.43666666666667,11.091666666666667,5.304166666666667,186.125,0.18416666666666667,77.49458333333332,-0.65316012232693,-0.7572198192083127,-0.8660254037844384,-0.5000000000000004,14
2018-08-13,5715,4083,3119,24.041666666666668,50.754999999999995,12.645833333333334,3.983333333333334,63.166666666666664,0.16416666666666668,77.74666666666667,-0.666088855860977,-0.7458723993404063,-0.8660254037844384,-0.5000000000000004,14
2018-08-14,4895,3676,2913,18.820833333333333,51.17416666666667,7.491666666666667,2.216666666666667,52.041666666666664,0.15291666666666667,78.00500000000001,-0.6788204829862355,-0.734304263829602,-0.8660254037844384,-0.5000000000000004,14
2018-08-15,6947,8773,1551,21.816666666666666,45.00458333333333,8.245833333333334,1.9375,183.33333333333334,0.16,78.26583333333333,-0.6913512362094071,-0.722518835873311,-0.8660254037844384,-0.5000000000000004,14
2018-08-16,6927,8889,1438,24.637500000000003,45.79458333333333,10.458333333333334,1.4625000000000001,118.08333333333333,0.16,78.52916666666667,-0.7036774074790128,-0.7105196029692745,-0.8660254037844384,-0.5000000000000004,14
2018-08-17,5721,3937,3210,24.65416666666667,43.41416666666667,10.458333333333334,2.279166666666667,168.58333333333334,0.16,78.79625,-0.7157953492826642,-0.6983101158835584,-0.8660254037844384,-0.5000000000000004,14
2018-08-18,5722,3860,3129,26.133333333333336,53.45250000000001,14.924999999999999,3.3333333333333335,160.29166666666666,0.16,79.06625,-0.7277014757264236,-0.6858939875998223,-0.8660254037844384,-0.5000000000000004,14
2018-08-19,3196,744,2833,17.474999999999998,60.057500000000005,8.995833333333334,4.579166666666667,12.75,0.16,79.33749999999999,-0.7393922635959241,-0.673274892250183,-0.8660254037844384,-0.5000000000000004,14
2018-08-20,6111,6088,2519,17.400000000000002,49.79416666666666,6.0625,2.6583333333333337,48.041666666666664,0.16,79.61416666666666,-0.7508642533989489,-0.6604565640279754,-0.8660254037844384,-0.5000000000000004,14
2018-08-21,6111,6241,2426,19.320833333333333,45.81,6.620833333333334,1.9208333333333334,296.6666666666667,0.16,79.89333333333333,-0.7621140503891487,-0.6474427960827475,-0.8660254037844384,-0.5000000000000004,14
2018-08-22,6656,8634,1477,21.358333333333334,47.43625,8.983333333333333,3.2916666666666665,216.70833333333334,0.16,80.17375,-0.7731383255706026,-0.6342374393978054,-0.8660254037844384,-0.5000000000000004,14
2018-08-23,3000,1631,2170,20.454166666666666,76.00666666666667,15.700000000000001,2.3125,160.83333333333334,0.16,80.45708333333333,-0.7839338166829201,-0.620844401650647,-0.8660254037844384,-0.5000000000000004,14
2018-08-24,6484,8632,1366,22.325000000000003,70.23,15.754166666666668,3.4333333333333336,187.25,0.16,80.74458333333332,-0.7944973291665992,-0.6072676460566135,-0.8660254037844384,-0.5000000000000004,14
2018-08-25,5214,4122,2413,19.441666666666666,64.33083333333333,11.458333333333334,2.966666666666667,135.0,0.16,81.03166666666667,-0.8048257371083452,-0.593511190196115,-0.8660254037844384,-0.5000000000000004,14
2018-08-26,4688,4192,2007,18.704166666666666,74.58041666666666,13.629166666666668,3.3333333333333335,153.75,0.16,81.32291666666667,-0.8149159841660791,-0.5795791048257612,-0.8660254037844384,-0.5000000000000004,14
2018-08-27,1841,211,1728,12.625,81.15916666666666,9.262500000000001,3.6333333333333333,60.958333333333336,0.16,81.61375,-0.8247650844733614,-0.5654755126737576,-0.8660254037844384,-0.5000000000000004,13
2018-08-28,2880,1977,2036,13.512500000000001,70.81166666666667,7.841666666666668,1.6041666666666667,267.2083333333333,0.16,81.93291666666666,-0.8343701235229537,-0.5512045872199277,-0.8660254037844384,-0.5000000000000004,13
2018-08-29,5918,7227,1652,18.279166666666665,55.03375,7.533333333333334,2.8125,200.83333333333334,0.16,82.23416666666667,-0.8437282590292712,-0.5367705514607103,-0.8660254037844384,-0.5000000000000004,13
2018-08-30,6407,9432,1068,23.095833333333335,52.45041666666666,11.15,2.7875,183.91666666666666,0.16291666666666668,82.53583333333333,-0.8528367217694595,-0.522177676659508,-0.8660254037844384,-0.5000000000000004,13
2018-08-31,4585,3516,2610,21.9375,45.49583333333334,8.479166666666666,3.0875000000000004,246.66666666666666,0.17,82.83833333333332,-0.8616928164028521,-0.5074302810827518,-0.8660254037844384,-0.5000000000000004,13
2018-09-01,6274,9119,1014,20.566666666666666,50.80791666666667,8.645833333333334,3.1374999999999997,151.83333333333334,0.17,83.14375,-0.8702939222685674,-0.49253272872205434,-1.0,-1.8369701987210297e-16,13
2018-09-02,6474,10020,896,17.51666666666667,48.55875,5.020833333333333,2.9625000000000004,242.08333333333334,0.17,83.45083333333334,-0.8786374941610001,-0.4774894280028391,-1.0,-1.8369701987210297e-16,13
2018-09-03,6025,8249,1172,21.545833333333334,55.22416666666667,11.2875,4.208333333333333,157.625,0.17,83.76083333333334,-0.886721063082993,-0.46230483047981086,-1.0,-1.8369701987210297e-16,13
2018-09-04,4358,3096,2424,18.633333333333333,58.065416666666664,8.925,3.941666666666667,200.125,0.17,84.07083333333334,-0.8945422369764496,-0.4469834295196741,-1.0,-1.8369701987210297e-16,13
2018-09-05,5555,7304,1586,16.175,42.31333333333333,2.0083333333333333,2.5875,78.33333333333333,0.17,84.38250000000001,-0.9020987014301837,-0.43152975897147144,-1.0,-1.8369701987210297e-16,13
2018-09-06,5726,8201,1034,20.366666666666667,47.734166666666674,8.466666666666667,5.1000000000000005,159.625,0.17,84.69791666666667,-0.9093882203647925,-0.4159483918249421,-1.0,-1.8369701987210297e-16,13
2018-09-07,5772,8215,1178,22.066666666666666,52.82708333333333,11.112499999999999,4.108333333333333,170.08333333333334,0.17,85.01375,-0.9164086366943458,-0.4002439388573056,-1.0,-1.8369701987210297e-16,13
2018-09-08,5415,6942,1499,21.25,45.23083333333333,8.091666666666667,6.466666666666668,163.83333333333334,0.17,85.33166666666666,-0.9231578729647039,-0.38442104726885545,-1.0,-1.8369701987210297e-16,13
2018-09-09,3942,2412,2512,20.941666666666666,63.62708333333333,12.737499999999999,2.7708333333333335,208.58333333333334,0.17,85.64958333333334,-0.9296339319682695,-0.3684843993077793,-1.0,-1.8369701987210297e-16,13
2018-09-10,5736,8425,966,20.64166666666667,53.497083333333336,9.1125,2.3541666666666665,117.54166666666667,0.17,85.96875,-0.9358348973349941,-0.35243871088460327,-1.0,-1.8369701987210297e-16,13
2018-09-11,4910,6012,1508,20.820833333333336,55.72875,10.520833333333334,3.9708333333333337,226.58333333333334,0.17,86.29041666666666,-0.9417589340994617,-0.33628873017668287,-1.0,-1.8369701987210297e-16,13
2018-09-12,2933,3791,1363,20.212500000000002,58.606249999999996,11.304166666666667,4.345833333333334,124.04166666666667,0.17,86.6125,-0.9474042892438845,-0.32003923622313857,-1.0,-1.8369701987210297e-16,13
2018-09-13,4469,5875,1345,17.079166666666666,61.58083333333334,8.908333333333333,3.5250000000000004,170.25,0.17,86.93374999999999,-0.9527692922168511,-0.30369503751065885,-1.0,-1.8369701987210297e-16,13
2018-09-14,4011,3239,2295,16.579166666666666,59.4725,7.729166666666667,2.754166666666667,69.95833333333333,0.17,87.2575,-0.9578523554276669,-0.28726097055059635,-1.0,-1.8369701987210297e-16,13
2018-09-15,1639,1312,1290,18.791666666666668,72.35875,13.408333333333333,3.391666666666667,94.70833333333333,0.1729166666666667,87.58333333333333,-0.9626519747161487,-0.2707418984477642,-1.0,-1.8369701987210297e-16,13
2018-09-16,5011,7062,1561,20.566666666666666,63.614583333333336,12.866666666666667,4.695833333333334,203.79166666666666,0.18000000000000002,87.90833333333335,-0.9671667297977312,-0.2541427094613622,-1.0,-1.8369701987210297e-16,13
2018-09-17,4510,6046,1263,13.808333333333332,63.33291666666667,6.208333333333333,2.275,86.04166666666667,0.18000000000000002,88.23291666666667,-0.97139528468375,-0.23746831555846842,-1.0,-1.8369701987210297e-16,13
2018-09-18,4254,4849,1861,14.254166666666668,58.42541666666667,5.5125,2.1625,72.54166666666667,0.18000000000000002,88.5575,-0.9753363880767837,-0.2207236509605022,-1.0,-1.8369701987210297e-16,13
2018-09-19,3673,3121,1650,13.279166666666667,59.83375,5.141666666666667,3.875,48.916666666666664,0.17708333333333334,88.88416666666666,-0.9789888737409319,-0.20391367068311472,-1.0,-1.8369701987210297e-16,13
2018-09-20,803,787,579,8.416666666666666,80.88416666666667,5.216666666666667,4.366666666666667,131.79166666666666,0.17,89.21083333333333,-0.9823516608469237,-0.18704334906991657,-1.0,-1.8369701987210297e-16,13
2018-09-21,4972,7458,1105,9.316666666666666,63.952916666666674,2.079166666666667,3.5583333333333336,243.83333333333334,0.17,89.53625,-0.9854237542919524,-0.17011767832049052,-1.0,-1.8369701987210297e-16,12
2018-09-22,4700,6690,1213,13.633333333333333,66.79,6.75,3.125,132.58333333333334,0.17,89.88791666666667,-0.9882042449941422,-0.15314166701312007,-1.0,-1.8369701987210297e-16,12
2018-09-23,1009,43,990,10.245833333333334,77.55666666666667,6.229166666666667,3.6666666666666665,125.75,0.17,90.21541666666667,-0.9906923101615609,-0.13612033862266704,-1.0,-1.8369701987210297e-16,12
2018-09-24,2822,1557,1883,11.174999999999999,70.14625,5.529166666666668,2.904166666666667,317.0833333333333,0.17,90.54416666666667,-0.9928872135356962,-0.11905873003404988,-1.0,-1.8369701987210297e-16,12
2018-09-25,2278,2673,1361,8.6875,69.07666666666667,3.170833333333334,3.8625000000000003,301.4583333333333,0.16708333333333333,90.87041666666666,-0.994788305609327,-0.10196189005174576,-1.0,-1.8369701987210297e-16,12
2018-09-26,3634,2881,2040,12.004166666666668,58.14458333333334,3.0250000000000004,4.045833333333333,280.3333333333333,0.16291666666666668,91.19875,-0.9963950238187231,-0.08483487790576538,-1.0,-1.8369701987210297e-16,12
2018-09-27,3237,2172,2128,8.404166666666667,65.50500000000001,1.8083333333333333,4.208333333333333,318.8333333333333,0.17,91.52541666666667,-0.9977068927101168,-0.06768276175455162,-1.0,-1.8369701987210297e-16,11
2018-09-28,4991,8707,707,5.495833333333334,52.997083333333336,-4.108333333333333,3.170833333333334,261.1666666666667,0.17,91.87875000000001,-0.9987235240803972,-0.050510617185222886,-1.0,-1.8369701987210297e-16,11
2018-09-29,1224,5,1220,5.829166666666667,73.44666666666667,1.1875,2.2208333333333337,141.41666666666666,0.17,92.20625000000001,-0.9994446170919858,-0.033323525711631344,-1.0,-1.8369701987210297e-16,11
2018-09-30,870,43,853,3.5124999999999997,67.65208333333334,-2.3000000000000003,2.866666666666667,98.875,0.17,92.53458333333333,-0.9998699583618592,-0.016126573270657762,-1.0,-1.8369701987210297e-16,11
2018-10-01,2179,1987,1366,6.970833333333334,77.21791666666667,3.0625,3.983333333333334,163.79166666666666,0.17,92.86291666666666,-0.9999994220246925,0.001075151282798226,-0.8660254037844386,0.5000000000000001,11
2018-10-02,2522,3109,1188,12.5625,79.00958333333334,8.487499999999999,3.0416666666666665,162.41666666666666,0.17,93.19125000000001,-0.999832969770105,0.018276557681691223,-0.8660254037844386,0.5000000000000001,11
2018-10-03,1286,1168,994,6.066666666666666,76.22416666666668,1.8458333333333332,4.7125,253.95833333333334,0.17,93.51708333333333,-0.9993706508539969,0.03547255575312556,-0.8660254037844386,0.5000000000000001,11
2018-10-04,1080,711,840,1.3666666666666665,73.19500000000001,-3.3250000000000006,3.4375,175.95833333333334,0.17,93.84249999999999,-0.9986126020839734,0.052658056924614005,-0.8660254037844386,0.5000000000000001,11
2018-10-05,762,78,729,1.5374999999999999,87.28250000000001,-0.4166666666666667,2.75,248.125,0.17,94.1675,-0.9975590477788613,0.06982797572987089,-0.8660254037844386,0.5000000000000001,11
2018-10-06,1279,792,1131,1.8708333333333336,78.59458333333333,-1.8125,1.679166666666667,160.95833333333334,0.17,94.49000000000001,-0.9962102997023297,0.0869772313136861,-0.8660254037844386,0.5000000000000001,11
2018-10-07,335,42,331,1.5458333333333334,84.06958333333334,-1.0708333333333333,2.191666666666667,89.5,0.17,94.81375000000001,-0.9945667569706337,0.1041007489354256,-0.8660254037844386,0.5000000000000001,11
2018-10-08,571,4,569,2.4958333333333336,85.07833333333333,0.08750000000000001,2.7291666666666665,22.5,0.17,95.13541666666667,-0.9926289059345095,0.121193461470736,-0.8660254037844386,0.5000000000000001,11
2018-10-09,404,0,404,1.9583333333333333,86.96666666666665,-0.04166666666666668,4.7625,18.791666666666668,0.17,95.45583333333333,-0.9903973200352558,0.1382503109109819,-0.8660254037844386,0.5000000000000001,11
2018-10-10,755,12,749,-0.04999999999999999,70.8575,-4.858333333333333,5.2875000000000005,296.7083333333333,0.17,95.77375,-0.9878726596350429,0.15526624985999563,-0.8660254037844386,0.5000000000000001,11
2018-10-11,3762,7017,731,0.6416666666666667,67.00708333333334,-5.266666666666667,2.8875000000000006,304.0833333333333,0.17,96.09208333333333,-0.9850556718215013,0.172236243027682,-0.8660254037844386,0.5000000000000001,11
2018-10-12,3673,5714,982,5.233333333333333,62.856249999999996,-1.5916666666666668,3.4958333333333336,229.33333333333334,0.1729166666666667,96.40916666666668,-0.981947190186646,0.18915526872004093,-0.8660254037844386,0.5000000000000001,11
2018-10-13,1617,1291,1253,2.629166666666667,60.08375,-5.120833333333334,6.029166666666668,316.75,0.18000000000000002,96.72291666666666,-0.9785481345802031,0.20601832032517084,-0.8660254037844386,0.5000000000000001,11
2018-10-14,466,93,459,-1.9041666666666668,60.61375,-8.625,4.741666666666667,307.0,0.18000000000000002,97.03625,-0.9748595108374125,0.22282040779479959,-0.8660254037844386,0.5000000000000001,11
2018-10-15,2951,4910,1212,4.704166666666667,59.19833333333333,-2.8958333333333335,4.695833333333334,269.5416666666667,0.18000000000000002,97.34666666666668,-0.9708824104813836,0.23955655912092708,-0.8660254037844386,0.5000000000000001,11
2018-10-16,3265,5147,886,6.8999999999999995,64.88125000000001,0.08749999999999995,4.4375,321.8333333333333,0.18000000000000002,97.65583333333335,-0.9666180104000972,0.2562218218071163,-0.8660254037844386,0.5000000000000001,11
2018-10-17,3764,7945,584,8.016666666666667,60.42208333333334,0.46666666666666673,1.9875,223.5,0.18000000000000002,97.96249999999999,-0.9620675724981452,0.27281126433401914,-0.8660254037844386,0.5000000000000001,11
2018-10-18,3677,7898,594,11.395833333333334,62.74875,4.033333333333334,3.0416666666666665,227.45833333333334,0.18000000000000002,98.26875,-0.957232443323312,0.28931997761869527,-0.8660254037844386,0.5000000000000001,11
2018-10-19,3700,8130,539,9.4625,58.36000000000001,1.1708333333333334,6.291666666666667,317.9583333333333,0.18000000000000002,98.56958333333334,-0.9521140536681102,0.3057430764672831,-0.8660254037844386,0.5000000000000001,11
2018-10-20,3755,8567,468,2.4,52.025,-7.329166666666667,3.2583333333333333,259.2916666666667,0.18000000000000002,98.86833333333334,-0.9467139181463862,0.3220757010206104,-0.8660254037844386,0.5000000000000001,11
2018-10-21,3658,8170,527,6.983333333333333,59.82083333333333,-1.3916666666666666,2.904166666666667,303.6666666666667,0.18000000000000002,99.16791666666667,-0.9410336347451197,0.3383130181923076,-0.8660254037844386,0.5000000000000001,11
2018-10-22,3630,8268,505,4.941666666666666,57.68333333333334,-3.2583333333333333,2.8208333333333333,239.91666666666666,0.18000000000000002,99.46208333333334,-0.9350748843515574,0.3544502230989869,-0.8660254037844386,0.5000000000000001,11
2018-10-23,3523,8008,502,4.25,56.20375000000001,-4.458333333333333,3.6125000000000003,135.125,0.18000000000000002,99.75333333333333,-0.9288394302558068,0.3704825404820963,-0.8660254037844386,0.5000000000000001,11
2018-10-24,2314,2635,1174,8.387500000000001,74.29916666666666,3.845833333333333,4.825,159.41666666666666,0.18291666666666664,100.045,-0.9223291176290545,0.3864052261209853,-0.8660254037844386,0.5000000000000001,11
2018-10-25,3138,6279,677,10.233333333333334,75.15666666666667,5.45,3.2708333333333335,298.2083333333333,0.19000000000000003,100.33083333333333,-0.9155458729775467,0.40221356823680365,-0.8660254037844386,0.5000000000000001,11
2018-10-26,2396,3746,1070,9.470833333333333,63.74041666666667,2.2958333333333334,3.1,310.0,0.18708333333333335,100.61583333333334,-0.9084917035725082,0.41790288888678667,-0.8660254037844386,0.5000000000000001,11
2018-10-27,1318,2116,643,9.200000000000001,64.36875,2.5541666666666667,4.616666666666667,274.25,0.18291666666666664,100.89458333333334,-0.9011686968561569,0.4334685453485363,-0.8660254037844386,0.5000000000000001,11
2018-10-28,2923,5765,657,6.7250000000000005,59.64541666666667,-1.1875,3.125,246.125,0.19000000000000003,101.17125,-0.8935790198239952,0.4489059314938798,-0.8660254037844386,0.5000000000000001,11
2018-10-29,1996,3094,810,7.808333333333334,68.69125,1.5583333333333336,3.391666666666667,203.875,0.19000000000000003,101.44708333333334,-0.8857249183835637,0.4642104791518923,-0.8660254037844386,0.5000000000000001,11
2018-10-30,2773,6249,511,6.020833333333333,69.67625,0.17916666666666667,3.5749999999999997,291.2083333333333,0.19000000000000003,101.71583333333335,-0.8776087166898392,0.4793776594606945,-0.8660254037844386,0.5000000000000001,10
2018-10-31,2908,6425,686,4.325,75.47708333333334,0.05416666666666666,2.3541666666666665,252.0,0.19000000000000003,102.00708333333334,-0.8692328164574792,0.49440298420761813,-0.8660254037844386,0.5000000000000001,10
2018-11-01,853,247,755,4.8125,80.43375,1.5458333333333334,3.108333333333334,253.79166666666666,0.18708333333333335,102.27375,-0.8605996962501181,0.5092820071573356,-0.5000000000000004,0.8660254037844384,10
2018-11-02,524,56,516,3.5124999999999997,79.84625,0.12083333333333335,2.625,215.875,0.31708333333333333,102.53541666666666,-0.8517119107469189,0.5240103253675756,-0.5000000000000004,0.8660254037844384,10
2018-11-03,584,21,579,1.5833333333333333,85.42,-0.7625000000000001,2.6583333333333337,88.70833333333333,0.5158333333333334,102.7925,-0.8425720899866032,0.5385835804920232,-0.5000000000000004,0.8660254037844384,9
2018-11-04,935,491,853,1.5166666666666668,81.23541666666667,-1.6333333333333335,3.3625000000000003,157.08333333333334,0.19000000000000003,103.04791666666667,-0.8331829385891785,0.5529974600700271,-0.5000000000000004,0.8660254037844384,9
2018-11-05,482,10,479,0.2666666666666667,81.61708333333333,-2.6,4.058333333333334,250.45833333333334,0.3591666666666667,103.32541666666667,-0.8235472349556007,0.5672476988027229,-0.5000000000000004,0.8660254037844384,9
2018-11-06,1032,27,1023,-4.3125,62.774166666666666,-10.383333333333333,7.416666666666667,313.0416666666667,0.77875,103.57291666666667,-0.8136678304455991,0.5813300798152042,-0.5000000000000004,0.8660254037844384,9
2018-11-07,1943,1594,1352,-6.5375000000000005,55.09875,-14.170833333333334,4.229166666666667,318.0,0.8000000000000002,103.81708333333334,-0.8035476485339116,0.5952404359043674,-0.5000000000000004,0.8660254037844384,9
2018-11-08,1729,924,1424,-8.691666666666666,58.27041666666667,-15.475,3.504166666666667,319.7916666666667,0.8000000000000002,104.05833333333334,-0.7931896839451843,0.6089746507720486,-0.5000000000000004,0.8660254037844384,9
2018-11-09,2186,2541,1318,-9.191666666666666,52.145,-17.425,3.725,265.8333333333333,0.8000000000000002,104.29458333333334,-0.7825970017677834,0.6225286602431057,-0.5000000000000004,0.8660254037844384,9
2018-11-10,1268,140,1219,-4.479166666666667,70.44625,-9.095833333333333,5.541666666666667,240.25,0.8000000000000002,104.52833333333332,-0.7717727365467837,0.6358984534680745,-0.5000000000000004,0.8660254037844384,9
2018-11-11,1602,504,1405,-6.45,63.46541666666667,-12.325000000000001,5.325,324.7916666666667,0.8000000000000002,104.755,-0.7607200913564104,0.6490800741100398,-0.5000000000000004,0.8660254037844384,9
2018-11-12,2193,1946,1512,-8.0625,58.897083333333335,-14.8125,3.0833333333333335,297.4583333333333,0.8000000000000002,104.97875,-0.7494423368521953,0.6620696215153815,-0.5000000000000004,0.8660254037844384,9
2018-11-13,1868,1549,1464,-3.2458333333333336,72.62791666666666,-7.620833333333334,1.6833333333333333,247.25,0.7562500000000001,105.19958333333334,-0.7379428103031386,0.6748632518680403,-0.5000000000000004,0.8660254037844384,9
2018-11-14,1602,1304,1199,2.495833333333333,78.29916666666666,-1.1,3.5,243.25,0.65,105.41625,-0.7262249146041543,0.6874571793269664,-0.5000000000000004,0.8660254037844384,9
2018-11-15,1010,449,887,1.8833333333333335,85.81166666666667,-0.3625,4.220833333333333,283.9166666666667,0.6616666666666667,105.625,-0.7142921172691032,0.699847677146407,-0.5000000000000004,0.8660254037844384,9
2018-11-16,1285,353,1144,-3.5625,83.70041666666667,-5.970833333333334,4.0625,84.33333333333333,0.7220833333333334,105.82958333333333,-0.7021479494046978,0.7120310787787131,-0.5000000000000004,0.8660254037844384,9
2018-11-17,1823,1061,1591,-10.116666666666667,63.237500000000004,-15.854166666666666,2.975,203.54166666666666,0.8000000000000002,106.02833333333332,-0.6897960046655887,0.7240037789593305,-0.5000000000000004,0.8660254037844384,9
2018-11-18,1473,405,1332,-5.2,79.69875,-8.229166666666666,2.8666666666666667,209.20833333333334,0.8000000000000002,106.22666666666667,-0.6772399381909491,0.7357622347736527,-0.5000000000000004,0.8660254037844384,9
2018-11-19,1902,2086,1270,-10.495833333333334,73.30166666666666,-14.429166666666667,2.454166666666667,130.54166666666666,0.7941666666666668,106.41541666666667,-0.6644834655228552,0.7473029667054297,-0.5000000000000004,0.8660254037844384,9
2018-11-20,2290,6166,494,-1.2625000000000002,88.34416666666668,-3.029166666666667,3.191666666666667,231.66666666666666,0.7712500000000001,106.6025,-0.6515303615068021,0.75862255966641,-0.5000000000000004,0.8660254037844384,9
2018-11-21,919,964,807,-3.7291666666666665,85.88666666666667,-5.845833333333334,3.7416666666666667,140.20833333333334,0.7470833333333333,106.78333333333335,-0.6383844591746642,0.769717664006921,-0.5000000000000004,0.8660254037844384,9
2018-11-22,862,228,825,-1.4749999999999999,89.25166666666667,-3.0708333333333333,2.691666666666667,194.54166666666666,0.71375,106.95958333333334,-0.6250496486104377,0.7805849965070866,-0.5000000000000004,0.8660254037844384,9
2018-11-23,1493,2343,907,1.3583333333333334,91.93541666666665,0.09999999999999998,3.1833333333333336,301.25,0.6645833333333334,107.12875000000001,-0.6115298757991053,0.7912213413483807,-0.5000000000000004,0.8660254037844384,9
2018-11-24,1062,205,995,-2.7458333333333336,80.39166666666667,-5.7625,3.404166666666667,117.20833333333333,0.7291666666666666,107.29333333333334,-0.5978291414589552,0.801623551065242,-0.5000000000000004,0.8660254037844384,9
2018-11-25,1131,27,1123,-7.008333333333333,68.61708333333333,-11.883333333333333,2.7083333333333335,233.66666666666666,0.8000000000000002,107.45333333333333,-0.5839514998576998,0.8117885474764613,-0.5000000000000004,0.8660254037844384,9
2018-11-26,1832,2515,1032,-10.770833333333334,69.81666666666666,-15.254166666666668,2.1625,259.75,0.8000000000000002,107.60708333333334,-0.5699010576127624,0.821713322596059,-0.5000000000000004,0.8660254037844384,9
2018-11-27,1450,802,1177,-7.545833333333334,79.48125,-10.512500000000001,3.9875000000000003,161.29166666666666,0.7825000000000001,107.75625000000001,-0.5556819724760489,0.8313949395234058,-0.5000000000000004,0.8660254037844384,9
2018-11-28,1613,2341,816,-0.7374999999999999,90.85541666666667,-2.0833333333333335,3.141666666666667,228.45833333333334,0.7166666666666667,107.90125,-0.5412984521036173,0.8408305333122887,-0.5000000000000004,0.8660254037844384,9
2018-11-29,1477,2373,945,-0.4583333333333333,95.72916666666667,-1.0916666666666666,2.2458333333333336,250.41666666666666,0.6658333333333334,108.03750000000001,-0.5267547528105542,0.8500173118187018,-0.5000000000000004,0.8660254037844384,9
2018-11-30,1213,694,1006,-0.42500000000000004,94.92750000000001,-1.1708333333333334,2.5,153.08333333333334,0.6829166666666667,108.16916666666667,-0.5120551783114646,0.8589525565270845,-0.5000000000000004,0.8660254037844384,9
2018-12-01,1069,129,1026,-2.3125,88.90416666666665,-3.9083333333333337,3.716666666666667,59.125,0.7220833333333334,108.29583333333333,-0.4972040784469378,0.8676336233547726,-2.4492935982947064e-16,1.0,9
2018-12-02,1832,3512,799,-5.854166666666667,82.235,-8.433333333333334,3.3625000000000003,22.125,0.8000000000000002,108.41541666666667,-0.4822058478963526,0.8760579434344281,-2.4492935982947064e-16,1.0,9
2018-12-03,1236,113,1201,-4.266666666666667,81.59833333333334,-7.066666666666666,1.366666666666667,278.875,0.6133333333333334,108.53125,-0.46706492487743034,0.8842230238742036,-2.4492935982947064e-16,1.0,9
2018-12-04,1231,549,1095,-4.575,81.53,-7.420833333333334,3.125,285.7083333333333,0.16291666666666668,108.63916666666667,-0.451785789832884,0.8921264484954345,-2.4492935982947064e-16,1.0,9
2018-12-05,853,949,619,-6.579166666666667,81.65833333333333,-9.283333333333333,3.379166666666667,304.7083333333333,0.17583333333333337,108.74208333333333,-0.4363729641045924,0.8997658785476209,-2.4492935982947064e-16,1.0,9
2018-12-06,541,1,541,-9.433333333333334,68.91125000000001,-14.183333333333332,2.766666666666667,274.25,0.36791666666666667,108.83749999999999,-0.42083100859565564,0.9071390534005044,-2.4492935982947064e-16,1.0,9
2018-12-07,2030,6342,418,-9.833333333333334,76.79125,-13.299999999999999,2.4833333333333334,241.375,0.8000000000000002,108.92791666666666,-0.4051645224207563,0.9142437912130223,-2.4492935982947064e-16,1.0,9
2018-12-08,1472,1884,1071,-8.708333333333334,82.01791666666666,-11.316666666666668,2.9250000000000003,235.04166666666666,0.8000000000000002,109.015,-0.3893781415452015,0.9210779895789526,-2.4492935982947064e-16,1.0,9
2018-12-09,1963,6045,415,-7.708333333333333,83.51458333333333,-10.145833333333334,2.879166666666667,294.0416666666667,0.8000000000000002,109.09250000000002,-0.37347653741307074,0.9276396261490467,-2.4492935982947064e-16,1.0,9
2018-12-10,1592,2598,853,-3.970833333333333,81.32916666666667,-6.829166666666667,2.1125000000000003,281.7916666666667,0.7766666666666667,109.16583333333334,-0.3574644155648614,0.9339267592294762,-2.4492935982947064e-16,1.0,9
2018-12-11,957,416,909,-2.279166666666667,89.45458333333333,-3.8208333333333333,2.391666666666667,290.625,0.7258333333333332,109.2325,-0.34134651424503615,0.9399375283564133,-2.4492935982947064e-16,1.0,9
2018-12-12,992,509,837,-0.9750000000000001,88.68791666666668,-2.654166666666667,3.7583333333333333,232.41666666666666,0.71375,109.29416666666667,-0.3251276029999093,0.9456701548465688,-2.4492935982947064e-16,1.0,9
2018-12-13,1775,4936,501,-0.12083333333333335,74.88125000000001,-4.295833333333333,4.5375000000000005,264.875,0.65,109.34750000000001,-0.30881248126625377,0.9511229423235357,-2.4492935982947064e-16,1.0,9
2018-12-14,1775,5676,388,0.5583333333333333,76.97458333333334,-3.1125000000000003,2.941666666666667,235.25,0.65,109.39541666666668,-0.29240597695107734,0.9562942772197719,-2.4492935982947064e-16,1.0,9
2018-12-15,1348,3027,596,0.8625000000000002,77.12,-2.904166666666667,4.7875000000000005,237.75,0.6529166666666667,109.43791666666668,-0.27591294500296043,0.9611826292540837,-2.4492935982947064e-16,1.0,9
2018-12-16,1352,1863,944,-1.425,76.47708333333334,-5.091666666666667,2.4291666666666667,224.79166666666666,0.5229166666666667,109.47083333333335,-0.2593382659754056,0.9657865518844574,-2.4492935982947064e-16,1.0,9
2018-12-17,1788,5949,317,-2.9458333333333333,84.86375,-5.275,2.8541666666666665,162.0,0.19000000000000003,109.50041666666668,-0.2426868445825954,0.9701046827361175,-2.4492935982947064e-16,1.0,9
2018-12-18,1641,4771,431,1.6375000000000002,88.585,-0.15000000000000005,2.6375,257.1666666666667,0.19000000000000003,109.5225,-0.22596360824801906,0.974135744004672,-2.4492935982947064e-16,1.0,9
2018-12-19,1491,3399,460,2.5833333333333335,82.86791666666666,-0.13333333333333333,5.9750000000000005,297.2083333333333,0.19000000000000003,109.54041666666667,-0.20917350564635637,0.9778785428342386,-2.4492935982947064e-16,1.0,9
2018-12-20,1784,5934,320,0.0791666666666667,86.53291666666667,-2.0125,3.1375000000000006,290.3333333333333,0.19000000000000003,109.54916666666668,-0.19232150523909483,0.9813319716704275,-2.4492935982947064e-16,1.0,9
2018-12-21,633,298,536,-0.4458333333333333,86.35083333333334,-2.4875000000000003,4.2875000000000005,214.54166666666666,0.19000000000000003,109.55250000000001,-0.17541259380427843,0.9844950085880858,-2.4492935982947064e-16,1.0,9
2018-12-22,282,2,282,-2.0583333333333336,74.28541666666668,-6.183333333333334,5.554166666666667,296.9583333333333,0.19000000000000003,109.55,-0.15845177496083632,0.9873667175937016,-2.4492935982947064e-16,1.0,9
2018-12-23,1184,2449,630,-5.816666666666666,73.65208333333334,-10.029166666666667,2.858333333333334,236.58333333333334,0.19000000000000003,109.54041666666666,-0.14144406768794202,0.9899462489023779,-2.4492935982947064e-16,1.0,9
2018-12-24,899,596,712,-5.079166666666667,79.15625,-8.254166666666666,2.4625,153.08333333333334,0.19000000000000003,109.52458333333334,-0.12439450483979998,0.9922328391893008,-2.4492935982947064e-16,1.0,9
2018-12-25,534,432,469,-8.283333333333333,80.23041666666667,-11.154166666666667,2.591666666666667,83.83333333333333,0.36791666666666667,109.50166666666667,-0.10730813165636247,0.9942258118156161,-2.4492935982947064e-16,1.0,9
2018-12-26,629,48,616,-9.950000000000001,79.21708333333333,-12.883333333333333,3.9500000000000006,89.08333333333333,0.8000000000000002,109.47458333333333,-0.09019000427034513,0.9959245770286599,-2.4492935982947064e-16,1.0,9
2018-12-27,679,67,668,-11.950000000000001,78.09083333333334,-15.0,7.129166666666667,321.7916666666667,0.8000000000000002,109.43958333333335,-0.07304518821104743,0.9973286321364752,-2.4492935982947064e-16,1.0,9
2018-12-28,1834,5002,452,-15.866666666666667,71.0525,-19.975,3.491666666666667,293.25,0.8000000000000002,109.3975,-0.05587875690537313,0.9984375616565666,-2.4492935982947064e-16,1.0,9
2018-12-29,1303,1162,1012,-8.616666666666667,80.16,-11.458333333333334,4.104166666666667,211.875,0.77375,109.35291666666667,-0.03869579017652689,0.9992510374388481,-2.4492935982947064e-16,1.0,9
2018-12-30,566,20,561,-3.3125,93.30541666666666,-4.25,3.9291666666666667,173.70833333333334,0.73625,109.30125,-0.021501372740813793,0.999768818762748,-2.4492935982947064e-16,1.0,9
2018-12-31,1471,1228,1112,-19.429166666666667,63.49625,-24.658333333333335,5.6499999999999995,187.54166666666666,0.8000000000000002,109.22874999999999,-0.004300592702981974,0.9999907524084426,-2.4492935982947064e-16,1.0,9
2019-01-01,1900,5232,418,-15.441666666666668,67.23791666666666,-20.195833333333336,4.120833333333334,217.33333333333334,0.8000000000000002,109.17375,0.017201575418260506,0.9998520419557735,0.49999999999999994,0.8660254037844387,9
2019-01-02,1530,3003,705,-3.3000000000000003,82.61291666666666,-5.866666666666667,4.370833333333334,267.1666666666667,0.7562500000000001,109.10458333333334,0.03439806061360801,0.9994082116062598,0.49999999999999994,0.8660254037844387,9
2019-01-03,1370,1442,914,1.2916666666666667,82.59583333333333,-1.3875000000000002,4.216666666666667,260.2083333333333,0.65,109.02916666666665,0.051584366869408364,0.9986686402879997,0.49999999999999994,0.8660254037844387,9
2019-01-04,1557,2640,823,2.3083333333333336,79.88791666666667,-0.8625000000000002,4.345833333333334,268.0,0.65,108.94458333333334,0.06875540848113941,0.9976335468520451,0.49999999999999994,0.8660254037844387,9
2019-01-05,1552,3714,592,-1.2208333333333332,86.38458333333334,-3.2583333333333333,3.4000000000000004,197.375,0.6791666666666667,108.85416666666667,0.08590610426133272,0.9963032375991965,0.49999999999999994,0.8660254037844387,9
2019-01-06,644,24,637,-2.4125,88.64916666666666,-4.054166666666666,5.045833333333333,150.625,0.7266666666666667,108.7575,0.10303137904317879,0.9946781061893646,0.49999999999999994,0.8660254037844387,9
2019-01-07,1636,4019,510,-0.012500000000000048,82.60000000000001,-2.691666666666667,3.858333333333334,279.5833333333333,0.7079166666666667,108.65708333333333,0.1201261651823505,0.9927586335250793,0.49999999999999994,0.8660254037844387,9
2019-01-08,2048,5594,446,-7.7749999999999995,61.36375,-14.0375,7.508333333333334,307.7083333333333,0.8000000000000002,108.54666666666667,0.13718540405660057,0.9905453876091833,0.49999999999999994,0.8660254037844387,9
2019-01-09,1686,2561,1025,-12.141666666666666,62.35375,-17.9375,3.4625000000000004,166.75,0.8000000000000002,108.43041666666666,0.1542040475626894,0.988039023376751,0.49999999999999994,0.8660254037844387,9
2019-01-10,1523,1350,1071,-7.575,79.46666666666667,-10.6875,2.8041666666666667,194.29166666666666,0.8000000000000002,108.3125,0.17117705961019986,0.985240282501282,0.49999999999999994,0.8660254037844387,9
2019-01-11,1819,3862,789,-6.487500000000001,84.12791666666666,-8.783333333333333,3.045833333333334,154.16666666666666,0.8000000000000002,108.18916666666667,0.18809941761179758,0.9821499931752291,0.49999999999999994,0.8660254037844387,9
2019-01-12,1210,1298,1043,-8.808333333333334,75.71458333333334,-12.366666666666667,2.5125,135.08333333333334,0.8000000000000002,108.05541666666666,0.20496611396949532,0.9787690698649216,0.49999999999999994,0.8660254037844387,9
2019-01-13,1727,3639,830,-5.429166666666667,86.63791666666667,-7.441666666666666,3.0749999999999997,241.04166666666666,0.8000000000000002,107.91875,0.22177215755648186,0.975098513039961,0.49999999999999994,0.8660254037844387,9
2019-01-14,2048,5254,481,-5.583333333333333,86.05666666666667,-7.604166666666667,2.283333333333333,102.45833333333333,0.8000000000000002,107.77749999999999,0.23851257519407648,0.9711394088771653,0.49999999999999994,0.8660254037844387,9
2019-01-15,808,727,719,-7.354166666666667,78.7,-10.520833333333334,4.3625,210.08333333333334,0.8000000000000002,107.6275,0.2551824131233728,0.9668929289391521,0.49999999999999994,0.8660254037844387,9
2019-01-16,1027,947,843,-12.108333333333334,66.92125,-17.099999999999998,2.8333333333333335,146.20833333333334,0.8000000000000002,107.47166666666668,0.2717767384711357,0.9623603298276545,0.49999999999999994,0.8660254037844387,9
2019-01-17,939,26,931,-9.345833333333333,74.28083333333333,-13.095833333333333,2.6166666666666667,124.875,0.8000000000000002,107.31416666666667,0.2882906407095177,0.9575429528116719,0.49999999999999994,0.8660254037844387,9
2019-01-18,1345,1202,909,-14.858333333333334,68.46666666666667,-19.3875,3.2916666666666665,88.125,0.8000000000000002,107.14833333333333,0.3047192331091634,0.9524422234305676,0.49999999999999994,0.8660254037844387,9
2019-01-19,975,375,904,-13.4625,69.74791666666667,-17.866666666666667,3.1750000000000003,165.83333333333334,0.8000000000000002,106.97791666666667,0.321057654185271,0.9470596510722283,0.49999999999999994,0.8660254037844387,9
2019-01-20,1092,585,998,-14.545833333333334,72.48583333333333,-18.433333333333334,5.733333333333334,139.20833333333334,0.8000000000000002,106.80166666666668,0.3373010691361842,0.9413968285264122,0.49999999999999994,0.8660254037844387,9
2019-01-21,546,2,546,-11.487499999999999,79.90458333333333,-14.2875,3.9333333333333336,134.08333333333334,0.8000000000000002,106.59541666666667,0.3534446712740877,0.9354554315134164,0.49999999999999994,0.8660254037844387,9
2019-01-22,2047,4320,828,-10.008333333333333,82.46875,-12.479166666666666,3.7291666666666665,289.2083333333333,0.8000000000000002,106.41041666666666,0.3694836834473831,0.9292372181882051,0.49999999999999994,0.8660254037844387,10
2019-01-23,2194,4756,667,-6.237500000000001,83.67583333333333,-8.583333333333334,5.8374999999999995,299.5833333333333,0.8000000000000002,106.22291666666666,0.38541335945432564,0.9227440286201427,0.49999999999999994,0.8660254037844387,10
2019-01-24,2524,6316,474,-18.245833333333334,63.59458333333333,-23.508333333333336,4.9375,282.3333333333333,0.8000000000000002,106.02375,0.4012289854475009,0.9159777842484877,0.49999999999999994,0.8660254037844387,10
2019-01-25,2236,3669,950,-13.208333333333334,75.73708333333333,-16.629166666666666,2.5875,190.83333333333334,0.8000000000000002,105.82541666666667,0.4169258813287287,0.908940487313808,0.49999999999999994,0.8660254037844387,10
2019-01-26,2001,2697,1013,-10.733333333333334,81.69291666666668,-13.275,3.170833333333334,221.0,0.8000000000000002,105.62083333333334,0.4324994021339788,0.901634220265486,0.49999999999999994,0.8660254037844387,10
2019-01-27,720,12,716,-7.733333333333333,86.185,-9.641666666666667,7.075,245.54166666666666,0.8000000000000002,105.41375000000001,0.44794493940789115,0.8940611451454876,0.49999999999999994,0.8660254037844387,10
2019-01-28,2108,2051,1390,-14.325000000000001,68.91458333333334,-18.816666666666666,6.654166666666668,331.3333333333333,0.8000000000000002,105.19583333333333,0.4632579225674917,0.88622350294858,0.49999999999999994,0.8660254037844387,10
2019-01-29,2280,3953,946,-25.849999999999998,61.928333333333335,-31.02916666666667,5.6625000000000005,340.7916666666667,0.8000000000000002,104.97250000000001,0.4784338202547012,0.8781236129591848,0.49999999999999994,0.8660254037844387,10
2019-01-30,2687,6454,556,-23.629166666666666,63.001666666666665,-28.762500000000003,1.866666666666667,218.66666666666666,0.8000000000000002,104.74916666666667,0.49346814167723735,0.8697638720650646,0.49999999999999994,0.8660254037844387,10
2019-01-31,1811,903,1477,-12.308333333333335,81.26583333333333,-14.924999999999999,3.154166666666667,189.41666666666666,0.8000000000000002,104.52333333333333,0.5083564379375122,0.8611467540480452,0.49999999999999994,0.8660254037844387,10
2019-02-01,2162,2636,1108,-3.9375,90.49041666666666,-5.316666666666667,3.4458333333333333,202.125,0.8000000000000002,104.29208333333334,0.5230943033491326,0.8522748088519838,0.8660254037844386,0.5000000000000001,10
2019-02-02,1672,958,1289,-7.154166666666666,89.70833333333333,-8.608333333333333,2.9291666666666667,132.75,0.8000000000000002,104.05291666666666,0.5376773767406141,0.8431506618282,0.8660254037844386,0.5000000000000001,10
2019-02-03,942,16,936,-18.650000000000002,72.29625,-22.412499999999998,5.229166666666667,89.5,0.8000000000000002,103.80708333333332,0.5521013427459208,0.8337770129585915,0.8660254037844386,0.5000000000000001,10
2019-02-04,2839,6321,709,-21.275000000000002,69.91958333333334,-25.329166666666666,3.891666666666667,187.5,0.8000000000000002,103.56083333333333,0.5663619330814524,0.8241566360566663,0.8660254037844386,0.5000000000000001,10
2019-02-05,1910,1122,1709,-21.629166666666666,71.04625,-25.4875,1.7708333333333333,89.58333333333333,0.8000000000000002,103.31,0.580454927809098,0.8142923779467267,0.8660254037844386,0.5000000000000001,10
2019-02-06,1297,368,1200,-20.895833333333332,70.90375,-24.787499999999998,3.8375000000000004,171.875,0.8000000000000002,103.05624999999999,0.5943761565849831,0.804187157621448,0.8660254037844386,0.5000000000000001,10
2019-02-07,2319,1858,1495,-23.145833333333332,70.62,-27.016666666666666,5.616666666666667,330.3333333333333,0.8000000000000002,102.79666666666667,0.6081214998935418,0.7938439653781019,0.8660254037844386,0.5000000000000001,10
2019-02-08,3264,7830,574,-24.72083333333333,71.01708333333333,-28.520833333333332,2.275,211.95833333333334,0.8000000000000002,102.53500000000001,0.6216868902665479,0.7832658619336791,0.8660254037844386,0.5000000000000001,10
2019-02-09,2203,1097,1945,-20.95,74.43875,-24.308333333333334,3.829166666666667,76.20833333333333,0.8000000000000002,102.26958333333334,0.6350683134867438,0.7724559775191742,0.8660254037844386,0.5000000000000001,10
2019-02-10,2875,4307,1185,-20.795833333333334,75.23541666666667,-24.05,3.0083333333333333,72.83333333333333,0.8000000000000002,102.0,0.6482618097757122,0.7614175109532997,0.8660254037844386,0.5000000000000001,10
2019-02-11,1290,107,1264,-14.858333333333334,81.66291666666667,-17.308333333333334,3.6041666666666665,169.5,0.8000000000000002,101.7275,0.6612634749656386,0.7501537286959042,0.8660254037844386,0.5000000000000001,10
2019-02-12,3451,7797,649,-19.57916666666667,78.09666666666668,-22.458333333333332,3.6625,307.7916666666667,0.8000000000000002,101.45041666666667,0.6740694616546161,0.7386679638813748,0.8660254037844386,0.5000000000000001,10
2019-02-13,1413,413,1265,-15.958333333333334,80.66166666666668,-18.537499999999998,2.8375000000000004,223.95833333333334,0.8000000000000002,101.17125,0.6866759803451553,0.726963615332308,0.8660254037844386,0.5000000000000001,10
2019-02-14,3569,7596,669,-20.541666666666668,76.41666666666667,-23.637500000000003,5.054166666666667,326.5,0.8000000000000002,100.88625,0.6990793005655562,0.7150441465537444,0.8660254037844386,0.5000000000000001,10
2019-02-15,2078,1455,1537,-20.066666666666666,76.29291666666667,-23.179166666666664,2.5000000000000004,112.54166666666667,0.8000000000000002,100.60083333333334,0.7112757519738152,0.7029130847082615,0.8660254037844386,0.5000000000000001,10
2019-02-16,1162,413,1109,-14.045833333333334,80.99416666666667,-16.595833333333335,4.5,111.95833333333333,0.8000000000000002,100.31208333333332,0.7232617254437388,0.6905740195722294,0.8660254037844386,0.5000000000000001,10
2019-02-17,2434,1138,1973,-13.479166666666666,84.0525,-15.608333333333334,3.0375,28.333333333333332,0.8000000000000002,100.02041666666666,0.7350336741329412,0.6780306024735382,0.8660254037844386,0.5000000000000001,10
2019-02-18,2823,1552,2091,-16.708333333333332,79.34625000000001,-19.470833333333335,1.175,223.79166666666666,0.8000000000000002,99.72541666666666,0.746588114532413,0.6652865452111116,0.8660254037844386,0.5000000000000001,10
2019-02-19,3583,6561,849,-15.912500000000001,82.09875000000001,-18.287499999999998,3.504166666666667,180.66666666666666,0.8000000000000002,99.42666666666666,0.7579216274973472,0.6523456189565257,0.8660254037844386,0.5000000000000001,10
2019-02-20,2644,779,2278,-11.529166666666667,85.6375,-13.470833333333333,2.345833333333333,217.875,0.8000000000000002,99.12708333333335,0.7690308592589181,0.6392116531380588,0.8660254037844386,0.5000000000000001,10
2019-02-21,3434,4399,1551,-12.737499999999999,84.89875,-14.766666666666666,2.0708333333333333,298.125,0.8000000000000002,98.82333333333334,0.7799125224167177,0.6258885343075018,0.8660254037844386,0.5000000000000001,10
2019-02-22,2764,1555,2064,-13.929166666666667,84.09125,-16.041666666666668,1.6333333333333335,194.0,0.8000000000000002,98.51875,0.7905633969115482,0.612380204990065,0.8660254037844386,0.5000000000000001,10
2019-02-23,3532,4667,1664,-11.075000000000001,84.77291666666667,-13.154166666666667,4.504166666666667,294.875,0.8000000000000002,98.21083333333333,0.8009803309782905,0.5986906625177214,0.8660254037844386,0.5000000000000001,10
2019-02-24,4113,7552,699,-19.275000000000002,73.68291666666667,-22.795833333333334,6.575,320.9583333333333,0.8000000000000002,97.89999999999999,0.8111602420785621,0.5848239578463322,0.8660254037844386,0.5000000000000001,10
2019-02-25,3224,2876,1843,-20.520833333333332,70.61375,-24.4875,1.5833333333333333,234.625,0.8000000000000002,97.58749999999999,0.8211001178128892,0.5707841943569036,0.8660254037844386,0.5000000000000001,10
2019-02-26,2206,628,1892,-19.020833333333332,75.16708333333334,-22.325,2.6625,191.33333333333334,0.8000000000000002,97.24666666666667,0.8307970168121247,0.5565755266413303,0.8660254037844386,0.5000000000000001,11
2019-02-27,4104,6620,1109,-17.14166666666667,74.46375,-20.6375,3.9583333333333335,275.375,0.8000000000000002,96.93333333333334,0.8402480696078469,0.5422021592729844,0.8660254037844386,0.5000000000000001,11
2019-02-28,3504,3331,1817,-10.520833333333334,79.27541666666667,-13.470833333333333,2.4208333333333334,250.75,0.8000000000000002,96.61958333333332,0.8494504794814806,0.527668345562516,0.8660254037844386,0.5000000000000001,11
2019-03-01,3352,2548,2041,-10.3375,85.84208333333333,-12.258333333333333,2.079166666666667,273.9583333333333,0.8000000000000002,96.30166666666668,0.8584015232918917,0.512978386299228,1.0,6.123233995736766e-17,11
2019-03-02,4001,4818,1662,-20.20416666666667,74.43458333333334,-23.587500000000002,5.325,316.8333333333333,0.8000000000000002,95.9525,0.8670985522812081,0.4981366284784055,1.0,6.123233995736766e-17,11
2019-03-03,4328,6564,1166,-20.691666666666666,72.56791666666668,-24.325,6.7875000000000005,295.5,0.8000000000000002,95.6325,0.8755389928586302,0.4831474640149687,1.0,6.123233995736766e-17,12
2019-03-04,3890,3743,2205,-14.208333333333334,76.65875,-17.420833333333334,8.320833333333335,302.375,0.8000000000000002,95.31416666666667,0.8837203473619977,0.4680153284438345,1.0,6.123233995736766e-17,12
2019-03-05,4288,6314,1150,-11.558333333333332,79.81458333333333,-14.354166666666666,5.108333333333333,297.4166666666667,0.8000000000000002,94.99125,0.8916401947968874,0.45274469960737107,1.0,6.123233995736766e-17,12
2019-03-06,4181,4493,1801,-14.325000000000001,79.80499999999999,-17.07916666666667,2.7916666666666665,175.0,0.8000000000000002,94.66416666666667,0.8992961915530253,0.4373400963303323,1.0,6.123233995736766e-17,12
2019-03-07,2937,993,2496,-12.554166666666667,83.46041666666667,-14.7875,3.8250000000000006,152.875,0.8000000000000002,94.33916666666666,0.9066860720977985,0.4218060770826634,1.0,6.123233995736766e-17,12
2019-03-08,2699,1393,2056,-7.341666666666666,87.88583333333334,-9.012500000000001,2.1458333333333335,160.79166666666666,0.8000000000000002,94.0125,0.9138076496466615,0.40614723863057883,1.0,6.123233995736766e-17,12
2019-03-09,3173,896,2693,-5.541666666666667,89.18083333333334,-7.05,4.633333333333334,236.625,0.8000000000000002,93.68583333333333,0.9206588168102428,0.3903682146763026,1.0,6.123233995736766e-17,12
2019-03-10,4673,6246,1403,-9.454166666666667,87.68666666666667,-11.158333333333333,2.6875,307.0416666666667,0.8000000000000002,93.35375,0.9272375462179537,0.374473674486883,1.0,6.123233995736766e-17,12
2019-03-11,5137,9565,782,-6.804166666666667,88.98333333333333,-8.341666666666667,4.025,207.875,0.7883333333333334,93.02374999999999,0.9335418911179212,0.35846832151248087,1.0,6.123233995736766e-17,12
2019-03-12,5103,9087,792,-3.525,82.7375,-6.1000000000000005,2.4166666666666665,236.33333333333334,0.7687499999999999,92.69333333333333,0.9395699859530622,0.342356891994542,1.0,6.123233995736766e-17,12
2019-03-13,2281,114,2215,-3.1750000000000003,90.36541666666666,-4.533333333333334,6.258333333333333,199.33333333333334,0.7579166666666667,92.36,0.945320046913132,0.3261441535642696,1.0,6.123233995736766e-17,12
2019-03-14,4646,6693,1240,-1.5458333333333334,84.92,-3.795833333333334,8.379166666666666,332.5,0.6975000000000001,92.02708333333334,0.9507903724625832,0.3098349038318025,1.0,6.123233995736766e-17,12
2019-03-15,5155,7652,1197,-1.9708333333333334,76.80291666666666,-5.604166666666667,3.0625,282.4166666666667,0.7283333333333334,91.69375000000001,0.9559793438440766,0.2934339689665273,1.0,6.123233995736766e-17,12
2019-03-16,4083,3901,2485,-1.7291666666666667,74.72208333333333,-5.729166666666667,2.3375,307.9583333333333,0.6970833333333334,91.36041666666667,0.9608854255574977,0.27694620226893646,1.0,6.123233995736766e-17,12
2019-03-17,5530,9694,799,-1.4458333333333335,67.37458333333333,-7.0,2.975,319.4583333333333,0.6900000000000001,91.02749999999999,0.9655071658143364,0.2603764827344581,1.0,6.123233995736766e-17,12
2019-03-18,4345,3762,2348,0.17500000000000004,66.82625,-5.75,2.7624999999999997,262.9583333333333,0.6783333333333333,90.69333333333333,0.969843196967294,0.24372971360968387,1.0,6.123233995736766e-17,12
2019-03-19,5180,7566,1158,1.8541666666666667,74.44458333333334,-2.6750000000000003,3.779166666666667,296.1666666666667,0.65,90.35833333333333,0.9738922359149924,0.22701082094141847,1.0,6.123233995736766e-17,12
2019-03-20,5550,9679,844,3.4791666666666665,72.54041666666667,-1.3875000000000002,3.066666666666667,266.1666666666667,0.65,90.02541666666667,0.9776530844816641,0.2102247521189836,1.0,6.123233995736766e-17,12
2019-03-21,5643,9592,933,5.045833333333333,74.15833333333333,-0.23750000000000002,2.6583333333333337,164.54166666666666,0.65,89.69208333333334,0.981124629771712,0.19337647441020586,1.0,6.123233995736766e-17,12
2019-03-22,5753,9273,1080,2.766666666666666,69.63916666666667,-3.170833333333334,3.5416666666666665,140.625,0.65,89.35833333333333,0.984305844499033,0.17647097349152166,1.0,6.123233995736766e-17,12
2019-03-23,4779,4040,2341,5.3875,79.15875,1.5583333333333336,2.9458333333333333,181.95833333333334,0.65,89.02416666666666,0.9871957872910085,0.15951325197263655,1.0,6.123233995736766e-17,12
2019-03-24,1531,251,1427,1.0,78.50291666666666,-2.525,3.441666666666667,58.333333333333336,0.6616666666666667,88.69083333333333,0.9897936029670716,0.14250832791617088,1.0,6.123233995736766e-17,12
2019-03-25,2056,234,1951,-0.8333333333333334,73.46416666666667,-5.2125,1.7958333333333334,142.54166666666666,0.5470833333333334,88.35875,0.992098522791769,0.12546123335273648,1.0,6.123233995736766e-17,12
2019-03-26,1398,34,1376,5.316666666666666,79.70458333333333,1.5291666666666668,3.725,179.0,0.33125,88.02791666666667,0.9941098647022418,0.10837701279187609,1.0,6.123233995736766e-17,12
2019-03-27,5584,5807,2243,6.270833333333333,66.78333333333333,-0.5375,4.2625,311.4583333333333,0.65,87.69541666666667,0.9958270335100595,0.09126072172931188,1.0,6.123233995736766e-17,12
2019-03-28,4916,3776,2939,2.8125,61.18375,-4.6625000000000005,2.8333333333333335,266.4166666666667,0.65,87.36375,0.9972495210773451,0.07411742515094437,1.0,6.123233995736766e-17,12
2019-03-29,5303,6311,1802,2.3333333333333335,60.23166666666666,-5.575,3.966666666666667,219.0,0.6587500000000001,87.01041666666667,0.998376906467142,0.056952196034039754,1.0,6.123233995736766e-17,12
2019-03-30,5547,5464,2755,-0.3083333333333334,55.79083333333333,-8.725,2.3625000000000003,263.3333333333333,0.5341666666666667,86.68333333333334,0.9992088560679753,0.03977011384605572,1.0,6.123233995736766e-17,13
2019-03-31,4438,5372,1447,3.3958333333333335,59.9625,-4.066666666666667,4.358333333333333,207.79166666666666,0.18000000000000002,86.35875,0.9997451236925734,0.022576263041545485,1.0,6.123233995736766e-17,13
2019-04-01,3364,1504,2494,2.1666666666666665,64.07833333333333,-4.6000000000000005,2.6833333333333336,258.5833333333333,0.18000000000000002,86.03375,0.9999855506507186,0.005375731557583884,0.8660254037844387,-0.4999999999999998,13
2019-04-02,5612,7748,1583,2.879166666666667,61.88375,-4.079166666666667,4.920833333333333,300.0833333333333,0.18000000000000002,85.71083333333333,0.9999300657962057,-0.011826390691832589,0.8660254037844387,-0.4999999999999998,13
2019-04-03,6280,9145,1102,2.433333333333333,55.02458333333333,-6.550000000000001,3.329166666666667,129.125,0.18000000000000002,85.38708333333334,0.9995786855478958,-0.029025013321975237,0.8660254037844387,-0.4999999999999998,13
2019-04-04,2017,1466,1450,6.804166666666667,75.76666666666667,2.4250000000000003,5.2375,182.58333333333334,0.18000000000000002,85.06708333333333,0.9989315138848577,-0.046215046983708354,0.8660254037844387,-0.4999999999999998,13
2019-04-05,2165,527,1898,9.916666666666666,75.36375,5.15,2.904166666666667,119.125,0.18000000000000002,84.74583333333334,0.9979887423155984,-0.06339140486951038,0.8660254037844387,-0.4999999999999998,13
2019-04-06,1745,822,1456,8.958333333333334,85.43458333333332,6.416666666666667,3.7750000000000004,126.66666666666667,0.18291666666666664,84.42666666666666,0.9967506498213929,-0.08054900421874167,0.8660254037844387,-0.4999999999999998,13
2019-04-07,6170,8299,1191,13.125,55.220416666666665,2.9583333333333335,4.2625,289.25,0.19000000000000003,84.11083333333333,0.9952176027737294,-0.09768276782171598,0.8660254037844387,-0.4999999999999998,13
2019-04-08,5488,7028,2007,11.987499999999999,56.03125,2.5708333333333333,4.683333333333334,286.5416666666667,0.19000000000000003,83.79583333333333,0.9933900548258936,-0.11478762552212701,0.8660254037844387,-0.4999999999999998,13
2019-04-09,2697,764,2268,5.208333333333333,59.95458333333334,-2.1333333333333333,4.016666666666667,99.75,0.19000000000000003,83.48041666666667,0.9912685467787256,-0.13185851571739118,0.8660254037844387,-0.4999999999999998,13
2019-04-10,1473,61,1428,-1.9083333333333334,64.82958333333333,-7.754166666666666,5.041666666666667,49.666666666666664,0.19000000000000003,83.1675,0.9888537064205885,-0.1488903868564548,0.8660254037844387,-0.4999999999999998,13
2019-04-11,1382,75,1354,-1.5333333333333334,67.3375,-7.004166666666666,6.620833333333334,30.791666666666668,0.33,82.85916666666667,0.986146248341595,-0.16587819893463143,0.8660254037844387,-0.4999999999999998,13
2019-04-12,2923,94,2859,-0.7625000000000001,70.70125,-5.583333333333333,4.825,225.79166666666666,0.53,82.55083333333333,0.9831469737221499,-0.1828169249850199,0.8660254037844387,-0.4999999999999998,13
2019-04-13,6735,8924,1319,2.1875,55.95541666666667,-6.612500000000001,2.6458333333333335,231.83333333333334,0.19000000000000003,82.24416666666667,0.9798567700958665,-0.1997015525660636,0.8660254037844387,-0.4999999999999998,13
2019-04-14,4902,3460,2852,2.629166666666667,67.05083333333333,-3.3708333333333336,5.670833333333333,158.91666666666666,0.19000000000000003,81.94083333333333,0.9762766110869321,-0.21652708524481437,0.8660254037844387,-0.4999999999999998,13
2019-04-15,4156,2761,2455,7.295833333333333,62.1975,-0.7083333333333334,3.1583333333333337,260.75,0.19583333333333333,81.61791666666666,0.9724075561219968,-0.23328854407545518,0.8660254037844387,-0.4999999999999998,13
2019-04-16,5069,5436,1900,9.495833333333334,58.61666666666667,0.5,2.3125,172.54166666666666,0.21,81.32041666666667,0.9682507501166718,-0.2499809690726521,0.8660254037844387,-0.4999999999999998,14
2019-04-17,1271,483,1181,5.904166666666668,82.92916666666666,2.9583333333333335,2.4458333333333333,168.08333333333334,0.21,81.02458333333333,0.9638074231367307,-0.26659942067929354,0.8660254037844387,-0.4999999999999998,14
2019-04-18,4410,4655,2158,7.320833333333333,67.13208333333334,0.8250000000000001,2.7083333333333335,321.2916666666667,0.21,80.73166666666667,0.9590788900341131,-0.28313898122818354,0.8660254037844387,-0.4999999999999998,14
2019-04-19,6146,7419,1954,13.241666666666667,56.78458333333333,3.8875000000000006,3.5083333333333333,233.75,0.21,80.44375000000001,0.9540665500578387,-0.2995947563972602,0.8660254037844387,-0.4999999999999998,14
2019-04-20,5450,4821,2249,15.120833333333332,68.68708333333333,8.745833333333334,4.104166666666667,110.375,0.20125,80.15666666666667,0.9487718864399473,-0.31596187665790293,0.8660254037844387,-0.4999999999999998,14
2019-04-21,2118,592,1828,11.008333333333333,68.59916666666668,4.558333333333334,4.191666666666667,64.91666666666667,0.18000000000000002,79.87083333333334,0.9431964659565866,-0.33223549871590435,0.8660254037844387,-0.4999999999999998,14
2019-04-22,7334,10408,1056,11.166666666666666,53.440416666666664,0.6708333333333334,2.8333333333333335,146.58333333333334,0.18000000000000002,79.58916666666666,0.9373419384643772,-0.3484108069446808,0.8660254037844387,-0.4999999999999998,14
2019-04-23,6269,6472,1989,13.1625,59.92208333333334,4.766666666666667,3.591666666666667,226.20833333333334,0.18000000000000002,79.31083333333333,0.9312100364121947,-0.3644830148102912,0.8660254037844387,-0.4999999999999998,14
2019-04-24,6044,5305,2324,13.658333333333333,58.32375,5.058333333333334,3.2708333333333335,319.4166666666667,0.18000000000000002,79.03541666666666,0.9248025743285089,-0.38044736628785164,0.8660254037844387,-0.4999999999999998,14
2019-04-25,7099,8992,1357,8.433333333333334,44.19125,-4.916666666666667,5.254166666666667,324.7916666666667,0.18000000000000002,78.76125,0.9181214482844365,-0.39629913726891813,0.8660254037844387,-0.4999999999999998,14
2019-04-26,6114,5660,2650,7.354166666666667,48.470416666666665,-4.616666666666667,1.9000000000000001,202.5,0.18000000000000002,78.49166666666666,0.9111686353326631,-0.41203363695942635,0.8660254037844387,-0.4999999999999998,14
2019-04-27,3465,601,3114,5.5125,69.39999999999999,-0.13749999999999998,3.204166666666667,118.66666666666667,0.31708333333333333,78.22500000000001,0.9039461929224011,-0.42764620926777464,0.8660254037844387,-0.4999999999999998,14
2019-04-28,1423,80,1402,3.779166666666667,81.24083333333333,0.7333333333333334,5.025,162.75,0.5129166666666667,77.96166666666666,0.8964562582905575,-0.44313223418263453,0.8660254037844387,-0.4999999999999998,14
2019-04-29,3130,872,2938,2.7291666666666665,75.91166666666668,-1.4791666666666667,3.941666666666667,180.41666666666666,0.18000000000000002,77.70083333333334,0.8887010478292915,-0.45848712914008766,0.8660254037844387,-0.4999999999999998,14
2019-04-30,2705,231,2558,1.8500000000000003,76.70625,-2.1333333333333333,1.9958333333333336,74.75,0.18000000000000002,77.44333333333334,0.8806828564301475,-0.47370635037968,0.8660254037844387,-0.4999999999999998,14
2019-05-01,2913,290,2675,2.4208333333333334,78.64583333333333,-1.0958333333333334,1.7208333333333334,177.5,0.18000000000000002,77.16708333333334,0.8724040568049612,-0.48878539428899265,0.49999999999999994,-0.8660254037844387,14
2019-05-02,7909,11116,1086,7.633333333333333,58.13833333333333,-1.7708333333333333,3.6833333333333336,185.54166666666666,0.18000000000000002,76.92,0.8638670987837349,-0.503719798736334,0.49999999999999994,-0.8660254037844387,15
2019-05-03,7830,10286,1270,10.408333333333333,55.151250000000005,0.058333333333333376,3.341666666666667,264.1666666666667,0.18000000000000002,76.6775,0.8550745085896932,-0.518505144391157,0.49999999999999994,-0.8660254037844387,15
2019-05-04,4850,1762,3622,8.254166666666666,63.525,1.3291666666666668,3.0875000000000004,203.33333333333334,0.18000000000000002,76.43625,0.8460288880917339,-0.533137056031809,0.49999999999999994,-0.8660254037844387,15
2019-05-05,4618,2373,2803,4.925,64.19375000000001,-1.7916666666666667,1.8166666666666667,279.8333333333333,0.18000000000000002,76.19833333333334,0.8367329140344921,-0.5476112038402312,0.49999999999999994,-0.8660254037844387,15
2019-05-06,5028,2251,3317,5.987500000000001,60.87583333333333,-1.8958333333333333,1.6041666666666667,129.375,0.18000000000000002,75.965,0.8271893372462497,-0.5619233046832195,0.49999999999999994,-0.8660254037844387,15
2019-05-07,5202,4347,2702,6.4750000000000005,71.47125,0.7458333333333335,3.1333333333333333,149.70833333333334,0.18000000000000002,75.73583333333333,0.8174009818249189,-0.5760691233798758,0.49999999999999994,-0.8660254037844387,15
2019-05-08,2555,297,2311,6.7749999999999995,73.11208333333333,1.8625,4.1125,38.333333333333336,0.18000000000000002,75.51083333333334,0.8073707443023492,-0.5900444739548627,0.49999999999999994,-0.8660254037844387,15
2019-05-09,8198,11109,1169,5.695833333333333,51.836666666666666,-4.629166666666667,3.1041666666666665,224.79166666666666,0.18000000000000002,75.28958333333334,0.7971015927871943,-0.6038452208771035,0.49999999999999994,-0.8660254037844387,15
2019-05-10,6123,4471,3181,10.799999999999999,46.055416666666666,-1.4875,4.595833333333334,203.41666666666666,0.18000000000000002,75.07416666666667,0.7865965660866021,-0.6174672802835514,0.49999999999999994,-0.8660254037844387,15
2019-05-11,1392,82,1372,10.85,71.98416666666667,5.625,4.545833333333333,297.5,0.18000000000000002,74.86,0.7758587728069828,-0.6309066211876704,0.49999999999999994,-0.8660254037844387,15
2019-05-12,7846,9883,1692,13.158333333333333,61.82583333333333,5.029166666666667,2.441666666666667,194.25,0.18000000000000002,74.65083333333332,0.7648913904341226,-0.6441592666722685,0.49999999999999994,-0.8660254037844387,15
2019-05-13,6498,5265,2959,15.983333333333334,61.071666666666665,7.566666666666666,2.879166666666667,181.54166666666666,0.18000000000000002,74.44625,0.753697664392914,-0.6572212950663319,0.49999999999999994,-0.8660254037844387,15
2019-05-14,7858,9885,1472,17.275000000000002,62.89625,9.158333333333333,3.1375000000000006,106.66666666666667,0.18000000000000002,74.24708333333334,0.742280907086982,-0.6700888411055113,0.49999999999999994,-0.8660254037844387,15
2019-05-15,6504,7070,2084,19.008333333333333,57.48875,9.795833333333333,5.004166666666667,222.20833333333334,0.18000000000000002,74.05166666666666,0.7306444969184916,-0.6827580970759147,0.49999999999999994,-0.8660254037844387,15
2019-05-16,4373,2770,2707,12.591666666666667,60.263749999999995,4.466666666666667,3.920833333333334,78.95833333333333,0.18291666666666664,73.85916666666667,0.7187918772884232,-0.6952253139408722,0.49999999999999994,-0.8660254037844387,15
2019-05-17,1941,336,1819,6.508333333333334,71.66791666666667,1.6333333333333335,5.483333333333334,67.45833333333333,0.19000000000000003,73.67333333333333,0.7067265555776158,-0.7074868024503348,0.49999999999999994,-0.8660254037844387,15
2019-05-18,993,2,991,5.125000000000001,85.62791666666668,2.816666666666667,6.716666666666668,40.833333333333336,0.19000000000000003,73.49125,0.6944521021088763,-0.719538934232584,0.49999999999999994,-0.8660254037844387,15
2019-05-19,2444,27,2427,7.283333333333334,67.50750000000001,1.0625,3.4083333333333337,59.25,0.18708333333333335,73.3125,0.6819721490904629,-0.7313781428679254,0.49999999999999994,-0.8660254037844387,15
2019-05-20,7379,6945,2263,10.012500000000001,57.62916666666666,0.9458333333333334,2.733333333333334,160.79166666666666,0.18000000000000002,73.14125,0.6692903895412567,-0.7430009249440493,0.49999999999999994,-0.8660254037844387,15
2019-05-21,3260,445,3002,11.520833333333334,60.65416666666667,3.3874999999999997,4.670833333333333,78.375,0.18000000000000002,72.97333333333333,0.6564105761979381,-0.7544038410927472,0.49999999999999994,-0.8660254037844387,15
2019-05-22,2031,1676,1323,8.275,82.03625000000001,5.216666666666667,4.604166666666667,117.25,0.18291666666666664,72.81,0.6433365204044917,-0.765583517007675,0.49999999999999994,-0.8660254037844387,15
2019-05-23,6993,6685,3102,11.583333333333334,71.40291666666667,5.800000000000001,3.4625000000000004,151.83333333333334,0.18708333333333335,72.6525,0.6300720909843687,-0.7765366444428655,0.49999999999999994,-0.8660254037844387,15
2019-05-24,2930,720,2562,10.887500000000001,77.74875,6.841666666666668,4.4125000000000005,209.04166666666666,0.18291666666666664,72.49875,0.6166212130956382,-0.7872599821916922,0.49999999999999994,-0.8660254037844387,15
2019-05-25,8284,10249,1543,13.908333333333333,63.26458333333333,5.908333333333334,2.6166666666666667,229.54166666666666,0.19000000000000003,72.35166666666667,0.6029878670694714,-0.7977503570459932,0.49999999999999994,-0.8660254037844387,15
2019-05-26,1833,396,1577,14.795833333333334,70.85166666666667,8.941666666666666,3.7583333333333333,121.83333333333333,0.19000000000000003,72.20791666666666,0.5891760872322963,-0.8080046647350754,0.49999999999999994,-0.8660254037844387,15
2019-05-27,3958,829,3294,11.541666666666666,75.22083333333333,6.904166666666668,3.804166666666667,54.708333333333336,0.19000000000000003,72.07041666666667,0.5751899607119775,-0.8180198708443175,0.49999999999999994,-0.8660254037844387,15
2019-05-28,7233,6639,2971,14.420833333333334,56.835,4.9125000000000005,2.0708333333333333,79.79166666666667,0.19000000000000003,71.93666666666667,0.5610336262283677,-0.8277930117131022,0.49999999999999994,-0.8660254037844387,15
2019-05-29,6998,6038,2925,18.7875,51.73833333333334,7.7875000000000005,2.375,322.0416666666667,0.19000000000000003,71.80916666666667,0.5467112728685939,-0.8373211953118121,0.49999999999999994,-0.8660254037844387,15
2019-05-30,7683,7196,2673,21.0,54.802083333333336,10.233333333333333,2.8125,301.4583333333333,0.19000000000000003,71.68583333333333,0.5322271388474397,-0.8466016020976267,0.49999999999999994,-0.8660254037844387,15
2019-05-31,8057,8620,2080,18.091666666666665,58.73458333333334,9.145833333333334,3.25,130.875,0.19000000000000003,71.56875000000001,0.5175855102531889,-0.8556314858488706,0.49999999999999994,-0.8660254037844387,15
2019-06-01,8232,9381,1998,16.775000000000002,51.92125000000001,5.7875000000000005,1.55,228.375,0.19000000000000003,71.45666666666666,0.5027907197793043,-0.8644081744776648,1.2246467991473532e-16,-1.0,15
2019-06-02,7382,6416,3159,19.2625,61.27916666666667,10.7875,2.9583333333333335,166.70833333333334,0.19000000000000003,71.32625,0.4878471454423119,-0.8729290708206411,1.2246467991473532e-16,-1.0,15
2019-06-03,8268,9832,1527,22.1375,68.83,15.320833333333333,3.0958333333333337,177.33333333333334,0.19000000000000003,71.22666666666667,0.47275920928627757,-0.881191653407483,1.2246467991473532e-16,-1.0,15
2019-06-04,8133,9599,1501,22.92916666666667,60.37166666666667,13.666666666666666,3.233333333333334,255.33333333333334,0.19000000000000003,71.13166666666667,0.4575313760742512,-0.8891934772070711,1.2246467991473532e-16,-1.0,15
2019-06-05,8403,10439,1447,19.745833333333334,59.16375,10.5375,1.7125000000000001,191.5,0.19000000000000003,71.04083333333334,0.44216815196707204,-0.8969321743510065,1.2246467991473532e-16,-1.0,16
2019-06-06,8747,11960,1118,23.34166666666667,48.63916666666666,9.9125,2.3833333333333333,125.16666666666667,0.19000000000000003,70.95583333333333,0.42667408318992467,-0.9044054548343001,1.2246467991473532e-16,-1.0,16
2019-06-07,7714,8904,1901,25.587500000000002,58.87125,16.008333333333333,4.341666666666667,184.0,0.19000000000000003,70.87791666666666,0.4110537546870351,-0.9116111071930239,1.2246467991473532e-16,-1.0,16
2019-06-08,2614,1746,1876,15.508333333333333,70.13458333333334,9.875,4.054166666666667,311.7083333333333,0.19000000000000003,70.80125,0.3953117887649151,-0.9185469991587165,1.2246467991473532e-16,-1.0,16
2019-06-09,8334,9830,1656,15.537500000000001,46.62875,3.0375,4.029166666666667,295.1666666666667,0.19000000000000003,70.73291666666667,0.37945284372454435,-0.925211078289358,1.2246467991473532e-16,-1.0,16
2019-06-10,7784,8152,2389,17.70416666666667,49.303333333333335,5.729166666666667,2.3625000000000003,281.75,0.19000000000000003,70.67125,0.36348161248290634,-0.9316013725767187,1.2246467991473532e-16,-1.0,16
2019-06-11,6493,6309,2461,15.729166666666666,65.165,8.516666666666667,2.691666666666667,233.79166666666666,0.19000000000000003,70.6125,0.3474028211842774,-0.9377159910299093,1.2246467991473532e-16,-1.0,16
2019-06-12,8455,10072,1747,16.929166666666667,55.12125,6.829166666666667,2.0708333333333333,229.375,0.19000000000000003,70.56125,0.3312212278016865,-0.9435531242349544,1.2246467991473532e-16,-1.0,16
2019-06-13,7267,7129,2147,20.675,54.84125,10.299999999999999,2.9333333333333336,200.0,0.19000000000000003,70.51625,0.31494162072895193,-0.9491110448902284,1.2246467991473532e-16,-1.0,16
2019-06-14,7155,7043,2627,23.03333333333333,58.04833333333334,13.383333333333333,1.429166666666667,245.625,0.19000000000000003,70.47500000000001,0.2985688173637202,-0.9543881083175908,1.2246467991473532e-16,-1.0,16
2019-06-15,6307,5030,2841,19.650000000000002,68.21875,12.958333333333334,3.475,309.6666666666667,0.19291666666666665,70.43875,0.2821076626819194,-0.9593827529490743,1.2246467991473532e-16,-1.0,16
2019-06-16,7835,9523,1815,16.358333333333334,65.05791666666666,9.045833333333333,3.3875000000000006,276.9166666666667,0.19708333333333336,70.40833333333333,0.26556302780405594,-0.9640935007889755,1.2246467991473532e-16,-1.0,16
2019-06-17,8378,10152,1662,15.950000000000001,63.78333333333333,8.270833333333334,2.341666666666667,193.54166666666666,0.19291666666666665,70.385,0.24893980855376657,-0.9685189578512204,1.2246467991473532e-16,-1.0,16
2019-06-18,7090,6228,2920,18.0125,60.09,9.479166666666666,1.8333333333333333,108.95833333333333,0.19416666666666668,70.36625,0.23224292400907015,-0.9726578145718654,1.2246467991473532e-16,-1.0,16
2019-06-19,2509,2380,1450,15.262500000000001,84.36375,12.591666666666667,4.383333333333334,114.08333333333333,0.18000000000000002,70.35333333333334,0.21547731504673012,-0.976508846196619,1.2246467991473532e-16,-1.0,16
2019-06-20,7270,7137,2063,17.991666666666667,71.20083333333334,11.887500000000001,2.3916666666666666,191.125,0.18000000000000002,70.34583333333333,0.19864794288017112,-0.9800709131432666,1.2246467991473532e-16,-1.0,16
2019-06-21,1777,690,1601,16.287499999999998,74.47208333333333,11.475,3.1625,194.125,0.18000000000000002,70.34333333333333,0.18175978759137534,-0.9833429613388902,1.2246467991473532e-16,-1.0,16
2019-06-22,7364,7119,2671,17.558333333333334,51.54541666666666,6.275000000000001,4.054166666666667,236.41666666666666,0.18000000000000002,70.34708333333333,0.16481784665719793,-0.9863240225317866,1.2246467991473532e-16,-1.0,16
2019-06-23,6865,5635,2890,19.516666666666666,52.58416666666667,8.816666666666666,2.341666666666667,260.5416666666667,0.18000000000000002,70.35666666666667,0.14782713347053048,-0.9890132145779883,1.2246467991473532e-16,-1.0,16
2019-06-24,7993,9646,1746,19.841666666666665,56.59375,10.133333333333333,2.875,286.25,0.18291666666666664,70.37125,0.13079267585675922,-0.9914097417023038,1.2246467991473532e-16,-1.0,16
2019-06-25,8642,11223,1289,20.458333333333332,55.07750000000001,9.825000000000001,3.1750000000000003,265.25,0.18708333333333335,70.3925,0.11371951458594969,-0.9935128947338007,1.2246467991473532e-16,-1.0,16
2019-06-26,7874,9183,2085,23.137500000000003,59.76583333333334,13.9125,2.1791666666666667,174.83333333333334,0.18000000000000002,70.41791666666667,0.0966127018812031,-0.9953220513156602,1.2246467991473532e-16,-1.0,16
2019-06-27,7938,9256,1460,22.129166666666666,80.02791666666667,18.083333333333332,2.879166666666667,76.83333333333333,0.18000000000000002,70.44875,0.07947729992362097,-0.9968366760893436,1.2246467991473532e-16,-1.0,16
2019-06-28,6398,7015,1348,24.854166666666668,77.04458333333334,19.979166666666668,3.533333333333333,124.16666666666667,0.18000000000000002,70.4875,0.062318379354325076,-0.998056320853012,1.2246467991473532e-16,-1.0,16
2019-06-29,6336,4776,2949,27.283333333333335,73.45833333333333,21.291666666666668,4.091666666666667,206.91666666666666,0.18000000000000002,70.53,0.04514101777397193,-0.9989806246941579,1.2246467991473532e-16,-1.0,16
2019-06-30,3923,3467,2215,23.233333333333334,59.017500000000005,13.495833333333332,2.1583333333333337,110.29166666666667,0.18291666666666664,70.57666666666667,0.02795029824021032,-0.999609314096404,1.2246467991473532e-16,-1.0,16
2019-07-01,7851,8381,2152,23.320833333333336,57.22625,13.5375,1.8333333333333333,126.25,0.18708333333333335,70.63083333333334,0.01075130776352193,-0.9999422030204416,-0.4999999999999997,-0.8660254037844388,16
2019-07-02,7823,9144,1370,24.429166666666664,62.94958333333333,15.737499999999999,2.829166666666667,189.5,0.18000000000000002,70.69083333333333,-0.00645086419810515,-0.9999791929590823,-0.4999999999999997,-0.8660254037844388,16
2019-07-03,6661,6197,2102,21.84166666666667,78.76625,17.458333333333332,2.5749999999999997,122.70833333333333,0.18291666666666664,70.75375,-0.023651127245231586,-0.9997202729664083,-0.4999999999999997,-0.8660254037844388,16
2019-07-04,5515,3657,3388,20.216666666666665,72.19916666666667,14.391666666666666,2.0083333333333333,40.916666666666664,0.19000000000000003,70.82375,-0.04084439154329611,-0.9991655196610109,-0.4999999999999997,-0.8660254037844388,16
2019-07-05,2518,387,2266,18.84166666666667,76.2,14.299999999999999,2.9916666666666667,69.5,0.19000000000000003,70.89874999999999,-0.05802556932878035,-0.9983150972033183,-0.4999999999999997,-0.8660254037844388,16
2019-07-06,7583,9187,1775,21.291666666666668,62.637499999999996,13.116666666666667,2.1166666666666667,120.875,0.19000000000000003,70.98041666666667,-0.07518957641475855,-0.9971692572470178,-0.4999999999999997,-0.8660254037844388,16
2019-07-07,8221,10571,1375,23.525000000000002,67.96083333333333,16.775000000000002,4.254166666666667,150.75,0.19000000000000003,71.06583333333333,-0.09233133369539122,-0.9957283388645872,-0.4999999999999997,-0.8660254037844388,16
2019-07-08,5706,5162,2386,24.2375,82.70666666666666,20.712500000000002,2.891666666666667,169.25,0.19000000000000003,71.15833333333333,-0.10944576864891556,-0.993992768446958,-0.4999999999999997,-0.8660254037844388,16
2019-07-09,4688,3569,2383,21.770833333333332,76.24875,16.900000000000002,4.645833333333333,216.16666666666666,0.18708333333333335,71.25416666666666,-0.12652781683868314,-0.9919630595773397,-0.4999999999999997,-0.8660254037844388,16
2019-07-10,8242,10361,1383,21.71666666666667,67.40958333333333,14.833333333333334,4.420833333333333,266.75,0.18000000000000002,71.35375,-0.1435724234118113,-0.9896398128792412,-0.4999999999999997,-0.8660254037844388,16
2019-07-11,7644,9192,1963,25.45,61.4575,16.541666666666668,2.941666666666667,207.875,0.18291666666666664,71.46166666666666,-0.16057454459499376,-0.9870237158387383,-0.4999999999999997,-0.8660254037844388,16
2019-07-12,6765,6872,1623,25.129166666666666,61.36666666666667,16.337500000000002,2.0958333333333337,195.75,0.19000000000000003,71.57375,-0.17752914918703497,-0.984115542601034,-0.4999999999999997,-0.8660254037844388,16
2019-07-13,7702,8802,1891,26.370833333333337,64.81666666666666,18.095833333333335,1.3958333333333333,142.04166666666666,0.19000000000000003,71.69166666666666,-0.19443122004766195,-0.9809161537413774,-0.4999999999999997,-0.8660254037844388,16
2019-07-14,7650,8840,1668,27.308333333333334,66.26125,19.420833333333334,2.0083333333333333,211.95833333333334,0.19000000000000003,71.815,-0.2112757555821793,-0.9774264960104055,-0.4999999999999997,-0.8660254037844388,16
2019-07-15,7128,7661,1705,25.995833333333337,55.620000000000005,15.262500000000001,3.0083333333333333,236.875,0.19000000000000003,71.94250000000001,-0.2280577712215198,-0.9736476020539838,-0.4999999999999997,-0.8660254037844388,16
2019-07-16,5962,5520,2571,24.383333333333336,60.23416666666666,15.395833333333334,2.625,116.875,0.19000000000000003,72.07333333333334,-0.24477230089725957,-0.9695805901076308,-0.4999999999999997,-0.8660254037844388,16
2019-07-17,7219,7565,1683,24.77916666666667,67.60083333333334,17.20416666666667,2.4875000000000003,231.79166666666666,0.19000000000000003,72.21166666666666,-0.2614143985111562,-0.965226663665613,-0.4999999999999997,-0.8660254037844388,15
2019-07-18,4318,4144,2084,25.375,59.64125000000001,15.754166666666668,2.9499999999999997,246.0,0.19000000000000003,72.355,-0.2779791393987801,-0.9605871111248129,-0.4999999999999997,-0.8660254037844388,15
2019-07-19,7610,8682,1555,23.308333333333334,55.09,12.529166666666667,2.4583333333333335,235.625,0.19000000000000003,72.52458333333334,-0.2944616217868012,-0.9556633054034704,-0.4999999999999997,-0.8660254037844388,15
2019-07-20,7730,9612,1617,22.162499999999998,48.52875,9.720833333333333,2.1333333333333333,191.95833333333334,0.19000000000000003,72.67625,-0.3108569682435036,-0.9504567035349151,-0.4999999999999997,-0.8660254037844388,15
2019-07-21,4078,3484,1882,20.020833333333332,58.76791666666667,11.104166666666666,1.7875000000000003,196.04166666666666,0.19000000000000003,72.83333333333333,-0.3271603271220951,-0.9449688462364056,-0.4999999999999997,-0.8660254037844388,15
2019-07-22,8259,11460,1080,21.941666666666666,54.126666666666665,11.020833333333334,1.0708333333333335,104.29166666666667,0.19000000000000003,72.99625,-0.34336687399638804,-0.939201357453208,-0.4999999999999997,-0.8660254037844388,15
2019-07-23,6845,7687,2574,23.3,58.84166666666667,13.908333333333333,3.1916666666666664,167.66666666666666,0.19000000000000003,73.16333333333334,-0.3594718130884232,-0.9331559438780432,-0.4999999999999997,-0.8660254037844388,15
2019-07-24,3754,2853,2084,25.116666666666664,58.53208333333333,15.720833333333333,4.529166666666667,168.04166666666666,0.19000000000000003,73.33541666666666,-0.3754703786876202,-0.9268343944460494,-0.4999999999999997,-0.8660254037844388,15
2019-07-25,8126,10744,1139,25.212500000000002,48.184583333333336,11.262500000000001,3.0083333333333333,283.9583333333333,0.18708333333333335,73.51166666666667,-0.3913578365610259,-0.9202385798054075,-0.4999999999999997,-0.8660254037844388,15
2019-07-26,8189,11652,942,23.495833333333334,41.36708333333333,8.329166666666667,3.75,286.7916666666667,0.18000000000000002,73.69250000000001,-0.4071294853542516,-0.9133704517637858,-0.4999999999999997,-0.8660254037844388,15
2019-07-27,7695,9665,1417,25.620833333333334,44.55416666666667,11.366666666666667,1.7750000000000001,172.375,0.18000000000000002,73.87833333333333,-0.4227806579826773,-0.9062320427107697,-0.4999999999999997,-0.8660254037844388,15
2019-07-28,6138,6684,1813,23.1125,62.64791666666667,14.316666666666668,3.2375000000000003,259.2083333333333,0.18000000000000002,74.06708333333333,-0.4383067230125192,-0.898825465016444,-0.4999999999999997,-0.8660254037844388,15
2019-07-29,8143,11524,1022,20.004166666666666,41.687916666666666,4.945833333333334,2.5958333333333337,226.54166666666666,0.18000000000000002,74.26,-0.45370308603134424,-0.8911529104063088,-0.4999999999999997,-0.8660254037844388,15
2019-07-30,7745,10358,1295,21.108333333333334,46.94875,8.4375,3.7916666666666665,144.0,0.18000000000000002,74.45833333333333,-0.46896519100763184,-0.8832166493127127,-0.4999999999999997,-0.8660254037844388,15
2019-07-31,6003,6222,1871,24.875,64.01333333333334,16.8125,2.9625000000000004,154.79166666666666,0.18000000000000002,74.66250000000001,-0.48408852163897587,-0.8750190302029955,-0.4999999999999997,-0.8660254037844388,15
2019-08-01,3101,638,2716,24.05,76.47083333333333,19.229166666666668,1.8958333333333333,159.54166666666666,0.18000000000000002,74.86958333333332,-0.4990686026885319,-0.8665624788845385,-0.8660254037844384,-0.5000000000000004,15
2019-08-02,7045,8958,1412,25.108333333333334,67.15125,17.520833333333332,2.141666666666667,121.0,0.18000000000000002,75.07958333333333,-0.5139010013093103,-0.8578494977869301,-0.8660254037844384,-0.5000000000000004,15
2019-08-03,6195,6899,1589,25.21666666666667,67.05791666666666,17.633333333333333,2.0958333333333337,143.58333333333334,0.18000000000000002,75.295,-0.5285813283559292,-0.8488826652214553,-0.8660254037844384,-0.5000000000000004,15
2019-08-04,4431,5327,1497,25.995833333333334,62.364583333333336,17.150000000000002,2.1583333333333337,200.91666666666666,0.18291666666666664,75.51458333333333,-0.5431052396834317,-0.8396646346181327,-0.8660254037844384,-0.5000000000000004,15
2019-08-05,7258,8776,1546,23.837500000000002,55.07583333333333,12.9125,2.4291666666666667,247.25,0.19000000000000003,75.73625,-0.5574684374327892,-0.8301981337405212,-0.8660254037844384,-0.5000000000000004,14
2019-08-06,5247,6187,1628,24.175,56.37041666666667,14.441666666666668,2.641666666666667,200.91666666666666,0.19000000000000003,75.96333333333332,-0.5716666713027052,-0.8204859638785327,-0.8660254037844384,-0.5000000000000004,14
2019-08-07,6054,6777,1921,20.32916666666667,53.55791666666667,9.729166666666666,2.9583333333333335,194.66666666666666,0.19000000000000003,76.21791666666667,-0.5856957398073508,-0.8105309990194823,-0.8660254037844384,-0.5000000000000004,14
2019-08-08,7515,10470,1101,21.391666666666666,43.33083333333334,7.550000000000001,1.5791666666666666,227.83333333333334,0.18708333333333335,76.455,-0.5995514915196489,-0.8003361849976323,-0.8660254037844384,-0.5000000000000004,14
2019-08-09,2421,1384,1888,20.333333333333332,76.94083333333333,15.820833333333333,3.4499999999999997,127.29166666666667,0.18000000000000002,76.69208333333334,-0.6132298262997502,-0.7899045386224707,-0.8660254037844384,-0.5000000000000004,14
2019-08-10,4885,5751,1900,23.445833333333336,69.2,16.3625,1.6625000000000003,161.375,0.18000000000000002,76.93583333333333,-0.6267266965083301,-0.7792391467859886,-0.8660254037844384,-0.5000000000000004,14
2019-08-11,2966,950,2312,21.916666666666668,73.95291666666667,16.675,3.0124999999999997,83.70833333333333,0.18291666666666664,77.1825,-0.6400381082043503,-0.7683431655492202,-0.8660254037844384,-0.5000000000000004,14
2019-08-12,5574,6557,1299,21.55416666666667,69.71416666666667,14.987499999999999,3.358333333333334,231.45833333333334,0.18416666666666667,77.43124999999999,-0.65316012232693,-0.7572198192083127,-0.8660254037844384,-0.5000000000000004,14
2019-08-13,2332,2586,1383,17.7625,68.80541666666666,11.608333333333334,4.379166666666667,327.25,0.16416666666666668,77.68541666666667,-0.666088855860977,-0.7458723993404063,-0.8660254037844384,-0.5000000000000004,14
2019-08-14,7163,9707,1115,20.045833333333334,57.1675,10.454166666666667,1.6083333333333334,262.7916666666667,0.15291666666666667,77.94208333333333,-0.6788204829862355,-0.734304263829602,-0.8660254037844384,-0.5000000000000004,14
2019-08-15,3034,3340,1480,18.983333333333334,74.03916666666667,14.020833333333334,2.716666666666667,261.4166666666667,0.16,78.20208333333333,-0.6913512362094071,-0.722518835873311,-0.8660254037844384,-0.5000000000000004,14
2019-08-16,7113,10066,1113,22.52916666666667,54.232499999999995,11.508333333333333,2.641666666666667,230.70833333333334,0.16,78.465,-0.7036774074790128,-0.7105196029692745,-0.8660254037844384,-0.5000000000000004,14
2019-08-17,2416,1332,1953,16.720833333333335,76.04791666666667,12.325000000000001,3.129166666666667,260.2916666666667,0.16,78.73125,-0.7157953492826642,-0.6983101158835584,-0.8660254037844384,-0.5000000000000004,14
2019-08-18,6975,9858,1188,17.875,57.227916666666665,8.145833333333334,2.779166666666667,240.45833333333334,0.16,78.99958333333333,-0.7277014757264236,-0.6858939875998223,-0.8660254037844384,-0.5000000000000004,14
2019-08-19,6890,9869,987,23.912499999999998,64.67583333333333,15.370833333333335,2.8708333333333336,186.66666666666666,0.16,79.27166666666666,-0.7393922635959241,-0.673274892250183,-0.8660254037844384,-0.5000000000000004,14
2019-08-20,7062,10116,935,20.7875,54.5025,10.054166666666667,3.2833333333333337,100.70833333333333,0.16,79.54666666666667,-0.7508642533989489,-0.6604565640279754,-0.8660254037844384,-0.5000000000000004,14
2019-08-21,6941,9916,1045,20.054166666666667,47.2225,7.370833333333334,1.5333333333333334,124.125,0.16,79.82416666666667,-0.7621140503891487,-0.6474427960827475,-0.8660254037844384,-0.5000000000000004,14
2019-08-22,6768,9222,1093,21.1375,58.967083333333335,12.1875,4.5,134.75,0.16,80.10541666666667,-0.7731383255706026,-0.6342374393978054,-0.8660254037844384,-0.5000000000000004,14
2019-08-23,4077,2864,2051,22.016666666666666,72.155,16.5625,5.345833333333334,150.875,0.16,80.38791666666667,-0.7839338166829201,-0.620844401650647,-0.8660254037844384,-0.5000000000000004,14
2019-08-24,3587,2285,2443,22.983333333333334,74.84,17.991666666666667,5.591666666666668,167.66666666666666,0.16,80.67375,-0.7944973291665992,-0.6072676460566135,-0.8660254037844384,-0.5000000000000004,14
2019-08-25,5283,5590,1628,22.787499999999998,69.76083333333334,16.175,2.7875,244.58333333333334,0.16,80.96208333333333,-0.8048257371083452,-0.593511190196115,-0.8660254037844384,-0.5000000000000004,14
2019-08-26,5596,6526,1738,18.266666666666666,60.814166666666665,10.1875,4.691666666666667,305.125,0.16,81.25125,-0.8149159841660791,-0.5795791048257612,-0.8660254037844384,-0.5000000000000004,14
2019-08-27,3499,3044,2282,16.004166666666666,56.973333333333336,7.266666666666667,5.979166666666667,303.3333333333333,0.16,81.54416666666667,-0.8247650844733614,-0.5654755126737576,-0.8660254037844384,-0.5000000000000004,14
2019-08-28,6686,10393,842,19.516666666666666,51.33833333333334,7.529166666666668,3.154166666666667,267.9583333333333,0.16,81.83875,-0.8343701235229537,-0.5512045872199277,-0.8660254037844384,-0.5000000000000004,13
2019-08-29,6631,10253,867,17.045833333333334,52.77166666666667,6.612500000000001,3.6208333333333336,268.2916666666667,0.16,82.16041666666666,-0.8437282590292712,-0.5367705514607103,-0.8660254037844384,-0.5000000000000004,13
2019-08-30,3908,1813,2666,17.35,59.07541666666666,8.541666666666666,1.8291666666666668,144.25,0.16291666666666668,82.46083333333333,-0.8528367217694595,-0.522177676659508,-0.8660254037844384,-0.5000000000000004,13
2019-08-31,2133,1472,1770,17.25,79.84375,13.375,3.1500000000000004,151.08333333333334,0.17,82.76458333333333,-0.8616928164028521,-0.5074302810827518,-0.8660254037844384,-0.5000000000000004,13
2019-09-01,4619,4359,1888,20.595833333333335,70.2975,13.870833333333332,2.2875,183.04166666666666,0.17,83.06958333333334,-0.8702939222685674,-0.49253272872205434,-1.0,-1.8369701987210297e-16,13
2019-09-02,1423,1923,881,20.441666666666666,77.49333333333333,16.095833333333335,4.325,174.33333333333334,0.17,83.37541666666667,-0.8786374941610001,-0.4774894280028391,-1.0,-1.8369701987210297e-16,13
2019-09-03,5832,8943,1205,16.804166666666667,62.497083333333336,8.833333333333334,4.208333333333333,247.375,0.17,83.68583333333333,-0.886721063082993,-0.46230483047981086,-1.0,-1.8369701987210297e-16,13
2019-09-04,5965,8909,1108,20.412499999999998,59.68958333333333,11.233333333333334,4.066666666666667,172.08333333333334,0.17,83.99666666666667,-0.8945422369764496,-0.4469834295196741,-1.0,-1.8369701987210297e-16,13
2019-09-05,6273,10122,791,21.787499999999998,57.92875,12.104166666666666,3.3375000000000004,241.5,0.17,84.30916666666667,-0.9020987014301837,-0.43152975897147144,-1.0,-1.8369701987210297e-16,13
2019-09-06,5641,7533,1361,19.8625,58.38666666666666,10.670833333333334,2.3625000000000003,130.08333333333334,0.17,84.62125,-0.9093882203647925,-0.4159483918249421,-1.0,-1.8369701987210297e-16,13
2019-09-07,596,251,544,12.5,82.22,9.479166666666666,5.641666666666667,83.54166666666667,0.17,84.93833333333333,-0.9164086366943458,-0.4002439388573056,-1.0,-1.8369701987210297e-16,13
2019-09-08,2171,1224,1833,12.475,78.43416666666667,8.591666666666667,3.0333333333333337,88.91666666666667,0.17,85.2525,-0.9231578729647039,-0.38442104726885545,-1.0,-1.8369701987210297e-16,13
2019-09-09,1577,1318,1176,14.450000000000001,89.94041666666668,12.733333333333334,2.4791666666666665,144.29166666666666,0.17,85.57375,-0.9296339319682695,-0.3684843993077793,-1.0,-1.8369701987210297e-16,13
2019-09-10,5294,6932,1255,17.183333333333334,72.51833333333333,11.270833333333334,2.4333333333333336,214.33333333333334,0.17,85.89166666666667,-0.9358348973349941,-0.35243871088460327,-1.0,-1.8369701987210297e-16,13
2019-09-11,2480,665,2219,15.700000000000001,83.10333333333334,12.5625,4.312500000000001,77.58333333333333,0.17,86.21166666666666,-0.9417589340994617,-0.33628873017668287,-1.0,-1.8369701987210297e-16,13
2019-09-12,438,0,438,11.325000000000001,88.06833333333333,9.358333333333333,4.2875000000000005,167.58333333333334,0.17,86.53249999999998,-0.9474042892438845,-0.32003923622313857,-1.0,-1.8369701987210297e-16,13
2019-09-13,3907,5535,1280,14.354166666666666,71.59625,8.6875,3.2875,257.2916666666667,0.17,86.855,-0.9527692922168511,-0.30369503751065885,-1.0,-1.8369701987210297e-16,13
2019-09-14,4157,4856,1514,18.545833333333334,64.98083333333334,11.058333333333332,2.5458333333333334,264.6666666666667,0.17,87.17791666666666,-0.9578523554276669,-0.28726097055059635,-1.0,-1.8369701987210297e-16,13
2019-09-15,5490,9015,763,21.599999999999998,69.51958333333333,14.912500000000001,2.8041666666666667,183.04166666666666,0.1729166666666667,87.50333333333333,-0.9626519747161487,-0.2707418984477642,-1.0,-1.8369701987210297e-16,13
2019-09-16,4932,6325,1469,23.045833333333334,77.47708333333334,18.045833333333334,3.6958333333333333,174.20833333333334,0.18000000000000002,87.82833333333333,-0.9671667297977312,-0.2541427094613622,-1.0,-1.8369701987210297e-16,13
2019-09-17,3772,2624,2330,23.166666666666668,75.62125,17.866666666666667,3.254166666666667,184.79166666666666,0.18000000000000002,88.15416666666665,-0.97139528468375,-0.23746831555846842,-1.0,-1.8369701987210297e-16,13
2019-09-18,5290,8552,881,19.520833333333332,69.19083333333333,13.158333333333333,4.525,276.625,0.18000000000000002,88.47916666666667,-0.9753363880767837,-0.2207236509605022,-1.0,-1.8369701987210297e-16,13
2019-09-19,5303,8929,795,20.287499999999998,67.13875,13.266666666666666,3.920833333333334,131.66666666666666,0.17708333333333334,88.80416666666667,-0.9789888737409319,-0.20391367068311472,-1.0,-1.8369701987210297e-16,13
2019-09-20,3716,3955,1332,21.858333333333334,85.86958333333332,19.1375,3.725,179.58333333333334,0.17,89.13166666666666,-0.9823516608469237,-0.18704334906991657,-1.0,-1.8369701987210297e-16,13
2019-09-21,2514,2771,1464,15.487499999999999,79.59041666666667,11.679166666666667,3.9083333333333337,293.125,0.17,89.45708333333333,-0.9854237542919524,-0.17011767832049052,-1.0,-1.8369701987210297e-16,12
2019-09-22,5040,8257,1011,13.950000000000001,70.19208333333333,7.925000000000001,2.4791666666666665,262.875,0.17,89.78291666666667,-0.9882042449941422,-0.15314166701312007,-1.0,-1.8369701987210297e-16,12
2019-09-23,5003,7857,897,17.291666666666668,66.26375,10.183333333333334,2.8958333333333335,237.41666666666666,0.17,90.13583333333334,-0.9906923101615609,-0.13612033862266704,-1.0,-1.8369701987210297e-16,12
2019-09-24,3432,3044,2104,16.716666666666665,69.23,10.295833333333333,4.2375,291.0833333333333,0.17,90.46333333333332,-0.9928872135356962,-0.11905873003404988,-1.0,-1.8369701987210297e-16,12
2019-09-25,4758,6784,1017,12.220833333333333,66.55875,5.529166666666668,4.6875,295.7083333333333,0.16708333333333333,90.79166666666667,-0.994788305609327,-0.10196189005174576,-1.0,-1.8369701987210297e-16,12
2019-09-26,1154,105,1090,13.704166666666667,68.79416666666667,7.629166666666666,3.9583333333333335,248.33333333333334,0.16291666666666668,91.12041666666666,-0.9963950238187231,-0.08483487790576538,-1.0,-1.8369701987210297e-16,12
2019-09-27,2490,2194,1490,10.066666666666666,77.96666666666667,6.041666666666667,2.325,252.33333333333334,0.17,91.44625,-0.9977068927101168,-0.06768276175455162,-1.0,-1.8369701987210297e-16,11
2019-09-28,2418,1868,1642,8.054166666666667,78.42333333333333,4.25,4.133333333333334,110.91666666666667,0.17,91.7975,-0.9987235240803972,-0.050510617185222886,-1.0,-1.8369701987210297e-16,11
2019-09-29,782,1117,538,9.65,89.23166666666667,7.895833333333333,5.320833333333334,82.0,0.17,92.12708333333335,-0.9994446170919858,-0.033323525711631344,-1.0,-1.8369701987210297e-16,11
2019-09-30,1050,732,913,8.391666666666667,84.93458333333334,5.820833333333334,4.866666666666667,265.0,0.17,92.45541666666666,-0.9998699583618592,-0.016126573270657762,-1.0,-1.8369701987210297e-16,11
2019-10-01,1074,366,966,5.5375000000000005,76.90416666666667,1.3833333333333335,2.9166666666666665,133.33333333333334,0.17,92.78375,-0.9999994220246925,0.001075151282798226,-0.8660254037844386,0.5000000000000001,11
2019-10-02,470,26,460,2.6833333333333336,88.53333333333335,0.9249999999999999,2.4125,122.95833333333333,0.17,93.10958333333333,-0.999832969770105,0.018276557681691223,-0.8660254037844386,0.5000000000000001,11
2019-10-03,1994,1717,1613,4.516666666666667,77.5275,0.5083333333333334,2.0166666666666666,226.5,0.17,93.43708333333335,-0.9993706508539969,0.03547255575312556,-0.8660254037844386,0.5000000000000001,11
2019-10-04,3621,5783,1044,8.125,75.73875,3.625,6.195833333333334,146.375,0.17,93.76375,-0.9986126020839734,0.052658056924614005,-0.8660254037844386,0.5000000000000001,11
2019-10-05,2214,1717,1610,8.770833333333334,77.40833333333333,4.666666666666667,5.254166666666667,270.25,0.17,94.08916666666666,-0.9975590477788613,0.06982797572987089,-0.8660254037844386,0.5000000000000001,11
2019-10-06,3846,5876,1152,10.004166666666666,67.02041666666666,3.579166666666667,5.6875,285.8333333333333,0.17,94.41375,-0.9962102997023297,0.0869772313136861,-0.8660254037844386,0.5000000000000001,11
2019-10-07,4423,8511,661,11.145833333333334,62.612500000000004,3.3375000000000004,3.841666666666667,217.70833333333334,0.17,94.73791666666666,-0.9945667569706337,0.1041007489354256,-0.8660254037844386,0.5000000000000001,11
2019-10-08,4219,7909,643,14.275,68.09791666666668,7.5125,2.2333333333333334,213.375,0.17,95.05958333333332,-0.9926289059345095,0.121193461470736,-0.8660254037844386,0.5000000000000001,11
2019-10-09,646,36,635,4.370833333333334,83.71791666666667,1.8,5.879166666666667,322.1666666666667,0.31,95.37875000000001,-0.9903973200352558,0.1382503109109819,-0.8660254037844386,0.5000000000000001,11
2019-10-10,507,0,507,-0.5208333333333334,79.56458333333333,-3.6625,7.300000000000001,338.7916666666667,0.6616666666666667,95.69708333333334,-0.9878726596350429,0.15526624985999563,-0.8660254037844386,0.5000000000000001,11
2019-10-11,2934,1394,2201,-0.6875,71.65541666666667,-5.258333333333334,8.762500000000001,308.25,0.6841666666666667,96.01541666666667,-0.9850556718215013,0.172236243027682,-0.8660254037844386,0.5000000000000001,11
2019-10-12,1622,117,1569,-0.5375,83.5875,-2.9916666666666667,6.862500000000001,311.5,0.6670833333333334,96.33166666666666,-0.981947190186646,0.18915526872004093,-0.8660254037844386,0.5000000000000001,11
2019-10-13,2892,2714,1883,-0.04583333333333337,80.40208333333334,-3.1333333333333333,2.7083333333333335,280.25,0.6570833333333334,96.645,-0.9785481345802031,0.20601832032517084,-0.8660254037844386,0.5000000000000001,11
2019-10-14,3558,4332,1629,2.066666666666667,79.74333333333334,-1.2833333333333334,2.8041666666666667,199.33333333333334,0.65,96.96,-0.9748595108374125,0.22282040779479959,-0.8660254037844386,0.5000000000000001,11
2019-10-15,1694,968,1531,3.045833333333334,81.54083333333334,-0.07083333333333335,4.5375000000000005,314.2916666666667,0.5129166666666667,97.27083333333333,-0.9708824104813836,0.23955655912092708,-0.8660254037844386,0.5000000000000001,11
2019-10-16,2548,2353,1463,3.220833333333333,85.69291666666668,0.8041666666666667,2.9375,191.58333333333334,0.18000000000000002,97.57875,-0.9666180104000972,0.2562218218071163,-0.8660254037844386,0.5000000000000001,11
2019-10-17,2873,3578,1451,8.558333333333334,82.63916666666667,5.45,3.670833333333334,160.91666666666666,0.18000000000000002,97.88708333333334,-0.9620675724981452,0.27281126433401914,-0.8660254037844386,0.5000000000000001,11
2019-10-18,2627,3045,1101,9.166666666666666,77.52666666666667,5.075,4.158333333333334,273.5833333333333,0.18000000000000002,98.19291666666668,-0.957232443323312,0.28931997761869527,-0.8660254037844386,0.5000000000000001,11
2019-10-19,3660,7555,666,7.941666666666666,63.48916666666667,0.9333333333333335,3.7375000000000003,264.375,0.18000000000000002,98.49666666666667,-0.9521140536681102,0.3057430764672831,-0.8660254037844386,0.5000000000000001,11
2019-10-20,197,0,197,4.775,81.16416666666667,1.6583333333333334,4.166666666666667,66.5,0.18000000000000002,98.79541666666667,-0.9467139181463862,0.3220757010206104,-0.8660254037844386,0.5000000000000001,11
2019-10-21,2188,2042,1459,3.5250000000000004,78.10041666666667,-0.24166666666666667,6.166666666666667,337.2916666666667,0.18000000000000002,99.09333333333335,-0.9410336347451197,0.3383130181923076,-0.8660254037844386,0.5000000000000001,11
2019-10-22,3602,7838,528,3.170833333333333,73.905,-1.554166666666667,3.375,235.54166666666666,0.18000000000000002,99.38916666666667,-0.9350748843515574,0.3544502230989869,-0.8660254037844386,0.5000000000000001,11
2019-10-23,2587,3560,1183,1.0708333333333335,73.17875,-3.4791666666666665,3.375,278.625,0.18000000000000002,99.68124999999999,-0.9288394302558068,0.3704825404820963,-0.8660254037844386,0.5000000000000001,11
2019-10-24,1547,1102,1294,1.5291666666666668,80.03791666666667,-1.8125,2.5875,268.1666666666667,0.18291666666666664,99.97083333333335,-0.9223291176290545,0.3864052261209853,-0.8660254037844386,0.5000000000000001,11
2019-10-25,3065,6254,851,6.7625,76.36916666666667,2.575,4.279166666666667,217.41666666666666,0.19000000000000003,100.26083333333334,-0.9155458729775467,0.40221356823680365,-0.8660254037844386,0.5000000000000001,11
2019-10-26,1047,609,784,4.670833333333333,73.46333333333334,0.045833333333333316,5.904166666666668,309.375,0.18708333333333335,100.545,-0.9084917035725082,0.41790288888678667,-0.8660254037844386,0.5000000000000001,11
2019-10-27,1272,175,1214,-3.2458333333333336,62.514166666666675,-9.604166666666666,5.375,297.75,0.18291666666666664,100.82291666666667,-0.9011686968561569,0.4334685453485363,-0.8660254037844386,0.5000000000000001,11
2019-10-28,2437,4102,1122,-2.8375000000000004,60.479166666666664,-9.558333333333334,4.4125000000000005,278.6666666666667,0.19000000000000003,101.10166666666667,-0.8935790198239952,0.4489059314938798,-0.8660254037844386,0.5000000000000001,11
2019-10-29,1698,1496,1344,-4.554166666666667,56.259166666666665,-12.041666666666666,6.0,289.4583333333333,0.19000000000000003,101.37541666666668,-0.8857249183835637,0.4642104791518923,-0.8660254037844386,0.5000000000000001,11
2019-10-30,2777,5033,963,-5.741666666666667,63.69541666666667,-12.008333333333333,3.220833333333333,287.5,0.19000000000000003,101.64875,-0.8776087166898392,0.4793776594606945,-0.8660254037844386,0.5000000000000001,10
2019-10-31,1636,1586,1225,-1.4958333333333333,79.34583333333333,-4.779166666666667,3.804166666666667,271.9166666666667,0.19000000000000003,101.94208333333334,-0.8692328164574792,0.49440298420761813,-0.8660254037844386,0.5000000000000001,10
2019-11-01,933,803,582,1.1833333333333333,81.97708333333334,-1.7249999999999999,5.608333333333333,306.4583333333333,0.18708333333333335,102.20916666666666,-0.8605996962501181,0.5092820071573356,-0.5000000000000004,0.8660254037844384,10
2019-11-02,1948,1476,1427,0.8375,79.49,-2.5375,2.3333333333333335,276.7916666666667,0.18000000000000002,102.47166666666668,-0.8517119107469189,0.5240103253675756,-0.5000000000000004,0.8660254037844384,10
2019-11-03,1120,903,797,1.2958333333333334,85.65333333333332,-0.9874999999999999,2.966666666666667,303.9583333333333,0.18291666666666664,102.73125,-0.8425720899866032,0.5385835804920232,-0.5000000000000004,0.8660254037844384,10
2019-11-04,2808,6552,498,-3.033333333333333,71.69125000000001,-7.8,3.954166666666667,322.4166666666667,0.19000000000000003,102.98625,-0.8331829385891785,0.5529974600700271,-0.5000000000000004,0.8660254037844384,9
2019-11-05,1294,174,1227,-2.8541666666666665,72.89416666666666,-7.129166666666666,1.1583333333333334,227.41666666666666,0.18708333333333335,103.26333333333334,-0.8235472349556007,0.5672476988027229,-0.5000000000000004,0.8660254037844384,9
2019-11-06,2579,4539,781,-7.858333333333333,60.55125,-14.549999999999999,3.8833333333333333,228.0,0.18000000000000002,103.5125,-0.8136678304455991,0.5813300798152042,-0.5000000000000004,0.8660254037844384,9
2019-11-07,2400,5055,602,-6.820833333333334,70.825,-11.345833333333333,2.4583333333333335,213.20833333333334,0.18291666666666664,103.75875,-0.8035476485339116,0.5952404359043674,-0.5000000000000004,0.8660254037844384,9
2019-11-08,1745,1985,1019,-0.08749999999999998,83.28291666666667,-2.75,3.5250000000000004,244.0,0.19000000000000003,104.00208333333335,-0.7931896839451843,0.6089746507720486,-0.5000000000000004,0.8660254037844384,9
2019-11-09,932,287,814,0.9958333333333335,91.39916666666666,-0.29583333333333334,2.970833333333333,184.25,0.36791666666666667,104.23875,-0.7825970017677834,0.6225286602431057,-0.5000000000000004,0.8660254037844384,9
2019-11-10,721,297,655,-7.4750000000000005,62.02,-13.533333333333333,4.675,170.20833333333334,0.8000000000000002,104.47208333333333,-0.7717727365467837,0.6358984534680745,-0.5000000000000004,0.8660254037844384,9
2019-11-11,2393,3288,1269,-12.466666666666667,56.185833333333335,-19.51666666666667,3.8958333333333335,282.1666666666667,0.8000000000000002,104.69916666666667,-0.7607200913564104,0.6490800741100398,-0.5000000000000004,0.8660254037844384,9
2019-11-12,1519,951,1154,-5.8875,74.83791666666667,-9.766666666666667,3.2625000000000006,230.625,0.77375,104.925,-0.7494423368521953,0.6620696215153815,-0.5000000000000004,0.8660254037844384,9
2019-11-13,2384,4917,752,-2.983333333333334,74.52208333333333,-7.2625,3.391666666666667,323.4583333333333,0.71,105.14583333333333,-0.7379428103031386,0.6748632518680403,-0.5000000000000004,0.8660254037844384,9
2019-11-14,2528,6567,491,0.22499999999999998,89.83291666666668,-1.3958333333333333,2.7416666666666667,273.375,0.5612499999999999,105.36166666666666,-0.7262249146041543,0.6874571793269664,-0.5000000000000004,0.8660254037844384,9
2019-11-15,2209,4925,640,1.6000000000000003,91.93541666666665,0.35416666666666674,2.8625000000000003,157.20833333333334,0.19708333333333336,105.57291666666667,-0.7142921172691032,0.699847677146407,-0.5000000000000004,0.8660254037844384,9
2019-11-16,1171,651,1009,2.4375,90.99208333333333,1.075,4.3500000000000005,273.0416666666667,0.19000000000000003,105.77958333333333,-0.7021479494046978,0.7120310787787131,-0.5000000000000004,0.8660254037844384,9
2019-11-17,1449,1167,1012,1.6958333333333335,91.04208333333334,0.3166666666666667,2.8708333333333336,241.29166666666666,0.19291666666666665,105.98166666666667,-0.6897960046655887,0.7240037789593305,-0.5000000000000004,0.8660254037844384,9
2019-11-18,1995,4439,583,4.758333333333334,86.45291666666667,2.4625,4.783333333333333,300.9583333333333,0.19708333333333336,106.18,-0.6772399381909491,0.7357622347736527,-0.5000000000000004,0.8660254037844384,9
2019-11-19,2233,5112,546,1.2750000000000001,82.70708333333333,-1.679166666666667,2.2708333333333335,208.08333333333334,0.18708333333333335,106.37166666666667,-0.6644834655228552,0.7473029667054297,-0.5000000000000004,0.8660254037844384,9
2019-11-20,346,2,346,-0.6958333333333334,89.90541666666667,-2.1666666666666665,4.925,156.25,0.18000000000000002,106.55624999999999,-0.6515303615068021,0.75862255966641,-0.5000000000000004,0.8660254037844384,9
2019-11-21,2328,6774,394,-3.858333333333334,69.605,-8.716666666666667,3.4250000000000003,298.375,0.18000000000000002,106.73833333333333,-0.6383844591746642,0.769717664006921,-0.5000000000000004,0.8660254037844384,9
2019-11-22,2262,6639,385,-0.525,76.83208333333333,-4.270833333333333,4.354166666666667,225.20833333333334,0.18000000000000002,106.91708333333334,-0.6250496486104377,0.7805849965070866,-0.5000000000000004,0.8660254037844384,9
2019-11-23,1469,2117,821,1.929166666666667,85.90541666666667,-0.29583333333333334,4.175,276.6666666666667,0.17708333333333334,107.08749999999999,-0.6115298757991053,0.7912213413483807,-0.5000000000000004,0.8660254037844384,9
2019-11-24,1592,3227,739,4.166666666666667,82.69541666666667,1.2708333333333333,4.575,270.0833333333333,0.17,107.25541666666668,-0.5978291414589552,0.801623551065242,-0.5000000000000004,0.8660254037844384,9
2019-11-25,1779,4040,599,0.10000000000000003,81.31458333333333,-2.8249999999999997,4.920833333333333,311.4583333333333,0.17,107.41583333333334,-0.5839514998576998,0.8117885474764613,-0.5000000000000004,0.8660254037844384,9
2019-11-26,475,19,470,-1.8500000000000003,74.74541666666667,-5.8875,2.3333333333333335,108.875,0.16708333333333333,107.57083333333333,-0.5699010576127624,0.821713322596059,-0.5000000000000004,0.8660254037844384,9
2019-11-27,1209,2320,817,-4.3375,72.9325,-8.579166666666667,3.204166666666667,120.16666666666667,0.16291666666666668,107.72166666666668,-0.5556819724760489,0.8313949395234058,-0.5000000000000004,0.8660254037844384,9
2019-11-28,359,637,244,-4.845833333333334,77.35791666666667,-8.258333333333335,5.875,125.16666666666667,0.17,107.86625,-0.5412984521036173,0.8408305333122887,-0.5000000000000004,0.8660254037844384,9
2019-11-29,220,4,219,-2.6583333333333337,88.01791666666666,-4.391666666666667,4.483333333333333,118.29166666666667,0.33625,108.005,-0.5267547528105542,0.8500173118187018,-0.5000000000000004,0.8660254037844384,9
2019-11-30,188,0,188,-3.1208333333333336,88.59166666666665,-4.733333333333333,6.766666666666667,80.66666666666667,0.7516666666666666,108.13916666666667,-0.5120551783114646,0.8589525565270845,-0.5000000000000004,0.8660254037844384,9
2019-12-01,1164,250,1120,-5.487500000000001,85.95916666666666,-7.516666666666667,3.5749999999999997,283.5,0.7858333333333333,108.26583333333333,-0.4972040784469378,0.8676336233547726,-2.4492935982947064e-16,1.0,9
2019-12-02,854,514,762,-2.375,86.49125,-4.345833333333333,3.8083333333333336,232.625,0.7562500000000001,108.38833333333334,-0.4822058478963526,0.8760579434344281,-2.4492935982947064e-16,1.0,9
2019-12-03,1901,5440,409,0.5041666666666667,90.20833333333333,-0.9750000000000001,4.333333333333333,286.625,0.65,108.505,-0.46706492487743034,0.8842230238742036,-2.4492935982947064e-16,1.0,9
2019-12-04,1938,5886,406,-0.06250000000000004,93.81124999999999,-0.9708333333333333,2.7875,253.58333333333334,0.6558333333333334,108.61416666666666,-0.451785789832884,0.8921264484954345,-2.4492935982947064e-16,1.0,9
2019-12-05,1187,613,986,-2.2458333333333336,89.65125,-3.7375000000000003,3.4333333333333336,321.4583333333333,0.7079166666666667,108.71833333333332,-0.4363729641045924,0.8997658785476209,-2.4492935982947064e-16,1.0,9
2019-12-06,852,1323,644,-3.4333333333333336,93.04,-4.454166666666667,2.6875,216.75,0.7708333333333334,108.81625000000001,-0.42083100859565564,0.9071390534005044,-2.4492935982947064e-16,1.0,9
2019-12-07,925,190,865,-0.46666666666666673,94.23875,-1.2958333333333334,3.266666666666667,238.5,0.7233333333333335,108.91000000000001,-0.4051645224207563,0.9142437912130223,-2.4492935982947064e-16,1.0,9
2019-12-08,828,120,791,-9.004166666666666,80.03041666666667,-11.841666666666667,5.016666666666667,97.25,0.7858333333333333,108.99416666666667,-0.3893781415452015,0.9210779895789526,-2.4492935982947064e-16,1.0,9
2019-12-09,1241,390,1117,-12.450000000000001,72.53416666666666,-16.3875,4.7,312.5833333333333,0.8000000000000002,109.07333333333334,-0.37347653741307074,0.9276396261490467,-2.4492935982947064e-16,1.0,9
2019-12-10,1732,3616,596,-16.491666666666667,70.65458333333333,-20.733333333333334,3.654166666666667,304.7916666666667,0.8000000000000002,109.14666666666666,-0.3574644155648614,0.9339267592294762,-2.4492935982947064e-16,1.0,9
2019-12-11,1099,530,923,-15.033333333333333,73.63083333333334,-18.75,3.1125000000000003,184.58333333333334,0.8000000000000002,109.21375,-0.34134651424503615,0.9399375283564133,-2.4492935982947064e-16,1.0,9
2019-12-12,961,137,930,-12.191666666666668,79.01791666666666,-15.095833333333333,2.858333333333334,138.41666666666666,0.8000000000000002,109.27541666666667,-0.3251276029999093,0.9456701548465688,-2.4492935982947064e-16,1.0,9
2019-12-13,1006,744,783,-8.270833333333334,85.69125000000001,-10.258333333333333,4.875,310.0,0.8000000000000002,109.33333333333333,-0.30881248126625377,0.9511229423235357,-2.4492935982947064e-16,1.0,9
2019-12-14,1234,244,1158,-16.1125,72.06291666666667,-19.995833333333334,2.0208333333333335,136.83333333333334,0.8000000000000002,109.37958333333334,-0.29240597695107734,0.9562942772197719,-2.4492935982947064e-16,1.0,9
2019-12-15,1025,119,1001,-9.137500000000001,84.48375,-11.295833333333334,2.904166666666667,259.6666666666667,0.8000000000000002,109.42583333333333,-0.27591294500296043,0.9611826292540837,-2.4492935982947064e-16,1.0,9
2019-12-16,1597,3408,609,-7.545833333333333,84.33625,-9.779166666666667,2.970833333333333,274.2916666666667,0.8000000000000002,109.46208333333334,-0.2593382659754056,0.9657865518844574,-2.4492935982947064e-16,1.0,9
2019-12-17,1626,3467,569,-9.958333333333334,83.835,-12.1875,2.275,172.83333333333334,0.8000000000000002,109.49208333333333,-0.2426868445825954,0.9701046827361175,-2.4492935982947064e-16,1.0,9
2019-12-18,1414,2231,810,-3.9333333333333336,83.93625,-6.320833333333334,3.591666666666667,245.16666666666666,0.8000000000000002,109.51708333333333,-0.22596360824801906,0.974135744004672,-2.4492935982947064e-16,1.0,9
2019-12-19,1139,516,983,-6.6375,90.48833333333334,-7.941666666666666,2.591666666666667,116.79166666666667,0.8000000000000002,109.53375,-0.20917350564635637,0.9778785428342386,-2.4492935982947064e-16,1.0,9
2019-12-20,1752,5395,383,-3.9375,90.76791666666666,-5.245833333333334,2.7291666666666665,234.41666666666666,0.7591666666666668,109.54625,-0.19232150523909483,0.9813319716704275,-2.4492935982947064e-16,1.0,9
2019-12-21,1118,593,943,0.3125,89.78208333333333,-1.2041666666666668,2.7916666666666665,243.66666666666666,0.66,109.55333333333334,-0.17541259380427843,0.9844950085880858,-2.4492935982947064e-16,1.0,9
2019-12-22,1222,1149,877,-0.7458333333333332,90.32166666666666,-2.1625,2.4375,226.08333333333334,0.6891666666666666,109.55083333333334,-0.15845177496083632,0.9873667175937016,-2.4492935982947064e-16,1.0,9
2019-12-23,689,75,667,-4.054166666666667,89.98375,-5.5,2.9125,134.08333333333334,0.7716666666666666,109.54333333333334,-0.14144406768794202,0.9899462489023779,-2.4492935982947064e-16,1.0,9
2019-12-24,701,199,665,-5.5874999999999995,91.04875,-6.829166666666667,2.1875,147.70833333333334,0.8000000000000002,109.53041666666667,-0.12439450483979998,0.9922328391893008,-2.4492935982947064e-16,1.0,9
2019-12-25,785,46,771,-7.5249999999999995,83.11458333333333,-9.904166666666667,2.016666666666667,112.5,0.8000000000000002,109.50958333333334,-0.10730813165636247,0.9942258118156161,-2.4492935982947064e-16,1.0,9
2019-12-26,829,64,819,-7.604166666666667,84.60833333333333,-9.799999999999999,3.4791666666666665,296.4583333333333,0.8000000000000002,109.48333333333333,-0.09019000427034513,0.9959245770286599,-2.4492935982947064e-16,1.0,9
2019-12-27,1893,6090,374,-6.804166666666667,92.39416666666666,-7.883333333333333,2.466666666666667,217.20833333333334,0.8000000000000002,109.45,-0.07304518821104743,0.9973286321364752,-2.4492935982947064e-16,1.0,9
2019-12-28,1150,762,904,-5.6499999999999995,87.41166666666668,-7.420833333333333,3.4083333333333337,246.16666666666666,0.8000000000000002,109.41083333333334,-0.05587875690537313,0.9984375616565666,-2.4492935982947064e-16,1.0,9
2019-12-29,1192,567,1015,-8.2875,81.81041666666667,-10.858333333333334,8.258333333333335,340.875,0.8000000000000002,109.36541666666666,-0.03869579017652689,0.9992510374388481,-2.4492935982947064e-16,1.0,9
2019-12-30,1114,465,966,-7.5,82.29875,-10.025,5.820833333333334,322.5,0.8000000000000002,109.31541666666668,-0.021501372740813793,0.999768818762748,-2.4492935982947064e-16,1.0,9
2019-12-31,1866,5807,398,-10.866666666666667,78.60000000000001,-13.887500000000001,2.983333333333334,277.625,0.8000000000000002,109.24833333333333,-0.004300592702981974,0.9999907524084426,-2.4492935982947064e-16,1.0,9
2020-01-01,930,868,703,0.9874999999999999,93.15291666666667,-0.012500000000000006,3.608333333333334,273.75,0.6529166666666667,109.19625,0.017201575418260506,0.9998520419557735,0.49999999999999994,0.8660254037844387,9
2020-01-02,963,1641,722,-0.04583333333333337,91.68124999999999,-1.2666666666666668,2.3833333333333333,287.25,0.6804166666666668,109.125,0.03439806061360801,0.9994082116062598,0.49999999999999994,0.8660254037844387,9
2020-01-03,1850,5031,489,-5.445833333333333,81.67041666666667,-8.174999999999999,3.6375000000000006,302.4166666666667,0.7504166666666667,109.0475,0.051584366869408364,0.9986686402879997,0.49999999999999994,0.8660254037844387,9
2020-01-04,1463,2563,703,-1.8333333333333333,83.615,-4.254166666666667,4.3875,224.04166666666666,0.7562500000000001,108.96625,0.06875540848113941,0.9976335468520451,0.49999999999999994,0.8660254037844387,9
2020-01-05,1985,6306,358,-1.1375,78.04041666666667,-4.5375000000000005,5.579166666666667,277.7083333333333,0.6791666666666667,108.87583333333333,0.08590610426133272,0.9963032375991965,0.49999999999999994,0.8660254037844387,9
2020-01-06,1862,4989,464,-3.191666666666667,75.84083333333334,-6.9125000000000005,4.2875000000000005,270.4583333333333,0.7645833333333334,108.78208333333333,0.10303137904317879,0.9946781061893646,0.49999999999999994,0.8660254037844387,9
2020-01-07,1700,3317,630,-8.766666666666667,72.92541666666666,-12.920833333333334,2.7875,260.9583333333333,0.8000000000000002,108.68083333333334,0.1201261651823505,0.9927586335250793,0.49999999999999994,0.8660254037844387,9
2020-01-08,899,424,802,-12.545833333333334,76.62708333333333,-15.8375,5.75,137.16666666666666,0.8000000000000002,108.5725,0.13718540405660057,0.9905453876091833,0.49999999999999994,0.8660254037844387,9
2020-01-09,1301,467,1197,-10.233333333333333,79.8925,-13.125,3.9708333333333337,296.5,0.8000000000000002,108.46249999999999,0.1542040475626894,0.988039023376751,0.49999999999999994,0.8660254037844387,9
2020-01-10,1864,3697,700,-16.77916666666667,67.13041666666668,-21.575,3.2708333333333335,245.875,0.8000000000000002,108.34291666666667,0.17117705961019986,0.985240282501282,0.49999999999999994,0.8660254037844387,9
2020-01-11,1103,276,1017,-16.720833333333335,74.23375,-20.2625,5.295833333333333,141.91666666666666,0.8000000000000002,108.21708333333333,0.18809941761179758,0.9821499931752291,0.49999999999999994,0.8660254037844387,9
2020-01-12,1654,1950,995,-12.479166666666666,81.18583333333333,-15.091666666666667,3.5583333333333336,161.5,0.8000000000000002,108.08875,0.20496611396949532,0.9787690698649216,0.49999999999999994,0.8660254037844387,9
2020-01-13,937,217,906,-11.083333333333334,82.48291666666667,-13.516666666666666,2.9333333333333336,215.25,0.8000000000000002,107.95333333333333,0.22177215755648186,0.975098513039961,0.49999999999999994,0.8660254037844387,9
2020-01-14,1859,3778,614,-18.691666666666666,70.32583333333334,-22.770833333333332,2.7125000000000004,208.41666666666666,0.8000000000000002,107.81,0.23851257519407648,0.9711394088771653,0.49999999999999994,0.8660254037844387,9
2020-01-15,2209,6115,452,-21.620833333333334,67.62166666666667,-26.070833333333336,3.3625000000000003,313.5,0.8000000000000002,107.66333333333334,0.2551824131233728,0.9668929289391521,0.49999999999999994,0.8660254037844387,9
2020-01-16,1750,1910,1121,-21.150000000000002,74.04541666666667,-24.6125,5.404166666666668,129.625,0.8000000000000002,107.50958333333334,0.2717767384711357,0.9623603298276545,0.49999999999999994,0.8660254037844387,9
2020-01-17,754,20,749,-10.616666666666667,84.14333333333333,-12.799999999999999,6.220833333333334,214.0,0.8000000000000002,107.35416666666667,0.2882906407095177,0.9575429528116719,0.49999999999999994,0.8660254037844387,9
2020-01-18,2222,5330,475,-19.5,63.83416666666667,-24.650000000000002,7.791666666666667,311.1666666666667,0.8000000000000002,107.18875000000001,0.3047192331091634,0.9524422234305676,0.49999999999999994,0.8660254037844387,9
2020-01-19,2221,5318,510,-21.270833333333332,70.61041666666667,-25.24166666666667,2.7416666666666667,254.91666666666666,0.8000000000000002,107.01875,0.321057654185271,0.9470596510722283,0.49999999999999994,0.8660254037844387,9
2020-01-20,2356,6796,409,-16.26666666666667,76.62583333333333,-19.504166666666666,4.179166666666667,183.70833333333334,0.8000000000000002,106.84583333333335,0.3373010691361842,0.9413968285264122,0.49999999999999994,0.8660254037844387,9
2020-01-21,1436,639,1210,-6.420833333333333,90.43708333333335,-7.7250000000000005,3.5625,240.16666666666666,0.7854166666666668,106.6425,0.3534446712740877,0.9354554315134164,0.49999999999999994,0.8660254037844387,9
2020-01-22,1846,2436,1011,-3.9000000000000004,93.69291666666668,-4.804166666666667,2.191666666666667,261.375,0.7645833333333334,106.45875000000001,0.3694836834473831,0.9292372181882051,0.49999999999999994,0.8660254037844387,9
2020-01-23,1270,436,1205,-7.441666666666667,87.08875,-9.279166666666667,1.9875,91.375,0.8000000000000002,106.26875,0.38541335945432564,0.9227440286201427,0.49999999999999994,0.8660254037844387,10
2020-01-24,1470,1491,1267,-7.716666666666666,88.22416666666668,-9.370833333333334,1.8833333333333335,186.33333333333334,0.8000000000000002,106.07416666666667,0.4012289854475009,0.9159777842484877,0.49999999999999994,0.8660254037844387,10
2020-01-25,1506,927,1299,-3.7291666666666665,93.45041666666667,-4.633333333333334,2.879166666666667,221.25,0.7708333333333334,105.87708333333335,0.4169258813287287,0.908940487313808,0.49999999999999994,0.8660254037844387,10
2020-01-26,810,12,806,-2.5583333333333336,93.52083333333333,-3.4958333333333336,3.5625,240.83333333333334,0.7291666666666666,105.67375,0.4324994021339788,0.901634220265486,0.49999999999999994,0.8660254037844387,10
2020-01-27,1426,966,1245,-4.979166666666667,87.20583333333333,-6.825,1.1666666666666667,142.125,0.7766666666666667,105.46416666666666,0.44794493940789115,0.8940611451454876,0.49999999999999994,0.8660254037844387,10
2020-01-28,2293,4482,813,-1.5333333333333334,94.30375,-2.3583333333333334,1.375,236.16666666666666,0.7258333333333332,105.24958333333335,0.4632579225674917,0.88622350294858,0.49999999999999994,0.8660254037844387,10
2020-01-29,1320,120,1283,-3.6875,90.22666666666667,-5.125000000000001,1.1666666666666667,224.08333333333334,0.7575,105.03250000000001,0.4784338202547012,0.8781236129591848,0.49999999999999994,0.8660254037844387,10
2020-01-30,1690,381,1536,-4.258333333333334,90.95708333333333,-5.5625,1.7458333333333333,184.66666666666666,0.7941666666666668,104.80958333333332,0.49346814167723735,0.8697638720650646,0.49999999999999994,0.8660254037844387,10
2020-01-31,1107,117,1070,-3.616666666666667,86.46916666666668,-5.645833333333333,2.9875000000000003,275.3333333333333,0.7420833333333334,104.58041666666666,0.5083564379375122,0.8611467540480452,0.49999999999999994,0.8660254037844387,10
2020-02-01,2081,2509,1117,4.154166666666667,74.51666666666667,-0.18333333333333338,5.808333333333334,266.1666666666667,0.65,104.34916666666668,0.5230943033491326,0.8522748088519838,0.8660254037844386,0.5000000000000001,10
2020-02-02,1729,906,1372,1.0333333333333334,71.72166666666666,-3.716666666666667,4.533333333333333,313.3333333333333,0.6791666666666667,104.11083333333333,0.5376773767406141,0.8431506618282,0.8660254037844386,0.5000000000000001,10
2020-02-03,2256,1754,1547,-4.470833333333334,59.09625,-11.391666666666666,3.1500000000000004,204.54166666666666,0.7645833333333334,103.87,0.5521013427459208,0.8337770129585915,0.8660254037844386,0.5000000000000001,10
2020-02-04,2763,5210,762,-6.104166666666667,71.36666666666666,-10.533333333333333,2.6833333333333336,251.91666666666666,0.8000000000000002,103.62333333333333,0.5663619330814524,0.8241566360566663,0.8660254037844386,0.5000000000000001,10
2020-02-05,2906,6175,614,-4.65,77.96166666666667,-8.241666666666667,3.6333333333333333,229.45833333333334,0.8000000000000002,103.37541666666668,0.580454927809098,0.8142923779467267,0.8660254037844386,0.5000000000000001,10
2020-02-06,1010,54,997,-7.0,85.63375,-9.054166666666667,3.5375,144.875,0.8000000000000002,103.12166666666667,0.5943761565849831,0.804187157621448,0.8660254037844386,0.5000000000000001,10
2020-02-07,2211,1211,1710,-10.708333333333334,68.86874999999999,-15.545833333333334,2.0,205.375,0.8000000000000002,102.86208333333333,0.6081214998935418,0.7938439653781019,0.8660254037844386,0.5000000000000001,10
2020-02-08,2645,4246,1069,-3.8541666666666665,83.38125000000001,-6.570833333333334,2.4875000000000003,170.08333333333334,0.7970833333333335,102.60291666666666,0.6216868902665479,0.7832658619336791,0.8660254037844386,0.5000000000000001,10
2020-02-09,2300,4574,950,-4.241666666666667,77.35625,-7.95,3.866666666666667,258.9583333333333,0.7870833333333334,102.33791666666667,0.6350683134867438,0.7724559775191742,0.8660254037844386,0.5000000000000001,10
2020-02-10,1847,753,1590,-4.7625,79.63916666666667,-7.845833333333334,4.9,297.2083333333333,0.7858333333333333,102.06916666666666,0.6482618097757122,0.7614175109532997,0.8660254037844386,0.5000000000000001,10
2020-02-11,2407,1363,1817,-2.858333333333333,74.38458333333334,-7.404166666666666,4.558333333333334,245.08333333333334,0.8000000000000002,101.79625,0.6612634749656386,0.7501537286959042,0.8660254037844386,0.5000000000000001,10
2020-02-12,3197,5304,1034,-15.887500000000001,59.54083333333333,-22.474999999999998,5.691666666666666,200.75,0.8000000000000002,101.51958333333334,0.6740694616546161,0.7386679638813748,0.8660254037844386,0.5000000000000001,10
2020-02-13,2097,222,1999,-17.5125,61.36208333333334,-23.458333333333332,3.1625,228.125,0.8000000000000002,101.23958333333333,0.6866759803451553,0.726963615332308,0.8660254037844386,0.5000000000000001,10
2020-02-14,1740,129,1685,-5.933333333333334,78.6075,-9.279166666666667,4.995833333333334,223.70833333333334,0.7883333333333334,100.96041666666667,0.6990793005655562,0.7150441465537444,0.8660254037844386,0.5000000000000001,10
2020-02-15,1863,336,1753,-4.654166666666667,79.0325,-7.9750000000000005,3.233333333333334,245.25,0.7716666666666666,100.67291666666667,0.7112757519738152,0.7029130847082615,0.8660254037844386,0.5000000000000001,10
2020-02-16,2781,3505,1317,-4.195833333333334,83.33541666666666,-6.75,3.4916666666666667,150.66666666666666,0.7912500000000001,100.38625,0.7232617254437388,0.6905740195722294,0.8660254037844386,0.5000000000000001,10
2020-02-17,1768,199,1700,-4.3625,81.16958333333334,-7.270833333333333,3.75,327.25,0.77875,100.09333333333335,0.7350336741329412,0.6780306024735382,0.8660254037844386,0.5000000000000001,10
2020-02-18,2878,2721,1692,-12.854166666666666,60.213750000000005,-19.191666666666666,4.675,328.7083333333333,0.8000000000000002,99.79833333333333,0.746588114532413,0.6652865452111116,0.8660254037844386,0.5000000000000001,10
2020-02-19,3719,6998,778,-15.758333333333333,63.9275,-21.375,1.8625,274.7083333333333,0.8000000000000002,99.5,0.7579216274973472,0.6523456189565257,0.8660254037844386,0.5000000000000001,10
2020-02-20,3861,8289,646,-6.704166666666667,68.62,-11.987499999999999,4.483333333333333,218.66666666666666,0.7825000000000001,99.20083333333334,0.7690308592589181,0.6392116531380588,0.8660254037844386,0.5000000000000001,10
2020-02-21,3947,8286,689,-1.5041666666666667,74.2225,-5.75,3.6125000000000003,258.625,0.71375,98.89916666666666,0.7799125224167177,0.6258885343075018,0.8660254037844386,0.5000000000000001,10
2020-02-22,3951,8354,643,1.1375,75.5525,-3.1625,4.041666666666667,269.25,0.65,98.59375,0.7905633969115482,0.612380204990065,0.8660254037844386,0.5000000000000001,10
2020-02-23,3933,7703,696,1.0375,66.17875,-5.216666666666667,3.891666666666667,265.7916666666667,0.6558333333333334,98.28625,0.8009803309782905,0.5986906625177214,0.8660254037844386,0.5000000000000001,10
2020-02-24,2497,1124,1969,-0.8416666666666667,78.50833333333334,-4.166666666666667,2.8874999999999997,96.58333333333333,0.6845833333333333,97.97708333333333,0.8111602420785621,0.5848239578463322,0.8660254037844386,0.5000000000000001,10
2020-02-25,2552,1980,1727,-3.6125000000000003,77.09416666666667,-7.233333333333333,3.0583333333333336,188.54166666666666,0.7433333333333333,97.66333333333334,0.8211001178128892,0.5707841943569036,0.8660254037844386,0.5000000000000001,10
2020-02-26,2865,1511,2124,-6.483333333333333,77.02499999999999,-10.245833333333334,2.0583333333333336,206.70833333333334,0.8000000000000002,97.32541666666667,0.8307970168121247,0.5565755266413303,0.8660254037844386,0.5000000000000001,10
2020-02-27,2767,1157,2331,-2.783333333333333,86.26125,-4.8625,2.2916666666666665,267.4166666666667,0.7562500000000001,97.01333333333334,0.8402480696078469,0.5422021592729844,0.8660254037844386,0.5000000000000001,11
2020-02-28,4130,7344,929,0.9333333333333332,80.86041666666667,-2.4083333333333337,2.591666666666667,263.375,0.65,96.69791666666667,0.8494504794814806,0.527668345562516,0.8660254037844386,0.5000000000000001,11
2020-02-29,3073,3207,1924,3.2375000000000003,79.81333333333333,-0.2125,3.4499999999999997,232.04166666666666,0.65,96.38125000000001,0.8584015232918917,0.512978386299228,0.8660254037844386,0.5000000000000001,11
2020-03-01,1774,184,1693,-0.2875,67.90958333333333,-5.7,6.520833333333333,296.3333333333333,0.6616666666666667,96.06,0.8670985522812081,0.4981366284784055,1.0,6.123233995736766e-17,11
2020-03-02,3677,3814,2125,0.32916666666666666,69.37875000000001,-4.795833333333333,5.612500000000001,254.41666666666666,0.5470833333333334,95.71499999999999,0.8755389928586302,0.4831474640149687,1.0,6.123233995736766e-17,11
2020-03-03,2951,2812,1816,0.8125,77.67791666666666,-2.904166666666667,2.85,241.25,0.20000000000000004,95.39416666666666,0.8837203473619977,0.4680153284438345,1.0,6.123233995736766e-17,12
2020-03-04,2813,2745,1510,3.2624999999999997,72.53458333333333,-1.7916666666666667,5.495833333333334,252.75,0.26416666666666666,95.0725,0.8916401947968874,0.45274469960737107,1.0,6.123233995736766e-17,12
2020-03-05,2097,2743,1254,0.8458333333333333,70.70208333333333,-4.070833333333334,5.695833333333334,267.9583333333333,0.42,94.7475,0.8992961915530253,0.4373400963303323,1.0,6.123233995736766e-17,12
2020-03-06,4454,7964,812,2.6750000000000003,75.89874999999999,-1.825,5.383333333333334,174.45833333333334,0.42,94.42125,0.9066860720977985,0.4218060770826634,1.0,6.123233995736766e-17,12
2020-03-07,4511,7470,826,6.075,80.99833333333333,2.575,2.441666666666667,181.66666666666666,0.3558333333333333,94.09583333333335,0.9138076496466615,0.40614723863057883,1.0,6.123233995736766e-17,12
2020-03-08,626,553,531,0.9041666666666667,84.245,-1.5916666666666668,4.6125,312.4166666666667,0.20000000000000004,93.76583333333333,0.9206588168102428,0.3903682146763026,1.0,6.123233995736766e-17,12
2020-03-09,2958,4014,1469,-2.329166666666667,68.58666666666666,-7.554166666666667,1.3458333333333332,160.625,0.20000000000000004,93.43625000000002,0.9272375462179537,0.374473674486883,1.0,6.123233995736766e-17,12
2020-03-10,2503,1902,1757,2.0416666666666665,73.21083333333334,-2.5125,2.4958333333333336,213.66666666666666,0.20000000000000004,93.10625,0.9335418911179212,0.35846832151248087,1.0,6.123233995736766e-17,12
2020-03-11,1695,263,1569,5.15,75.80875,0.9208333333333334,3.391666666666667,260.75,0.20000000000000004,92.77458333333334,0.9395699859530622,0.342356891994542,1.0,6.123233995736766e-17,12
2020-03-12,4283,6765,1332,-0.07916666666666672,65.75416666666666,-6.429166666666667,6.6000000000000005,313.5,0.20000000000000004,92.4425,0.945320046913132,0.3261441535642696,1.0,6.123233995736766e-17,12
2020-03-13,4115,4824,1795,-3.3541666666666665,57.181250000000006,-10.866666666666667,4.120833333333334,226.41666666666666,0.20000000000000004,92.10833333333333,0.9507903724625832,0.3098349038318025,1.0,6.123233995736766e-17,12
2020-03-14,2249,338,2053,-3.4791666666666665,56.11000000000001,-11.116666666666667,5.8500000000000005,106.25,0.20000000000000004,91.77583333333332,0.9559793438440766,0.2934339689665273,1.0,6.123233995736766e-17,12
2020-03-15,561,792,391,-0.9416666666666668,78.82958333333333,-4.283333333333334,5.0375000000000005,168.45833333333334,0.3458333333333334,91.4425,0.9608854255574977,0.27694620226893646,1.0,6.123233995736766e-17,12
2020-03-16,2793,587,2649,-2.191666666666667,69.50875,-7.2875000000000005,5.295833333333333,307.0833333333333,0.5541666666666667,91.10916666666667,0.9655071658143364,0.2603764827344581,1.0,6.123233995736766e-17,12
2020-03-17,4456,6074,1510,-1.1,77.075,-5.158333333333334,3.3833333333333333,192.91666666666666,0.20000000000000004,90.77499999999999,0.969843196967294,0.24372971360968387,1.0,6.123233995736766e-17,12
2020-03-18,1091,732,984,0.6458333333333334,82.78166666666667,-2.1583333333333337,3.066666666666667,91.91666666666667,0.36916666666666664,90.44041666666668,0.9738922359149924,0.22701082094141847,1.0,6.123233995736766e-17,12
2020-03-19,3878,3020,2701,-6.0375000000000005,68.45666666666666,-11.0625,6.5,126.875,0.6108333333333333,90.10625,0.9776530844816641,0.2102247521189836,1.0,6.123233995736766e-17,12
2020-03-20,5372,8537,1233,-7.404166666666668,58.05375,-14.887500000000001,2.9416666666666664,174.91666666666666,0.20000000000000004,89.77083333333333,0.981124629771712,0.19337647441020586,1.0,6.123233995736766e-17,12
2020-03-21,4489,5843,1985,-2.3958333333333335,69.31583333333333,-7.545833333333333,3.279166666666667,150.70833333333334,0.20000000000000004,89.43833333333333,0.984305844499033,0.17647097349152166,1.0,6.123233995736766e-17,12
2020-03-22,5420,8297,1033,0.7458333333333335,69.94958333333334,-4.620833333333334,2.2875,293.0833333333333,0.19708333333333336,89.105,0.9871957872910085,0.15951325197263655,1.0,6.123233995736766e-17,12
2020-03-23,5367,7719,1178,4.0875,70.2825,-1.2958333333333334,4.179166666666667,188.83333333333334,0.19291666666666665,88.7725,0.9897936029670716,0.14250832791617088,1.0,6.123233995736766e-17,12
2020-03-24,4296,4500,1575,5.604166666666667,70.87208333333334,-0.05833333333333335,4.458333333333333,262.1666666666667,0.20000000000000004,88.43916666666667,0.992098522791769,0.12546123335273648,1.0,6.123233995736766e-17,12
2020-03-25,2025,695,1814,-0.8708333333333335,73.1875,-5.2625,2.2375000000000003,94.04166666666667,0.20000000000000004,88.10666666666667,0.9941098647022418,0.10837701279187609,1.0,6.123233995736766e-17,12
2020-03-26,4485,5269,1537,0.7000000000000001,84.04833333333333,-1.866666666666667,2.741666666666667,193.91666666666666,0.20000000000000004,87.77499999999999,0.9958270335100595,0.09126072172931188,1.0,6.123233995736766e-17,12
2020-03-27,5804,8888,964,4.854166666666667,68.69375000000001,-1.5041666666666667,2.920833333333334,196.70833333333334,0.19708333333333336,87.44375000000001,0.9972495210773451,0.07411742515094437,1.0,6.123233995736766e-17,12
2020-03-28,5525,8127,1252,5.716666666666666,64.31666666666666,-1.3875000000000002,1.7166666666666668,108.20833333333333,0.19000000000000003,87.08958333333334,0.998376906467142,0.056952196034039754,1.0,6.123233995736766e-17,12
2020-03-29,6029,9895,864,6.816666666666666,58.62166666666667,-1.6541666666666668,2.4375,153.83333333333334,0.18708333333333335,86.76333333333334,0.9992088560679753,0.03977011384605572,1.0,6.123233995736766e-17,13
2020-03-30,5070,6511,1651,7.958333333333333,62.84625,0.2875,5.591666666666668,157.29166666666666,0.18000000000000002,86.43666666666667,0.9997451236925734,0.022576263041545485,1.0,6.123233995736766e-17,13
2020-03-31,4245,2873,2579,8.65,82.22041666666667,5.408333333333334,4.8875,146.41666666666666,0.18000000000000002,86.1125,0.9999855506507186,0.005375731557583884,1.0,6.123233995736766e-17,13
2020-04-01,957,150,931,0.6875,75.21375,-3.408333333333333,5.241666666666667,253.5,0.36083333333333334,85.78666666666668,0.9999300657962057,-0.011826390691832589,0.8660254037844387,-0.4999999999999998,13
2020-04-02,1069,1,1068,-6.816666666666666,61.07749999999999,-13.0875,7.054166666666667,336.625,0.8000000000000002,85.46208333333334,0.9995786855478958,-0.029025013321975237,0.8660254037844387,-0.4999999999999998,13
2020-04-03,6595,9137,1216,-5.079166666666667,55.84625,-12.8125,3.316666666666667,273.7916666666667,0.7825000000000001,85.14125,0.9989315138848577,-0.046215046983708354,0.8660254037844387,-0.4999999999999998,13
2020-04-04,6220,7348,2195,-1.1583333333333334,69.05208333333333,-6.545833333333333,3.858333333333334,180.41666666666666,0.71375,84.82166666666667,0.9979887423155984,-0.06339140486951038,0.8660254037844387,-0.4999999999999998,13
2020-04-05,4964,4004,2848,3.558333333333333,77.42999999999999,-0.6625,3.7625000000000006,115.75,0.5158333333333334,84.50291666666666,0.9967506498213929,-0.08054900421874167,0.8660254037844387,-0.4999999999999998,13
2020-04-06,4392,3108,2540,7.220833333333334,82.00208333333333,3.9875000000000003,1.9458333333333335,139.0,0.19000000000000003,84.18625,0.9952176027737294,-0.09768276782171598,0.8660254037844387,-0.4999999999999998,13
2020-04-07,5650,6197,1737,8.8625,66.46541666666667,1.8250000000000002,3.7708333333333335,264.25,0.19000000000000003,83.87083333333334,0.9933900548258936,-0.11478762552212701,0.8660254037844387,-0.4999999999999998,13
2020-04-08,5702,6247,1992,2.6208333333333336,55.251666666666665,-6.325,6.791666666666667,307.0416666666667,0.19000000000000003,83.55499999999999,0.9912685467787256,-0.13185851571739118,0.8660254037844387,-0.4999999999999998,13
2020-04-09,6448,9298,1321,-0.6333333333333333,51.54624999999999,-9.933333333333334,4.658333333333334,297.9583333333333,0.19000000000000003,83.24333333333333,0.9888537064205885,-0.1488903868564548,0.8660254037844387,-0.4999999999999998,13
2020-04-10,5790,5748,1860,5.520833333333333,54.785,-3.654166666666667,2.216666666666667,176.41666666666666,0.19000000000000003,82.93333333333334,0.986146248341595,-0.16587819893463143,0.8660254037844387,-0.4999999999999998,13
2020-04-11,2987,572,2604,0.5750000000000001,67.50458333333334,-5.129166666666667,4.6125,46.75,0.19000000000000003,82.62541666666667,0.9831469737221499,-0.1828169249850199,0.8660254037844387,-0.4999999999999998,13
2020-04-12,5156,4814,2609,-2.6833333333333336,53.10458333333333,-11.420833333333334,4.666666666666667,325.25,0.3620833333333333,82.31791666666666,0.9798567700958665,-0.1997015525660636,0.8660254037844387,-0.4999999999999998,13
2020-04-13,3656,1286,3199,-4.604166666666667,50.20166666666666,-13.625,5.683333333333334,316.125,0.7858333333333333,82.015,0.9762766110869321,-0.21652708524481437,0.8660254037844387,-0.4999999999999998,13
2020-04-14,6626,5637,3601,-4.4625,53.692083333333336,-12.858333333333334,2.629166666666667,262.75,0.6279166666666667,81.6875,0.9724075561219968,-0.23328854407545518,0.8660254037844387,-0.4999999999999998,13
2020-04-15,6719,8617,2024,-1.479166666666667,52.41291666666667,-10.745833333333332,2.0541666666666667,162.66666666666666,0.21,81.39083333333333,0.9682507501166718,-0.2499809690726521,0.8660254037844387,-0.4999999999999998,14
2020-04-16,6882,8992,1405,0.6583333333333333,54.98166666666666,-8.008333333333335,2.9499999999999997,298.2916666666667,0.21,81.095,0.9638074231367307,-0.26659942067929354,0.8660254037844387,-0.4999999999999998,14
2020-04-17,6999,9416,1319,5.0249999999999995,50.03791666666667,-5.566666666666666,4.204166666666667,244.33333333333334,0.21,80.80333333333333,0.9590788900341131,-0.28313898122818354,0.8660254037844387,-0.4999999999999998,14
2020-04-18,4546,2658,2860,6.258333333333334,63.94291666666667,-0.8666666666666667,4.8125,325.0833333333333,0.21,80.51333333333334,0.9540665500578387,-0.2995947563972602,0.8660254037844387,-0.4999999999999998,14
2020-04-19,7341,10219,1079,4.3625,55.71458333333334,-4.920833333333333,3.1458333333333335,241.45833333333334,0.20125,80.22541666666667,0.9487718864399473,-0.31596187665790293,0.8660254037844387,-0.4999999999999998,14
2020-04-20,6874,9000,1262,6.829166666666667,57.305,-2.0458333333333334,5.895833333333333,248.91666666666666,0.18000000000000002,79.93916666666667,0.9431964659565866,-0.33223549871590435,0.8660254037844387,-0.4999999999999998,14
2020-04-21,5937,6751,2266,11.308333333333335,57.04625000000001,2.025,3.033333333333333,237.5,0.18000000000000002,79.6575,0.9373419384643772,-0.3484108069446808,0.8660254037844387,-0.4999999999999998,14
2020-04-22,6495,7832,1463,14.916666666666666,58.27041666666667,5.595833333333334,3.2458333333333336,270.8333333333333,0.18000000000000002,79.37625,0.9312100364121947,-0.3644830148102912,0.8660254037844387,-0.4999999999999998,14
2020-04-23,3799,1880,2773,11.1625,70.7675,5.7250000000000005,2.0875,235.04166666666666,0.18000000000000002,79.10125000000001,0.9248025743285089,-0.38044736628785164,0.8660254037844387,-0.4999999999999998,14
2020-04-24,6077,6862,1619,11.075000000000001,66.87666666666667,3.954166666666667,2.1708333333333334,315.0833333333333,0.18000000000000002,78.82708333333333,0.9181214482844365,-0.39629913726891813,0.8660254037844387,-0.4999999999999998,14
2020-04-25,4064,2768,2528,9.083333333333334,70.53625,3.0708333333333333,3.566666666666667,237.625,0.18000000000000002,78.55583333333333,0.9111686353326631,-0.41203363695942635,0.8660254037844387,-0.4999999999999998,14
2020-04-26,4697,3475,2879,10.987499999999999,65.8,3.9125,3.475,228.08333333333334,0.18000000000000002,78.28791666666667,0.9039461929224011,-0.42764620926777464,0.8660254037844387,-0.4999999999999998,14
2020-04-27,5424,4434,2603,12.258333333333333,62.19833333333333,3.8375000000000004,1.9750000000000003,158.875,0.18000000000000002,78.02333333333333,0.8964562582905575,-0.44313223418263453,0.8660254037844387,-0.4999999999999998,14
2020-04-28,5474,5090,2100,11.133333333333333,70.72375000000001,5.279166666666667,5.258333333333334,280.3333333333333,0.18000000000000002,77.76375,0.8887010478292915,-0.45848712914008766,0.8660254037844387,-0.4999999999999998,14
2020-04-29,7634,10660,1177,10.354166666666666,61.560833333333335,1.9416666666666667,2.5125,232.54166666666666,0.18000000000000002,77.50666666666667,0.8806828564301475,-0.47370635037968,0.8660254037844387,-0.4999999999999998,14
2020-04-30,6828,7967,1569,14.825000000000001,54.12708333333333,4.508333333333334,4.4625,164.70833333333334,0.18000000000000002,77.22875,0.8724040568049612,-0.48878539428899265,0.8660254037844387,-0.4999999999999998,14
2020-05-01,3276,1925,2318,15.016666666666667,62.96083333333333,7.550000000000001,4.775,278.375,0.18000000000000002,76.98125,0.8638670987837349,-0.503719798736334,0.49999999999999994,-0.8660254037844387,15
2020-05-02,7808,10855,1230,13.2875,51.76208333333333,2.3458333333333337,3.7000000000000006,260.75,0.18000000000000002,76.73541666666667,0.8550745085896932,-0.518505144391157,0.49999999999999994,-0.8660254037844387,15
2020-05-03,7610,9555,1595,10.383333333333335,58.54583333333333,1.7875000000000003,4.520833333333333,90.54166666666667,0.18000000000000002,76.49333333333334,0.8460288880917339,-0.533137056031809,0.49999999999999994,-0.8660254037844387,15
2020-05-04,1053,11,1048,7.245833333333334,78.25208333333333,3.529166666666667,2.4833333333333334,65.5,0.18000000000000002,76.255,0.8367329140344921,-0.5476112038402312,0.49999999999999994,-0.8660254037844387,15
2020-05-05,3971,1461,3091,7.629166666666666,71.70041666666667,2.391666666666667,2.9583333333333335,236.45833333333334,0.18000000000000002,76.02083333333333,0.8271893372462497,-0.5619233046832195,0.49999999999999994,-0.8660254037844387,15
2020-05-06,7003,7140,2304,11.262500000000001,59.82458333333333,2.65,1.5250000000000001,222.625,0.18000000000000002,75.79125,0.8174009818249189,-0.5760691233798758,0.49999999999999994,-0.8660254037844387,15
2020-05-07,5174,2715,3694,6.633333333333334,62.10875000000001,-0.8125,3.304166666666667,66.16666666666667,0.18000000000000002,75.565,0.8073707443023492,-0.5900444739548627,0.49999999999999994,-0.8660254037844387,15
2020-05-08,6507,5340,3241,9.420833333333333,50.07375,-1.6000000000000003,1.4416666666666667,203.16666666666666,0.18000000000000002,75.34291666666667,0.7971015927871943,-0.6038452208771035,0.49999999999999994,-0.8660254037844387,15
2020-05-09,2069,1221,1785,4.783333333333334,66.05583333333334,-1.3625,5.783333333333334,240.375,0.18000000000000002,75.12541666666667,0.7865965660866021,-0.6174672802835514,0.49999999999999994,-0.8660254037844387,15
2020-05-10,7336,8070,1903,3.3875000000000006,58.24333333333333,-4.754166666666667,3.316666666666667,230.91666666666666,0.18000000000000002,74.90916666666666,0.7758587728069828,-0.6309066211876704,0.49999999999999994,-0.8660254037844387,15
2020-05-11,7436,7831,2248,4.7625,56.275,-3.9708333333333337,1.6041666666666667,58.625,0.18000000000000002,74.70125,0.7648913904341226,-0.6441592666722685,0.49999999999999994,-0.8660254037844387,15
2020-05-12,5359,4592,2698,5.045833333333333,67.63000000000001,-1.0541666666666667,4.4875,136.95833333333334,0.18000000000000002,74.49541666666667,0.753697664392914,-0.6572212950663319,0.49999999999999994,-0.8660254037844387,15
2020-05-13,2076,517,1804,9.0375,80.875,5.737500000000001,2.8708333333333336,199.375,0.18000000000000002,74.295,0.742280907086982,-0.6700888411055113,0.49999999999999994,-0.8660254037844387,15
2020-05-14,7886,10252,1776,10.450000000000001,63.12083333333334,2.691666666666667,3.9458333333333333,227.75,0.18000000000000002,74.09791666666666,0.7306444969184916,-0.6827580970759147,0.49999999999999994,-0.8660254037844387,15
2020-05-15,6472,5337,3230,12.5625,62.74333333333334,4.441666666666667,2.1125000000000003,159.375,0.18291666666666664,73.90458333333333,0.7187918772884232,-0.6952253139408722,0.49999999999999994,-0.8660254037844387,15
2020-05-16,4165,1113,3661,12.254166666666668,67.81833333333334,5.625,1.6583333333333334,148.66666666666666,0.19000000000000003,73.71708333333333,0.7067265555776158,-0.7074868024503348,0.49999999999999994,-0.8660254037844387,15
2020-05-17,8012,9543,1711,15.404166666666667,54.64125000000001,5.404166666666668,3.3625000000000003,133.625,0.19000000000000003,73.53458333333334,0.6944521021088763,-0.719538934232584,0.49999999999999994,-0.8660254037844387,15
2020-05-18,7230,7004,2420,16.175,62.69916666666666,8.1,6.112500000000001,145.875,0.18708333333333335,73.35666666666667,0.6819721490904629,-0.7313781428679254,0.49999999999999994,-0.8660254037844387,15
2020-05-19,8106,10435,1253,18.64166666666667,65.50875,11.379166666666668,6.6625000000000005,155.20833333333334,0.18000000000000002,73.18375,0.6692903895412567,-0.7430009249440493,0.49999999999999994,-0.8660254037844387,15
2020-05-20,7436,6869,2327,18.858333333333334,67.80791666666667,11.950000000000001,7.229166666666667,152.66666666666666,0.18000000000000002,73.01458333333333,0.6564105761979381,-0.7544038410927472,0.49999999999999994,-0.8660254037844387,15
2020-05-21,5626,2999,3602,19.741666666666667,60.94875,10.245833333333334,4.575,174.625,0.18291666666666664,72.84916666666668,0.6433365204044917,-0.765583517007675,0.49999999999999994,-0.8660254037844387,15
2020-05-22,5616,3892,2871,20.441666666666666,64.34166666666667,11.591666666666667,3.533333333333333,163.04166666666666,0.18708333333333335,72.68916666666667,0.6300720909843687,-0.7765366444428655,0.49999999999999994,-0.8660254037844387,15
2020-05-23,5291,2826,3173,20.270833333333332,68.1225,13.0875,3.0,151.5,0.18291666666666664,72.53541666666666,0.6166212130956382,-0.7872599821916922,0.49999999999999994,-0.8660254037844387,15
2020-05-24,3043,2565,1865,14.220833333333333,83.53541666666666,11.35,3.5833333333333335,228.83333333333334,0.19000000000000003,72.385,0.6029878670694714,-0.7977503570459932,0.49999999999999994,-0.8660254037844387,15
2020-05-25,2669,114,2581,12.741666666666667,78.6775,8.820833333333335,1.9041666666666668,149.08333333333334,0.19000000000000003,72.24125,0.5891760872322963,-0.8080046647350754,0.49999999999999994,-0.8660254037844387,15
2020-05-26,7197,7507,2323,17.408333333333335,62.36833333333333,8.675,2.0833333333333335,249.16666666666666,0.19000000000000003,72.10208333333334,0.5751899607119775,-0.8180198708443175,0.49999999999999994,-0.8660254037844387,15
2020-05-27,6665,6559,2697,17.854166666666668,55.965833333333336,8.270833333333334,2.879166666666667,307.4583333333333,0.19000000000000003,71.96833333333333,0.5610336262283677,-0.8277930117131022,0.49999999999999994,-0.8660254037844387,15
2020-05-28,8566,11273,1347,15.025,52.59791666666666,4.495833333333334,4.895833333333333,291.5,0.19000000000000003,71.83875,0.5467112728685939,-0.8373211953118121,0.49999999999999994,-0.8660254037844387,15
2020-05-29,7846,8571,1867,13.862499999999999,57.956250000000004,4.595833333333334,1.5791666666666666,35.875,0.19000000000000003,71.715,0.5322271388474397,-0.8466016020976267,0.49999999999999994,-0.8660254037844387,15
2020-05-30,8276,9929,1539,14.870833333333332,54.013749999999995,4.7625,3.6500000000000004,111.91666666666667,0.19000000000000003,71.595,0.5175855102531889,-0.8556314858488706,0.49999999999999994,-0.8660254037844387,15
2020-05-31,7520,8108,2173,19.4125,61.76333333333333,11.433333333333332,5.333333333333333,147.625,0.19000000000000003,71.4825,0.5027907197793043,-0.8644081744776648,0.49999999999999994,-0.8660254037844387,15
2020-06-01,8392,10403,1429,23.425,57.5275,12.645833333333334,2.804166666666667,254.25,0.19000000000000003,71.37416666666667,0.4878471454423119,-0.8729290708206411,1.2246467991473532e-16,-1.0,15
2020-06-02,7091,7524,2021,21.270833333333332,50.74,9.645833333333334,3.366666666666667,235.29166666666666,0.19000000000000003,71.24916666666667,0.47275920928627757,-0.881191653407483,1.2246467991473532e-16,-1.0,15
2020-06-03,5664,5490,3042,20.2875,52.66833333333333,9.704166666666667,2.7624999999999997,232.33333333333334,0.19000000000000003,71.1525,0.4575313760742512,-0.8891934772070711,1.2246467991473532e-16,-1.0,15
2020-06-04,5047,4205,2374,17.729166666666668,63.33375,10.375,1.3,157.66666666666666,0.19000000000000003,71.06041666666667,0.44216815196707204,-0.8969321743510065,1.2246467991473532e-16,-1.0,16
2020-06-05,6394,6796,2647,18.654166666666665,50.59625,6.754166666666667,2.004166666666667,169.0,0.19000000000000003,70.97583333333334,0.42667408318992467,-0.9044054548343001,1.2246467991473532e-16,-1.0,16
2020-06-06,4614,2307,2999,20.316666666666666,66.47458333333334,13.420833333333334,7.516666666666667,129.66666666666666,0.19000000000000003,70.89625,0.4110537546870351,-0.9116111071930239,1.2246467991473532e-16,-1.0,16
2020-06-07,8376,10334,1425,24.479166666666668,61.64291666666667,14.862499999999999,3.1041666666666665,209.16666666666666,0.19000000000000003,70.82041666666667,0.3953117887649151,-0.9185469991587165,1.2246467991473532e-16,-1.0,16
2020-06-08,4897,2644,3173,22.125,58.38708333333333,12.616666666666667,3.6375000000000006,244.41666666666666,0.19000000000000003,70.75083333333333,0.37945284372454435,-0.925211078289358,1.2246467991473532e-16,-1.0,16
2020-06-09,5299,3163,3077,16.270833333333332,58.35583333333333,7.612500000000001,5.158333333333334,321.5833333333333,0.19000000000000003,70.685,0.36348161248290634,-0.9316013725767187,1.2246467991473532e-16,-1.0,16
2020-06-10,7179,7702,2629,17.770833333333332,49.123333333333335,5.766666666666667,4.241666666666667,311.2916666666667,0.19000000000000003,70.62583333333333,0.3474028211842774,-0.9377159910299093,1.2246467991473532e-16,-1.0,16
2020-06-11,8678,11439,1296,20.729166666666668,45.2275,6.929166666666667,2.8375000000000004,257.125,0.19000000000000003,70.5725,0.3312212278016865,-0.9435531242349544,1.2246467991473532e-16,-1.0,16
2020-06-12,8488,10366,1513,20.962500000000002,55.8525,10.9,4.408333333333334,101.29166666666667,0.19000000000000003,70.52625,0.31494162072895193,-0.9491110448902284,1.2246467991473532e-16,-1.0,16
2020-06-13,7821,8073,2084,23.766666666666666,56.57583333333333,13.704166666666666,6.233333333333333,133.66666666666666,0.19000000000000003,70.48458333333333,0.2985688173637202,-0.9543881083175908,1.2246467991473532e-16,-1.0,16
2020-06-14,6575,5716,3021,25.125,62.68375,16.541666666666668,5.612500000000001,147.54166666666666,0.19291666666666665,70.4475,0.2821076626819194,-0.9593827529490743,1.2246467991473532e-16,-1.0,16
2020-06-15,6973,6270,3074,22.8625,50.52666666666667,10.383333333333333,2.5458333333333334,246.125,0.19708333333333336,70.41666666666667,0.26556302780405594,-0.9640935007889755,1.2246467991473532e-16,-1.0,16
2020-06-16,6349,3973,3338,27.450000000000003,49.63166666666667,14.658333333333333,6.379166666666666,160.375,0.19291666666666665,70.39041666666667,0.24893980855376657,-0.9685189578512204,1.2246467991473532e-16,-1.0,16
2020-06-17,6662,5638,3210,23.625,60.977916666666665,15.045833333333334,2.6666666666666665,209.04166666666666,0.19416666666666668,70.37,0.23224292400907015,-0.9726578145718654,1.2246467991473532e-16,-1.0,16
2020-06-18,5468,5313,2637,17.725,57.82333333333333,8.908333333333333,4.045833333333333,292.8333333333333,0.18000000000000002,70.35583333333334,0.21547731504673012,-0.976508846196619,1.2246467991473532e-16,-1.0,16
2020-06-19,8331,9992,1766,18.8625,52.088750000000005,7.704166666666667,2.966666666666667,243.375,0.18000000000000002,70.34666666666666,0.19864794288017112,-0.9800709131432666,1.2246467991473532e-16,-1.0,16
2020-06-20,7729,8218,2297,20.441666666666666,53.66791666666666,9.825000000000001,3.3625000000000003,243.91666666666666,0.18000000000000002,70.34333333333333,0.18175978759137534,-0.9833429613388902,1.2246467991473532e-16,-1.0,16
2020-06-21,5997,4348,3103,17.191666666666666,60.24375,9.254166666666666,1.2166666666666668,143.5,0.18000000000000002,70.34458333333333,0.16481784665719793,-0.9863240225317866,1.2246467991473532e-16,-1.0,16
2020-06-22,7690,8150,2553,18.429166666666667,48.2725,6.104166666666667,2.9791666666666665,194.375,0.18000000000000002,70.35333333333334,0.14782713347053048,-0.9890132145779883,1.2246467991473532e-16,-1.0,16
2020-06-23,8552,10584,1475,20.758333333333333,49.04291666666666,8.512500000000001,1.804166666666667,255.29166666666666,0.18291666666666664,70.36791666666666,0.13079267585675922,-0.9914097417023038,1.2246467991473532e-16,-1.0,16
2020-06-24,8258,9841,1483,25.004166666666666,46.17916666666667,11.641666666666666,2.9083333333333337,164.45833333333334,0.18708333333333335,70.38666666666667,0.11371951458594969,-0.9935128947338007,1.2246467991473532e-16,-1.0,16
2020-06-25,5950,5577,2412,22.82916666666667,66.32958333333333,16.066666666666666,2.9583333333333335,251.08333333333334,0.18000000000000002,70.41041666666666,0.0966127018812031,-0.9953220513156602,1.2246467991473532e-16,-1.0,16
2020-06-26,8732,11765,1204,24.295833333333334,47.69625,10.975,2.1,279.0833333333333,0.18000000000000002,70.44125,0.07947729992362097,-0.9968366760893436,1.2246467991473532e-16,-1.0,16
2020-06-27,8552,11527,1144,27.233333333333334,50.85,14.966666666666667,4.6625000000000005,175.04166666666666,0.18000000000000002,70.47708333333334,0.062318379354325076,-0.998056320853012,1.2246467991473532e-16,-1.0,16
2020-06-28,7793,8577,1945,27.470833333333335,65.55041666666666,19.416666666666668,4.7125,148.0,0.18000000000000002,70.51833333333333,0.04514101777397193,-0.9989806246941579,1.2246467991473532e-16,-1.0,16
2020-06-29,6796,5255,3234,26.162499999999998,76.07916666666667,20.833333333333332,3.679166666666667,119.54166666666667,0.18291666666666664,70.56583333333333,0.02795029824021032,-0.999609314096404,1.2246467991473532e-16,-1.0,16
2020-06-30,2022,495,1627,21.941666666666666,91.65499999999999,20.433333333333334,3.7708333333333335,162.20833333333334,0.18708333333333335,70.61625,0.01075130776352193,-0.9999422030204416,1.2246467991473532e-16,-1.0,16
2020-07-01,8337,10756,1494,22.083333333333332,58.42458333333334,12.066666666666668,2.6958333333333333,194.25,0.18000000000000002,70.67416666666666,-0.00645086419810515,-0.9999791929590823,-0.4999999999999997,-0.8660254037844388,16
2020-07-02,6061,6410,1911,26.412499999999998,57.52541666666667,16.233333333333334,5.308333333333334,166.58333333333334,0.18291666666666664,70.7375,-0.023651127245231586,-0.9997202729664083,-0.4999999999999997,-0.8660254037844388,16
2020-07-03,7762,8919,1413,27.1875,65.88000000000001,19.170833333333334,2.5500000000000003,148.0,0.19000000000000003,70.80583333333333,-0.04084439154329611,-0.9991655196610109,-0.4999999999999997,-0.8660254037844388,16
2020-07-04,7269,8003,1641,27.212500000000002,67.21625,19.516666666666666,2.5083333333333333,150.58333333333334,0.19000000000000003,70.88041666666668,-0.05802556932878035,-0.9983150972033183,-0.4999999999999997,-0.8660254037844388,16
2020-07-05,4730,3255,2528,25.59583333333333,65.38250000000001,17.629166666666666,1.9500000000000002,215.20833333333334,0.19000000000000003,70.95833333333333,-0.07518957641475855,-0.9971692572470178,-0.4999999999999997,-0.8660254037844388,16
2020-07-06,7670,8586,1834,23.895833333333332,60.74916666666667,15.008333333333333,1.6500000000000001,149.41666666666666,0.19000000000000003,71.04416666666667,-0.09233133369539122,-0.9957283388645872,-0.4999999999999997,-0.8660254037844388,16
2020-07-07,8228,10140,1463,24.9875,68.14458333333333,17.908333333333335,4.108333333333333,121.95833333333333,0.19000000000000003,71.13416666666667,-0.10944576864891556,-0.993992768446958,-0.4999999999999997,-0.8660254037844388,16
2020-07-08,8571,11386,1130,23.633333333333336,62.1875,14.441666666666668,2.229166666666667,283.2916666666667,0.18708333333333335,71.23041666666667,-0.12652781683868314,-0.9919630595773397,-0.4999999999999997,-0.8660254037844388,16
2020-07-09,8677,12129,1041,21.1875,48.907916666666665,9.158333333333333,4.1875,297.5416666666667,0.18000000000000002,71.32833333333333,-0.1435724234118113,-0.9896398128792412,-0.4999999999999997,-0.8660254037844388,16
2020-07-10,6203,5610,2684,23.170833333333334,54.702916666666674,12.770833333333334,1.2916666666666667,157.95833333333334,0.18291666666666664,71.435,-0.16057454459499376,-0.9870237158387383,-0.4999999999999997,-0.8660254037844388,16
2020-07-11,7643,9893,1686,21.770833333333332,58.5025,12.791666666666666,3.8625000000000003,257.8333333333333,0.19000000000000003,71.54541666666667,-0.17752914918703497,-0.984115542601034,-0.4999999999999997,-0.8660254037844388,16
2020-07-12,8467,11572,1109,24.433333333333334,51.407916666666665,12.754166666666668,3.6500000000000004,167.25,0.19000000000000003,71.66166666666668,-0.19443122004766195,-0.9809161537413774,-0.4999999999999997,-0.8660254037844388,16
2020-07-13,5371,3897,2875,22.620833333333334,56.848333333333336,12.758333333333333,3.3333333333333335,278.0,0.19000000000000003,71.78333333333333,-0.2112757555821793,-0.9774264960104055,-0.4999999999999997,-0.8660254037844388,16
2020-07-14,7768,9803,1832,21.25,45.25333333333333,7.5874999999999995,2.9499999999999997,253.375,0.19000000000000003,71.90833333333333,-0.2280577712215198,-0.9736476020539838,-0.4999999999999997,-0.8660254037844388,16
2020-07-15,8177,10065,1355,23.337500000000002,41.98,7.920833333333333,2.7750000000000004,238.45833333333334,0.19000000000000003,72.04166666666667,-0.24477230089725957,-0.9695805901076308,-0.4999999999999997,-0.8660254037844388,16
2020-07-16,8391,11614,1028,24.537499999999998,43.6225,10.316666666666666,2.9291666666666667,265.4166666666667,0.19000000000000003,72.17583333333333,-0.2614143985111562,-0.965226663665613,-0.4999999999999997,-0.8660254037844388,15
2020-07-17,7693,9124,1408,28.516666666666666,53.531666666666666,17.5375,4.0625,137.70833333333334,0.19000000000000003,72.31833333333334,-0.2779791393987801,-0.9605871111248129,-0.4999999999999997,-0.8660254037844388,15
2020-07-18,6653,7220,2076,22.395833333333332,61.025,13.679166666666667,4.1000000000000005,260.1666666666667,0.19000000000000003,72.46416666666667,-0.2944616217868012,-0.9556633054034704,-0.4999999999999997,-0.8660254037844388,15
2020-07-19,8324,11579,1045,22.095833333333335,47.42583333333334,9.508333333333335,3.404166666666667,261.1666666666667,0.19000000000000003,72.63875,-0.3108569682435036,-0.9504567035349151,-0.4999999999999997,-0.8660254037844388,15
2020-07-20,4558,4424,2064,21.370833333333334,58.973333333333336,11.904166666666667,1.7625000000000002,161.54166666666666,0.19000000000000003,72.79416666666667,-0.3271603271220951,-0.9449688462364056,-0.4999999999999997,-0.8660254037844388,15
2020-07-21,8126,10976,1177,21.229166666666668,60.48791666666667,12.170833333333334,2.379166666666667,239.625,0.19000000000000003,72.95583333333333,-0.34336687399638804,-0.939201357453208,-0.4999999999999997,-0.8660254037844388,15
2020-07-22,7957,10791,1140,24.212500000000002,57.36375,14.2875,5.133333333333334,142.20833333333334,0.19000000000000003,73.12208333333334,-0.3594718130884232,-0.9331559438780432,-0.4999999999999997,-0.8660254037844388,15
2020-07-23,6282,5351,2708,27.695833333333336,61.96875,19.083333333333332,5.612500000000001,148.875,0.19000000000000003,73.29291666666667,-0.3754703786876202,-0.9268343944460494,-0.4999999999999997,-0.8660254037844388,15
2020-07-24,5210,3575,2936,27.129166666666666,57.673750000000005,16.666666666666668,1.8250000000000002,203.45833333333334,0.18708333333333335,73.46833333333333,-0.3913578365610259,-0.9202385798054075,-0.4999999999999997,-0.8660254037844388,15
2020-07-25,7037,7972,1661,27.05,54.1325,15.516666666666666,2.1375,154.75,0.18000000000000002,73.64708333333333,-0.4071294853542516,-0.9133704517637858,-0.4999999999999997,-0.8660254037844388,15
2020-07-26,7957,10531,1202,22.666666666666668,47.98333333333333,9.691666666666666,2.504166666666667,240.16666666666666,0.18000000000000002,73.83083333333333,-0.4227806579826773,-0.9062320427107697,-0.4999999999999997,-0.8660254037844388,15
2020-07-27,7971,10999,1039,24.42916666666667,43.697916666666664,10.304166666666665,2.1208333333333336,235.54166666666666,0.18000000000000002,74.02083333333333,-0.4383067230125192,-0.898825465016444,-0.4999999999999997,-0.8660254037844388,15
2020-07-28,8111,11127,1072,24.583333333333332,43.223749999999995,9.879166666666666,1.7625000000000002,69.83333333333333,0.18000000000000002,74.215,-0.45370308603134424,-0.8911529104063088,-0.4999999999999997,-0.8660254037844388,15
2020-07-29,7303,8414,1888,24.587500000000002,50.887499999999996,12.808333333333332,2.341666666666667,141.91666666666666,0.18000000000000002,74.41125,-0.46896519100763184,-0.8832166493127127,-0.4999999999999997,-0.8660254037844388,15
2020-07-30,7475,8737,1430,25.729166666666668,51.000416666666666,13.799999999999999,1.2541666666666667,189.91666666666666,0.18000000000000002,74.61291666666666,-0.48408852163897587,-0.8750190302029955,-0.4999999999999997,-0.8660254037844388,15
2020-07-31,7299,8742,1444,26.104166666666668,52.385416666666664,14.779166666666667,3.366666666666667,219.125,0.18000000000000002,74.81833333333334,-0.4990686026885319,-0.8665624788845385,-0.4999999999999997,-0.8660254037844388,15
2020-08-01,7105,8954,1752,22.262500000000003,51.44166666666667,10.570833333333335,3.1999999999999997,25.083333333333332,0.18000000000000002,75.02833333333334,-0.5139010013093103,-0.8578494977869301,-0.8660254037844384,-0.5000000000000004,15
2020-08-02,7537,10154,1460,20.858333333333334,49.71,8.829166666666667,2.4833333333333334,56.041666666666664,0.18000000000000002,75.24166666666666,-0.5285813283559292,-0.8488826652214553,-0.8660254037844384,-0.5000000000000004,15
2020-08-03,7883,11234,1019,20.783333333333335,46.74,7.804166666666667,3.2916666666666665,138.41666666666666,0.18291666666666664,75.45916666666666,-0.5431052396834317,-0.8396646346181327,-0.8660254037844384,-0.5000000000000004,15
2020-08-04,5677,4443,2955,19.85,60.528333333333336,11.429166666666667,3.6041666666666665,153.58333333333334,0.19000000000000003,75.68166666666666,-0.5574684374327892,-0.8301981337405212,-0.8660254037844384,-0.5000000000000004,14
2020-08-05,6631,7873,1648,21.704166666666666,65.06750000000001,13.9375,2.7624999999999997,200.5,0.19000000000000003,75.9075,-0.5716666713027052,-0.8204859638785327,-0.8660254037844384,-0.5000000000000004,14
2020-08-06,7691,11099,957,23.945833333333336,53.63958333333333,12.75,2.6375,159.83333333333334,0.19000000000000003,76.16041666666666,-0.5856957398073508,-0.8105309990194823,-0.8660254037844384,-0.5000000000000004,14
2020-08-07,6942,7937,1383,26.6125,56.36000000000001,16.1125,2.35,182.41666666666666,0.18708333333333335,76.39625,-0.5995514915196489,-0.8003361849976323,-0.8660254037844384,-0.5000000000000004,14
2020-08-08,5444,5180,2147,24.095833333333335,43.55708333333334,10.058333333333334,2.1833333333333336,99.0,0.18000000000000002,76.63458333333334,-0.6132298262997502,-0.7899045386224707,-0.8660254037844384,-0.5000000000000004,14
2020-08-09,7083,9227,1196,22.708333333333332,51.3975,10.645833333333334,3.7708333333333335,276.2083333333333,0.18000000000000002,76.87583333333333,-0.6267266965083301,-0.7792391467859886,-0.8660254037844384,-0.5000000000000004,14
2020-08-10,7739,11566,856,21.704166666666666,38.350833333333334,4.629166666666667,2.9166666666666665,261.2083333333333,0.18291666666666664,77.12125,-0.6400381082043503,-0.7683431655492202,-0.8660254037844384,-0.5000000000000004,14
2020-08-11,7337,10567,997,24.912499999999998,51.93541666666667,12.616666666666667,1.9875,153.5,0.18416666666666667,77.37208333333334,-0.65316012232693,-0.7572198192083127,-0.8660254037844384,-0.5000000000000004,14
2020-08-12,7246,10338,1015,26.345833333333335,62.732499999999995,17.358333333333334,4.195833333333334,129.375,0.16416666666666668,77.62291666666667,-0.666088855860977,-0.7458723993404063,-0.8660254037844384,-0.5000000000000004,14
2020-08-13,6640,7879,1525,25.941666666666666,56.715833333333336,15.0,2.970833333333333,212.95833333333334,0.15291666666666667,77.87916666666666,-0.6788204829862355,-0.734304263829602,-0.8660254037844384,-0.5000000000000004,14
2020-08-14,6274,7764,1207,19.900000000000002,60.965,11.216666666666667,4.020833333333334,219.125,0.16,78.13791666666667,-0.6913512362094071,-0.722518835873311,-0.8660254037844384,-0.5000000000000004,14
2020-08-15,6111,6544,2045,22.46666666666667,44.01208333333333,8.479166666666666,2.8541666666666665,231.375,0.16,78.40041666666666,-0.7036774074790128,-0.7105196029692745,-0.8660254037844384,-0.5000000000000004,14
2020-08-16,7134,10525,918,23.775000000000002,46.642500000000005,10.7875,2.8833333333333333,226.91666666666666,0.16,78.66583333333334,-0.7157953492826642,-0.6983101158835584,-0.8660254037844384,-0.5000000000000004,14
2020-08-17,7001,9457,1109,26.099999999999998,41.22083333333334,10.674999999999999,1.6291666666666667,142.20833333333334,0.16,78.93583333333333,-0.7277014757264236,-0.6858939875998223,-0.8660254037844384,-0.5000000000000004,14
2020-08-18,6836,9246,1128,27.395833333333332,48.85958333333334,14.450000000000001,4.1000000000000005,175.58333333333334,0.16,79.20625,-0.7393922635959241,-0.673274892250183,-0.8660254037844384,-0.5000000000000004,14
2020-08-19,6689,8911,1229,28.854166666666668,49.74916666666667,15.695833333333333,2.591666666666667,146.20833333333334,0.16,79.48083333333334,-0.7508642533989489,-0.6604565640279754,-0.8660254037844384,-0.5000000000000004,14
2020-08-20,6457,7918,1494,29.158333333333335,43.80416666666667,13.887500000000001,2.125,200.625,0.16,79.75916666666667,-0.7621140503891487,-0.6474427960827475,-0.8660254037844384,-0.5000000000000004,14
2020-08-21,4769,5226,1372,26.462500000000002,50.76333333333333,14.091666666666667,1.6458333333333333,245.875,0.16,80.03875000000001,-0.7731383255706026,-0.6342374393978054,-0.8660254037844384,-0.5000000000000004,14
2020-08-22,6738,9374,1145,26.641666666666666,41.24,11.012500000000001,1.8416666666666668,211.04166666666666,0.16,80.32083333333334,-0.7839338166829201,-0.620844401650647,-0.8660254037844384,-0.5000000000000004,14
2020-08-23,5686,4415,3081,23.645833333333332,49.69833333333333,11.491666666666667,3.4791666666666665,126.95833333333333,0.16,80.605,-0.7944973291665992,-0.6072676460566135,-0.8660254037844384,-0.5000000000000004,14
2020-08-24,6598,9168,1198,23.358333333333334,56.581250000000004,13.441666666666668,3.4625000000000004,93.54166666666667,0.16,80.89208333333333,-0.8048257371083452,-0.593511190196115,-0.8660254037844384,-0.5000000000000004,14
2020-08-25,4697,2859,2970,26.200000000000003,60.97541666666667,17.270833333333332,2.266666666666667,161.75,0.16,81.18166666666667,-0.8149159841660791,-0.5795791048257612,-0.8660254037844384,-0.5000000000000004,14
2020-08-26,4783,4358,2077,24.262500000000003,55.064166666666665,13.862499999999999,2.4958333333333336,157.5,0.16,81.47500000000001,-0.8247650844733614,-0.5654755126737576,-0.8660254037844384,-0.5000000000000004,14
2020-08-27,2109,1083,1692,22.0125,69.07875,15.316666666666668,2.5708333333333333,160.29166666666666,0.16,81.76791666666666,-0.8343701235229537,-0.5512045872199277,-0.8660254037844384,-0.5000000000000004,13
2020-08-28,6717,10202,868,19.045833333333334,61.24,10.012500000000001,3.9583333333333335,315.5833333333333,0.16,82.08749999999999,-0.8437282590292712,-0.5367705514607103,-0.8660254037844384,-0.5000000000000004,13
2020-08-29,6608,10277,863,20.845833333333335,44.74666666666667,7.300000000000001,2.904166666666667,148.95833333333334,0.16291666666666668,82.39,-0.8528367217694595,-0.522177676659508,-0.8660254037844384,-0.5000000000000004,13
2020-08-30,3509,2505,1922,16.683333333333334,56.43958333333333,7.816666666666666,4.7,257.4166666666667,0.17,82.69083333333333,-0.8616928164028521,-0.5074302810827518,-0.8660254037844384,-0.5000000000000004,13
2020-08-31,5716,6969,2032,17.216666666666665,39.56,2.266666666666667,4.0,258.625,0.17,82.99708333333334,-0.8702939222685674,-0.49253272872205434,-0.8660254037844384,-0.5000000000000004,13
2020-09-01,5824,8034,1175,19.429166666666667,39.805,4.3625,5.379166666666666,267.3333333333333,0.17,83.30208333333333,-0.8786374941610001,-0.4774894280028391,-1.0,-1.8369701987210297e-16,13
2020-09-02,5538,6958,1481,21.40833333333333,41.29,6.354166666666667,5.433333333333334,269.625,0.17,83.61083333333333,-0.886721063082993,-0.46230483047981086,-1.0,-1.8369701987210297e-16,13
2020-09-03,6388,10125,810,16.825,44.59916666666667,3.9166666666666665,4.866666666666667,311.7916666666667,0.17,83.92041666666667,-0.8945422369764496,-0.4469834295196741,-1.0,-1.8369701987210297e-16,13
2020-09-04,6198,9838,869,18.333333333333332,42.731249999999996,4.5375000000000005,3.3125,253.0,0.17,84.2325,-0.9020987014301837,-0.43152975897147144,-1.0,-1.8369701987210297e-16,13
2020-09-05,5197,5386,1687,21.220833333333335,42.276666666666664,6.754166666666666,3.1625,158.33333333333334,0.17,84.54625,-0.9093882203647925,-0.4159483918249421,-1.0,-1.8369701987210297e-16,13
2020-09-06,4585,3798,2534,18.420833333333334,49.72875,7.179166666666667,5.2375,308.375,0.17,84.86041666666667,-0.9164086366943458,-0.4002439388573056,-1.0,-1.8369701987210297e-16,13
2020-09-07,1196,227,1118,9.558333333333334,59.352916666666665,1.741666666666667,3.254166666666667,170.79166666666666,0.17,85.17666666666666,-0.9231578729647039,-0.38442104726885545,-1.0,-1.8369701987210297e-16,13
2020-09-08,4060,2051,2898,6.3125,48.24458333333333,-4.275,2.579166666666667,322.6666666666667,0.17,85.49291666666666,-0.9296339319682695,-0.3684843993077793,-1.0,-1.8369701987210297e-16,13
2020-09-09,6170,10169,821,8.466666666666667,42.69125,-4.575,2.991666666666667,216.875,0.17,85.8125,-0.9358348973349941,-0.35243871088460327,-1.0,-1.8369701987210297e-16,13
2020-09-10,6028,10010,788,12.829166666666667,42.91791666666666,-0.9083333333333333,2.5000000000000004,192.375,0.17,86.13208333333334,-0.9417589340994617,-0.33628873017668287,-1.0,-1.8369701987210297e-16,13
2020-09-11,2031,743,1771,12.358333333333334,67.53666666666668,5.966666666666668,3.179166666666667,166.33333333333334,0.17,86.45375,-0.9474042892438845,-0.32003923622313857,-1.0,-1.8369701987210297e-16,13
2020-09-12,5719,9115,850,17.55,57.78625,7.441666666666666,1.804166666666667,272.25,0.17,86.77749999999999,-0.9527692922168511,-0.30369503751065885,-1.0,-1.8369701987210297e-16,13
2020-09-13,4983,6044,1786,14.020833333333334,52.810833333333335,4.016666666666667,3.429166666666667,71.41666666666667,0.17,87.10000000000001,-0.9578523554276669,-0.28726097055059635,-1.0,-1.8369701987210297e-16,13
2020-09-14,4531,3850,2454,16.9125,58.44375,8.225,3.216666666666667,179.25,0.1729166666666667,87.42416666666666,-0.9626519747161487,-0.2707418984477642,-1.0,-1.8369701987210297e-16,13
2020-09-15,4312,3044,2745,17.058333333333334,63.23583333333334,9.458333333333334,2.6750000000000003,331.1666666666667,0.18000000000000002,87.74874999999999,-0.9671667297977312,-0.2541427094613622,-1.0,-1.8369701987210297e-16,13
2020-09-16,5094,6255,1727,13.383333333333333,53.97416666666667,3.5,2.591666666666667,242.83333333333334,0.18000000000000002,88.07291666666667,-0.97139528468375,-0.23746831555846842,-1.0,-1.8369701987210297e-16,13
2020-09-17,4180,4250,2010,13.737499999999999,55.122083333333336,4.2875000000000005,2.3125,114.54166666666667,0.18000000000000002,88.39999999999999,-0.9753363880767837,-0.2207236509605022,-1.0,-1.8369701987210297e-16,13
2020-09-18,5015,6805,1472,15.045833333333334,55.59791666666667,5.429166666666667,3.954166666666667,165.625,0.17708333333333334,88.72625,-0.9789888737409319,-0.20391367068311472,-1.0,-1.8369701987210297e-16,13
2020-09-19,3936,2557,2659,16.95,64.91083333333334,9.791666666666666,3.5333333333333337,132.45833333333334,0.17,89.05291666666666,-0.9823516608469237,-0.18704334906991657,-1.0,-1.8369701987210297e-16,13
2020-09-20,4628,6238,1133,19.608333333333334,57.677083333333336,9.854166666666666,4.470833333333334,250.33333333333334,0.17,89.38041666666668,-0.9854237542919524,-0.17011767832049052,-1.0,-1.8369701987210297e-16,12
2020-09-21,5088,7873,1027,19.650000000000002,45.967083333333335,6.708333333333333,2.9250000000000003,240.20833333333334,0.17,89.70583333333333,-0.9882042449941422,-0.15314166701312007,-1.0,-1.8369701987210297e-16,12
2020-09-22,5119,8269,911,20.029166666666665,48.30583333333333,7.541666666666667,2.3125,162.54166666666666,0.17,90.05791666666666,-0.9906923101615609,-0.13612033862266704,-1.0,-1.8369701987210297e-16,12
2020-09-23,3678,2820,1957,18.845833333333335,59.21083333333333,10.229166666666666,2.441666666666667,84.25,0.17,90.38666666666666,-0.9928872135356962,-0.11905873003404988,-1.0,-1.8369701987210297e-16,12
2020-09-24,4119,4562,1739,18.679166666666667,59.91166666666667,9.883333333333333,3.8000000000000003,167.25,0.16708333333333333,90.71541666666667,-0.994788305609327,-0.10196189005174576,-1.0,-1.8369701987210297e-16,12
2020-09-25,4794,6923,901,19.025000000000002,42.9,5.1625000000000005,3.466666666666667,289.0416666666667,0.16291666666666668,91.04291666666667,-0.9963950238187231,-0.08483487790576538,-1.0,-1.8369701987210297e-16,12
2020-09-26,1651,1558,1117,17.587500000000002,44.40208333333334,4.754166666666667,4.575,262.125,0.17,91.37,-0.9977068927101168,-0.06768276175455162,-1.0,-1.8369701987210297e-16,11
2020-09-27,1255,786,1011,11.174999999999999,58.16375,3.004166666666667,6.1000000000000005,304.2083333333333,0.17,91.72041666666667,-0.9987235240803972,-0.050510617185222886,-1.0,-1.8369701987210297e-16,11
2020-09-28,3026,3341,1688,11.137500000000001,58.934583333333336,2.941666666666667,4.504166666666667,308.8333333333333,0.17,92.05041666666666,-0.9994446170919858,-0.033323525711631344,-1.0,-1.8369701987210297e-16,11
2020-09-29,2590,2761,1479,16.783333333333335,43.48791666666667,3.8000000000000003,5.737500000000001,311.0416666666667,0.17,92.3775,-0.9998699583618592,-0.016126573270657762,-1.0,-1.8369701987210297e-16,11
2020-09-30,4247,6854,832,10.737499999999999,48.52291666666667,0.04583333333333334,7.2875000000000005,322.5416666666667,0.17,92.70583333333333,-0.9999994220246925,0.001075151282798226,-1.0,-1.8369701987210297e-16,11
2020-10-01,3271,4442,1223,7.195833333333333,60.18291666666667,-0.32916666666666666,2.858333333333334,266.25,0.17,93.03375,-0.999832969770105,0.018276557681691223,-0.8660254037844386,0.5000000000000001,11
2020-10-02,1503,736,1283,8.387500000000001,62.36208333333334,1.2958333333333334,2.891666666666667,158.75,0.17,93.35916666666667,-0.9993706508539969,0.03547255575312556,-0.8660254037844386,0.5000000000000001,11
2020-10-03,3998,6036,1144,8.395833333333334,68.60791666666667,2.4250000000000003,1.8,101.375,0.17,93.68583333333333,-0.9986126020839734,0.052658056924614005,-0.8660254037844386,0.5000000000000001,11
2020-10-04,4488,8522,648,11.970833333333333,58.26458333333333,3.1166666666666667,4.820833333333334,188.66666666666666,0.17,94.00999999999999,-0.9975590477788613,0.06982797572987089,-0.8660254037844386,0.5000000000000001,11
2020-10-05,4208,7102,804,15.170833333333334,54.28125,5.5249999999999995,4.841666666666667,301.5416666666667,0.17,94.33583333333333,-0.9962102997023297,0.0869772313136861,-0.8660254037844386,0.5000000000000001,11
2020-10-06,3865,6140,1105,17.066666666666666,51.41625,6.300000000000001,4.4125000000000005,247.125,0.17,94.65875,-0.9945667569706337,0.1041007489354256,-0.8660254037844386,0.5000000000000001,11
2020-10-07,2099,1734,1582,12.895833333333334,54.72208333333333,2.6125000000000003,2.7375000000000003,239.875,0.17,94.98125,-0.9926289059345095,0.121193461470736,-0.8660254037844386,0.5000000000000001,11
2020-10-08,3709,5812,1275,14.120833333333335,47.33291666666667,2.45,4.7125,174.79166666666666,0.17,95.30166666666666,-0.9903973200352558,0.1382503109109819,-0.8660254037844386,0.5000000000000001,11
2020-10-09,3932,6913,888,13.920833333333334,55.944583333333334,4.904166666666667,3.470833333333333,251.70833333333334,0.17,95.62124999999999,-0.9878726596350429,0.15526624985999563,-0.8660254037844386,0.5000000000000001,11
2020-10-10,3995,7256,823,13.941666666666668,50.45875,3.0833333333333335,5.550000000000001,148.875,0.17,95.94041666666668,-0.9850556718215013,0.172236243027682,-0.8660254037844386,0.5000000000000001,11
2020-10-11,1403,254,1295,12.820833333333333,53.837916666666665,3.5750000000000006,5.491666666666667,264.125,0.1729166666666667,96.25708333333334,-0.981947190186646,0.18915526872004093,-0.8660254037844386,0.5000000000000001,11
2020-10-12,2233,3596,866,10.220833333333333,56.005,1.0375,4.366666666666667,266.9583333333333,0.18000000000000002,96.57125,-0.9785481345802031,0.20601832032517084,-0.8660254037844386,0.5000000000000001,11
2020-10-13,3586,5702,1141,9.091666666666667,54.97125,-0.375,4.095833333333334,245.29166666666666,0.18000000000000002,96.88458333333334,-0.9748595108374125,0.22282040779479959,-0.8660254037844386,0.5000000000000001,11
2020-10-14,1984,2847,1218,7.445833333333334,52.10875000000001,-2.2916666666666665,6.2,305.5416666666667,0.18000000000000002,97.19666666666666,-0.9708824104813836,0.23955655912092708,-0.8660254037844386,0.5000000000000001,11
2020-10-15,2615,4356,1039,4.079166666666667,50.1475,-5.625,5.891666666666667,297.1666666666667,0.18000000000000002,97.50583333333333,-0.9666180104000972,0.2562218218071163,-0.8660254037844386,0.5000000000000001,11
2020-10-16,2176,2679,1325,2.720833333333333,56.20083333333333,-5.883333333333334,3.841666666666667,241.04166666666666,0.31708333333333333,97.81416666666667,-0.9620675724981452,0.27281126433401914,-0.8660254037844386,0.5000000000000001,11
2020-10-17,2945,4174,1187,-0.1958333333333334,59.02166666666667,-8.395833333333334,4.3375,230.75,0.5129166666666667,98.11916666666667,-0.957232443323312,0.28931997761869527,-0.8660254037844386,0.5000000000000001,11
2020-10-18,1981,584,1699,-2.2416666666666667,50.16041666666666,-11.558333333333332,2.9791666666666665,266.2916666666667,0.18000000000000002,98.42166666666667,-0.9521140536681102,0.3057430764672831,-0.8660254037844386,0.5000000000000001,11
2020-10-19,2431,2338,1388,-2.1041666666666665,68.00375000000001,-7.316666666666667,1.8458333333333334,102.08333333333333,0.32,98.72375,-0.9467139181463862,0.3220757010206104,-0.8660254037844386,0.5000000000000001,11
2020-10-20,1038,1426,775,-0.09583333333333337,80.73208333333334,-3.1,4.291666666666667,230.83333333333334,0.6804166666666668,99.0225,-0.9410336347451197,0.3383130181923076,-0.8660254037844386,0.5000000000000001,11
2020-10-21,2384,763,2058,-2.1208333333333336,65.04416666666667,-8.075000000000001,1.8,195.79166666666666,0.73,99.31916666666666,-0.9350748843515574,0.3544502230989869,-0.8660254037844386,0.5000000000000001,11
2020-10-22,2366,727,2028,-2.9375,76.44125000000001,-6.529166666666668,3.629166666666667,134.70833333333334,0.7504166666666667,99.61166666666666,-0.9288394302558068,0.3704825404820963,-0.8660254037844386,0.5000000000000001,11
2020-10-23,3592,6728,774,-5.2,57.80083333333334,-12.454166666666666,2.6833333333333336,281.0833333333333,0.8000000000000002,99.90208333333334,-0.9223291176290545,0.3864052261209853,-0.8660254037844386,0.5000000000000001,11
2020-10-24,2305,564,2053,-5.045833333333333,61.71791666666667,-11.2875,2.579166666666667,80.58333333333333,0.8000000000000002,100.19125000000001,-0.9155458729775467,0.40221356823680365,-0.8660254037844386,0.5000000000000001,11
2020-10-25,2311,844,1904,-6.295833333333333,56.32749999999999,-13.645833333333334,3.741666666666667,317.9583333333333,0.8000000000000002,100.47500000000001,-0.9084917035725082,0.41790288888678667,-0.8660254037844386,0.5000000000000001,11
2020-10-26,3534,7413,679,-7.5874999999999995,59.21458333333334,-14.379166666666668,4.15,233.20833333333334,0.7941666666666668,100.75708333333334,-0.9011686968561569,0.4334685453485363,-0.8660254037844386,0.5000000000000001,11
2020-10-27,2299,2711,1431,-0.8666666666666666,70.31750000000001,-5.8,4.4625,244.16666666666666,0.6079166666666667,101.03666666666668,-0.8935790198239952,0.4489059314938798,-0.8660254037844386,0.5000000000000001,11
2020-10-28,2609,4605,878,1.2291666666666667,83.26625,-1.4958333333333336,3.441666666666667,318.3333333333333,0.19000000000000003,101.31208333333332,-0.8857249183835637,0.4642104791518923,-0.8660254037844386,0.5000000000000001,11
2020-10-29,700,538,602,0.31666666666666665,90.87875000000001,-1.0791666666666668,2.1791666666666667,193.95833333333334,0.19000000000000003,101.585,-0.8776087166898392,0.4793776594606945,-0.8660254037844386,0.5000000000000001,10
2020-10-30,924,1592,662,2.6458333333333335,87.28208333333333,0.4791666666666667,3.8125,209.54166666666666,0.19000000000000003,101.87833333333333,-0.8692328164574792,0.49440298420761813,-0.8660254037844386,0.5000000000000001,10
2020-10-31,2653,5260,811,2.216666666666667,65.28875000000001,-4.154166666666667,7.179166666666667,307.375,0.18708333333333335,102.14625000000001,-0.8605996962501181,0.5092820071573356,-0.8660254037844386,0.5000000000000001,10
2020-11-01,2970,6707,536,2.2416666666666667,56.46625,-5.966666666666668,3.0416666666666665,237.75,0.18000000000000002,102.40833333333335,-0.8517119107469189,0.5240103253675756,-0.5000000000000004,0.8660254037844384,10
2020-11-02,2939,7165,442,8.9,60.520833333333336,1.2541666666666667,2.858333333333334,249.29166666666666,0.18291666666666664,102.66958333333334,-0.8425720899866032,0.5385835804920232,-0.5000000000000004,0.8660254037844384,10
2020-11-03,2998,7640,390,11.070833333333333,54.92416666666667,1.5416666666666667,3.629166666666667,268.6666666666667,0.19000000000000003,102.92750000000001,-0.8331829385891785,0.5529974600700271,-0.5000000000000004,0.8660254037844384,9
2020-11-04,2127,3396,1023,11.879166666666668,58.82875000000001,3.3833333333333333,3.4125,280.6666666666667,0.18708333333333335,103.20458333333333,-0.8235472349556007,0.5672476988027229,-0.5000000000000004,0.8660254037844384,9
2020-11-05,1931,2430,1110,12.258333333333333,67.79333333333334,5.779166666666668,3.016666666666667,184.08333333333334,0.18000000000000002,103.45541666666666,-0.8136678304455991,0.5813300798152042,-0.5000000000000004,0.8660254037844384,9
2020-11-06,1512,668,1273,9.15,66.67583333333333,2.9625000000000004,2.6583333333333337,108.33333333333333,0.18291666666666664,103.70208333333333,-0.8035476485339116,0.5952404359043674,-0.5000000000000004,0.8660254037844384,9
2020-11-07,1102,1783,632,4.058333333333334,81.59750000000001,1.05,3.0875000000000004,97.45833333333333,0.19000000000000003,103.94375000000001,-0.7931896839451843,0.6089746507720486,-0.5000000000000004,0.8660254037844384,9
2020-11-08,1462,2123,790,7.529166666666666,72.17083333333333,2.391666666666667,6.5375000000000005,209.33333333333334,0.19000000000000003,104.18374999999999,-0.7825970017677834,0.6225286602431057,-0.5000000000000004,0.8660254037844384,9
2020-11-09,2533,5502,627,-3.9083333333333337,51.790416666666665,-12.549999999999999,5.241666666666667,285.3333333333333,0.19000000000000003,104.41624999999999,-0.7717727365467837,0.6358984534680745,-0.5000000000000004,0.8660254037844384,9
2020-11-10,2585,6500,514,-1.5583333333333333,57.96125,-9.145833333333334,2.1958333333333333,249.29166666666666,0.19000000000000003,104.64541666666668,-0.7607200913564104,0.6490800741100398,-0.5000000000000004,0.8660254037844384,9
2020-11-11,1210,848,903,-1.2458333333333333,61.68375,-7.841666666666666,5.862500000000001,269.4166666666667,0.19000000000000003,104.87166666666667,-0.7494423368521953,0.6620696215153815,-0.5000000000000004,0.8660254037844384,9
2020-11-12,2277,4468,794,-4.841666666666667,54.14125000000001,-12.862499999999999,3.5833333333333335,269.7083333333333,0.19000000000000003,105.09291666666667,-0.7379428103031386,0.6748632518680403,-0.5000000000000004,0.8660254037844384,9
2020-11-13,2271,5260,512,-0.7708333333333334,58.03458333333333,-8.333333333333334,3.420833333333334,185.0,0.19291666666666665,105.31166666666667,-0.7262249146041543,0.6874571793269664,-0.5000000000000004,0.8660254037844384,9
2020-11-14,1523,2609,753,2.441666666666667,65.15958333333333,-3.6208333333333336,5.333333333333333,292.5,0.19708333333333336,105.52333333333333,-0.7142921172691032,0.699847677146407,-0.5000000000000004,0.8660254037844384,9
2020-11-15,2379,6266,444,0.13750000000000004,64.09416666666667,-6.2124999999999995,5.091666666666667,275.25,0.19000000000000003,105.73,-0.7021479494046978,0.7120310787787131,-0.5000000000000004,0.8660254037844384,9
2020-11-16,1209,2538,701,0.2791666666666667,76.99375,-3.5625,3.8958333333333335,238.20833333333334,0.19291666666666665,105.93333333333334,-0.6897960046655887,0.7240037789593305,-0.5000000000000004,0.8660254037844384,9
2020-11-17,2132,4863,555,0.8125,75.49208333333333,-3.4125,4.0625,144.91666666666666,0.19708333333333336,106.13333333333333,-0.6772399381909491,0.7357622347736527,-0.5000000000000004,0.8660254037844384,9
2020-11-18,1099,603,885,4.7125,79.49833333333333,1.2208333333333334,2.4333333333333336,250.66666666666666,0.18708333333333335,106.32666666666667,-0.6644834655228552,0.7473029667054297,-0.5000000000000004,0.8660254037844384,9
2020-11-19,809,1126,616,2.466666666666667,88.545,0.6333333333333333,2.8000000000000003,283.125,0.18000000000000002,106.51416666666667,-0.6515303615068021,0.75862255966641,-0.5000000000000004,0.8660254037844384,9
2020-11-20,1731,4186,669,-2.4833333333333334,67.38250000000001,-8.091666666666667,2.65,271.5,0.18000000000000002,106.69666666666666,-0.6383844591746642,0.769717664006921,-0.5000000000000004,0.8660254037844384,9
2020-11-21,1697,2652,1073,0.4791666666666667,68.54333333333334,-4.770833333333334,2.9875000000000003,237.95833333333334,0.18000000000000002,106.87583333333333,-0.6250496486104377,0.7805849965070866,-0.5000000000000004,0.8660254037844384,9
2020-11-22,2204,6177,449,-0.8500000000000001,75.66458333333334,-4.870833333333334,3.4166666666666665,247.08333333333334,0.17708333333333334,107.04791666666667,-0.6115298757991053,0.7912213413483807,-0.5000000000000004,0.8660254037844384,9
2020-11-23,2078,5146,520,0.1333333333333334,76.94333333333334,-3.766666666666667,5.408333333333334,152.08333333333334,0.17,107.21875,-0.5978291414589552,0.801623551065242,-0.5000000000000004,0.8660254037844384,9
2020-11-24,1478,3918,556,-2.2458333333333336,71.2425,-6.970833333333334,3.341666666666667,288.5416666666667,0.17,107.37791666666668,-0.5839514998576998,0.8117885474764613,-0.5000000000000004,0.8660254037844384,9
2020-11-25,2050,5697,414,0.55,70.35208333333334,-4.55,3.6625,217.91666666666666,0.16708333333333333,107.53583333333334,-0.5699010576127624,0.821713322596059,-0.5000000000000004,0.8660254037844384,9
2020-11-26,1954,5157,510,0.225,73.72833333333334,-4.25,4.525,284.0416666666667,0.16291666666666668,107.68666666666667,-0.5556819724760489,0.8313949395234058,-0.5000000000000004,0.8660254037844384,9
2020-11-27,1823,4421,500,0.6250000000000001,67.59750000000001,-5.0,3.591666666666667,243.83333333333334,0.17,107.8325,-0.5412984521036173,0.8408305333122887,-0.5000000000000004,0.8660254037844384,9
2020-11-28,2094,6325,389,2.3833333333333333,62.717083333333335,-4.508333333333334,4.570833333333334,275.625,0.17,107.97416666666668,-0.5267547528105542,0.8500173118187018,-0.5000000000000004,0.8660254037844384,9
2020-11-29,2121,6688,358,-3.1374999999999997,58.05708333333334,-10.5875,4.295833333333333,289.625,0.17,108.10666666666667,-0.5120551783114646,0.8589525565270845,-0.5000000000000004,0.8660254037844384,9
2020-11-30,2047,6479,343,-1.4458333333333335,63.37166666666667,-7.770833333333333,3.1125000000000003,199.125,0.17,108.23583333333333,-0.4972040784469378,0.8676336233547726,-0.5000000000000004,0.8660254037844384,9
2020-12-01,1275,1167,919,-0.8291666666666666,80.95333333333333,-3.7708333333333335,4.070833333333334,307.875,0.16708333333333333,108.35958333333333,-0.4822058478963526,0.8760579434344281,-2.4492935982947064e-16,1.0,9
2020-12-02,1981,6145,377,-2.0125,72.265,-6.625,3.6,298.0833333333333,0.16,108.47583333333334,-0.46706492487743034,0.8842230238742036,-2.4492935982947064e-16,1.0,9
2020-12-03,1756,5028,544,-0.16666666666666666,62.85125,-6.566666666666666,3.941666666666667,289.4583333333333,0.16291666666666668,108.58875,-0.451785789832884,0.8921264484954345,-2.4492935982947064e-16,1.0,9
2020-12-04,1889,5524,393,1.0291666666666668,73.48583333333333,-3.3875000000000006,4.241666666666667,303.9583333333333,0.17583333333333337,108.69458333333334,-0.4363729641045924,0.8997658785476209,-2.4492935982947064e-16,1.0,9
2020-12-05,1790,5202,456,1.0125,81.46375,-1.9666666666666668,3.3000000000000003,299.875,0.19000000000000003,108.79291666666667,-0.42083100859565564,0.9071390534005044,-2.4492935982947064e-16,1.0,9
2020-12-06,1887,6049,347,1.2625,70.97,-3.6833333333333336,2.1,285.0,0.19000000000000003,108.88916666666667,-0.4051645224207563,0.9142437912130223,-2.4492935982947064e-16,1.0,9
2020-12-07,1594,4108,492,1.5958333333333334,69.61583333333333,-3.629166666666667,3.9291666666666667,286.625,0.19000000000000003,108.97541666666666,-0.3893781415452015,0.9210779895789526,-2.4492935982947064e-16,1.0,9
2020-12-08,1015,1226,643,4.2875000000000005,63.45916666666667,-2.2583333333333333,3.9625000000000004,281.0833333333333,0.19000000000000003,109.0575,-0.37347653741307074,0.9276396261490467,-2.4492935982947064e-16,1.0,9
2020-12-09,1421,2870,633,2.5375,86.23375,0.19999999999999996,2.5708333333333333,245.91666666666666,0.19000000000000003,109.13250000000001,-0.3574644155648614,0.9339267592294762,-2.4492935982947064e-16,1.0,9
2020-12-10,1412,2281,757,-0.9208333333333334,88.33458333333334,-2.8041666666666667,3.8333333333333335,260.9583333333333,0.19000000000000003,109.20208333333333,-0.34134651424503615,0.9399375283564133,-2.4492935982947064e-16,1.0,9
2020-12-11,443,694,337,-3.3083333333333336,78.665,-6.6625000000000005,1.0708333333333335,49.625,0.19000000000000003,109.26416666666667,-0.3251276029999093,0.9456701548465688,-2.4492935982947064e-16,1.0,9
2020-12-12,172,1,172,-5.258333333333334,74.92166666666667,-9.058333333333334,1.7958333333333334,120.83333333333333,0.36791666666666667,109.32125,-0.30881248126625377,0.9511229423235357,-2.4492935982947064e-16,1.0,9
2020-12-13,1659,3337,715,-9.270833333333334,62.41166666666667,-15.441666666666668,4.8500000000000005,308.0416666666667,0.8000000000000002,109.37166666666667,-0.29240597695107734,0.9562942772197719,-2.4492935982947064e-16,1.0,9
2020-12-14,1827,5399,480,-11.770833333333334,56.807500000000005,-18.758333333333336,2.670833333333334,149.16666666666666,0.8000000000000002,109.415,-0.27591294500296043,0.9611826292540837,-2.4492935982947064e-16,1.0,9
2020-12-15,1024,1170,904,-7.362500000000001,68.27833333333334,-12.325000000000001,2.7625000000000006,218.83333333333334,0.6220833333333334,109.45458333333333,-0.2593382659754056,0.9657865518844574,-2.4492935982947064e-16,1.0,9
2020-12-16,1517,3977,434,-1.5541666666666665,76.83,-5.25,3.4250000000000003,261.5833333333333,0.19000000000000003,109.48791666666666,-0.2426868445825954,0.9701046827361175,-2.4492935982947064e-16,1.0,9
2020-12-17,932,779,804,-0.9583333333333334,85.80624999999999,-3.191666666666667,3.029166666666667,187.95833333333334,0.19000000000000003,109.51375,-0.22596360824801906,0.974135744004672,-2.4492935982947064e-16,1.0,9
2020-12-18,1421,4580,350,-4.933333333333334,68.71,-10.0625,4.116666666666667,295.6666666666667,0.19000000000000003,109.53208333333333,-0.20917350564635637,0.9778785428342386,-2.4492935982947064e-16,1.0,9
2020-12-19,1387,2792,713,-1.7750000000000001,68.51458333333333,-7.0125,4.966666666666667,236.08333333333334,0.19000000000000003,109.54708333333333,-0.19232150523909483,0.9813319716704275,-2.4492935982947064e-16,1.0,9
2020-12-20,300,406,268,1.6916666666666667,70.52791666666667,-3.2125000000000004,5.270833333333333,270.25,0.19000000000000003,109.55333333333334,-0.17541259380427843,0.9844950085880858,-2.4492935982947064e-16,1.0,9
2020-12-21,1569,4293,481,0.6791666666666667,59.37041666666667,-6.5,4.0125,264.8333333333333,0.19000000000000003,109.55333333333334,-0.15845177496083632,0.9873667175937016,-2.4492935982947064e-16,1.0,9
2020-12-22,1212,1963,660,0.12500000000000003,80.37625,-2.9500000000000006,4.733333333333333,221.66666666666666,0.36791666666666667,109.5475,-0.14144406768794202,0.9899462489023779,-2.4492935982947064e-16,1.0,9
2020-12-23,1044,1227,747,-10.875,57.255,-17.837500000000002,8.083333333333334,338.4166666666667,0.8000000000000002,109.53333333333335,-0.12439450483979998,0.9922328391893008,-2.4492935982947064e-16,1.0,9
2020-12-24,1229,677,1023,-9.441666666666666,75.26583333333333,-13.120833333333335,1.8375000000000001,186.20833333333334,0.7941666666666668,109.51375,-0.10730813165636247,0.9942258118156161,-2.4492935982947064e-16,1.0,9
2020-12-25,1509,3308,667,-2.6333333333333333,78.98916666666666,-6.008333333333334,2.9375,280.5416666666667,0.6079166666666667,109.49291666666666,-0.09019000427034513,0.9959245770286599,-2.4492935982947064e-16,1.0,9
2020-12-26,982,649,779,-3.125,85.17166666666667,-5.420833333333334,2.35,135.83333333333334,0.19000000000000003,109.45958333333334,-0.07304518821104743,0.9973286321364752,-2.4492935982947064e-16,1.0,9
2020-12-27,1411,2588,757,-6.054166666666667,73.04541666666667,-10.308333333333334,3.0,177.75,0.19000000000000003,109.42125,-0.05587875690537313,0.9984375616565666,-2.4492935982947064e-16,1.0,9
2020-12-28,1834,5500,383,-8.525,75.3975,-12.2875,3.4583333333333335,253.08333333333334,0.36791666666666667,109.3775,-0.03869579017652689,0.9992510374388481,-2.4492935982947064e-16,1.0,9
2020-12-29,495,41,482,-6.566666666666666,82.25041666666667,-9.104166666666666,4.4875,233.41666666666666,0.8000000000000002,109.32958333333333,-0.021501372740813793,0.999768818762748,-2.4492935982947064e-16,1.0,9
2020-12-30,1255,514,1099,-7.625,73.0825,-11.737499999999999,3.7916666666666665,258.5416666666667,0.8000000000000002,109.2725,-0.004300592702981974,0.9999907524084426,-2.4492935982947064e-16,1.0,9
2020-12-31,1161,1644,876,-2.325,79.18333333333334,-5.604166666666667,3.129166666666667,230.91666666666666,0.7562500000000001,109.23875,0.012901459949419653,0.9999167727021953,-2.4492935982947064e-16,1.0,9
2021-01-01,1878,6000,357,-2.1,88.76458333333333,-3.829166666666667,2.0541666666666667,256.3333333333333,0.7141666666666667,109.1425,0.017201575418260506,0.9998520419557735,0.49999999999999994,0.8660254037844387,9
2021-01-02,1918,6028,354,-0.9833333333333334,81.91166666666668,-3.858333333333334,2.8958333333333335,239.95833333333334,0.6854166666666668,109.06791666666668,0.03439806061360801,0.9994082116062598,0.49999999999999994,0.8660254037844387,9
2021-01-03,1492,2746,819,1.8916666666666668,75.31416666666667,-2.308333333333333,4.004166666666667,257.0416666666667,0.65,108.9875,0.051584366869408364,0.9986686402879997,0.49999999999999994,0.8660254037844387,9
2021-01-04,1970,6353,338,0.38333333333333336,76.02791666666667,-3.6333333333333333,3.866666666666667,270.2916666666667,0.6558333333333334,108.89958333333334,0.06875540848113941,0.9976335468520451,0.49999999999999994,0.8660254037844387,9
2021-01-05,935,104,902,-0.3041666666666667,70.55958333333334,-5.070833333333334,2.754166666666667,98.20833333333333,0.6758333333333334,108.80708333333332,0.08590610426133272,0.9963032375991965,0.49999999999999994,0.8660254037844387,9
2021-01-06,1488,2809,728,-1.3083333333333333,90.91458333333333,-2.6791666666666667,2.254166666666667,130.125,0.6929166666666667,108.70833333333333,0.10303137904317879,0.9946781061893646,0.49999999999999994,0.8660254037844387,9
2021-01-07,752,168,732,-1.2750000000000001,89.52499999999999,-2.85,2.8208333333333333,174.375,0.6970833333333334,108.60166666666667,0.1201261651823505,0.9927586335250793,0.49999999999999994,0.8660254037844387,9
2021-01-08,634,23,630,-1.2583333333333333,89.54333333333334,-2.8208333333333333,0.7833333333333333,106.125,0.6958333333333333,108.49083333333334,0.13718540405660057,0.9905453876091833,0.49999999999999994,0.8660254037844387,9
2021-01-09,797,53,790,-2.3208333333333333,90.89833333333333,-3.6958333333333333,1.0708333333333333,188.54166666666666,0.71875,108.37458333333335,0.1542040475626894,0.988039023376751,0.49999999999999994,0.8660254037844387,9
2021-01-10,1819,3716,717,-1.6208333333333333,82.37833333333333,-4.4375,3.629166666666667,227.33333333333334,0.5795833333333333,108.25166666666667,0.17117705961019986,0.985240282501282,0.49999999999999994,0.8660254037844387,9
2021-01-11,1902,5646,406,-0.2583333333333333,74.24541666666667,-4.516666666666667,3.6750000000000003,280.9583333333333,0.19000000000000003,108.12333333333333,0.18809941761179758,0.9821499931752291,0.49999999999999994,0.8660254037844387,9
2021-01-12,1399,2000,724,1.925,73.90083333333334,-2.391666666666667,3.1666666666666665,261.0,0.19000000000000003,107.98958333333333,0.20496611396949532,0.9787690698649216,0.49999999999999994,0.8660254037844387,9
2021-01-13,727,289,655,3.4375,76.82083333333334,-0.3875,4.383333333333334,265.5416666666667,0.19000000000000003,107.84875,0.22177215755648186,0.975098513039961,0.49999999999999994,0.8660254037844387,9
2021-01-14,1414,2473,670,0.4750000000000001,56.57875000000001,-7.275000000000001,12.533333333333333,319.5,0.19000000000000003,107.70375,0.23851257519407648,0.9711394088771653,0.49999999999999994,0.8660254037844387,9
2021-01-15,393,19,388,-4.029166666666667,64.1025,-9.895833333333334,6.2625,338.2083333333333,0.19000000000000003,107.55166666666668,0.2551824131233728,0.9668929289391521,0.49999999999999994,0.8660254037844387,9
2021-01-16,1957,4555,462,-1.304166666666667,67.97583333333334,-6.6499999999999995,4.266666666666667,315.1666666666667,0.19000000000000003,107.39541666666666,0.2717767384711357,0.9623603298276545,0.49999999999999994,0.8660254037844387,9
2021-01-17,1402,1447,1031,-0.8541666666666666,76.22916666666667,-4.766666666666667,3.3833333333333333,280.75,0.3445833333333333,107.23166666666667,0.2882906407095177,0.9575429528116719,0.49999999999999994,0.8660254037844387,9
2021-01-18,525,9,522,-3.079166666666667,80.84541666666667,-6.0249999999999995,3.545833333333334,291.5416666666667,0.7433333333333333,107.06458333333335,0.3047192331091634,0.9524422234305676,0.49999999999999994,0.8660254037844387,9
2021-01-19,1725,1771,1138,-5.2375,65.91,-10.762500000000001,5.579166666666667,281.875,0.7562500000000001,106.88958333333333,0.321057654185271,0.9470596510722283,0.49999999999999994,0.8660254037844387,9
2021-01-20,2393,6771,420,1.075,50.95166666666666,-8.637500000000001,7.4125000000000005,273.4583333333333,0.5158333333333334,106.71375,0.3373010691361842,0.9413968285264122,0.49999999999999994,0.8660254037844387,9
2021-01-21,957,116,914,-6.4375,63.705000000000005,-12.279166666666667,5.141666666666667,317.0833333333333,0.19000000000000003,106.50291666666668,0.3534446712740877,0.9354554315134164,0.49999999999999994,0.8660254037844387,9
2021-01-22,1783,3006,805,-7.825,69.05,-12.820833333333333,2.1625,252.66666666666666,0.19000000000000003,106.315,0.3694836834473831,0.9292372181882051,0.49999999999999994,0.8660254037844387,10
2021-01-23,1939,4007,581,-7.1625000000000005,76.31416666666667,-10.904166666666667,2.5333333333333337,251.5,0.19000000000000003,106.12333333333333,0.38541335945432564,0.9227440286201427,0.49999999999999994,0.8660254037844387,10
2021-01-24,1390,2533,557,-9.370833333333334,61.8025,-15.470833333333333,3.8000000000000003,127.70833333333333,0.36791666666666667,105.92583333333334,0.4012289854475009,0.9159777842484877,0.49999999999999994,0.8660254037844387,10
2021-01-25,943,16,937,-9.633333333333333,67.3725,-14.679166666666667,3.504166666666667,90.83333333333333,0.8000000000000002,105.72208333333333,0.4169258813287287,0.908940487313808,0.49999999999999994,0.8660254037844387,10
2021-01-26,1830,387,1687,-12.6875,63.718333333333334,-18.212500000000002,2.858333333333334,79.08333333333333,0.8000000000000002,105.51291666666667,0.4324994021339788,0.901634220265486,0.49999999999999994,0.8660254037844387,10
2021-01-27,2097,2769,1182,-10.879166666666668,69.42583333333333,-15.5,4.575,131.79166666666666,0.8000000000000002,105.30250000000001,0.44794493940789115,0.8940611451454876,0.49999999999999994,0.8660254037844387,10
2021-01-28,2402,4728,947,-8.725,77.61458333333333,-12.091666666666667,2.9625000000000004,116.5,0.8000000000000002,105.085,0.4632579225674917,0.88622350294858,0.49999999999999994,0.8660254037844387,10
2021-01-29,720,18,715,-4.691666666666667,80.18833333333333,-7.708333333333333,3.9791666666666665,119.04166666666667,0.7854166666666668,104.86333333333334,0.4784338202547012,0.8781236129591848,0.49999999999999994,0.8660254037844387,10
2021-01-30,1215,589,1101,-3.6583333333333337,81.95041666666667,-6.504166666666667,2.566666666666667,227.83333333333334,0.7616666666666667,104.63708333333334,0.49346814167723735,0.8697638720650646,0.49999999999999994,0.8660254037844387,10
2021-01-31,1097,255,1052,-4.4875,84.105,-6.9624999999999995,2.1458333333333335,243.33333333333334,0.7841666666666667,104.40499999999999,0.5083564379375122,0.8611467540480452,0.49999999999999994,0.8660254037844387,10
2021-02-01,2021,2184,1274,-2.879166666666667,83.685,-5.5375000000000005,3.7125000000000004,171.91666666666666,0.60375,104.17,0.5230943033491326,0.8522748088519838,0.8660254037844386,0.5000000000000001,10
2021-02-02,1419,2004,859,-1.7541666666666667,78.80708333333334,-5.229166666666667,4.312500000000001,175.625,0.3429166666666667,103.93083333333334,0.5376773767406141,0.8431506618282,0.8660254037844386,0.5000000000000001,10
2021-02-03,1069,280,980,-3.033333333333333,73.73625,-7.258333333333333,6.6625000000000005,268.9166666666667,0.7220833333333334,103.68625000000002,0.5521013427459208,0.8337770129585915,0.8660254037844386,0.5000000000000001,10
2021-02-04,2871,5910,820,-11.916666666666666,54.03375,-19.45416666666667,7.445833333333334,316.6666666666667,0.8000000000000002,103.43541666666665,0.5663619330814524,0.8241566360566663,0.8660254037844386,0.5000000000000001,10
2021-02-05,2504,3605,1324,-14.216666666666667,54.0225,-21.662499999999998,5.983333333333333,326.4166666666667,0.8000000000000002,103.18458333333332,0.580454927809098,0.8142923779467267,0.8660254037844386,0.5000000000000001,10
2021-02-06,3256,8122,527,-20.795833333333334,42.93125,-30.291666666666668,4.583333333333333,256.7916666666667,0.8000000000000002,102.92583333333333,0.5943761565849831,0.804187157621448,0.8660254037844386,0.5000000000000001,10
2021-02-07,2808,3314,1688,-21.0125,50.28375,-28.679166666666664,1.9208333333333334,208.70833333333334,0.8000000000000002,102.66416666666667,0.6081214998935418,0.7938439653781019,0.8660254037844386,0.5000000000000001,10
2021-02-08,3345,7699,598,-19.07916666666667,45.85,-28.033333333333335,3.3708333333333336,293.875,0.8000000000000002,102.40166666666666,0.6216868902665479,0.7832658619336791,0.8660254037844386,0.5000000000000001,10
2021-02-09,3430,8521,518,-19.216666666666665,41.459583333333335,-29.445833333333336,4.979166666666667,289.25,0.8000000000000002,102.13333333333333,0.6350683134867438,0.7724559775191742,0.8660254037844386,0.5000000000000001,10
2021-02-10,3481,8307,561,-20.6125,50.23208333333333,-28.541666666666668,3.2833333333333337,312.2083333333333,0.625,101.86083333333333,0.6482618097757122,0.7614175109532997,0.8660254037844386,0.5000000000000001,10
2021-02-11,2569,3144,1393,-22.766666666666666,47.39166666666667,-31.0625,3.7875,316.0,0.20000000000000004,101.58666666666666,0.6612634749656386,0.7501537286959042,0.8660254037844386,0.5000000000000001,10
2021-02-12,3270,6805,717,-23.104166666666668,48.08208333333334,-31.325000000000003,3.4458333333333333,291.0833333333333,0.20000000000000004,101.30833333333334,0.6740694616546161,0.7386679638813748,0.8660254037844386,0.5000000000000001,10
2021-02-13,3559,8141,533,-26.004166666666666,55.45083333333333,-32.5375,2.691666666666667,290.4166666666667,0.20000000000000004,101.02583333333332,0.6866759803451553,0.726963615332308,0.8660254037844386,0.5000000000000001,10
2021-02-14,3602,8161,510,-24.6125,48.510416666666664,-32.75833333333333,1.625,257.4166666666667,0.20000000000000004,100.74,0.6990793005655562,0.7150441465537444,0.8660254037844386,0.5000000000000001,10
2021-02-15,3327,6980,822,-20.154166666666665,50.376666666666665,-28.395833333333332,4.308333333333334,160.125,0.20000000000000004,100.45458333333333,0.7112757519738152,0.7029130847082615,0.8660254037844386,0.5000000000000001,10
2021-02-16,2439,2601,1446,-17.7375,49.415416666666665,-26.03333333333333,4.754166666666667,142.25,0.375,100.16333333333334,0.7232617254437388,0.6905740195722294,0.8660254037844386,0.5000000000000001,10
2021-02-17,3619,7286,715,-13.362499999999999,62.91083333333333,-19.116666666666667,1.3833333333333335,214.125,0.8000000000000002,99.86958333333332,0.7350336741329412,0.6780306024735382,0.8660254037844386,0.5000000000000001,10
2021-02-18,2988,4888,1047,-12.541666666666666,70.66250000000001,-17.020833333333332,3.2291666666666665,304.4166666666667,0.8000000000000002,99.57333333333334,0.746588114532413,0.6652865452111116,0.8660254037844386,0.5000000000000001,10
2021-02-19,3947,8718,587,-8.9375,64.93541666666667,-14.799999999999999,2.6208333333333336,224.75,0.7883333333333334,99.27416666666666,0.7579216274973472,0.6523456189565257,0.8660254037844386,0.5000000000000001,10
2021-02-20,3423,5893,1148,-1.7333333333333334,73.41,-6.4125000000000005,2.154166666666667,272.375,0.5966666666666667,98.97375,0.7690308592589181,0.6392116531380588,0.8660254037844386,0.5000000000000001,10
2021-02-21,3843,8423,520,-0.02916666666666662,62.89416666666667,-7.125,4.0125,275.4583333333333,0.20000000000000004,98.66875,0.7799125224167177,0.6258885343075018,0.8660254037844386,0.5000000000000001,10
2021-02-22,2583,4166,1119,4.008333333333334,63.04208333333333,-2.591666666666667,6.516666666666667,286.7083333333333,0.20000000000000004,98.3625,0.7905633969115482,0.612380204990065,0.8660254037844386,0.5000000000000001,10
2021-02-23,1158,628,900,1.2958333333333334,74.26583333333333,-3.095833333333333,4.495833333333334,271.8333333333333,0.20000000000000004,98.05333333333334,0.8009803309782905,0.5986906625177214,0.8660254037844386,0.5000000000000001,10
2021-02-24,2574,2806,1497,-1.3833333333333335,70.85291666666667,-6.308333333333334,2.9875000000000003,296.5833333333333,0.20000000000000004,97.74208333333333,0.8111602420785621,0.5848239578463322,0.8660254037844386,0.5000000000000001,10
2021-02-25,4045,7893,718,0.6749999999999999,46.59583333333333,-10.779166666666667,5.529166666666668,224.08333333333334,0.20000000000000004,97.40416666666665,0.8211001178128892,0.5707841943569036,0.8660254037844386,0.5000000000000001,10
2021-02-26,3658,6369,801,2.4333333333333336,52.795416666666675,-6.95,4.254166666666667,267.0416666666667,0.20000000000000004,97.09208333333333,0.8307970168121247,0.5565755266413303,0.8660254037844386,0.5000000000000001,11
2021-02-27,973,204,946,-3.029166666666667,67.2325,-8.433333333333334,3.3874999999999997,179.79166666666666,0.20000000000000004,96.77499999999999,0.8402480696078469,0.5422021592729844,0.8660254037844386,0.5000000000000001,11
2021-02-28,3447,5052,1151,-3.141666666666667,55.36333333333334,-11.170833333333334,4.008333333333334,249.08333333333334,0.20000000000000004,96.4575,0.8494504794814806,0.527668345562516,0.8660254037844386,0.5000000000000001,11
2021-03-01,3567,4717,1233,-1.4208333333333332,59.630833333333335,-8.5375,5.145833333333333,170.04166666666666,0.20000000000000004,96.13875,0.8584015232918917,0.512978386299228,1.0,6.123233995736766e-17,11
2021-03-02,4280,8539,616,4.5249999999999995,62.76708333333334,-2.625,4.2625,231.0,0.20000000000000004,95.79541666666667,0.8670985522812081,0.4981366284784055,1.0,6.123233995736766e-17,11
2021-03-03,4294,8311,669,6.5125,57.518750000000004,-2.1666666666666665,2.2916666666666665,191.41666666666666,0.20000000000000004,95.47583333333334,0.8755389928586302,0.4831474640149687,1.0,6.123233995736766e-17,12
2021-03-04,4414,8603,650,6.308333333333334,65.6775,-0.7833333333333333,1.55,114.58333333333333,0.20000000000000004,95.15291666666667,0.8837203473619977,0.4680153284438345,1.0,6.123233995736766e-17,12
2021-03-05,4132,7313,942,4.758333333333334,72.53583333333333,-0.7999999999999999,2.766666666666667,107.0,0.20000000000000004,94.82625,0.8916401947968874,0.45274469960737107,1.0,6.123233995736766e-17,12
2021-03-06,3208,3791,1162,6.7250000000000005,66.63166666666667,-0.05416666666666666,6.595833333333334,150.41666666666666,0.20000000000000004,94.50291666666668,0.8992961915530253,0.4373400963303323,1.0,6.123233995736766e-17,12
2021-03-07,4563,8186,745,6.516666666666667,52.96125,-3.1958333333333333,4.645833333333333,282.8333333333333,0.20000000000000004,94.17583333333334,0.9066860720977985,0.4218060770826634,1.0,6.123233995736766e-17,12
2021-03-08,4027,5323,1293,7.458333333333333,49.090833333333336,-3.366666666666667,4.745833333333334,147.625,0.20000000000000004,93.84708333333333,0.9138076496466615,0.40614723863057883,1.0,6.123233995736766e-17,12
2021-03-09,3355,2704,1941,5.629166666666666,74.59458333333333,0.8333333333333334,5.370833333333334,264.0416666666667,0.20000000000000004,93.5175,0.9206588168102428,0.3903682146763026,1.0,6.123233995736766e-17,12
2021-03-10,980,27,966,-1.1333333333333335,68.88166666666667,-6.341666666666668,3.6208333333333336,111.375,0.20000000000000004,93.18583333333333,0.9272375462179537,0.374473674486883,1.0,6.123233995736766e-17,12
2021-03-11,2910,2473,1703,-0.4875,55.8825,-8.700000000000001,3.7375000000000003,240.54166666666666,0.20000000000000004,92.85541666666667,0.9335418911179212,0.35846832151248087,1.0,6.123233995736766e-17,12
2021-03-12,5022,9294,735,2.529166666666667,57.12166666666667,-6.004166666666666,3.3625000000000003,193.95833333333334,0.20000000000000004,92.52416666666666,0.9395699859530622,0.342356891994542,1.0,6.123233995736766e-17,12
2021-03-13,4875,8353,715,7.0874999999999995,56.697916666666664,-2.35,2.7083333333333335,153.04166666666666,0.20000000000000004,92.19291666666668,0.945320046913132,0.3261441535642696,1.0,6.123233995736766e-17,12
2021-03-14,3506,2613,2016,3.6208333333333336,47.07083333333333,-8.1625,5.158333333333334,97.58333333333333,0.33125,91.85833333333333,0.9507903724625832,0.3098349038318025,1.0,6.123233995736766e-17,12
2021-03-15,909,23,897,0.20833333333333337,70.50083333333333,-4.691666666666667,3.579166666666667,124.16666666666667,0.65,91.52458333333334,0.9559793438440766,0.2934339689665273,1.0,6.123233995736766e-17,12
2021-03-16,2392,249,2283,1.1791666666666667,72.82000000000001,-3.454166666666667,0.7416666666666667,171.66666666666666,0.51875,91.19,0.9608854255574977,0.27694620226893646,1.0,6.123233995736766e-17,12
2021-03-17,1695,685,1561,1.425,75.13458333333334,-2.879166666666667,2.625,198.54166666666666,0.20000000000000004,90.85666666666667,0.9655071658143364,0.2603764827344581,1.0,6.123233995736766e-17,12
2021-03-18,4009,5317,1600,2.670833333333334,62.64541666666667,-4.370833333333334,3.875,157.875,0.20000000000000004,90.52125000000001,0.969843196967294,0.24372971360968387,1.0,6.123233995736766e-17,12
2021-03-19,5409,9360,839,5.691666666666666,65.11458333333333,-1.6333333333333335,5.966666666666668,175.20833333333334,0.20000000000000004,90.18708333333335,0.9738922359149924,0.22701082094141847,1.0,6.123233995736766e-17,12
2021-03-20,4444,5221,1828,8.341666666666667,66.88125000000001,1.7166666666666668,3.3541666666666665,242.25,0.20000000000000004,89.85583333333334,0.9776530844816641,0.2102247521189836,1.0,6.123233995736766e-17,12
2021-03-21,4072,5726,1118,7.516666666666667,48.77458333333333,-3.983333333333333,5.004166666666667,297.25,0.20000000000000004,89.52125000000001,0.981124629771712,0.19337647441020586,1.0,6.123233995736766e-17,12
2021-03-22,5069,7320,1056,6.0,38.211666666666666,-8.179166666666667,4.283333333333334,153.54166666666666,0.20000000000000004,89.18625000000002,0.984305844499033,0.17647097349152166,1.0,6.123233995736766e-17,12
2021-03-23,3155,1888,1986,5.7,63.73875,-1.5375000000000003,3.754166666666667,87.125,0.19708333333333336,88.85208333333333,0.9871957872910085,0.15951325197263655,1.0,6.123233995736766e-17,12
2021-03-24,4178,5149,1611,1.6916666666666667,54.80708333333334,-7.191666666666667,3.216666666666667,261.3333333333333,0.19291666666666665,88.51958333333333,0.9897936029670716,0.14250832791617088,1.0,6.123233995736766e-17,12
2021-03-25,3573,2948,2286,5.95,57.92541666666667,-2.1833333333333336,5.345833333333334,158.83333333333334,0.20000000000000004,88.1875,0.992098522791769,0.12546123335273648,1.0,6.123233995736766e-17,12
2021-03-26,3019,1065,2319,4.05,61.87416666666667,-3.2583333333333333,2.504166666666667,284.875,0.20000000000000004,87.85541666666667,0.9941098647022418,0.10837701279187609,1.0,6.123233995736766e-17,12
2021-03-27,2164,569,1906,1.4125000000000003,57.14458333333334,-6.445833333333334,3.4375,232.41666666666666,0.20000000000000004,87.52375,0.9958270335100595,0.09126072172931188,1.0,6.123233995736766e-17,12
2021-03-28,3365,1775,2343,6.754166666666666,50.49541666666667,-3.4458333333333333,3.5583333333333336,203.375,0.19708333333333336,87.17041666666667,0.9972495210773451,0.07411742515094437,1.0,6.123233995736766e-17,12
2021-03-29,4670,5553,1847,6.145833333333333,41.78,-6.658333333333334,10.245833333333334,260.8333333333333,0.3475,86.84541666666667,0.998376906467142,0.056952196034039754,1.0,6.123233995736766e-17,13
2021-03-30,3917,895,3423,-3.5416666666666665,40.55166666666667,-15.341666666666667,8.729166666666666,306.0833333333333,0.5695833333333333,86.51583333333333,0.9992088560679753,0.03977011384605572,1.0,6.123233995736766e-17,13
2021-03-31,6317,10037,922,-2.191666666666667,38.85208333333333,-14.887500000000001,3.6625,256.0416666666667,0.18000000000000002,86.19041666666668,0.9997451236925734,0.022576263041545485,1.0,6.123233995736766e-17,13
2021-04-01,5766,7008,1408,6.333333333333333,39.790416666666665,-7.408333333333334,4.8500000000000005,181.125,0.18000000000000002,85.86791666666666,0.9999855506507186,0.005375731557583884,0.8660254037844387,-0.4999999999999998,13
2021-04-02,5086,7115,1734,10.258333333333333,47.180416666666666,-2.3875,3.691666666666667,217.20833333333334,0.18000000000000002,85.54458333333334,0.9999300657962057,-0.011826390691832589,0.8660254037844387,-0.4999999999999998,13
2021-04-03,5902,7764,1409,13.350000000000001,43.10583333333333,-0.7541666666666668,3.8250000000000006,193.91666666666666,0.18000000000000002,85.22333333333334,0.9995786855478958,-0.029025013321975237,0.8660254037844387,-0.4999999999999998,13
2021-04-04,4190,2695,2789,13.625,44.25625,0.375,2.7291666666666665,111.375,0.18000000000000002,84.90291666666667,0.9989315138848577,-0.046215046983708354,0.8660254037844387,-0.4999999999999998,13
2021-04-05,5424,5855,1954,10.958333333333334,54.60958333333334,1.4750000000000003,4.75,85.08333333333333,0.18000000000000002,84.58333333333333,0.9979887423155984,-0.06339140486951038,0.8660254037844387,-0.4999999999999998,13
2021-04-06,1705,59,1667,6.295833333333333,46.74458333333334,-4.7375,2.8333333333333335,45.25,0.18291666666666664,84.26541666666667,0.9967506498213929,-0.08054900421874167,0.8660254037844387,-0.4999999999999998,13
2021-04-07,5005,3360,2988,7.737500000000001,46.63041666666667,-3.7208333333333337,2.9875000000000003,93.45833333333333,0.19000000000000003,83.94875,0.9952176027737294,-0.09768276782171598,0.8660254037844387,-0.4999999999999998,13
2021-04-08,6558,9228,1150,9.870833333333334,52.07708333333333,-1.5625,2.704166666666667,59.083333333333336,0.19000000000000003,83.63291666666667,0.9933900548258936,-0.11478762552212701,0.8660254037844387,-0.4999999999999998,13
2021-04-09,5920,6977,1805,6.754166666666666,53.163333333333334,-3.8708333333333336,5.833333333333333,322.7083333333333,0.19000000000000003,83.32083333333334,0.9912685467787256,-0.13185851571739118,0.8660254037844387,-0.4999999999999998,13
2021-04-10,6714,10221,1009,9.137500000000001,34.98458333333333,-6.733333333333333,2.929166666666667,212.625,0.19000000000000003,83.00916666666667,0.9888537064205885,-0.1488903868564548,0.8660254037844387,-0.4999999999999998,13
2021-04-11,1887,550,1751,4.029166666666667,71.13583333333334,-0.8125,5.7875000000000005,295.375,0.32416666666666666,82.70125,0.986146248341595,-0.16587819893463143,0.8660254037844387,-0.4999999999999998,13
2021-04-12,2403,158,2337,0.6458333333333334,66.48166666666667,-5.058333333333334,6.954166666666667,314.5833333333333,0.6675,82.39291666666666,0.9831469737221499,-0.1828169249850199,0.8660254037844387,-0.4999999999999998,13
2021-04-13,4913,2599,3492,-2.075,65.21208333333334,-7.8999999999999995,6.170833333333333,323.0833333333333,0.5583333333333332,82.08875,0.9798567700958665,-0.1997015525660636,0.8660254037844387,-0.4999999999999998,13
2021-04-14,4333,1737,3076,0.12916666666666668,68.76333333333334,-5.3374999999999995,2.9875000000000003,262.4583333333333,0.19000000000000003,81.76,0.9762766110869321,-0.21652708524481437,0.8660254037844387,-0.4999999999999998,13
2021-04-15,1583,24,1566,3.154166666666667,73.55166666666666,-1.5083333333333335,2.4958333333333336,112.29166666666667,0.19583333333333333,81.46249999999999,0.9724075561219968,-0.23328854407545518,0.8660254037844387,-0.4999999999999998,14
2021-04-16,1664,94,1592,3.4791666666666665,75.86125,-0.7333333333333334,2.566666666666667,178.125,0.21,81.16791666666667,0.9682507501166718,-0.2499809690726521,0.8660254037844387,-0.4999999999999998,14
2021-04-17,7074,9937,1263,6.7124999999999995,53.14291666666667,-3.8333333333333335,2.475,311.0,0.21,80.87375,0.9638074231367307,-0.26659942067929354,0.8660254037844387,-0.4999999999999998,14
2021-04-18,3563,1726,2775,4.345833333333333,58.86958333333334,-3.1875,4.825,97.95833333333333,0.21,80.58125,0.9590788900341131,-0.28313898122818354,0.8660254037844387,-0.4999999999999998,14
2021-04-19,4917,3303,3026,-0.5958333333333333,45.24208333333333,-11.495833333333332,3.2291666666666665,269.2083333333333,0.21,80.29208333333334,0.9540665500578387,-0.2995947563972602,0.8660254037844387,-0.4999999999999998,14
2021-04-20,3681,2001,2610,-0.36666666666666664,50.763749999999995,-9.645833333333334,3.516666666666667,263.375,0.20125,80.00625000000001,0.9487718864399473,-0.31596187665790293,0.8660254037844387,-0.4999999999999998,14
2021-04-21,7062,9345,1562,4.829166666666667,40.623333333333335,-8.3625,3.591666666666667,272.5416666666667,0.18000000000000002,79.72375000000001,0.9431964659565866,-0.33223549871590435,0.8660254037844387,-0.4999999999999998,14
2021-04-22,7187,9775,1471,6.95,51.18375,-3.9791666666666665,4.5,193.20833333333334,0.18000000000000002,79.44291666666668,0.9373419384643772,-0.3484108069446808,0.8660254037844387,-0.4999999999999998,14
2021-04-23,3340,967,2796,1.2875,63.08541666666667,-5.358333333333333,3.716666666666667,252.79166666666666,0.18000000000000002,79.16583333333334,0.9312100364121947,-0.3644830148102912,0.8660254037844387,-0.4999999999999998,14
2021-04-24,6912,8357,2027,4.679166666666667,42.13166666666667,-8.200000000000001,2.6333333333333333,181.20833333333334,0.18000000000000002,78.89291666666666,0.9248025743285089,-0.38044736628785164,0.8660254037844387,-0.4999999999999998,14
2021-04-25,1667,81,1626,5.766666666666667,62.959583333333335,-1.1541666666666668,4.320833333333334,113.79166666666667,0.18000000000000002,78.62166666666667,0.9181214482844365,-0.39629913726891813,0.8660254037844387,-0.4999999999999998,14
2021-04-26,1492,43,1465,7.908333333333334,77.93916666666667,3.8125,1.9458333333333335,63.125,0.18000000000000002,78.3525,0.9111686353326631,-0.41203363695942635,0.8660254037844387,-0.4999999999999998,14
2021-04-27,4985,2785,3036,12.195833333333333,57.852916666666665,2.7750000000000004,1.554166666666667,114.66666666666667,0.18000000000000002,78.08916666666667,0.9039461929224011,-0.42764620926777464,0.8660254037844387,-0.4999999999999998,14
2021-04-28,4916,3038,2770,12.791666666666666,52.50625,2.1083333333333334,3.5416666666666665,223.20833333333334,0.18000000000000002,77.82666666666667,0.8964562582905575,-0.44313223418263453,0.8660254037844387,-0.4999999999999998,14
2021-04-29,6702,8321,1885,12.745833333333335,46.842083333333335,-0.20833333333333334,3.5083333333333333,202.0,0.18000000000000002,77.56875000000001,0.8887010478292915,-0.45848712914008766,0.8660254037844387,-0.4999999999999998,14
2021-04-30,5295,3430,3165,15.345833333333333,39.71041666666667,1.0625,4.508333333333334,191.5,0.18000000000000002,77.29083333333334,0.8806828564301475,-0.47370635037968,0.8660254037844387,-0.4999999999999998,14
2021-05-01,6318,6530,2491,20.129166666666666,34.985416666666666,2.866666666666667,3.9583333333333335,265.6666666666667,0.18000000000000002,77.0425,0.8724040568049612,-0.48878539428899265,0.49999999999999994,-0.8660254037844387,15
2021-05-02,2070,167,2007,15.045833333333334,55.50625,5.145833333333333,3.7125000000000004,215.29166666666666,0.18000000000000002,76.79625,0.8638670987837349,-0.503719798736334,0.49999999999999994,-0.8660254037844387,15
2021-05-03,6605,7877,2296,8.808333333333334,53.52541666666667,-1.1083333333333334,4.266666666666667,234.16666666666666,0.18000000000000002,76.55166666666666,0.8550745085896932,-0.518505144391157,0.49999999999999994,-0.8660254037844387,15
2021-05-04,7077,7979,2194,9.883333333333335,44.03916666666667,-3.329166666666667,2.191666666666667,128.375,0.18000000000000002,76.3125,0.8460288880917339,-0.533137056031809,0.49999999999999994,-0.8660254037844387,15
2021-05-05,5473,4550,2473,7.654166666666668,61.72958333333333,0.1875,2.904166666666667,171.125,0.18000000000000002,76.07833333333333,0.8367329140344921,-0.5476112038402312,0.49999999999999994,-0.8660254037844387,15
2021-05-06,6718,7775,2385,11.233333333333334,46.71416666666667,-1.6333333333333335,3.8208333333333333,247.20833333333334,0.18000000000000002,75.84750000000001,0.8271893372462497,-0.5619233046832195,0.49999999999999994,-0.8660254037844387,15
2021-05-07,8051,10810,1229,9.4,37.62166666666666,-6.25,3.6291666666666664,103.375,0.18000000000000002,75.61958333333334,0.8174009818249189,-0.5760691233798758,0.49999999999999994,-0.8660254037844387,15
2021-05-08,704,26,697,4.133333333333334,75.30708333333334,-0.041666666666666664,3.9000000000000004,135.0,0.18000000000000002,75.39625,0.8073707443023492,-0.5900444739548627,0.49999999999999994,-0.8660254037844387,15
2021-05-09,6357,4598,3087,7.620833333333334,54.65416666666667,-2.5625,1.366666666666667,206.625,0.18000000000000002,75.17625,0.7971015927871943,-0.6038452208771035,0.49999999999999994,-0.8660254037844387,15
2021-05-10,8154,10791,1389,8.4125,43.80416666666667,-4.7250000000000005,2.0875,71.79166666666667,0.18000000000000002,74.96124999999999,0.7865965660866021,-0.6174672802835514,0.49999999999999994,-0.8660254037844387,15
2021-05-11,8172,10877,1335,11.25,36.759166666666665,-4.55,2.0458333333333334,200.20833333333334,0.18000000000000002,74.75166666666667,0.7758587728069828,-0.6309066211876704,0.49999999999999994,-0.8660254037844387,15
2021-05-12,6950,7204,2627,13.762500000000001,43.16375,0.07916666666666665,3.4083333333333337,184.25,0.18000000000000002,74.545,0.7648913904341226,-0.6441592666722685,0.49999999999999994,-0.8660254037844387,15
2021-05-13,6906,7264,2499,15.133333333333333,51.249583333333334,4.0375000000000005,2.1083333333333334,244.5,0.18000000000000002,74.34291666666667,0.753697664392914,-0.6572212950663319,0.49999999999999994,-0.8660254037844387,15
2021-05-14,7089,8723,1787,16.295833333333334,44.25333333333333,2.7291666666666665,2.4125,235.83333333333334,0.18000000000000002,74.14458333333333,0.742280907086982,-0.6700888411055113,0.49999999999999994,-0.8660254037844387,15
2021-05-15,6924,6798,2670,17.920833333333334,46.88166666666667,5.141666666666667,2.141666666666667,174.375,0.18000000000000002,73.95166666666667,0.7306444969184916,-0.6827580970759147,0.49999999999999994,-0.8660254037844387,15
2021-05-16,7924,9790,1687,19.441666666666666,52.80625,8.229166666666666,2.7750000000000004,207.0,0.18291666666666664,73.76333333333334,0.7187918772884232,-0.6952253139408722,0.49999999999999994,-0.8660254037844387,15
2021-05-17,8037,9805,1691,19.2,52.83916666666667,7.841666666666668,4.408333333333334,169.04166666666666,0.19000000000000003,73.57833333333333,0.7067265555776158,-0.7074868024503348,0.49999999999999994,-0.8660254037844387,15
2021-05-18,7614,8932,2063,19.945833333333333,62.310833333333335,11.745833333333332,5.862500000000001,165.375,0.19000000000000003,73.39916666666666,0.6944521021088763,-0.719538934232584,0.49999999999999994,-0.8660254037844387,15
2021-05-19,6813,6374,2375,20.808333333333334,60.791666666666664,12.095833333333333,3.491666666666667,142.08333333333334,0.18708333333333335,73.22500000000001,0.6819721490904629,-0.7313781428679254,0.49999999999999994,-0.8660254037844387,15
2021-05-20,6936,6944,2083,21.858333333333334,65.75500000000001,14.179166666666667,4.208333333333333,139.83333333333334,0.18000000000000002,73.05291666666666,0.6692903895412567,-0.7430009249440493,0.49999999999999994,-0.8660254037844387,15
2021-05-21,4329,3051,2186,19.525000000000002,75.41125000000001,14.5625,3.5708333333333333,160.16666666666666,0.18000000000000002,72.88875,0.6564105761979381,-0.7544038410927472,0.49999999999999994,-0.8660254037844387,15
2021-05-22,2127,361,1924,13.504166666666668,66.82541666666667,6.8374999999999995,3.8833333333333333,175.75,0.18291666666666664,72.72666666666667,0.6433365204044917,-0.765583517007675,0.49999999999999994,-0.8660254037844387,15
2021-05-23,3124,2067,1966,17.595833333333335,70.08666666666666,11.625,4.5,127.70833333333333,0.18708333333333335,72.57333333333334,0.6300720909843687,-0.7765366444428655,0.49999999999999994,-0.8660254037844387,15
2021-05-24,8483,11320,1295,18.849999999999998,44.85333333333333,4.5125,5.116666666666667,219.0,0.18291666666666664,72.42125,0.6166212130956382,-0.7872599821916922,0.49999999999999994,-0.8660254037844387,15
2021-05-25,4639,3946,2816,15.841666666666667,50.91083333333333,5.333333333333333,6.341666666666668,293.2083333333333,0.19000000000000003,72.27541666666667,0.6029878670694714,-0.7977503570459932,0.49999999999999994,-0.8660254037844387,15
2021-05-26,1542,105,1500,8.891666666666667,57.85166666666667,0.4458333333333333,3.179166666666667,68.5,0.19000000000000003,72.13458333333334,0.5891760872322963,-0.8080046647350754,0.49999999999999994,-0.8660254037844387,15
2021-05-27,3655,1069,3091,7.141666666666667,66.455,0.75,3.504166666666667,90.20833333333333,0.19000000000000003,71.99916666666667,0.5751899607119775,-0.8180198708443175,0.49999999999999994,-0.8660254037844387,15
2021-05-28,7931,8727,2095,11.816666666666668,59.275,2.9291666666666667,4.620833333333334,161.45833333333334,0.19000000000000003,71.86916666666667,0.5610336262283677,-0.8277930117131022,0.49999999999999994,-0.8660254037844387,15
2021-05-29,3941,2755,2712,15.666666666666666,53.07,4.925,2.3958333333333335,259.125,0.19000000000000003,71.745,0.5467112728685939,-0.8373211953118121,0.49999999999999994,-0.8660254037844387,15
2021-05-30,7181,8672,2217,16.666666666666668,43.892500000000005,2.929166666666667,3.5,261.3333333333333,0.19000000000000003,71.625,0.5322271388474397,-0.8466016020976267,0.49999999999999994,-0.8660254037844387,15
2021-05-31,8838,11661,1432,17.458333333333332,34.66041666666667,-0.8208333333333333,1.4416666666666667,141.58333333333334,0.19000000000000003,71.50958333333334,0.5175855102531889,-0.8556314858488706,0.49999999999999994,-0.8660254037844387,15
2021-06-01,8211,9873,1392,21.120833333333334,44.10541666666666,7.479166666666667,2.8208333333333333,244.25,0.19000000000000003,71.39999999999999,0.5027907197793043,-0.8644081744776648,1.2246467991473532e-16,-1.0,15
2021-06-02,8387,10262,1446,23.395833333333332,43.01666666666667,8.904166666666667,2.2958333333333334,302.9166666666667,0.19000000000000003,71.27416666666666,0.4878471454423119,-0.8729290708206411,1.2246467991473532e-16,-1.0,15
2021-06-03,8284,10470,1450,27.099999999999998,37.77916666666667,10.254166666666666,2.841666666666667,260.0,0.19000000000000003,71.17708333333333,0.47275920928627757,-0.881191653407483,1.2246467991473532e-16,-1.0,15
2021-06-04,7847,9537,1533,29.525000000000002,38.81666666666667,12.429166666666667,3.329166666666667,228.58333333333334,0.19000000000000003,71.08416666666666,0.4575313760742512,-0.8891934772070711,1.2246467991473532e-16,-1.0,15
2021-06-05,7692,8857,1790,29.004166666666666,45.24,14.895833333333334,1.7750000000000001,183.16666666666666,0.19000000000000003,70.99791666666667,0.44216815196707204,-0.8969321743510065,1.2246467991473532e-16,-1.0,16
2021-06-06,8623,10728,1331,23.1875,38.9575,6.8875,4.445833333333334,269.25,0.19000000000000003,70.91375000000001,0.42667408318992467,-0.9044054548343001,1.2246467991473532e-16,-1.0,16
2021-06-07,8189,9450,1493,25.67916666666667,33.95166666666667,7.3875,3.0625,161.58333333333334,0.19000000000000003,70.83791666666667,0.4110537546870351,-0.9116111071930239,1.2246467991473532e-16,-1.0,16
2021-06-08,1417,604,1154,26.170833333333334,67.18291666666667,19.07916666666667,4.766666666666667,135.04166666666666,0.19000000000000003,70.76625,0.3953117887649151,-0.9185469991587165,1.2246467991473532e-16,-1.0,16
2021-06-09,7727,8806,1690,26.704166666666666,63.18166666666667,18.1375,2.2875,177.41666666666666,0.19000000000000003,70.7,0.37945284372454435,-0.925211078289358,1.2246467991473532e-16,-1.0,16
2021-06-10,7185,7552,2560,28.545833333333334,60.58708333333333,19.508333333333336,5.208333333333334,129.29166666666666,0.19000000000000003,70.64166666666667,0.36348161248290634,-0.9316013725767187,1.2246467991473532e-16,-1.0,16
2021-06-11,6751,6751,2634,21.254166666666666,47.01125,7.929166666666667,6.154166666666668,274.0,0.19000000000000003,70.58541666666666,0.3474028211842774,-0.9377159910299093,1.2246467991473532e-16,-1.0,16
2021-06-12,8700,11316,1333,23.175,34.33833333333333,4.6499999999999995,2.183333333333333,213.45833333333334,0.19000000000000003,70.535,0.3312212278016865,-0.9435531242349544,1.2246467991473532e-16,-1.0,16
2021-06-13,8690,11473,1304,23.849999999999998,37.485,6.433333333333334,3.220833333333333,101.66666666666667,0.19000000000000003,70.49208333333333,0.31494162072895193,-0.9491110448902284,1.2246467991473532e-16,-1.0,16
2021-06-14,8732,11719,1177,24.787499999999998,36.712916666666665,7.620833333333334,2.9875000000000003,101.70833333333333,0.19000000000000003,70.45291666666667,0.2985688173637202,-0.9543881083175908,1.2246467991473532e-16,-1.0,16
2021-06-15,7942,8814,1975,26.3125,37.266666666666666,9.5875,4.933333333333334,128.0,0.19291666666666665,70.42083333333333,0.2821076626819194,-0.9593827529490743,1.2246467991473532e-16,-1.0,16
2021-06-16,8595,11085,1387,26.516666666666666,38.16833333333333,10.0,4.8,259.125,0.19708333333333336,70.39458333333333,0.26556302780405594,-0.9640935007889755,1.2246467991473532e-16,-1.0,16
2021-06-17,7812,8049,2373,24.991666666666664,34.38125,6.6499999999999995,2.1125000000000003,180.79166666666666,0.19291666666666665,70.37333333333333,0.24893980855376657,-0.9685189578512204,1.2246467991473532e-16,-1.0,16
2021-06-18,8715,11385,1352,22.25,35.71458333333333,5.175,3.483333333333334,231.08333333333334,0.19416666666666668,70.35791666666667,0.23224292400907015,-0.9726578145718654,1.2246467991473532e-16,-1.0,16
2021-06-19,7842,8665,1939,23.349999999999998,42.963750000000005,8.820833333333335,2.1458333333333335,178.79166666666666,0.18000000000000002,70.34875000000001,0.21547731504673012,-0.976508846196619,1.2246467991473532e-16,-1.0,16
2021-06-20,6234,5730,2409,17.991666666666667,59.838750000000005,9.2125,4.770833333333334,237.58333333333334,0.18000000000000002,70.3425,0.19864794288017112,-0.9800709131432666,1.2246467991473532e-16,-1.0,16
2021-06-21,8510,10046,1676,16.745833333333334,39.19583333333333,1.7291666666666667,2.5625,211.0,0.18000000000000002,70.34333333333333,0.18175978759137534,-0.9833429613388902,1.2246467991473532e-16,-1.0,16
2021-06-22,8671,11254,1333,22.233333333333334,33.39125,4.141666666666667,2.4458333333333333,197.5,0.18000000000000002,70.35125000000001,0.16481784665719793,-0.9863240225317866,1.2246467991473532e-16,-1.0,16
2021-06-23,7363,7936,2251,26.7,39.77458333333333,10.141666666666667,4.341666666666667,182.25,0.18000000000000002,70.36208333333333,0.14782713347053048,-0.9890132145779883,1.2246467991473532e-16,-1.0,16
2021-06-24,8318,10414,1613,24.066666666666666,41.7425,9.058333333333334,2.1208333333333336,130.08333333333334,0.18291666666666664,70.38041666666668,0.13079267585675922,-0.9914097417023038,1.2246467991473532e-16,-1.0,16
2021-06-25,2384,1067,1915,21.72083333333333,60.97291666666666,13.129166666666668,1.8916666666666668,224.16666666666666,0.18708333333333335,70.40416666666667,0.11371951458594969,-0.9935128947338007,1.2246467991473532e-16,-1.0,16
2021-06-26,6230,5051,2802,21.32916666666667,61.46083333333333,12.533333333333333,2.1125000000000003,319.625,0.18000000000000002,70.43166666666667,0.0966127018812031,-0.9953220513156602,1.2246467991473532e-16,-1.0,16
2021-06-27,6108,5803,2851,21.195833333333336,59.849583333333335,12.491666666666667,2.2,165.91666666666666,0.18000000000000002,70.4675,0.07947729992362097,-0.9968366760893436,1.2246467991473532e-16,-1.0,16
2021-06-28,7370,8729,2282,21.46666666666667,57.375,11.679166666666667,2.6999999999999997,34.708333333333336,0.18000000000000002,70.50666666666667,0.062318379354325076,-0.998056320853012,1.2246467991473532e-16,-1.0,16
2021-06-29,8347,10832,1504,23.854166666666668,44.29708333333334,10.0,1.1541666666666666,190.875,0.18000000000000002,70.55125,0.04514101777397193,-0.9989806246941579,1.2246467991473532e-16,-1.0,16
2021-06-30,8589,11447,1227,26.67916666666667,38.22875,10.004166666666666,2.279166666666667,136.45833333333334,0.18291666666666664,70.6025,0.02795029824021032,-0.999609314096404,1.2246467991473532e-16,-1.0,16
2021-07-01,8309,10731,1489,27.704166666666666,38.895,11.379166666666668,3.345833333333333,138.41666666666666,0.18708333333333335,70.66,0.01075130776352193,-0.9999422030204416,-0.4999999999999997,-0.8660254037844388,16
2021-07-02,8506,10936,1307,28.658333333333335,39.04708333333333,12.5375,4.5,168.5,0.18000000000000002,70.72291666666666,-0.00645086419810515,-0.9999791929590823,-0.4999999999999997,-0.8660254037844388,16
2021-07-03,7779,8638,1695,31.108333333333334,39.72166666666667,14.820833333333333,4.1375,229.66666666666666,0.18291666666666664,70.78916666666667,-0.023651127245231586,-0.9997202729664083,-0.4999999999999997,-0.8660254037844388,16
2021-07-04,8585,11095,1346,28.908333333333335,36.827083333333334,10.375,3.4499999999999997,255.75,0.19000000000000003,70.86041666666667,-0.04084439154329611,-0.9991655196610109,-0.4999999999999997,-0.8660254037844388,16
2021-07-05,4645,2990,2172,26.566666666666666,47.38666666666666,13.820833333333333,2.7125000000000004,120.08333333333333,0.19000000000000003,70.94041666666666,-0.05802556932878035,-0.9983150972033183,-0.4999999999999997,-0.8660254037844388,16
2021-07-06,3222,957,2777,20.658333333333335,64.61375,13.137500000000001,3.2416666666666667,53.166666666666664,0.19000000000000003,71.02,-0.07518957641475855,-0.9971692572470178,-0.4999999999999997,-0.8660254037844388,16
2021-07-07,4965,4147,2654,21.520833333333332,50.73083333333333,10.387500000000001,1.9416666666666667,107.54166666666667,0.19000000000000003,71.11125,-0.09233133369539122,-0.9957283388645872,-0.4999999999999997,-0.8660254037844388,16
2021-07-08,6319,5612,2659,23.295833333333334,63.074999999999996,15.441666666666668,3.475,134.125,0.19000000000000003,71.205,-0.10944576864891556,-0.993992768446958,-0.4999999999999997,-0.8660254037844388,16
2021-07-09,4265,2507,2821,20.57916666666667,79.89458333333333,16.775000000000002,2.375,92.0,0.18708333333333335,71.30291666666666,-0.12652781683868314,-0.9919630595773397,-0.4999999999999997,-0.8660254037844388,16
2021-07-10,6964,7256,2510,24.458333333333332,55.86541666666667,13.875,2.2875,119.95833333333333,0.18000000000000002,71.40875,-0.1435724234118113,-0.9896398128792412,-0.4999999999999997,-0.8660254037844388,16
2021-07-11,8207,9752,1889,26.3625,39.08291666666667,10.258333333333333,3.1458333333333335,179.54166666666666,0.18291666666666664,71.51791666666666,-0.16057454459499376,-0.9870237158387383,-0.4999999999999997,-0.8660254037844388,16
2021-07-12,8180,9642,1635,24.6375,44.768750000000004,11.012500000000001,3.591666666666667,293.6666666666667,0.19000000000000003,71.63166666666667,-0.17752914918703497,-0.984115542601034,-0.4999999999999997,-0.8660254037844388,16
2021-07-13,7898,8294,2268,23.6125,42.435833333333335,9.049999999999999,1.7125000000000001,131.79166666666666,0.19000000000000003,71.75125,-0.19443122004766195,-0.9809161537413774,-0.4999999999999997,-0.8660254037844388,16
2021-07-14,6850,5540,2900,23.650000000000002,48.83208333333334,11.475,2.0625,150.33333333333334,0.19000000000000003,71.87791666666666,-0.2112757555821793,-0.9774264960104055,-0.4999999999999997,-0.8660254037844388,16
2021-07-15,7921,8970,1992,25.245833333333334,45.11333333333334,11.329166666666666,3.6458333333333335,179.29166666666666,0.19000000000000003,72.00875,-0.2280577712215198,-0.9736476020539838,-0.4999999999999997,-0.8660254037844388,16
2021-07-16,6797,5967,3128,25.945833333333336,57.025,16.316666666666666,4.775,162.75,0.19000000000000003,72.14291666666666,-0.24477230089725957,-0.9695805901076308,-0.4999999999999997,-0.8660254037844388,15
2021-07-17,7524,7697,2440,27.25,54.39208333333334,16.491666666666667,4.095833333333333,149.58333333333334,0.19000000000000003,72.28333333333333,-0.2614143985111562,-0.965226663665613,-0.4999999999999997,-0.8660254037844388,15
2021-07-18,7739,8714,1956,29.012500000000003,53.393750000000004,17.583333333333332,3.1875,160.45833333333334,0.19000000000000003,72.42833333333333,-0.2779791393987801,-0.9605871111248129,-0.4999999999999997,-0.8660254037844388,15
2021-07-19,7424,7459,2527,29.816666666666666,49.56666666666666,16.654166666666665,3.7458333333333336,177.83333333333334,0.19000000000000003,72.60041666666666,-0.2944616217868012,-0.9556633054034704,-0.4999999999999997,-0.8660254037844388,15
2021-07-20,6639,4641,3428,27.291666666666668,47.75083333333333,14.358333333333334,4.495833333333334,161.875,0.19000000000000003,72.75625000000001,-0.3108569682435036,-0.9504567035349151,-0.4999999999999997,-0.8660254037844388,15
2021-07-21,4954,2387,3457,28.537499999999998,48.76291666666666,16.058333333333334,3.0500000000000003,229.95833333333334,0.19000000000000003,72.91625,-0.3271603271220951,-0.9449688462364056,-0.4999999999999997,-0.8660254037844388,15
2021-07-22,7155,7251,2103,30.441666666666666,45.85708333333333,16.175,1.8833333333333335,229.16666666666666,0.19000000000000003,73.08125,-0.34336687399638804,-0.939201357453208,-0.4999999999999997,-0.8660254037844388,15
2021-07-23,7054,6521,2604,29.425,46.33083333333334,15.758333333333333,2.3458333333333337,256.4583333333333,0.19000000000000003,73.25083333333333,-0.3594718130884232,-0.9331559438780432,-0.4999999999999997,-0.8660254037844388,15
2021-07-24,7668,8429,2181,26.175,34.48666666666667,7.3125,2.404166666666667,283.375,0.19000000000000003,73.42416666666666,-0.3754703786876202,-0.9268343944460494,-0.4999999999999997,-0.8660254037844388,15
2021-07-25,7557,8303,2062,27.508333333333336,38.16291666666667,10.891666666666666,1.8208333333333335,153.58333333333334,0.18708333333333335,73.60208333333334,-0.3913578365610259,-0.9202385798054075,-0.4999999999999997,-0.8660254037844388,15
2021-07-26,7144,7417,2411,30.05,43.3325,14.904166666666667,3.1375000000000006,167.91666666666666,0.18000000000000002,73.78625000000001,-0.4071294853542516,-0.9133704517637858,-0.4999999999999997,-0.8660254037844388,15
2021-07-27,4575,2387,3270,29.46666666666667,41.60125,13.904166666666667,3.554166666666667,123.95833333333333,0.18000000000000002,73.97458333333334,-0.4227806579826773,-0.9062320427107697,-0.4999999999999997,-0.8660254037844388,15
2021-07-28,5373,2943,3646,27.204166666666666,43.92083333333333,13.591666666666667,4.204166666666667,83.125,0.18000000000000002,74.16666666666667,-0.4383067230125192,-0.898825465016444,-0.4999999999999997,-0.8660254037844388,15
2021-07-29,3810,1741,2822,22.829166666666666,48.055,10.054166666666667,2.0,113.79166666666667,0.18000000000000002,74.36125,-0.45370308603134424,-0.8911529104063088,-0.4999999999999997,-0.8660254037844388,15
2021-07-30,6709,5252,3075,23.870833333333334,55.00666666666667,13.658333333333333,2.0708333333333333,210.16666666666666,0.18000000000000002,74.56208333333333,-0.46896519100763184,-0.8832166493127127,-0.4999999999999997,-0.8660254037844388,15
2021-07-31,7357,8210,2143,24.754166666666666,41.56041666666667,9.545833333333333,2.75,38.375,0.18000000000000002,74.7675,-0.48408852163897587,-0.8750190302029955,-0.4999999999999997,-0.8660254037844388,15
2021-08-01,7349,8170,2060,24.304166666666664,40.12375,8.945833333333333,1.5458333333333334,90.70833333333333,0.18000000000000002,74.97500000000001,-0.4990686026885319,-0.8665624788845385,-0.8660254037844384,-0.5000000000000004,15
2021-08-02,6518,4846,3263,26.033333333333335,41.048750000000005,10.679166666666667,2.1708333333333334,165.91666666666666,0.18000000000000002,75.18875,-0.5139010013093103,-0.8578494977869301,-0.8660254037844384,-0.5000000000000004,15
2021-08-03,6438,5534,2988,26.941666666666666,41.454166666666666,11.479166666666666,3.0749999999999997,177.54166666666666,0.18000000000000002,75.40625,-0.5285813283559292,-0.8488826652214553,-0.8660254037844384,-0.5000000000000004,15
2021-08-04,4592,2442,3172,25.333333333333332,51.357499999999995,14.299999999999999,2.3083333333333336,213.08333333333334,0.18291666666666664,75.6275,-0.5431052396834317,-0.8396646346181327,-0.8660254037844384,-0.5000000000000004,15
2021-08-05,6233,5361,2956,24.379166666666666,52.55375,13.183333333333332,2.7750000000000004,223.41666666666666,0.19000000000000003,75.85125000000001,-0.5574684374327892,-0.8301981337405212,-0.8660254037844384,-0.5000000000000004,14
2021-08-06,4479,2066,3335,22.691666666666666,59.816250000000004,13.545833333333334,3.079166666666667,119.04166666666667,0.19000000000000003,76.10541666666667,-0.5716666713027052,-0.8204859638785327,-0.8660254037844384,-0.5000000000000004,14
2021-08-07,4210,699,3807,22.258333333333336,75.05083333333333,17.32916666666667,2.1208333333333336,62.0,0.19000000000000003,76.33916666666667,-0.5856957398073508,-0.8105309990194823,-0.8660254037844384,-0.5000000000000004,14
2021-08-08,6984,7940,1842,27.9375,51.91291666666667,14.316666666666668,1.9083333333333334,212.625,0.18708333333333335,76.57541666666667,-0.5995514915196489,-0.8003361849976323,-0.8660254037844384,-0.5000000000000004,14
2021-08-09,6058,5246,2720,24.941666666666666,49.04583333333334,12.979166666666666,3.6999999999999997,242.54166666666666,0.18000000000000002,76.81625000000001,-0.6132298262997502,-0.7899045386224707,-0.8660254037844384,-0.5000000000000004,14
2021-08-10,6480,7106,1893,23.941666666666666,46.40541666666667,9.829166666666667,4.641666666666667,275.375,0.18000000000000002,77.06166666666667,-0.6267266965083301,-0.7792391467859886,-0.8660254037844384,-0.5000000000000004,14
2021-08-11,6374,7920,1945,24.387500000000003,46.290416666666665,10.245833333333334,4.454166666666667,291.875,0.18291666666666664,77.30958333333334,-0.6400381082043503,-0.7683431655492202,-0.8660254037844384,-0.5000000000000004,14
2021-08-12,7389,10442,1034,21.054166666666667,37.822916666666664,5.183333333333334,4.05,319.375,0.18416666666666667,77.5625,-0.65316012232693,-0.7572198192083127,-0.8660254037844384,-0.5000000000000004,14
2021-08-13,7212,10218,1143,22.483333333333334,36.6575,5.908333333333334,2.4833333333333334,277.0833333333333,0.16416666666666668,77.81625,-0.666088855860977,-0.7458723993404063,-0.8660254037844384,-0.5000000000000004,14
2021-08-14,7152,10032,1142,27.320833333333336,39.24,11.145833333333334,2.766666666666667,191.08333333333334,0.15291666666666667,78.07625,-0.6788204829862355,-0.734304263829602,-0.8660254037844384,-0.5000000000000004,14
2021-08-15,6574,7723,1714,29.979166666666668,45.305,15.658333333333333,3.904166666666667,188.0,0.16,78.33833333333334,-0.6913512362094071,-0.722518835873311,-0.8660254037844384,-0.5000000000000004,14
2021-08-16,5816,4252,3211,29.49166666666667,38.53916666666667,11.970833333333333,3.1666666666666665,197.75,0.16,78.60125000000001,-0.7036774074790128,-0.7105196029692745,-0.8660254037844384,-0.5000000000000004,14
2021-08-17,4953,2732,3271,29.1875,40.55625,13.708333333333334,3.3458333333333337,169.33333333333334,0.16,78.87,-0.7157953492826642,-0.6983101158835584,-0.8660254037844384,-0.5000000000000004,14
2021-08-18,6435,7387,1903,30.220833333333335,43.127916666666664,15.275,4.458333333333333,189.79166666666666,0.16,79.14083333333333,-0.7277014757264236,-0.6858939875998223,-0.8660254037844384,-0.5000000000000004,14
2021-08-19,5645,4824,2446,23.820833333333336,56.19083333333333,14.016666666666666,2.3375,198.83333333333334,0.16,79.41291666666667,-0.7393922635959241,-0.673274892250183,-0.8660254037844384,-0.5000000000000004,14
2021-08-20,1444,385,1265,19.495833333333334,81.10041666666667,15.958333333333334,4.416666666666667,267.0,0.16,79.69,-0.7508642533989489,-0.6604565640279754,-0.8660254037844384,-0.5000000000000004,14
2021-08-21,6733,9242,1328,18.866666666666667,56.52041666666667,9.258333333333335,3.6208333333333336,246.58333333333334,0.16,79.97,-0.7621140503891487,-0.6474427960827475,-0.8660254037844384,-0.5000000000000004,14
2021-08-22,4041,3166,2343,21.308333333333334,50.74333333333333,10.408333333333333,5.766666666666667,218.125,0.16,80.25125,-0.7731383255706026,-0.6342374393978054,-0.8660254037844384,-0.5000000000000004,14
2021-08-23,6463,8162,1653,22.6375,51.73458333333334,10.625,3.116666666666667,147.875,0.16,80.53500000000001,-0.7839338166829201,-0.620844401650647,-0.8660254037844384,-0.5000000000000004,14
2021-08-24,5933,6412,2267,21.225,59.0025,12.241666666666667,3.941666666666667,275.75,0.16,80.82166666666667,-0.7944973291665992,-0.6072676460566135,-0.8660254037844384,-0.5000000000000004,14
2021-08-25,5132,4649,2223,18.07916666666667,53.28791666666667,7.633333333333334,1.8166666666666667,216.95833333333334,0.16,81.11083333333333,-0.8048257371083452,-0.593511190196115,-0.8660254037844384,-0.5000000000000004,14
2021-08-26,2290,1837,1585,16.2875,80.36791666666666,12.775,4.275,91.25,0.16,81.40166666666667,-0.8149159841660791,-0.5795791048257612,-0.8660254037844384,-0.5000000000000004,14
2021-08-27,5231,4883,1976,19.087500000000002,83.31625,15.862499999999999,2.2708333333333335,125.5,0.16,81.69458333333334,-0.8247650844733614,-0.5654755126737576,-0.8660254037844384,-0.5000000000000004,13
2021-08-28,4525,3721,2136,19.916666666666668,63.4375,11.633333333333333,3.2375000000000003,291.25,0.16,82.015,-0.8343701235229537,-0.5512045872199277,-0.8660254037844384,-0.5000000000000004,13
2021-08-29,6384,9003,1126,21.01666666666667,50.25958333333333,8.9875,2.7083333333333335,248.20833333333334,0.16,82.31458333333333,-0.8437282590292712,-0.5367705514607103,-0.8660254037844384,-0.5000000000000004,13
2021-08-30,3417,3569,1237,22.325,54.159166666666664,11.725,3.5416666666666665,155.54166666666666,0.16291666666666668,82.61625,-0.8528367217694595,-0.522177676659508,-0.8660254037844384,-0.5000000000000004,13
2021-08-31,6029,7948,1536,22.166666666666668,62.081250000000004,13.591666666666667,4.65,143.54166666666666,0.17,82.92125,-0.8616928164028521,-0.5074302810827518,-0.8660254037844384,-0.5000000000000004,13
2021-09-01,2251,356,2102,20.295833333333334,75.5225,15.666666666666666,5.2,155.45833333333334,0.17,83.22666666666667,-0.8702939222685674,-0.49253272872205434,-1.0,-1.8369701987210297e-16,13
2021-09-02,1746,1055,1417,18.633333333333336,76.23833333333333,13.954166666666666,2.7291666666666665,112.08333333333333,0.17,83.53541666666666,-0.8786374941610001,-0.4774894280028391,-1.0,-1.8369701987210297e-16,13
2021-09-03,3700,2083,2316,17.608333333333334,57.40541666666667,8.387500000000001,2.0375,277.25,0.17,83.845,-0.886721063082993,-0.46230483047981086,-1.0,-1.8369701987210297e-16,13
2021-09-04,5807,8079,1313,18.954166666666666,55.41958333333333,8.554166666666667,2.7583333333333333,273.7083333333333,0.17,84.15666666666667,-0.8945422369764496,-0.4469834295196741,-1.0,-1.8369701987210297e-16,13
2021-09-05,6107,9109,1028,20.725,46.11083333333334,6.979166666666667,1.7583333333333335,194.20833333333334,0.17,84.47,-0.9020987014301837,-0.43152975897147144,-1.0,-1.8369701987210297e-16,13
2021-09-06,5490,6533,1793,24.55416666666667,43.657916666666665,9.4875,3.9875000000000003,251.0,0.17,84.785,-0.9093882203647925,-0.4159483918249421,-1.0,-1.8369701987210297e-16,13
2021-09-07,6035,9577,871,19.491666666666667,45.31666666666667,6.033333333333334,4.941666666666667,319.125,0.17,85.09958333333334,-0.9164086366943458,-0.4002439388573056,-1.0,-1.8369701987210297e-16,13
2021-09-08,5756,8492,1208,18.912499999999998,44.34041666666667,5.616666666666667,2.5208333333333335,277.5833333333333,0.17,85.41875,-0.9231578729647039,-0.38442104726885545,-1.0,-1.8369701987210297e-16,13
2021-09-09,5611,7596,1376,20.45416666666667,47.321666666666665,8.0375,3.1958333333333333,188.66666666666666,0.17,85.7375,-0.9296339319682695,-0.3684843993077793,-1.0,-1.8369701987210297e-16,13
2021-09-10,4723,3755,2526,23.416666666666668,44.57583333333333,9.258333333333333,2.1833333333333336,257.1666666666667,0.17,86.05791666666666,-0.9358348973349941,-0.35243871088460327,-1.0,-1.8369701987210297e-16,13
2021-09-11,4099,2862,2586,16.095833333333335,58.43,7.575,3.5208333333333335,41.375,0.17,86.37833333333333,-0.9417589340994617,-0.33628873017668287,-1.0,-1.8369701987210297e-16,13
2021-09-12,5403,7574,1160,18.020833333333332,52.03583333333333,6.604166666666667,3.545833333333334,148.41666666666666,0.17,86.69958333333334,-0.9474042892438845,-0.32003923622313857,-1.0,-1.8369701987210297e-16,13
2021-09-13,2215,2443,1155,16.14166666666667,68.795,10.295833333333333,2.2083333333333335,194.91666666666666,0.17,87.02333333333333,-0.9527692922168511,-0.30369503751065885,-1.0,-1.8369701987210297e-16,13
2021-09-14,5577,8876,949,17.5125,47.31333333333333,5.079166666666667,2.3375,279.2083333333333,0.17,87.34750000000001,-0.9578523554276669,-0.28726097055059635,-1.0,-1.8369701987210297e-16,13
2021-09-15,5316,7920,1002,21.150000000000002,48.3975,8.85,3.295833333333334,209.29166666666666,0.1729166666666667,87.6725,-0.9626519747161487,-0.2707418984477642,-1.0,-1.8369701987210297e-16,13
2021-09-16,5369,8240,982,16.462500000000002,53.094166666666666,6.1625000000000005,4.654166666666667,174.16666666666666,0.18000000000000002,87.99708333333332,-0.9671667297977312,-0.2541427094613622,-1.0,-1.8369701987210297e-16,13
2021-09-17,5642,9280,901,14.845833333333333,34.486666666666665,-2.1166666666666667,3.9250000000000003,231.33333333333334,0.18000000000000002,88.3225,-0.97139528468375,-0.23746831555846842,-1.0,-1.8369701987210297e-16,13
2021-09-18,5312,8375,1016,20.729166666666668,43.267500000000005,6.929166666666667,4.304166666666667,177.29166666666666,0.18000000000000002,88.64833333333333,-0.9753363880767837,-0.2207236509605022,-1.0,-1.8369701987210297e-16,13
2021-09-19,4918,6877,1415,21.754166666666666,41.515,6.970833333333334,4.5375000000000005,276.9166666666667,0.17708333333333334,88.97500000000001,-0.9789888737409319,-0.20391367068311472,-1.0,-1.8369701987210297e-16,13
2021-09-20,4322,5233,1295,14.825000000000001,55.59875,4.8375,4.675,330.4166666666667,0.17,89.29958333333333,-0.9823516608469237,-0.18704334906991657,-1.0,-1.8369701987210297e-16,13
2021-09-21,5038,8372,989,14.799999999999999,46.463750000000005,2.466666666666667,2.7624999999999997,267.8333333333333,0.17,89.625,-0.9854237542919524,-0.17011767832049052,-1.0,-1.8369701987210297e-16,12
2021-09-22,5243,9314,688,17.0375,43.6225,3.191666666666667,4.108333333333333,192.83333333333334,0.17,89.97916666666667,-0.9882042449941422,-0.15314166701312007,-1.0,-1.8369701987210297e-16,12
2021-09-23,3929,3970,1958,17.133333333333333,56.44166666666667,7.758333333333334,3.3083333333333336,259.625,0.17,90.30708333333332,-0.9906923101615609,-0.13612033862266704,-1.0,-1.8369701987210297e-16,12
2021-09-24,5350,9825,620,11.829166666666667,37.28333333333333,-3.566666666666667,3.741666666666667,311.875,0.17,90.63333333333333,-0.9928872135356962,-0.11905873003404988,-1.0,-1.8369701987210297e-16,12
2021-09-25,4552,6886,1122,17.420833333333334,37.322916666666664,1.9416666666666667,3.095833333333333,233.20833333333334,0.16708333333333333,90.96208333333334,-0.994788305609327,-0.10196189005174576,-1.0,-1.8369701987210297e-16,12
2021-09-26,4874,8793,658,20.320833333333336,48.581250000000004,8.241666666666667,2.891666666666667,195.95833333333334,0.16291666666666668,91.29,-0.9963950238187231,-0.08483487790576538,-1.0,-1.8369701987210297e-16,12
2021-09-27,4710,7912,910,21.333333333333332,52.124583333333334,9.783333333333333,3.8708333333333336,172.04166666666666,0.17,91.61833333333334,-0.9977068927101168,-0.06768276175455162,-1.0,-1.8369701987210297e-16,11
2021-09-28,4716,7768,835,24.462500000000002,47.33416666666667,10.9125,5.116666666666667,166.5,0.17,91.97000000000001,-0.9987235240803972,-0.050510617185222886,-1.0,-1.8369701987210297e-16,11
2021-09-29,1906,1225,1395,19.7375,61.77916666666667,11.716666666666667,3.9125,302.0833333333333,0.17,92.29833333333333,-0.9994446170919858,-0.033323525711631344,-1.0,-1.8369701987210297e-16,11
2021-09-30,3129,2351,2065,17.162499999999998,57.611250000000005,8.066666666666668,2.8375000000000004,156.79166666666666,0.17,92.62625000000001,-0.9998699583618592,-0.016126573270657762,-1.0,-1.8369701987210297e-16,11
2021-10-01,2675,2907,1215,16.829166666666666,52.76625000000001,6.483333333333334,1.4833333333333334,103.95833333333333,0.17,92.95333333333333,-0.9999994220246925,0.001075151282798226,-0.8660254037844386,0.5000000000000001,11
2021-10-02,4577,8641,633,16.316666666666666,54.035833333333336,6.341666666666668,2.5708333333333333,249.16666666666666,0.17,93.28083333333332,-0.999832969770105,0.018276557681691223,-0.8660254037844386,0.5000000000000001,11
2021-10-03,4488,8497,639,18.933333333333334,45.166666666666664,5.508333333333334,2.0375,205.54166666666666,0.17,93.60708333333334,-0.9993706508539969,0.03547255575312556,-0.8660254037844386,0.5000000000000001,11
2021-10-04,4522,8780,592,20.745833333333334,37.39958333333333,4.470833333333334,1.9750000000000003,169.79166666666666,0.17,93.93416666666667,-0.9986126020839734,0.052658056924614005,-0.8660254037844386,0.5000000000000001,11
2021-10-05,4416,8473,647,21.416666666666668,44.82458333333333,7.691666666666666,5.341666666666668,175.20833333333334,0.17,94.25791666666667,-0.9975590477788613,0.06982797572987089,-0.8660254037844386,0.5000000000000001,11
2021-10-06,4430,8753,583,19.791666666666668,48.580000000000005,7.204166666666667,5.625,162.58333333333334,0.17,94.58333333333333,-0.9962102997023297,0.0869772313136861,-0.8660254037844386,0.5000000000000001,11
2021-10-07,2784,3285,1461,17.308333333333334,73.90708333333333,12.183333333333332,2.4708333333333337,92.66666666666667,0.17,94.90458333333333,-0.9945667569706337,0.1041007489354256,-0.8660254037844386,0.5000000000000001,11
2021-10-08,2158,1110,1713,16.287499999999998,82.43166666666667,13.016666666666666,3.1208333333333336,23.25,0.17,95.22625,-0.9926289059345095,0.121193461470736,-0.8660254037844386,0.5000000000000001,11
2021-10-09,1013,296,841,13.129166666666668,88.68708333333335,11.258333333333333,4.570833333333334,115.16666666666667,0.17,95.54583333333333,-0.9903973200352558,0.1382503109109819,-0.8660254037844386,0.5000000000000001,11
2021-10-10,2731,3897,1128,11.895833333333334,64.78458333333333,5.054166666666667,5.091666666666667,311.2083333333333,0.17,95.86500000000001,-0.9878726596350429,0.15526624985999563,-0.8660254037844386,0.5000000000000001,11
2021-10-11,4164,8517,593,10.258333333333335,58.54125,1.8499999999999999,3.879166666666667,336.2916666666667,0.17,96.18083333333334,-0.9850556718215013,0.172236243027682,-0.8660254037844386,0.5000000000000001,11
2021-10-12,2351,1673,1436,7.233333333333333,66.095,0.9583333333333334,4.25,81.33333333333333,0.1729166666666667,96.49583333333334,-0.981947190186646,0.18915526872004093,-0.8660254037844386,0.5000000000000001,11
2021-10-13,351,6,349,5.7749999999999995,88.31875000000001,3.9875000000000003,7.495833333333334,163.16666666666666,0.18000000000000002,96.81083333333333,-0.9785481345802031,0.20601832032517084,-0.8660254037844386,0.5000000000000001,11
2021-10-14,2959,3779,1119,5.395833333333333,72.31833333333334,0.49583333333333335,5.791666666666667,283.7916666666667,0.18000000000000002,97.12291666666665,-0.9748595108374125,0.22282040779479959,-0.8660254037844386,0.5000000000000001,11
2021-10-15,3842,7556,753,5.466666666666666,67.21791666666667,-1.0083333333333335,4.254166666666667,284.2083333333333,0.18000000000000002,97.43291666666666,-0.9708824104813836,0.23955655912092708,-0.8660254037844386,0.5000000000000001,11
2021-10-16,3829,8007,597,8.804166666666667,68.48708333333333,2.7083333333333335,3.1458333333333335,272.9166666666667,0.18000000000000002,97.74125,-0.9666180104000972,0.2562218218071163,-0.8660254037844386,0.5000000000000001,11
2021-10-17,3791,8255,527,11.850000000000001,67.76708333333333,5.154166666666667,2.7416666666666667,192.75,0.18000000000000002,98.04666666666667,-0.9620675724981452,0.27281126433401914,-0.8660254037844386,0.5000000000000001,11
2021-10-18,2996,3939,1444,12.208333333333334,69.685,6.2875000000000005,2.6333333333333333,209.625,0.18000000000000002,98.35208333333333,-0.957232443323312,0.28931997761869527,-0.8660254037844386,0.5000000000000001,11
2021-10-19,2940,5544,612,6.3999999999999995,69.77708333333334,0.9291666666666667,5.583333333333333,70.66666666666667,0.18000000000000002,98.65333333333332,-0.9521140536681102,0.3057430764672831,-0.8660254037844386,0.5000000000000001,11
2021-10-20,1074,143,1026,0.8416666666666668,70.60708333333334,-4.004166666666667,4.1125,105.91666666666667,0.18000000000000002,98.95125,-0.9467139181463862,0.3220757010206104,-0.8660254037844386,0.5000000000000001,11
2021-10-21,3169,5355,840,2.716666666666667,70.61625,-2.629166666666667,1.2583333333333335,139.79166666666666,0.18000000000000002,99.24791666666665,-0.9410336347451197,0.3383130181923076,-0.8660254037844386,0.5000000000000001,11
2021-10-22,3109,5239,857,5.170833333333333,73.55458333333333,0.4791666666666667,2.8833333333333333,120.16666666666667,0.18000000000000002,99.5425,-0.9350748843515574,0.3544502230989869,-0.8660254037844386,0.5000000000000001,11
2021-10-23,2896,4185,1242,4.170833333333333,64.03291666666667,-2.4458333333333333,4.966666666666667,120.95833333333333,0.18000000000000002,99.83416666666666,-0.9288394302558068,0.3704825404820963,-0.8660254037844386,0.5000000000000001,11
2021-10-24,275,0,275,3.6875,90.01291666666667,2.1708333333333334,3.754166666666667,118.0,0.18291666666666664,100.1225,-0.9223291176290545,0.3864052261209853,-0.8660254037844386,0.5000000000000001,11
2021-10-25,1216,470,1019,6.075,74.86916666666667,1.5875000000000001,6.920833333333333,141.66666666666666,0.19000000000000003,100.40875,-0.9155458729775467,0.40221356823680365,-0.8660254037844386,0.5000000000000001,11
2021-10-26,382,85,365,6.45,88.10916666666667,4.604166666666667,4.883333333333334,177.25,0.18708333333333335,100.69291666666668,-0.9084917035725082,0.41790288888678667,-0.8660254037844386,0.5000000000000001,11
2021-10-27,2121,3208,1065,8.195833333333335,73.85083333333334,3.2083333333333335,3.1999999999999997,296.7916666666667,0.18291666666666664,100.97125,-0.9011686968561569,0.4334685453485363,-0.8660254037844386,0.5000000000000001,11
2021-10-28,3248,7564,463,7.0125,64.67875,0.1375,4.479166666666667,311.2916666666667,0.19000000000000003,101.24666666666667,-0.8935790198239952,0.4489059314938798,-0.8660254037844386,0.5000000000000001,11
2021-10-29,3034,6986,509,9.170833333333333,60.06041666666667,1.2583333333333335,3.858333333333334,192.70833333333334,0.19000000000000003,101.52208333333334,-0.8857249183835637,0.4642104791518923,-0.8660254037844386,0.5000000000000001,10
2021-10-30,2123,2822,968,5.8875,66.76916666666666,-0.2708333333333333,5.216666666666667,321.375,0.19000000000000003,101.79041666666666,-0.8776087166898392,0.4793776594606945,-0.8660254037844386,0.5000000000000001,10
2021-10-31,2885,6323,609,0.8625000000000002,62.668749999999996,-5.8999999999999995,4.029166666666667,307.7916666666667,0.19000000000000003,102.08083333333333,-0.8692328164574792,0.49440298420761813,-0.8660254037844386,0.5000000000000001,10
2021-11-01,1474,1154,1052,-0.9166666666666666,67.40208333333334,-6.516666666666667,2.504166666666667,315.625,0.18708333333333335,102.34500000000001,-0.8605996962501181,0.5092820071573356,-0.5000000000000004,0.8660254037844384,10
2021-11-02,2525,4381,1180,-0.6250000000000001,61.64416666666667,-7.483333333333333,1.2375,213.625,0.18000000000000002,102.60666666666667,-0.8517119107469189,0.5240103253675756,-0.5000000000000004,0.8660254037844384,10
2021-11-03,2961,7228,477,2.216666666666667,70.23416666666667,-3.1375000000000006,1.8583333333333334,212.54166666666666,0.18291666666666664,102.86416666666666,-0.8425720899866032,0.5385835804920232,-0.5000000000000004,0.8660254037844384,9
2021-11-04,2722,6320,587,6.108333333333333,77.94625,1.991666666666667,2.779166666666667,204.66666666666666,0.19000000000000003,103.14375,-0.8331829385891785,0.5529974600700271,-0.5000000000000004,0.8660254037844384,9
2021-11-05,1430,2561,801,10.3,70.03083333333333,4.554166666666667,4.758333333333334,256.7916666666667,0.18708333333333335,103.395,-0.8235472349556007,0.5672476988027229,-0.5000000000000004,0.8660254037844384,9
2021-11-06,2428,4867,720,9.208333333333334,59.00125,1.0708333333333335,2.475,225.75,0.18000000000000002,103.64375000000001,-0.8136678304455991,0.5813300798152042,-0.5000000000000004,0.8660254037844384,9
2021-11-07,2081,2530,1183,8.4875,68.82875,2.5458333333333334,2.8625000000000003,190.16666666666666,0.18291666666666664,103.88625,-0.8035476485339116,0.5952404359043674,-0.5000000000000004,0.8660254037844384,9
2021-11-08,2334,4846,627,4.875,59.29,-2.9791666666666665,2.6208333333333336,254.54166666666666,0.19000000000000003,104.12541666666668,-0.7931896839451843,0.6089746507720486,-0.5000000000000004,0.8660254037844384,9
2021-11-09,2395,4728,825,5.916666666666667,77.64583333333333,1.9749999999999999,3.341666666666667,178.875,0.19000000000000003,104.36166666666668,-0.7825970017677834,0.6225286602431057,-0.5000000000000004,0.8660254037844384,9
2021-11-10,1054,166,996,5.979166666666667,70.97458333333334,0.8250000000000001,4.904166666666667,255.66666666666666,0.32416666666666666,104.59333333333335,-0.7717727365467837,0.6358984534680745,-0.5000000000000004,0.8660254037844384,9
2021-11-11,407,1,407,-0.5916666666666667,71.80416666666666,-5.095833333333334,9.279166666666667,311.25,0.5158333333333334,104.82083333333333,-0.7607200913564104,0.6490800741100398,-0.5000000000000004,0.8660254037844384,9
2021-11-12,1263,1073,1037,-3.641666666666667,58.16708333333333,-10.875,5.745833333333334,302.1666666666667,0.3329166666666667,105.04166666666667,-0.7494423368521953,0.6620696215153815,-0.5000000000000004,0.8660254037844384,9
2021-11-13,1298,1301,787,0.47083333333333327,76.35375,-3.3125,5.891666666666667,261.7083333333333,0.6741666666666667,105.26041666666667,-0.7379428103031386,0.6748632518680403,-0.5000000000000004,0.8660254037844384,9
2021-11-14,1482,1451,1058,1.0416666666666667,87.99791666666665,-0.7791666666666667,2.6625,211.0,0.5258333333333334,105.47333333333334,-0.7262249146041543,0.6874571793269664,-0.5000000000000004,0.8660254037844384,9
2021-11-15,2259,5640,466,4.8374999999999995,87.9775,2.858333333333334,2.1833333333333336,134.29166666666666,0.19708333333333336,105.68208333333332,-0.7142921172691032,0.699847677146407,-0.5000000000000004,0.8660254037844384,9
2021-11-16,1867,3287,697,6.2250000000000005,58.26916666666667,-2.725,7.4125000000000005,257.3333333333333,0.19000000000000003,105.88708333333334,-0.7021479494046978,0.7120310787787131,-0.5000000000000004,0.8660254037844384,9
2021-11-17,658,66,644,-2.025,55.5925,-9.795833333333333,9.566666666666666,297.7916666666667,0.19291666666666665,106.08458333333334,-0.6897960046655887,0.7240037789593305,-0.5000000000000004,0.8660254037844384,9
2021-11-18,2020,3974,603,-3.429166666666667,58.303333333333335,-10.583333333333334,3.9625000000000004,227.79166666666666,0.19708333333333336,106.27958333333333,-0.6772399381909491,0.7357622347736527,-0.5000000000000004,0.8660254037844384,9
2021-11-19,2100,4779,587,1.3916666666666666,64.74916666666667,-4.7125,2.3958333333333335,252.45833333333334,0.18708333333333335,106.47041666666667,-0.6644834655228552,0.7473029667054297,-0.5000000000000004,0.8660254037844384,9
2021-11-20,2131,5748,485,0.5083333333333334,67.18875,-5.1000000000000005,2.5583333333333336,175.83333333333334,0.18000000000000002,106.65333333333335,-0.6515303615068021,0.75862255966641,-0.5000000000000004,0.8660254037844384,9
2021-11-21,1929,3186,829,-3.608333333333334,51.260416666666664,-12.7875,4.2125,285.6666666666667,0.18000000000000002,106.83083333333333,-0.6383844591746642,0.769717664006921,-0.5000000000000004,0.8660254037844384,9
2021-11-22,1591,2039,936,0.8916666666666667,69.69291666666668,-4.175,2.6208333333333336,216.83333333333334,0.18000000000000002,107.00708333333334,-0.6250496486104377,0.7805849965070866,-0.5000000000000004,0.8660254037844384,9
2021-11-23,1603,2191,906,1.5125000000000002,77.70791666666666,-2.325,2.5458333333333334,295.375,0.17708333333333334,107.17666666666668,-0.6115298757991053,0.7912213413483807,-0.5000000000000004,0.8660254037844384,9
2021-11-24,225,1,225,-4.091666666666667,68.45,-9.345833333333333,4.9125000000000005,268.5416666666667,0.17,107.33916666666666,-0.5978291414589552,0.801623551065242,-0.5000000000000004,0.8660254037844384,9
2021-11-25,1420,1536,995,-4.7250000000000005,61.89958333333333,-11.1,3.6125000000000003,195.08333333333334,0.17,107.49708333333332,-0.5839514998576998,0.8117885474764613,-0.5000000000000004,0.8660254037844384,9
2021-11-26,1084,707,844,3.4958333333333336,71.92375,-1.2125000000000001,3.441666666666667,276.0833333333333,0.16708333333333333,107.65083333333332,-0.5699010576127624,0.821713322596059,-0.5000000000000004,0.8660254037844384,9
2021-11-27,1861,4703,451,0.6791666666666667,72.69583333333334,-4.0375000000000005,3.529166666666667,319.7916666666667,0.16291666666666668,107.79916666666666,-0.5556819724760489,0.8313949395234058,-0.5000000000000004,0.8660254037844384,9
2021-11-28,1154,886,855,1.5666666666666667,81.74249999999999,-1.3208333333333335,2.841666666666667,214.70833333333334,0.17,107.94,-0.5412984521036173,0.8408305333122887,-0.5000000000000004,0.8660254037844384,9
2021-11-29,1592,2984,730,4.041666666666667,93.89041666666667,3.0625,3.35,315.7083333333333,0.17,108.07458333333334,-0.5267547528105542,0.8500173118187018,-0.5000000000000004,0.8660254037844384,9
2021-11-30,1002,801,811,2.3708333333333336,88.91833333333334,0.6791666666666667,3.2000000000000006,257.2083333333333,0.17,108.20625,-0.5120551783114646,0.8589525565270845,-0.5000000000000004,0.8660254037844384,9
2021-12-01,1429,1950,794,7.7,75.21166666666667,3.4375,4.4875,286.5416666666667,0.17,108.3325,-0.4972040784469378,0.8676336233547726,-2.4492935982947064e-16,1.0,9
2021-12-02,468,73,445,2.858333333333334,82.32666666666667,-0.04999999999999997,1.8583333333333334,252.41666666666666,0.16708333333333333,108.45,-0.4822058478963526,0.8760579434344281,-2.4492935982947064e-16,1.0,9
2021-12-03,1812,4370,542,-0.5125000000000001,68.24291666666666,-6.441666666666666,3.141666666666667,325.4166666666667,0.16,108.56208333333332,-0.46706492487743034,0.8842230238742036,-2.4492935982947064e-16,1.0,9
2021-12-04,290,12,287,-2.35,70.09958333333334,-7.1875,3.966666666666667,186.45833333333334,0.32916666666666666,108.66916666666667,-0.451785789832884,0.8921264484954345,-2.4492935982947064e-16,1.0,9
2021-12-05,424,1,424,-4.525,74.0725,-8.545833333333333,7.829166666666667,303.4583333333333,0.7575,108.77166666666666,-0.4363729641045924,0.8997658785476209,-2.4492935982947064e-16,1.0,9
2021-12-06,1971,5405,471,-12.729166666666666,56.354166666666664,-19.658333333333335,3.4333333333333336,238.5,0.8000000000000002,108.86416666666668,-0.42083100859565564,0.9071390534005044,-2.4492935982947064e-16,1.0,9
2021-12-07,1221,716,1028,-7.733333333333333,69.73833333333333,-12.354166666666666,1.9083333333333334,221.0,0.8000000000000002,108.95541666666666,-0.4051645224207563,0.9142437912130223,-2.4492935982947064e-16,1.0,9
2021-12-08,1408,2262,732,-2.670833333333334,77.43583333333333,-6.1499999999999995,3.7708333333333335,181.79166666666666,0.7591666666666668,109.03916666666667,-0.3893781415452015,0.9210779895789526,-2.4492935982947064e-16,1.0,9
2021-12-09,1821,5078,499,-1.5708333333333335,74.02708333333334,-5.933333333333334,3.741666666666667,281.0416666666667,0.6891666666666666,109.11666666666667,-0.37347653741307074,0.9276396261490467,-2.4492935982947064e-16,1.0,9
2021-12-10,1570,2421,888,-3.441666666666667,70.82041666666667,-8.029166666666667,1.929166666666667,261.5833333333333,0.7658333333333333,109.18708333333332,-0.3574644155648614,0.9339267592294762,-2.4492935982947064e-16,1.0,9
2021-12-11,1533,3413,681,-2.1791666666666667,66.72666666666667,-7.691666666666666,4.3875,255.0,0.7420833333333334,109.25125000000001,-0.34134651424503615,0.9399375283564133,-2.4492935982947064e-16,1.0,9
2021-12-12,1278,2413,806,1.0458333333333334,69.02416666666666,-4.066666666666667,3.1750000000000003,253.83333333333334,0.6558333333333334,109.31125000000002,-0.3251276029999093,0.9456701548465688,-2.4492935982947064e-16,1.0,9
2021-12-13,676,82,656,-0.8333333333333334,86.62291666666665,-2.8249999999999997,3.141666666666667,149.20833333333334,0.53,109.36291666666666,-0.30881248126625377,0.9511229423235357,-2.4492935982947064e-16,1.0,9
2021-12-14,1254,1692,877,0.11249999999999999,91.40750000000001,-1.2375,3.670833333333334,177.45833333333334,0.19000000000000003,109.40875,-0.29240597695107734,0.9562942772197719,-2.4492935982947064e-16,1.0,9
2021-12-15,613,671,527,-4.891666666666667,78.72375,-8.1625,6.825,301.5,0.36791666666666667,109.44833333333334,-0.27591294500296043,0.9611826292540837,-2.4492935982947064e-16,1.0,9
2021-12-16,1685,4261,725,-11.166666666666666,58.67583333333334,-17.783333333333335,4.533333333333334,249.5,0.8000000000000002,109.47958333333334,-0.2593382659754056,0.9657865518844574,-2.4492935982947064e-16,1.0,9
2021-12-17,1221,332,1123,-11.416666666666666,67.12916666666666,-16.325,3.191666666666667,119.54166666666667,0.8000000000000002,109.50625000000001,-0.2426868445825954,0.9701046827361175,-2.4492935982947064e-16,1.0,9
2021-12-18,1876,5802,388,-11.875,63.505833333333335,-17.4375,3.5541666666666667,239.875,0.8000000000000002,109.52541666666667,-0.22596360824801906,0.974135744004672,-2.4492935982947064e-16,1.0,9
2021-12-19,876,1133,631,-5.091666666666667,73.61291666666666,-9.129166666666666,4.5875,269.5,0.6220833333333334,109.54416666666667,-0.20917350564635637,0.9778785428342386,-2.4492935982947064e-16,1.0,9
2021-12-20,1800,5334,367,-10.179166666666667,59.095,-16.75,4.2250000000000005,252.79166666666666,0.36791666666666667,109.55041666666666,-0.19232150523909483,0.9813319716704275,-2.4492935982947064e-16,1.0,9
2021-12-21,1766,4902,476,-8.154166666666667,71.72541666666667,-12.483333333333334,3.2458333333333336,260.375,0.8000000000000002,109.55250000000001,-0.17541259380427843,0.9844950085880858,-2.4492935982947064e-16,1.0,9
2021-12-22,1189,1794,781,-4.5375000000000005,75.43666666666667,-8.320833333333335,1.5833333333333333,164.75,0.6220833333333334,109.54916666666666,-0.15845177496083632,0.9873667175937016,-2.4492935982947064e-16,1.0,9
2021-12-23,1776,5996,299,-0.5458333333333333,88.49458333333332,-2.325,3.408333333333333,224.95833333333334,0.19000000000000003,109.54083333333334,-0.14144406768794202,0.9899462489023779,-2.4492935982947064e-16,1.0,9
2021-12-24,1751,5162,357,-5.7124999999999995,72.23541666666667,-10.091666666666667,4.5625,274.75,0.36791666666666667,109.5225,-0.12439450483979998,0.9922328391893008,-2.4492935982947064e-16,1.0,9
2021-12-25,703,169,669,-11.65,72.97625000000001,-15.566666666666668,2.6750000000000003,87.70833333333333,0.8000000000000002,109.49708333333332,-0.10730813165636247,0.9942258118156161,-2.4492935982947064e-16,1.0,9
2021-12-26,724,82,700,-11.033333333333333,78.29833333333333,-14.0875,4.645833333333333,129.75,0.8000000000000002,109.46708333333333,-0.09019000427034513,0.9959245770286599,-2.4492935982947064e-16,1.0,9
2021-12-27,1841,5309,413,-16.787499999999998,71.7025,-20.708333333333332,5.3125,282.4583333333333,0.8000000000000002,109.43124999999999,-0.07304518821104743,0.9973286321364752,-2.4492935982947064e-16,1.0,9
2021-12-28,1614,3675,768,-20.358333333333334,70.16375000000001,-24.445833333333336,1.75,225.29166666666666,0.8000000000000002,109.38875,-0.05587875690537313,0.9984375616565666,-2.4492935982947064e-16,1.0,9
2021-12-29,973,289,901,-19.479166666666668,72.375,-23.208333333333332,1.7625000000000002,282.7916666666667,0.8000000000000002,109.33958333333334,-0.03869579017652689,0.9992510374388481,-2.4492935982947064e-16,1.0,9
2021-12-30,908,220,841,-13.941666666666668,75.93791666666667,-17.320833333333333,3.0208333333333335,226.625,0.8000000000000002,109.28625,-0.021501372740813793,0.999768818762748,-2.4492935982947064e-16,1.0,9
2021-12-31,1981,6103,387,-16.345833333333335,75.16958333333334,-19.741666666666667,3.866666666666667,317.5833333333333,0.7766666666666667,109.21291666666667,-0.004300592702981974,0.9999907524084426,-2.4492935982947064e-16,1.0,9
2022-01-01,2006,6413,387,-23.941666666666666,68.48333333333333,-28.191666666666666,2.4916666666666667,268.4583333333333,0.8000000000000002,109.15666666666668,0.017201575418260506,0.9998520419557735,0.49999999999999994,0.8660254037844387,9
2022-01-02,1124,860,889,-12.445833333333333,79.01958333333333,-15.358333333333334,3.2125000000000004,232.58333333333334,0.8000000000000002,109.08416666666666,0.03439806061360801,0.9994082116062598,0.49999999999999994,0.8660254037844387,9
2022-01-03,1807,4131,651,-8.0875,88.27625,-9.708333333333334,2.858333333333334,150.04166666666666,0.8000000000000002,109.00625000000001,0.051584366869408364,0.9986686402879997,0.49999999999999994,0.8660254037844387,9
2022-01-04,1016,242,938,-15.079166666666666,76.58291666666666,-18.283333333333335,6.245833333333334,224.33333333333334,0.8000000000000002,108.91958333333334,0.06875540848113941,0.9976335468520451,0.49999999999999994,0.8660254037844387,9
2022-01-05,1876,4267,677,-20.01666666666667,69.15,-24.224999999999998,6.208333333333333,327.0416666666667,0.8000000000000002,108.82708333333333,0.08590610426133272,0.9963032375991965,0.49999999999999994,0.8660254037844387,9
2022-01-06,1956,4712,565,-23.929166666666664,65.18166666666667,-28.629166666666666,2.8000000000000003,254.33333333333334,0.8000000000000002,108.7275,0.10303137904317879,0.9946781061893646,0.49999999999999994,0.8660254037844387,9
2022-01-07,537,7,534,-15.616666666666667,72.94291666666668,-19.366666666666667,4.804166666666667,159.41666666666666,0.8000000000000002,108.62791666666668,0.1201261651823505,0.9927586335250793,0.49999999999999994,0.8660254037844387,9
2022-01-08,1710,2978,810,-13.354166666666666,79.12333333333333,-16.241666666666667,5.908333333333334,304.4166666666667,0.8000000000000002,108.5175,0.13718540405660057,0.9905453876091833,0.49999999999999994,0.8660254037844387,9
2022-01-09,1611,2624,990,-20.770833333333332,70.20666666666666,-24.820833333333336,1.7916666666666667,214.0,0.8000000000000002,108.40166666666666,0.1542040475626894,0.988039023376751,0.49999999999999994,0.8660254037844387,9
2022-01-10,2023,5923,391,-13.8375,71.43208333333334,-17.95,2.720833333333333,181.875,0.7912500000000001,108.28041666666667,0.17117705961019986,0.985240282501282,0.49999999999999994,0.8660254037844387,9
2022-01-11,1762,4133,715,-0.3333333333333333,84.93124999999999,-2.575,5.120833333333334,274.8333333333333,0.7379166666666667,108.15625,0.18809941761179758,0.9821499931752291,0.49999999999999994,0.8660254037844387,9
2022-01-12,760,195,709,0.15833333333333333,96.46958333333333,-0.3458333333333334,3.6833333333333336,285.125,0.6716666666666667,108.02333333333333,0.20496611396949532,0.9787690698649216,0.49999999999999994,0.8660254037844387,9
2022-01-13,442,14,439,-2.9875000000000003,92.88416666666666,-3.9958333333333336,3.5708333333333333,197.25,0.7291666666666666,107.88499999999999,0.22177215755648186,0.975098513039961,0.49999999999999994,0.8660254037844387,9
2022-01-14,1782,3365,663,-9.925,85.29416666666667,-11.945833333333333,3.6750000000000003,67.79166666666667,0.8000000000000002,107.73875,0.23851257519407648,0.9711394088771653,0.49999999999999994,0.8660254037844387,9
2022-01-15,1486,2374,836,-5.479166666666667,82.86666666666666,-7.983333333333333,4.933333333333334,216.79166666666666,0.765,107.58875,0.2551824131233728,0.9668929289391521,0.49999999999999994,0.8660254037844387,9
2022-01-16,1354,2571,761,-1.7708333333333333,91.8,-2.975,4.0375000000000005,298.0,0.6887500000000001,107.435,0.2717767384711357,0.9623603298276545,0.49999999999999994,0.8660254037844387,9
2022-01-17,1994,4373,661,-0.8916666666666667,84.4275,-3.2208333333333337,1.8583333333333334,226.5,0.7216666666666667,107.27416666666666,0.2882906407095177,0.9575429528116719,0.49999999999999994,0.8660254037844387,9
2022-01-18,1798,4128,608,-7.866666666666667,75.96458333333334,-11.379166666666668,8.695833333333335,309.4166666666667,0.7645833333333334,107.10541666666667,0.3047192331091634,0.9524422234305676,0.49999999999999994,0.8660254037844387,9
2022-01-19,2448,7055,389,-20.825,64.00750000000001,-25.900000000000002,4.7125,321.5833333333333,0.8000000000000002,106.93124999999999,0.321057654185271,0.9470596510722283,0.49999999999999994,0.8660254037844387,9
2022-01-20,2473,7317,356,-16.670833333333334,66.44250000000001,-21.675,4.75,185.20833333333334,0.8000000000000002,106.755,0.3373010691361842,0.9413968285264122,0.49999999999999994,0.8660254037844387,9
2022-01-21,1270,1020,1103,-5.925,81.17916666666666,-8.645833333333334,6.7875000000000005,275.8333333333333,0.8000000000000002,106.55083333333334,0.3534446712740877,0.9354554315134164,0.49999999999999994,0.8660254037844387,9
2022-01-22,1184,610,1018,-9.808333333333334,79.62666666666667,-12.741666666666667,3.1458333333333335,209.66666666666666,0.8000000000000002,106.36375,0.3694836834473831,0.9292372181882051,0.49999999999999994,0.8660254037844387,10
2022-01-23,1574,1230,1113,-4.620833333333334,85.54666666666667,-6.691666666666666,4.425,242.16666666666666,0.8000000000000002,106.17458333333333,0.38541335945432564,0.9227440286201427,0.49999999999999994,0.8660254037844387,10
2022-01-24,2048,3578,950,-14.879166666666668,77.93166666666667,-17.941666666666666,3.0708333333333333,140.33333333333334,0.8000000000000002,105.97458333333333,0.4012289854475009,0.9159777842484877,0.49999999999999994,0.8660254037844387,10
2022-01-25,2667,7390,409,-20.308333333333334,62.706250000000004,-25.8125,3.3041666666666667,277.625,0.8000000000000002,105.77041666666668,0.4169258813287287,0.908940487313808,0.49999999999999994,0.8660254037844387,10
2022-01-26,1478,1682,835,-3.85,80.14916666666666,-6.858333333333333,6.091666666666668,265.3333333333333,0.8000000000000002,105.56875000000001,0.4324994021339788,0.901634220265486,0.49999999999999994,0.8660254037844387,10
2022-01-27,1880,2601,924,-8.65,79.0,-11.737499999999999,3.129166666666667,204.375,0.8000000000000002,105.355,0.44794493940789115,0.8940611451454876,0.49999999999999994,0.8660254037844387,10
2022-01-28,2542,5806,651,-4.4875,77.83125,-7.829166666666667,2.404166666666667,244.54166666666666,0.7825000000000001,105.14125,0.4632579225674917,0.88622350294858,0.49999999999999994,0.8660254037844387,10
2022-01-29,2536,5594,669,-3.4291666666666667,83.88416666666667,-5.9125000000000005,3.3625000000000003,253.125,0.7516666666666666,104.92,0.4784338202547012,0.8781236129591848,0.49999999999999994,0.8660254037844387,10
2022-01-30,2409,4016,866,-2.8000000000000003,82.06708333333334,-5.608333333333333,3.4375,227.41666666666666,0.7508333333333334,104.695,0.49346814167723735,0.8697638720650646,0.49999999999999994,0.8660254037844387,10
2022-01-31,1123,130,1069,-0.4791666666666667,77.38125000000001,-3.983333333333334,4.966666666666667,243.95833333333334,0.715,104.46625,0.5083564379375122,0.8611467540480452,0.49999999999999994,0.8660254037844387,10
2022-02-01,2890,7169,595,-15.3125,58.95416666666667,-21.670833333333334,7.966666666666666,322.75,0.8000000000000002,104.22666666666667,0.5230943033491326,0.8522748088519838,0.8660254037844386,0.5000000000000001,10
2022-02-02,2829,5878,830,-20.175,61.06625,-25.875,3.154166666666667,253.66666666666666,0.8000000000000002,103.9875,0.5376773767406141,0.8431506618282,0.8660254037844386,0.5000000000000001,10
2022-02-03,2507,3641,1456,-15.537500000000001,69.57083333333334,-20.020833333333332,5.279166666666667,205.04166666666666,0.8000000000000002,103.74541666666666,0.5521013427459208,0.8337770129585915,0.8660254037844386,0.5000000000000001,10
2022-02-04,2666,4316,1193,-16.458333333333332,58.89000000000001,-22.724999999999998,4.908333333333334,258.125,0.7941666666666668,103.49666666666667,0.5663619330814524,0.8241566360566663,0.8660254037844386,0.5000000000000001,10
2022-02-05,2420,4211,1046,-0.2624999999999999,86.03375,-2.466666666666667,4.720833333333334,286.7083333333333,0.7858333333333333,103.24791666666665,0.580454927809098,0.8142923779467267,0.8660254037844386,0.5000000000000001,10
2022-02-06,1954,1516,1546,-5.620833333333334,75.18875,-9.416666666666666,3.7916666666666665,275.25,0.625,102.99125,0.5943761565849831,0.804187157621448,0.8660254037844386,0.5000000000000001,10
2022-02-07,2449,3866,979,0.9416666666666668,74.63458333333334,-3.379166666666667,3.720833333333333,267.9166666666667,0.20000000000000004,102.73291666666667,0.6081214998935418,0.7938439653781019,0.8660254037844386,0.5000000000000001,10
2022-02-08,2556,5597,805,2.4916666666666667,73.52041666666666,-1.9500000000000002,7.529166666666668,301.625,0.20000000000000004,102.46916666666668,0.6216868902665479,0.7832658619336791,0.8660254037844386,0.5000000000000001,10
2022-02-09,2391,4511,900,-0.9,78.26208333333334,-4.608333333333333,4.616666666666667,321.0833333333333,0.20000000000000004,102.20125,0.6350683134867438,0.7724559775191742,0.8660254037844386,0.5000000000000001,10
2022-02-10,1407,1450,967,3.275,76.57083333333334,-0.8916666666666667,7.95,272.9166666666667,0.20000000000000004,101.93166666666667,0.6482618097757122,0.7614175109532997,0.8660254037844386,0.5000000000000001,10
2022-02-11,3347,8044,470,-11.883333333333333,51.96416666666667,-19.9875,6.5625,250.16666666666666,0.20000000000000004,101.65541666666667,0.6612634749656386,0.7501537286959042,0.8660254037844386,0.5000000000000001,10
2022-02-12,971,206,942,-11.379166666666668,60.696666666666665,-17.508333333333333,3.2708333333333335,183.625,0.20000000000000004,101.3775,0.6740694616546161,0.7386679638813748,0.8660254037844386,0.5000000000000001,10
2022-02-13,2758,5096,741,-6.7749999999999995,63.78333333333333,-12.733333333333334,6.0249999999999995,245.04166666666666,0.20000000000000004,101.09875,0.6866759803451553,0.726963615332308,0.8660254037844386,0.5000000000000001,10
2022-02-14,1604,1337,1232,-9.979166666666666,68.26833333333333,-14.845833333333333,3.4166666666666665,111.375,0.20000000000000004,100.81291666666668,0.6990793005655562,0.7150441465537444,0.8660254037844386,0.5000000000000001,10
2022-02-15,1356,340,1216,-7.383333333333333,72.35083333333334,-11.625,3.991666666666667,221.70833333333334,0.20000000000000004,100.52708333333334,0.7112757519738152,0.7029130847082615,0.8660254037844386,0.5000000000000001,10
2022-02-16,3101,5175,1060,-10.8375,61.50208333333333,-17.425,5.183333333333334,333.5416666666667,0.20000000000000004,100.23666666666666,0.7232617254437388,0.6905740195722294,0.8660254037844386,0.5000000000000001,10
2022-02-17,2087,1849,1462,-9.1875,64.80333333333333,-14.766666666666667,3.625,203.33333333333334,0.20000000000000004,99.94375000000001,0.7350336741329412,0.6780306024735382,0.8660254037844386,0.5000000000000001,10
2022-02-18,1840,1697,1178,-8.308333333333334,67.75750000000001,-13.604166666666666,7.6625000000000005,313.2083333333333,0.20000000000000004,99.6475,0.746588114532413,0.6652865452111116,0.8660254037844386,0.5000000000000001,10
2022-02-19,2763,3658,1334,-2.658333333333333,59.77583333333334,-9.666666666666666,5.304166666666667,222.41666666666666,0.20000000000000004,99.35083333333334,0.7579216274973472,0.6523456189565257,0.8660254037844386,0.5000000000000001,10
2022-02-20,1992,1316,1301,-8.104166666666666,67.74916666666667,-13.237499999999999,6.620833333333334,94.83333333333333,0.375,99.04791666666667,0.7690308592589181,0.6392116531380588,0.8660254037844386,0.5000000000000001,10
2022-02-21,381,0,381,-20.55,61.274166666666666,-26.095833333333335,6.966666666666668,30.541666666666668,0.8000000000000002,98.74374999999999,0.7799125224167177,0.6258885343075018,0.8660254037844386,0.5000000000000001,10
2022-02-22,2146,315,2029,-21.55,55.57041666666667,-28.1375,5.320833333333334,223.83333333333334,0.8000000000000002,98.43583333333333,0.7905633969115482,0.612380204990065,0.8660254037844386,0.5000000000000001,10
2022-02-23,4146,8378,674,-19.933333333333334,63.00375,-25.445833333333336,2.141666666666667,239.08333333333334,0.8000000000000002,98.12791666666668,0.8009803309782905,0.5986906625177214,0.8660254037844386,0.5000000000000001,10
2022-02-24,4066,7526,840,-17.45416666666667,67.82875,-22.141666666666666,2.670833333333334,162.5,0.8000000000000002,97.81833333333333,0.8111602420785621,0.5848239578463322,0.8660254037844386,0.5000000000000001,10
2022-02-25,4248,8788,634,-13.283333333333333,71.39416666666666,-17.604166666666668,3.8083333333333336,234.5,0.8000000000000002,97.47875,0.8211001178128892,0.5707841943569036,0.8660254037844386,0.5000000000000001,10
2022-02-26,4199,8475,649,-5.920833333333333,68.3325,-11.116666666666667,4.575,268.625,0.7825000000000001,97.16708333333334,0.8307970168121247,0.5565755266413303,0.8660254037844386,0.5000000000000001,11
2022-02-27,3658,5437,1633,-0.7791666666666667,66.11625,-6.6499999999999995,3.295833333333334,269.875,0.71375,96.85291666666667,0.8402480696078469,0.5422021592729844,0.8660254037844386,0.5000000000000001,11
2022-02-28,3368,3547,1877,3.1875,75.27166666666666,-1.1666666666666667,3.6458333333333335,243.16666666666666,0.51875,96.53750000000001,0.8494504794814806,0.527668345562516,0.8660254037844386,0.5000000000000001,11
2022-03-01,1552,886,1304,0.6958333333333333,90.96041666666667,-0.7208333333333333,1.425,142.125,0.20000000000000004,96.21749999999999,0.8584015232918917,0.512978386299228,1.0,6.123233995736766e-17,11
2022-03-02,652,456,566,-2.783333333333333,79.37833333333334,-5.954166666666667,3.9375,83.04166666666667,0.20000000000000004,95.8725,0.8670985522812081,0.4981366284784055,1.0,6.123233995736766e-17,11
2022-03-03,1162,125,1104,-5.8500000000000005,68.2025,-10.866666666666667,4.766666666666667,125.54166666666667,0.20000000000000004,95.55,0.8755389928586302,0.4831474640149687,1.0,6.123233995736766e-17,12
2022-03-04,878,338,812,-3.0583333333333336,73.425,-7.241666666666667,4.841666666666667,104.83333333333333,0.36625,95.22958333333334,0.8837203473619977,0.4680153284438345,1.0,6.123233995736766e-17,12
2022-03-05,2334,587,2072,-5.016666666666667,70.36458333333333,-9.695833333333333,5.604166666666667,284.7916666666667,0.77875,94.90541666666667,0.8916401947968874,0.45274469960737107,1.0,6.123233995736766e-17,12
2022-03-06,4249,7011,1347,-7.479166666666667,62.13708333333333,-13.616666666666667,5.2875000000000005,319.0833333333333,0.6687500000000001,94.57958333333333,0.8992961915530253,0.4373400963303323,1.0,6.123233995736766e-17,12
2022-03-07,4742,9089,721,-2.495833333333333,64.47833333333334,-8.904166666666667,4.491666666666667,271.5,0.30624999999999997,94.25458333333334,0.9066860720977985,0.4218060770826634,1.0,6.123233995736766e-17,12
2022-03-08,3071,3427,1665,-5.6625000000000005,57.905833333333334,-12.841666666666667,7.916666666666667,313.7083333333333,0.20000000000000004,93.92458333333333,0.9138076496466615,0.40614723863057883,1.0,6.123233995736766e-17,12
2022-03-09,3732,6390,1240,-11.299999999999999,52.11083333333334,-19.325,4.608333333333333,309.9166666666667,0.20000000000000004,93.59541666666667,0.9206588168102428,0.3903682146763026,1.0,6.123233995736766e-17,12
2022-03-10,4264,6431,1353,-9.954166666666667,47.7475,-19.770833333333332,6.8999999999999995,272.7083333333333,0.20000000000000004,93.26666666666667,0.9272375462179537,0.374473674486883,1.0,6.123233995736766e-17,12
2022-03-11,5225,10406,577,-14.825000000000001,43.62958333333333,-24.804166666666664,5.4624999999999995,301.25,0.20000000000000004,92.93416666666667,0.9335418911179212,0.35846832151248087,1.0,6.123233995736766e-17,12
2022-03-12,3551,4898,1363,-2.254166666666667,57.38833333333333,-9.941666666666666,5.175,248.54166666666666,0.20000000000000004,92.60541666666667,0.9395699859530622,0.342356891994542,1.0,6.123233995736766e-17,12
2022-03-13,2190,1297,1676,0.30416666666666664,73.38000000000001,-4.283333333333334,2.6458333333333335,178.45833333333334,0.20000000000000004,92.27166666666666,0.945320046913132,0.3261441535642696,1.0,6.123233995736766e-17,12
2022-03-14,2490,1711,1701,2.3916666666666666,75.80625,-1.741666666666667,3.1333333333333333,180.04166666666666,0.20000000000000004,91.93958333333335,0.9507903724625832,0.3098349038318025,1.0,6.123233995736766e-17,12
2022-03-15,4392,6249,1494,7.1000000000000005,64.7375,0.22083333333333335,3.2916666666666665,236.20833333333334,0.20000000000000004,91.60583333333334,0.9559793438440766,0.2934339689665273,1.0,6.123233995736766e-17,12
2022-03-16,5142,8976,783,6.854166666666667,66.42083333333333,0.22500000000000006,5.279166666666667,301.6666666666667,0.20000000000000004,91.27291666666667,0.9608854255574977,0.27694620226893646,1.0,6.123233995736766e-17,12
2022-03-17,5277,9545,725,3.8208333333333333,63.88291666666667,-3.220833333333333,3.595833333333333,244.75,0.20000000000000004,90.93791666666668,0.9655071658143364,0.2603764827344581,1.0,6.123233995736766e-17,12
2022-03-18,5270,8668,871,5.8125,61.61666666666667,-2.2416666666666667,2.816666666666667,222.66666666666666,0.20000000000000004,90.60416666666667,0.969843196967294,0.24372971360968387,1.0,6.123233995736766e-17,12
2022-03-19,5268,8656,935,6.0,63.86375,-1.5125000000000002,2.35,253.45833333333334,0.20000000000000004,90.26958333333334,0.9738922359149924,0.22701082094141847,1.0,6.123233995736766e-17,12
2022-03-20,4131,4041,2214,7.079166666666667,61.10833333333333,-0.40833333333333327,3.9625000000000004,167.5,0.20000000000000004,89.93791666666668,0.9776530844816641,0.2102247521189836,1.0,6.123233995736766e-17,12
2022-03-21,3307,4314,1362,3.8874999999999997,61.58083333333334,-3.9083333333333337,5.895833333333333,324.5833333333333,0.20000000000000004,89.60291666666666,0.981124629771712,0.19337647441020586,1.0,6.123233995736766e-17,12
2022-03-22,5621,9901,759,2.5541666666666667,53.577916666666674,-6.629166666666666,5.054166666666666,331.1666666666667,0.20000000000000004,89.26875,0.984305844499033,0.17647097349152166,1.0,6.123233995736766e-17,12
2022-03-23,5731,10116,715,2.275,61.37291666666667,-5.2875000000000005,3.9083333333333337,229.54166666666666,0.19708333333333336,88.93458333333332,0.9871957872910085,0.15951325197263655,1.0,6.123233995736766e-17,12
2022-03-24,3485,3796,1796,6.091666666666666,56.26916666666667,-2.5875,5.866666666666667,259.0416666666667,0.19291666666666665,88.60374999999999,0.9897936029670716,0.14250832791617088,1.0,6.123233995736766e-17,12
2022-03-25,5638,9086,1167,1.4791666666666667,48.620000000000005,-8.654166666666667,6.8374999999999995,248.25,0.20000000000000004,88.26833333333333,0.992098522791769,0.12546123335273648,1.0,6.123233995736766e-17,12
2022-03-26,5196,5743,1747,-3.5541666666666667,46.65083333333334,-13.783333333333333,2.6333333333333333,42.833333333333336,0.20000000000000004,87.93624999999999,0.9941098647022418,0.10837701279187609,1.0,6.123233995736766e-17,12
2022-03-27,5396,6864,1399,-1.5833333333333333,46.54541666666666,-11.745833333333332,4.733333333333333,135.16666666666666,0.20000000000000004,87.60583333333334,0.9958270335100595,0.09126072172931188,1.0,6.123233995736766e-17,12
2022-03-28,4757,5169,2138,3.3958333333333335,47.32,-7.245833333333334,7.075,141.70833333333334,0.19708333333333336,87.27583333333332,0.9972495210773451,0.07411742515094437,1.0,6.123233995736766e-17,12
2022-03-29,2400,719,1916,3.3541666666666665,66.52416666666666,-2.579166666666667,5.1000000000000005,249.625,0.32416666666666666,86.92375,0.998376906467142,0.056952196034039754,1.0,6.123233995736766e-17,12
2022-03-30,1577,327,1533,-0.8125,63.677083333333336,-7.283333333333334,5.558333333333334,307.6666666666667,0.5129166666666667,86.59625,0.9992088560679753,0.03977011384605572,1.0,6.123233995736766e-17,13
2022-03-31,6062,9437,908,2.904166666666667,54.44375,-6.2,1.2541666666666667,171.54166666666666,0.18000000000000002,86.27041666666666,0.9997451236925734,0.022576263041545485,1.0,6.123233995736766e-17,13
2022-04-01,3177,1576,2281,4.2375,61.18375,-3.379166666666667,3.295833333333334,286.625,0.18000000000000002,85.94583333333333,0.9999855506507186,0.005375731557583884,0.8660254037844387,-0.4999999999999998,13
2022-04-02,6230,9238,1101,4.725,53.60708333333333,-5.312500000000001,2.8375000000000004,229.125,0.18000000000000002,85.62166666666667,0.9999300657962057,-0.011826390691832589,0.8660254037844387,-0.4999999999999998,13
2022-04-03,1181,31,1163,1.7583333333333335,76.18041666666666,-2.1333333333333333,2.8874999999999997,107.375,0.18000000000000002,85.29958333333333,0.9995786855478958,-0.029025013321975237,0.8660254037844387,-0.4999999999999998,13
2022-04-04,4907,4289,1957,4.9375,70.49416666666667,-0.6,5.175,158.33333333333334,0.18000000000000002,84.97833333333334,0.9989315138848577,-0.046215046983708354,0.8660254037844387,-0.4999999999999998,13
2022-04-05,2188,270,2048,4.925,68.90416666666667,-0.9874999999999999,5.329166666666667,289.375,0.18000000000000002,84.66041666666666,0.9979887423155984,-0.06339140486951038,0.8660254037844387,-0.4999999999999998,13
2022-04-06,4542,3641,2436,3.75,60.416666666666664,-3.920833333333334,9.258333333333333,339.0833333333333,0.18291666666666664,84.34083333333334,0.9967506498213929,-0.08054900421874167,0.8660254037844387,-0.4999999999999998,13
2022-04-07,4051,4716,1531,2.6083333333333334,55.98375000000001,-5.8500000000000005,8.679166666666667,343.4583333333333,0.19000000000000003,84.02291666666666,0.9952176027737294,-0.09768276782171598,0.8660254037844387,-0.4999999999999998,13
2022-04-08,6696,10131,995,3.595833333333333,48.12583333333333,-7.716666666666668,2.783333333333333,263.4166666666667,0.19000000000000003,83.70666666666666,0.9933900548258936,-0.11478762552212701,0.8660254037844387,-0.4999999999999998,13
2022-04-09,5720,6091,1862,7.6499999999999995,45.85041666666667,-3.975,4.129166666666667,246.29166666666666,0.19000000000000003,83.395,0.9912685467787256,-0.13185851571739118,0.8660254037844387,-0.4999999999999998,13
2022-04-10,4374,2540,2694,5.904166666666666,60.739583333333336,-2.125,3.0083333333333333,317.625,0.19000000000000003,83.08375,0.9888537064205885,-0.1488903868564548,0.8660254037844387,-0.4999999999999998,13
2022-04-11,5697,7003,2097,3.641666666666667,52.49458333333333,-5.841666666666668,2.8874999999999997,229.0,0.32416666666666666,82.77374999999999,0.986146248341595,-0.16587819893463143,0.8660254037844387,-0.4999999999999998,13
2022-04-12,545,11,542,-1.3208333333333335,82.48583333333333,-4.008333333333334,7.5249999999999995,108.0,0.6879166666666667,82.46625,0.9831469737221499,-0.1828169249850199,0.8660254037844387,-0.4999999999999998,13
2022-04-13,1235,82,1177,-3.9125,88.03500000000001,-5.6000000000000005,9.133333333333333,295.5416666666667,0.7829166666666666,82.16,0.9798567700958665,-0.1997015525660636,0.8660254037844387,-0.4999999999999998,13
2022-04-14,1862,353,1624,-5.745833333333334,84.95666666666666,-7.883333333333333,8.983333333333333,300.375,0.7929166666666667,81.8325,0.9762766110869321,-0.21652708524481437,0.8660254037844387,-0.4999999999999998,13
2022-04-15,2054,195,1959,-8.9,83.2175,-11.25,4.941666666666667,304.7916666666667,0.8000000000000002,81.53333333333333,0.9724075561219968,-0.23328854407545518,0.8660254037844387,-0.4999999999999998,13
2022-04-16,4083,3004,2126,-7.195833333333333,77.98791666666666,-10.4375,2.9250000000000003,209.25,0.7883333333333334,81.23583333333333,0.9682507501166718,-0.2499809690726521,0.8660254037844387,-0.4999999999999998,14
2022-04-17,2039,418,1969,-3.5375,83.99166666666666,-5.866666666666667,6.458333333333333,232.70833333333334,0.7716666666666666,80.9425,0.9638074231367307,-0.26659942067929354,0.8660254037844387,-0.4999999999999998,14
2022-04-18,7341,8811,1739,-4.004166666666667,73.64666666666666,-8.2375,2.7583333333333333,239.25,0.7620833333333334,80.65083333333332,0.9590788900341131,-0.28313898122818354,0.8660254037844387,-0.4999999999999998,14
2022-04-19,4149,626,3770,0.5625,67.98666666666666,-4.875,5.945833333333334,138.08333333333334,0.6641666666666667,80.36291666666666,0.9540665500578387,-0.2995947563972602,0.8660254037844387,-0.4999999999999998,14
2022-04-20,7317,9339,1607,5.020833333333333,63.09458333333333,-2.5875,3.6125000000000003,285.1666666666667,0.65,80.07666666666667,0.9487718864399473,-0.31596187665790293,0.8660254037844387,-0.4999999999999998,14
2022-04-21,5053,1853,3745,3.5708333333333333,67.3775,-2.4708333333333337,3.6041666666666665,167.33333333333334,0.5129166666666667,79.79416666666667,0.9431964659565866,-0.33223549871590435,0.8660254037844387,-0.4999999999999998,14
2022-04-22,1527,112,1481,6.383333333333334,89.92041666666667,4.8,4.804166666666667,78.04166666666667,0.18000000000000002,79.5125,0.9373419384643772,-0.3484108069446808,0.8660254037844387,-0.4999999999999998,14
2022-04-23,1245,168,1163,2.6041666666666665,90.31,1.1583333333333334,7.112500000000001,146.875,0.31708333333333333,79.23333333333333,0.9312100364121947,-0.3644830148102912,0.8660254037844387,-0.4999999999999998,14
2022-04-24,1661,131,1583,1.0083333333333335,81.96166666666666,-1.8333333333333333,8.3125,335.125,0.5129166666666667,78.9575,0.9248025743285089,-0.38044736628785164,0.8660254037844387,-0.4999999999999998,14
2022-04-25,7480,9891,1448,0.26666666666666666,68.86583333333333,-5.495833333333334,3.5500000000000003,249.79166666666666,0.18000000000000002,78.685,0.9181214482844365,-0.39629913726891813,0.8660254037844387,-0.4999999999999998,14
2022-04-26,7077,7941,1769,2.1,64.315,-4.620833333333334,4.554166666666667,107.625,0.18000000000000002,78.41625,0.9111686353326631,-0.41203363695942635,0.8660254037844387,-0.4999999999999998,14
2022-04-27,6332,5176,2871,4.75,60.611250000000005,-2.8083333333333336,4.691666666666667,114.0,0.18000000000000002,78.15125,0.9039461929224011,-0.42764620926777464,0.8660254037844387,-0.4999999999999998,14
2022-04-28,6531,6179,2153,8.954166666666667,69.41125000000001,3.079166666666667,3.3000000000000003,136.91666666666666,0.18000000000000002,77.88875,0.8964562582905575,-0.44313223418263453,0.8660254037844387,-0.4999999999999998,14
2022-04-29,903,9,899,5.229166666666667,90.40916666666668,3.7625000000000006,4.920833333333333,77.125,0.18000000000000002,77.62916666666666,0.8887010478292915,-0.45848712914008766,0.8660254037844387,-0.4999999999999998,14
2022-04-30,1414,35,1395,7.133333333333333,76.86333333333333,3.0500000000000003,7.620833333333334,345.3333333333333,0.18000000000000002,77.34916666666668,0.8806828564301475,-0.47370635037968,0.8660254037844387,-0.4999999999999998,14
2022-05-01,7646,9944,1459,7.758333333333333,68.01791666666666,1.3791666666666667,5.120833333333334,234.04166666666666,0.18000000000000002,77.09875,0.8724040568049612,-0.48878539428899265,0.49999999999999994,-0.8660254037844387,14
2022-05-02,7651,9835,1418,6.6499999999999995,67.94541666666667,-0.049999999999999996,2.0625,73.66666666666667,0.18000000000000002,76.85000000000001,0.8638670987837349,-0.503719798736334,0.49999999999999994,-0.8660254037844387,15
2022-05-03,5802,5810,1837,6.3125,67.79458333333334,-0.10416666666666667,3.2624999999999997,135.29166666666666,0.18000000000000002,76.60791666666667,0.8550745085896932,-0.518505144391157,0.49999999999999994,-0.8660254037844387,15
2022-05-04,5944,3723,3399,9.016666666666667,69.45708333333333,3.0375,3.141666666666667,164.54166666666666,0.18000000000000002,76.36916666666666,0.8460288880917339,-0.533137056031809,0.49999999999999994,-0.8660254037844387,15
2022-05-05,7688,10119,1370,11.112499999999999,73.01958333333333,5.633333333333334,3.5250000000000004,168.125,0.18000000000000002,76.13333333333334,0.8367329140344921,-0.5476112038402312,0.49999999999999994,-0.8660254037844387,15
2022-05-06,4828,3038,2805,14.120833333333332,74.25333333333333,8.929166666666667,4.816666666666667,160.20833333333334,0.18000000000000002,75.90208333333334,0.8271893372462497,-0.5619233046832195,0.49999999999999994,-0.8660254037844387,15
2022-05-07,5056,3543,2894,15.85,70.81958333333334,9.925,4.9125000000000005,197.04166666666666,0.18000000000000002,75.67375,0.8174009818249189,-0.5760691233798758,0.49999999999999994,-0.8660254037844387,15
2022-05-08,6781,7607,1528,14.954166666666667,54.338750000000005,4.4625,2.1791666666666667,229.20833333333334,0.18000000000000002,75.45041666666667,0.8073707443023492,-0.5900444739548627,0.49999999999999994,-0.8660254037844387,15
2022-05-09,1987,906,1714,11.054166666666667,74.89916666666666,6.620833333333334,4.041666666666667,222.125,0.18000000000000002,75.23041666666667,0.7971015927871943,-0.6038452208771035,0.49999999999999994,-0.8660254037844387,15
2022-05-10,8177,10839,1250,13.445833333333333,47.80291666666667,0.7541666666666668,3.3625000000000003,214.20833333333334,0.18000000000000002,75.0125,0.7865965660866021,-0.6174672802835514,0.49999999999999994,-0.8660254037844387,15
2022-05-11,5096,2407,3298,14.875,73.79708333333333,9.841666666666667,3.879166666666667,85.20833333333333,0.18000000000000002,74.80041666666666,0.7758587728069828,-0.6309066211876704,0.49999999999999994,-0.8660254037844387,15
2022-05-12,2653,1138,2131,13.316666666666668,88.4175,11.3375,6.45,84.54166666666667,0.18000000000000002,74.59375,0.7648913904341226,-0.6441592666722685,0.49999999999999994,-0.8660254037844387,15
2022-05-13,4896,2696,3338,11.625,66.96208333333333,5.295833333333333,8.279166666666667,248.75,0.18000000000000002,74.39041666666667,0.753697664392914,-0.6572212950663319,0.49999999999999994,-0.8660254037844387,15
2022-05-14,7796,9412,1785,12.0,56.002916666666664,2.5958333333333337,4.808333333333334,273.5416666666667,0.18000000000000002,74.19041666666666,0.742280907086982,-0.6700888411055113,0.49999999999999994,-0.8660254037844387,15
2022-05-15,7784,9535,1967,14.129166666666668,53.8675,4.045833333333333,4.170833333333333,299.4583333333333,0.18000000000000002,73.99708333333334,0.7306444969184916,-0.6827580970759147,0.49999999999999994,-0.8660254037844387,15
2022-05-16,6401,6531,2566,15.870833333333335,54.82083333333333,5.708333333333333,2.3208333333333333,150.58333333333334,0.18291666666666664,73.80875,0.7187918772884232,-0.6952253139408722,0.49999999999999994,-0.8660254037844387,15
2022-05-17,5154,3797,2497,15.225000000000001,76.62833333333333,10.9125,3.2083333333333335,165.16666666666666,0.19000000000000003,73.62208333333334,0.7067265555776158,-0.7074868024503348,0.49999999999999994,-0.8660254037844387,15
2022-05-18,7707,8328,1936,15.512500000000001,57.725,6.2749999999999995,4.345833333333334,263.5,0.19000000000000003,73.44083333333333,0.6944521021088763,-0.719538934232584,0.49999999999999994,-0.8660254037844387,15
2022-05-19,1941,1295,1325,11.295833333333334,67.10958333333333,4.8875,3.6500000000000004,240.375,0.18708333333333335,73.26583333333333,0.6819721490904629,-0.7313781428679254,0.49999999999999994,-0.8660254037844387,15
2022-05-20,2504,389,2306,5.991666666666667,71.83041666666666,1.1208333333333333,4.879166666666667,313.9583333333333,0.18000000000000002,73.09291666666667,0.6692903895412567,-0.7430009249440493,0.49999999999999994,-0.8660254037844387,15
2022-05-21,3488,679,3187,4.4750000000000005,67.29958333333333,-1.55,3.004166666666667,314.9166666666667,0.18000000000000002,72.92625,0.6564105761979381,-0.7544038410927472,0.49999999999999994,-0.8660254037844387,15
2022-05-22,6418,5634,2936,8.770833333333334,53.0825,-1.429166666666667,2.275,231.91666666666666,0.18291666666666664,72.76416666666667,0.6433365204044917,-0.765583517007675,0.49999999999999994,-0.8660254037844387,15
2022-05-23,4979,2818,2857,11.654166666666667,63.109166666666674,4.195833333333334,3.7000000000000006,177.75,0.18708333333333335,72.60875,0.6300720909843687,-0.7765366444428655,0.49999999999999994,-0.8660254037844387,15
2022-05-24,6030,4852,3137,12.483333333333334,68.00333333333333,6.066666666666667,3.1,166.20833333333334,0.18291666666666664,72.45625,0.6166212130956382,-0.7872599821916922,0.49999999999999994,-0.8660254037844387,15
2022-05-25,8338,10660,1488,15.008333333333333,58.11333333333334,5.633333333333334,1.866666666666667,144.125,0.19000000000000003,72.31041666666667,0.6029878670694714,-0.7977503570459932,0.49999999999999994,-0.8660254037844387,15
2022-05-26,8408,11042,1300,18.1,56.79333333333333,8.112499999999999,2.9958333333333336,275.7916666666667,0.19000000000000003,72.1675,0.5891760872322963,-0.8080046647350754,0.49999999999999994,-0.8660254037844387,15
2022-05-27,4269,3127,2792,20.420833333333334,53.16708333333333,9.504166666666666,2.954166666666667,167.54166666666666,0.19000000000000003,72.03041666666667,0.5751899607119775,-0.8180198708443175,0.49999999999999994,-0.8660254037844387,15
2022-05-28,5657,5042,2786,19.2875,68.69,12.2875,1.7666666666666668,208.79166666666666,0.19000000000000003,71.89999999999999,0.5610336262283677,-0.8277930117131022,0.49999999999999994,-0.8660254037844387,15
2022-05-29,5644,4316,3249,18.712500000000002,73.0175,13.195833333333333,3.0250000000000004,257.5416666666667,0.19000000000000003,71.77374999999999,0.5467112728685939,-0.8373211953118121,0.49999999999999994,-0.8660254037844387,15
2022-05-30,1226,4,1223,14.458333333333334,86.02166666666666,12.083333333333334,5.370833333333334,307.5416666666667,0.19000000000000003,71.65125,0.5322271388474397,-0.8466016020976267,0.49999999999999994,-0.8660254037844387,15
2022-05-31,5595,4282,2906,12.3125,64.02416666666666,5.075,5.691666666666666,315.9583333333333,0.19000000000000003,71.53583333333334,0.5175855102531889,-0.8556314858488706,0.49999999999999994,-0.8660254037844387,15
2022-06-01,7391,6439,2971,14.004166666666668,50.65541666666667,2.9291666666666667,3.625,285.0416666666667,0.19000000000000003,71.42291666666667,0.5027907197793043,-0.8644081744776648,1.2246467991473532e-16,-1.0,15
2022-06-02,8799,11634,1275,14.745833333333335,48.09916666666667,2.3208333333333333,4.5875,305.375,0.19000000000000003,71.29666666666667,0.4878471454423119,-0.8729290708206411,1.2246467991473532e-16,-1.0,15
2022-06-03,8416,9848,1929,16.779166666666665,42.30625,2.154166666666667,1.2416666666666667,205.08333333333334,0.19000000000000003,71.19708333333334,0.47275920928627757,-0.881191653407483,1.2246467991473532e-16,-1.0,15
2022-06-04,6852,6084,2872,17.916666666666668,51.094166666666666,6.016666666666667,1.554166666666667,122.375,0.19000000000000003,71.10291666666667,0.4575313760742512,-0.8891934772070711,1.2246467991473532e-16,-1.0,15
2022-06-05,3241,1015,2830,16.720833333333335,68.37458333333333,10.3125,2.5375,119.91666666666667,0.19000000000000003,71.01375,0.44216815196707204,-0.8969321743510065,1.2246467991473532e-16,-1.0,16
2022-06-06,2553,184,2401,12.7875,65.78083333333333,6.0249999999999995,2.466666666666667,135.29166666666666,0.19000000000000003,70.92875,0.42667408318992467,-0.9044054548343001,1.2246467991473532e-16,-1.0,16
2022-06-07,3289,1122,2768,14.633333333333333,71.26875,9.045833333333333,1.0708333333333335,176.625,0.19000000000000003,70.8525,0.4110537546870351,-0.9116111071930239,1.2246467991473532e-16,-1.0,16
2022-06-08,6831,5343,2739,16.970833333333335,59.56916666666667,8.387500000000001,1.3208333333333335,143.0,0.19000000000000003,70.78,0.3953117887649151,-0.9185469991587165,1.2246467991473532e-16,-1.0,16
2022-06-09,5623,3307,3591,18.108333333333334,63.2825,10.508333333333333,2.079166666666667,200.16666666666666,0.19000000000000003,70.71375,0.37945284372454435,-0.925211078289358,1.2246467991473532e-16,-1.0,16
2022-06-10,6080,4921,3114,19.545833333333334,68.91333333333334,13.158333333333333,2.8541666666666665,225.16666666666666,0.19000000000000003,70.65166666666667,0.36348161248290634,-0.9316013725767187,1.2246467991473532e-16,-1.0,16
2022-06-11,7534,7351,2365,22.145833333333332,63.49666666666667,13.966666666666667,2.3708333333333336,232.95833333333334,0.19000000000000003,70.59708333333333,0.3474028211842774,-0.9377159910299093,1.2246467991473532e-16,-1.0,16
2022-06-12,6258,5661,2336,22.058333333333334,68.20416666666667,15.15,2.5458333333333334,208.125,0.19000000000000003,70.54708333333333,0.3312212278016865,-0.9435531242349544,1.2246467991473532e-16,-1.0,16
2022-06-13,5046,3380,3064,23.40416666666667,80.68666666666667,19.5625,2.8541666666666665,160.375,0.19000000000000003,70.50208333333333,0.31494162072895193,-0.9491110448902284,1.2246467991473532e-16,-1.0,16
2022-06-14,5553,5446,2262,18.775000000000002,61.72083333333333,10.125,4.525,277.125,0.19000000000000003,70.46249999999999,0.2985688173637202,-0.9543881083175908,1.2246467991473532e-16,-1.0,16
2022-06-15,6282,6279,2398,16.995833333333334,53.94875,7.0125,6.7875000000000005,254.04166666666666,0.19291666666666665,70.42833333333333,0.2821076626819194,-0.9593827529490743,1.2246467991473532e-16,-1.0,16
2022-06-16,7801,9244,1787,20.725,57.24125,11.379166666666668,5.075,256.4583333333333,0.19708333333333336,70.39874999999999,0.26556302780405594,-0.9640935007889755,1.2246467991473532e-16,-1.0,16
2022-06-17,8640,11587,1172,22.820833333333336,55.74583333333334,12.6,4.670833333333333,133.33333333333334,0.19291666666666665,70.37833333333333,0.24893980855376657,-0.9685189578512204,1.2246467991473532e-16,-1.0,16
2022-06-18,7861,8715,2061,28.11666666666667,53.095416666666665,16.708333333333332,5.704166666666667,163.875,0.19416666666666668,70.36166666666666,0.23224292400907015,-0.9726578145718654,1.2246467991473532e-16,-1.0,16
2022-06-19,8300,10276,1378,29.141666666666666,54.22416666666667,17.758333333333333,4.3125,222.375,0.18000000000000002,70.34916666666668,0.21547731504673012,-0.976508846196619,1.2246467991473532e-16,-1.0,16
2022-06-20,4412,3045,2343,21.583333333333332,78.48916666666666,17.4375,3.095833333333333,290.125,0.18000000000000002,70.34208333333333,0.19864794288017112,-0.9800709131432666,1.2246467991473532e-16,-1.0,16
2022-06-21,8020,10354,1708,19.245833333333334,63.04333333333333,11.35,4.941666666666667,274.8333333333333,0.18000000000000002,70.3425,0.18175978759137534,-0.9833429613388902,1.2246467991473532e-16,-1.0,16
2022-06-22,8715,11819,1142,22.65416666666667,52.93375,11.299999999999999,2.6041666666666665,229.29166666666666,0.18000000000000002,70.34875000000001,0.16481784665719793,-0.9863240225317866,1.2246467991473532e-16,-1.0,16
2022-06-23,8687,10992,1304,26.512500000000003,47.310833333333335,12.445833333333333,1.4708333333333334,178.45833333333334,0.18000000000000002,70.35791666666667,0.14782713347053048,-0.9890132145779883,1.2246467991473532e-16,-1.0,16
2022-06-24,4708,4598,2465,21.829166666666666,69.78458333333333,15.670833333333334,3.2291666666666665,236.58333333333334,0.18291666666666664,70.37333333333333,0.13079267585675922,-0.9914097417023038,1.2246467991473532e-16,-1.0,16
2022-06-25,6458,5592,3058,16.629166666666666,54.00125,6.654166666666668,6.504166666666667,297.2916666666667,0.18708333333333335,70.39541666666666,0.11371951458594969,-0.9935128947338007,1.2246467991473532e-16,-1.0,16
2022-06-26,8488,10814,1528,18.745833333333334,52.415,7.9624999999999995,3.441666666666667,296.1666666666667,0.18000000000000002,70.42291666666667,0.0966127018812031,-0.9953220513156602,1.2246467991473532e-16,-1.0,16
2022-06-27,8447,10775,1672,21.970833333333335,43.42583333333334,7.808333333333334,2.375,189.45833333333334,0.18000000000000002,70.45791666666666,0.07947729992362097,-0.9968366760893436,1.2246467991473532e-16,-1.0,16
2022-06-28,8665,11639,1219,22.745833333333334,45.499583333333334,9.195833333333335,2.1708333333333334,181.04166666666666,0.18000000000000002,70.49583333333334,0.062318379354325076,-0.998056320853012,1.2246467991473532e-16,-1.0,16
2022-06-29,7399,7906,1421,25.05,57.29833333333334,14.291666666666666,2.8541666666666665,205.33333333333334,0.18000000000000002,70.54166666666667,0.04514101777397193,-0.9989806246941579,1.2246467991473532e-16,-1.0,16
2022-06-30,8091,9993,1653,20.9875,55.6325,10.720833333333333,3.9458333333333333,313.5,0.18291666666666664,70.58958333333334,0.02795029824021032,-0.999609314096404,1.2246467991473532e-16,-1.0,16
2022-07-01,8325,10467,1521,22.395833333333332,49.830000000000005,10.266666666666667,2.529166666666667,235.125,0.18708333333333335,70.645,0.01075130776352193,-0.9999422030204416,-0.4999999999999997,-0.8660254037844388,16
2022-07-02,8334,9697,1451,22.8125,57.880833333333335,13.262500000000001,2.654166666666667,105.04166666666667,0.18000000000000002,70.70541666666666,-0.00645086419810515,-0.9999791929590823,-0.4999999999999997,-0.8660254037844388,16
2022-07-03,7466,8489,2090,22.675,77.09625,18.05,3.191666666666667,121.45833333333333,0.18291666666666664,70.77166666666666,-0.023651127245231586,-0.9997202729664083,-0.4999999999999997,-0.8660254037844388,16
2022-07-04,6810,8238,1880,25.129166666666666,71.65291666666667,18.795833333333334,1.3125000000000002,135.5,0.19000000000000003,70.84333333333333,-0.04084439154329611,-0.9991655196610109,-0.4999999999999997,-0.8660254037844388,16
2022-07-05,4662,4986,1585,23.900000000000002,76.1125,19.01666666666667,1.8333333333333333,92.66666666666667,0.19000000000000003,70.92,-0.05802556932878035,-0.9983150972033183,-0.4999999999999997,-0.8660254037844388,16
2022-07-06,6634,5509,2837,24.308333333333334,74.39,18.983333333333334,1.2583333333333335,143.66666666666666,0.19000000000000003,71.0025,-0.07518957641475855,-0.9971692572470178,-0.4999999999999997,-0.8660254037844388,16
2022-07-07,3540,1460,2425,23.533333333333335,77.41,18.933333333333334,2.4916666666666667,109.66666666666667,0.19000000000000003,71.08875,-0.09233133369539122,-0.9957283388645872,-0.4999999999999997,-0.8660254037844388,16
2022-07-08,7917,10164,1556,23.162499999999998,72.54541666666667,17.55,2.716666666666667,135.25,0.19000000000000003,71.1825,-0.10944576864891556,-0.993992768446958,-0.4999999999999997,-0.8660254037844388,16
2022-07-09,5935,6197,1564,26.175,73.06583333333333,20.354166666666668,3.4499999999999997,149.95833333333334,0.18708333333333335,71.27916666666667,-0.12652781683868314,-0.9919630595773397,-0.4999999999999997,-0.8660254037844388,16
2022-07-10,8338,11044,1156,24.712500000000002,68.42458333333333,17.76666666666667,3.7208333333333337,256.4166666666667,0.18000000000000002,71.38375,-0.1435724234118113,-0.9896398128792412,-0.4999999999999997,-0.8660254037844388,16
2022-07-11,8431,11447,1207,21.708333333333332,58.28458333333333,12.25,4.275,306.6666666666667,0.18291666666666664,71.49125,-0.16057454459499376,-0.9870237158387383,-0.4999999999999997,-0.8660254037844388,16
2022-07-12,8516,11867,1032,23.020833333333332,51.77041666666667,11.720833333333333,3.4333333333333336,226.41666666666666,0.19000000000000003,71.60541666666667,-0.17752914918703497,-0.984115542601034,-0.4999999999999997,-0.8660254037844388,16
2022-07-13,8512,11974,981,24.21666666666667,54.00125,13.450000000000001,2.6625,134.41666666666666,0.19000000000000003,71.72500000000001,-0.19443122004766195,-0.9809161537413774,-0.4999999999999997,-0.8660254037844388,16
2022-07-14,5619,5472,2174,26.02916666666667,61.956250000000004,17.520833333333332,2.1583333333333337,170.29166666666666,0.19000000000000003,71.84791666666666,-0.2112757555821793,-0.9774264960104055,-0.4999999999999997,-0.8660254037844388,16
2022-07-15,8023,10279,1436,27.86666666666667,60.71416666666667,18.7,1.7291666666666667,111.41666666666667,0.19000000000000003,71.97583333333334,-0.2280577712215198,-0.9736476020539838,-0.4999999999999997,-0.8660254037844388,16
2022-07-16,6869,7676,1488,27.470833333333335,66.95125,20.020833333333332,2.8208333333333333,182.29166666666666,0.19000000000000003,72.11125,-0.24477230089725957,-0.9695805901076308,-0.4999999999999997,-0.8660254037844388,16
2022-07-17,8394,11675,1010,29.879166666666666,50.05166666666667,15.708333333333334,2.591666666666667,224.16666666666666,0.19000000000000003,72.25,-0.2614143985111562,-0.965226663665613,-0.4999999999999997,-0.8660254037844388,15
2022-07-18,5555,4192,2851,29.762500000000003,55.94708333333333,19.05,2.4583333333333335,170.875,0.19000000000000003,72.39333333333333,-0.2779791393987801,-0.9605871111248129,-0.4999999999999997,-0.8660254037844388,15
2022-07-19,7249,8816,1922,23.825,49.88625,12.395833333333334,6.970833333333334,302.125,0.19000000000000003,72.565,-0.2944616217868012,-0.9556633054034704,-0.4999999999999997,-0.8660254037844388,15
2022-07-20,8131,11218,1092,26.158333333333335,48.593333333333334,13.299999999999999,3.85,262.0,0.19000000000000003,72.71791666666667,-0.3108569682435036,-0.9504567035349151,-0.4999999999999997,-0.8660254037844388,15
2022-07-21,7181,9073,1297,25.116666666666664,47.69375,12.075000000000001,2.2666666666666666,174.66666666666666,0.19000000000000003,72.87791666666666,-0.3271603271220951,-0.9449688462364056,-0.4999999999999997,-0.8660254037844388,15
2022-07-22,7743,9992,1310,27.462500000000002,42.690416666666664,11.954166666666666,3.0416666666666665,175.20833333333334,0.19000000000000003,73.04083333333334,-0.34336687399638804,-0.939201357453208,-0.4999999999999997,-0.8660254037844388,15
2022-07-23,8104,10771,1145,23.77916666666667,50.5225,11.825000000000001,4.383333333333334,263.5,0.19000000000000003,73.20958333333333,-0.3594718130884232,-0.9331559438780432,-0.4999999999999997,-0.8660254037844388,15
2022-07-24,8219,11371,1066,21.1875,50.23666666666667,9.304166666666667,2.4708333333333337,257.625,0.19000000000000003,73.38208333333334,-0.3754703786876202,-0.9268343944460494,-0.4999999999999997,-0.8660254037844388,15
2022-07-25,6177,5852,2944,22.191666666666666,61.92125000000001,14.145833333333334,2.4708333333333337,171.83333333333334,0.18708333333333335,73.55958333333334,-0.3913578365610259,-0.9202385798054075,-0.4999999999999997,-0.8660254037844388,15
2022-07-26,6880,7261,2127,21.570833333333336,60.346666666666664,12.670833333333334,3.35,310.5833333333333,0.18000000000000002,73.74208333333333,-0.4071294853542516,-0.9133704517637858,-0.4999999999999997,-0.8660254037844388,15
2022-07-27,6726,8341,2123,20.395833333333332,49.805416666666666,8.575000000000001,3.5083333333333333,326.625,0.18000000000000002,73.92833333333333,-0.4227806579826773,-0.9062320427107697,-0.4999999999999997,-0.8660254037844388,15
2022-07-28,8080,11427,1012,19.6,51.27791666666667,8.2125,2.65,248.41666666666666,0.18000000000000002,74.12083333333334,-0.4383067230125192,-0.898825465016444,-0.4999999999999997,-0.8660254037844388,15
2022-07-29,8093,11561,979,22.945833333333336,45.13999999999999,8.929166666666667,2.204166666666667,191.25,0.18000000000000002,74.31458333333333,-0.45370308603134424,-0.8911529104063088,-0.4999999999999997,-0.8660254037844388,15
2022-07-30,7615,9842,1181,27.520833333333332,48.94958333333333,14.829166666666666,1.8916666666666668,187.58333333333334,0.18000000000000002,74.515,-0.46896519100763184,-0.8832166493127127,-0.4999999999999997,-0.8660254037844388,15
2022-07-31,6573,8626,1393,23.891666666666666,56.02916666666667,13.995833333333332,4.3500000000000005,270.9166666666667,0.18000000000000002,74.71958333333333,-0.48408852163897587,-0.8750190302029955,-0.4999999999999997,-0.8660254037844388,15
2022-08-01,7661,10258,1209,26.46666666666667,50.06875,13.775,3.1750000000000003,167.08333333333334,0.18000000000000002,74.92625,-0.4990686026885319,-0.8665624788845385,-0.8660254037844384,-0.5000000000000004,15
2022-08-02,2960,2457,1802,25.11666666666667,57.44125,15.554166666666667,2.525,243.5,0.18000000000000002,75.13875,-0.5139010013093103,-0.8578494977869301,-0.8660254037844384,-0.5000000000000004,15
2022-08-03,7691,10681,1121,22.537499999999998,47.51125,10.0,3.3458333333333337,251.33333333333334,0.18000000000000002,75.35458333333334,-0.5285813283559292,-0.8488826652214553,-0.8660254037844384,-0.5000000000000004,15
2022-08-04,7748,10901,1040,27.895833333333332,42.52291666666667,12.179166666666667,4.308333333333334,179.29166666666666,0.18291666666666664,75.57458333333334,-0.5431052396834317,-0.8396646346181327,-0.8660254037844384,-0.5000000000000004,15
2022-08-05,6681,7778,1982,27.258333333333336,45.1525,13.795833333333334,3.3083333333333336,140.0,0.19000000000000003,75.8,-0.5574684374327892,-0.8301981337405212,-0.8660254037844384,-0.5000000000000004,14
2022-08-06,2659,194,2531,19.933333333333334,47.05083333333334,7.8125,3.0708333333333333,117.08333333333333,0.19000000000000003,76.02708333333334,-0.5716666713027052,-0.8204859638785327,-0.8660254037844384,-0.5000000000000004,14
2022-08-07,3206,1690,2406,18.841666666666665,66.08,11.841666666666667,1.125,155.25,0.19000000000000003,76.2825,-0.5856957398073508,-0.8105309990194823,-0.8660254037844384,-0.5000000000000004,14
2022-08-08,7645,11141,938,24.183333333333334,50.217083333333335,11.441666666666668,3.045833333333334,195.04166666666666,0.18708333333333335,76.51833333333333,-0.5995514915196489,-0.8003361849976323,-0.8660254037844384,-0.5000000000000004,14
2022-08-09,7513,10925,952,25.525000000000002,47.07041666666667,12.045833333333334,3.108333333333334,118.16666666666667,0.18000000000000002,76.75958333333334,-0.6132298262997502,-0.7899045386224707,-0.8660254037844384,-0.5000000000000004,14
2022-08-10,7311,10282,1062,24.495833333333334,42.385416666666664,9.895833333333334,3.1833333333333336,85.375,0.18000000000000002,77.00375,-0.6267266965083301,-0.7792391467859886,-0.8660254037844384,-0.5000000000000004,14
2022-08-11,3359,1963,2160,22.266666666666666,62.10541666666666,14.308333333333332,4.708333333333333,102.625,0.18291666666666664,77.25125,-0.6400381082043503,-0.7683431655492202,-0.8660254037844384,-0.5000000000000004,14
2022-08-12,4876,4380,2645,24.395833333333332,69.44666666666667,17.625,3.1041666666666665,110.83333333333333,0.18416666666666667,77.50208333333333,-0.65316012232693,-0.7572198192083127,-0.8660254037844384,-0.5000000000000004,14
2022-08-13,5746,6849,2120,25.041666666666668,61.14791666666667,15.9375,1.875,122.75,0.16416666666666668,77.75625000000001,-0.666088855860977,-0.7458723993404063,-0.8660254037844384,-0.5000000000000004,14
2022-08-14,3436,3260,1896,24.61666666666667,64.90916666666666,17.125,3.2291666666666665,146.83333333333334,0.15291666666666667,78.01375,-0.6788204829862355,-0.734304263829602,-0.8660254037844384,-0.5000000000000004,14
2022-08-15,5530,5573,2203,25.525000000000002,64.8125,17.779166666666665,2.591666666666667,185.125,0.16,78.27416666666666,-0.6913512362094071,-0.722518835873311,-0.8660254037844384,-0.5000000000000004,14
2022-08-16,6076,6659,1901,25.525000000000002,57.95541666666667,15.275,2.029166666666667,198.25,0.16,78.53708333333334,-0.7036774074790128,-0.7105196029692745,-0.8660254037844384,-0.5000000000000004,14
2022-08-17,6077,7038,1900,26.7375,51.82791666666666,14.204166666666666,1.4375,200.70833333333334,0.16,78.80458333333333,-0.7157953492826642,-0.6983101158835584,-0.8660254037844384,-0.5000000000000004,14
2022-08-18,6670,9317,1201,23.054166666666664,62.20666666666667,14.583333333333334,3.0583333333333336,176.83333333333334,0.16,79.075,-0.7277014757264236,-0.6858939875998223,-0.8660254037844384,-0.5000000000000004,14
2022-08-19,4241,4185,1989,21.083333333333332,64.97625000000001,13.904166666666667,3.5583333333333336,165.04166666666666,0.16,79.3475,-0.7393922635959241,-0.673274892250183,-0.8660254037844384,-0.5000000000000004,14
2022-08-20,6803,9851,1147,23.3625,60.34166666666667,13.991666666666667,1.5,109.5,0.16,79.62375,-0.7508642533989489,-0.6604565640279754,-0.8660254037844384,-0.5000000000000004,14
2022-08-21,6822,9898,1042,25.308333333333334,54.70374999999999,14.391666666666666,3.0250000000000004,161.625,0.16,79.90208333333334,-0.7621140503891487,-0.6474427960827475,-0.8660254037844384,-0.5000000000000004,14
2022-08-22,6286,7677,1347,26.412499999999998,53.51583333333334,15.041666666666666,2.5583333333333336,147.125,0.16,80.18291666666667,-0.7731383255706026,-0.6342374393978054,-0.8660254037844384,-0.5000000000000004,14
2022-08-23,6379,8464,1152,26.204166666666666,62.3225,17.1625,1.225,159.83333333333334,0.16,80.46708333333333,-0.7839338166829201,-0.620844401650647,-0.8660254037844384,-0.5000000000000004,14
2022-08-24,3679,3086,2335,21.283333333333335,72.92208333333333,15.741666666666667,2.3041666666666667,78.75,0.16,80.75416666666668,-0.7944973291665992,-0.6072676460566135,-0.8660254037844384,-0.5000000000000004,14
2022-08-25,6107,7844,1600,20.9125,59.376666666666665,11.9,1.3333333333333333,87.08333333333333,0.16,81.04125,-0.8048257371083452,-0.593511190196115,-0.8660254037844384,-0.5000000000000004,14
2022-08-26,3323,1981,2546,19.1375,75.235,14.466666666666667,3.1125000000000003,151.58333333333334,0.16,81.33291666666666,-0.8149159841660791,-0.5795791048257612,-0.8660254037844384,-0.5000000000000004,14
2022-08-27,6536,9672,970,24.504166666666666,58.93625,14.049999999999999,3.108333333333334,206.91666666666666,0.16,81.62625,-0.8247650844733614,-0.5654755126737576,-0.8660254037844384,-0.5000000000000004,13
2022-08-28,4248,4763,1411,22.337500000000002,54.58166666666667,11.674999999999999,4.645833333333333,291.375,0.16,81.94500000000001,-0.8343701235229537,-0.5512045872199277,-0.8660254037844384,-0.5000000000000004,13
2022-08-29,6658,10434,810,20.620833333333334,47.04624999999999,8.0375,4.533333333333334,305.4583333333333,0.16,82.24374999999999,-0.8437282590292712,-0.5367705514607103,-0.8660254037844384,-0.5000000000000004,13
2022-08-30,6491,10100,842,24.458333333333332,39.09125,8.191666666666666,2.0083333333333333,244.16666666666666,0.16291666666666668,82.545,-0.8528367217694595,-0.522177676659508,-0.8660254037844384,-0.5000000000000004,13
2022-08-31,6426,10101,847,25.262500000000003,40.48083333333333,9.770833333333334,1.6916666666666667,89.29166666666667,0.17,82.85083333333334,-0.8616928164028521,-0.5074302810827518,-0.8660254037844384,-0.5000000000000004,13
2022-09-01,6254,9202,974,26.75,43.84291666666667,11.929166666666667,3.0749999999999997,222.33333333333334,0.17,83.15625,-0.8702939222685674,-0.49253272872205434,-1.0,-1.8369701987210297e-16,13
2022-09-02,6414,10025,918,21.508333333333336,38.419583333333335,5.833333333333333,3.691666666666667,273.1666666666667,0.17,83.46375,-0.8786374941610001,-0.4774894280028391,-1.0,-1.8369701987210297e-16,13
2022-09-03,6404,10244,818,20.541666666666668,40.75333333333334,5.608333333333334,2.795833333333334,157.70833333333334,0.17,83.77208333333333,-0.886721063082993,-0.46230483047981086,-1.0,-1.8369701987210297e-16,13
2022-09-04,6278,9858,859,22.558333333333334,40.69958333333333,7.341666666666668,5.2,150.95833333333334,0.17,84.08375,-0.8945422369764496,-0.4469834295196741,-1.0,-1.8369701987210297e-16,13
2022-09-05,5744,7335,1603,24.05,42.88125,9.4375,1.7291666666666667,207.54166666666666,0.17,84.39666666666666,-0.9020987014301837,-0.43152975897147144,-1.0,-1.8369701987210297e-16,13
2022-09-06,5554,6686,1780,23.141666666666666,44.848749999999995,9.579166666666667,2.8666666666666667,85.16666666666667,0.17,84.71124999999999,-0.9093882203647925,-0.4159483918249421,-1.0,-1.8369701987210297e-16,13
2022-09-07,5591,7282,1536,25.21666666666667,47.08958333333334,12.137500000000001,3.6875,157.70833333333334,0.17,85.02666666666667,-0.9164086366943458,-0.4002439388573056,-1.0,-1.8369701987210297e-16,13
2022-09-08,2686,1513,1994,21.058333333333334,50.17250000000001,9.866666666666667,3.6125000000000003,284.4583333333333,0.17,85.34375,-0.9231578729647039,-0.38442104726885545,-1.0,-1.8369701987210297e-16,13
2022-09-09,3919,3401,2263,16.308333333333334,47.33916666666667,4.170833333333333,2.9583333333333335,304.7083333333333,0.17,85.66000000000001,-0.9296339319682695,-0.3684843993077793,-1.0,-1.8369701987210297e-16,13
2022-09-10,5983,9718,867,15.783333333333333,42.81791666666667,2.0583333333333336,2.525,256.7916666666667,0.17,85.98041666666667,-0.9358348973349941,-0.35243871088460327,-1.0,-1.8369701987210297e-16,13
2022-09-11,5940,9816,804,18.158333333333335,41.020833333333336,3.316666666666667,2.3458333333333337,200.875,0.17,86.30125,-0.9417589340994617,-0.33628873017668287,-1.0,-1.8369701987210297e-16,13
2022-09-12,5663,8246,1182,20.758333333333333,40.412083333333335,5.1000000000000005,2.6208333333333336,195.70833333333334,0.17,86.62375000000002,-0.9474042892438845,-0.32003923622313857,-1.0,-1.8369701987210297e-16,13
2022-09-13,4700,4414,2365,17.416666666666668,54.59125,7.683333333333334,4.295833333333333,75.75,0.17,86.945,-0.9527692922168511,-0.30369503751065885,-1.0,-1.8369701987210297e-16,13
2022-09-14,4200,3196,2308,20.208333333333332,56.92625,10.691666666666668,4.158333333333333,157.54166666666666,0.17,87.26958333333334,-0.9578523554276669,-0.28726097055059635,-1.0,-1.8369701987210297e-16,13
2022-09-15,495,54,482,18.575,73.70166666666667,13.3375,3.5625,128.0,0.1729166666666667,87.59375,-0.9626519747161487,-0.2707418984477642,-1.0,-1.8369701987210297e-16,13
2022-09-16,2225,2030,1553,15.016666666666666,80.09708333333333,11.4125,1.5416666666666667,259.2916666666667,0.18000000000000002,87.91833333333334,-0.9671667297977312,-0.2541427094613622,-1.0,-1.8369701987210297e-16,13
2022-09-17,1935,1078,1599,14.9,82.35833333333333,11.770833333333334,1.2708333333333333,71.45833333333333,0.18000000000000002,88.24291666666666,-0.97139528468375,-0.23746831555846842,-1.0,-1.8369701987210297e-16,13
2022-09-18,5023,7280,1042,18.541666666666668,66.17291666666667,10.708333333333334,2.216666666666667,206.20833333333334,0.18000000000000002,88.56958333333334,-0.9753363880767837,-0.2207236509605022,-1.0,-1.8369701987210297e-16,13
2022-09-19,5287,8854,782,21.979166666666668,57.02708333333334,11.762500000000001,2.954166666666667,173.41666666666666,0.17708333333333334,88.89666666666666,-0.9789888737409319,-0.20391367068311472,-1.0,-1.8369701987210297e-16,13
2022-09-20,5185,8609,864,16.95,51.030833333333334,6.333333333333333,4.566666666666667,292.9166666666667,0.17,89.22250000000001,-0.9823516608469237,-0.18704334906991657,-1.0,-1.8369701987210297e-16,13
2022-09-21,5483,9781,678,11.9375,49.78333333333333,0.7916666666666666,3.8208333333333333,240.41666666666666,0.17,89.5475,-0.9854237542919524,-0.17011767832049052,-1.0,-1.8369701987210297e-16,12
2022-09-22,3131,2355,1965,11.383333333333333,58.13291666666667,2.7291666666666665,4.208333333333333,137.875,0.17,89.89916666666666,-0.9882042449941422,-0.15314166701312007,-1.0,-1.8369701987210297e-16,12
2022-09-23,2713,2369,1594,13.679166666666667,69.91333333333334,8.029166666666667,3.1333333333333333,249.83333333333334,0.17,90.22666666666667,-0.9906923101615609,-0.13612033862266704,-1.0,-1.8369701987210297e-16,12
2022-09-24,3023,3185,1627,14.9625,63.724583333333335,7.583333333333333,4.266666666666667,310.7916666666667,0.17,90.55624999999999,-0.9928872135356962,-0.11905873003404988,-1.0,-1.8369701987210297e-16,12
2022-09-25,5176,9266,712,14.033333333333333,46.42958333333333,1.6541666666666668,3.8458333333333337,323.8333333333333,0.16708333333333333,90.88458333333334,-0.994788305609327,-0.10196189005174576,-1.0,-1.8369701987210297e-16,12
2022-09-26,3567,3724,1902,15.520833333333334,43.138749999999995,1.875,2.0333333333333337,251.875,0.16291666666666668,91.21041666666667,-0.9963950238187231,-0.08483487790576538,-1.0,-1.8369701987210297e-16,12
2022-09-27,4925,9008,648,13.170833333333334,53.30875,3.1208333333333336,3.1833333333333336,123.375,0.17,91.53833333333334,-0.9977068927101168,-0.06768276175455162,-1.0,-1.8369701987210297e-16,11
2022-09-28,4581,7854,929,16.295833333333334,42.20375,2.8833333333333333,5.820833333333334,157.33333333333334,0.17,91.89125,-0.9987235240803972,-0.050510617185222886,-1.0,-1.8369701987210297e-16,11
2022-09-29,4655,8002,756,18.475,50.38291666666667,7.462500000000001,2.620833333333333,122.41666666666667,0.17,92.22041666666667,-0.9994446170919858,-0.033323525711631344,-1.0,-1.8369701987210297e-16,11
2022-09-30,2483,1877,1655,17.629166666666666,64.20375,10.120833333333334,2.9375,110.29166666666667,0.17,92.54833333333333,-0.9998699583618592,-0.016126573270657762,-1.0,-1.8369701987210297e-16,11
2022-10-01,2983,2151,1869,16.604166666666668,64.94666666666667,9.066666666666666,4.941666666666667,77.875,0.17,92.87708333333335,-0.9999994220246925,0.001075151282798226,-0.8660254037844386,0.5000000000000001,11
2022-10-02,2659,2414,1292,17.458333333333332,66.70041666666667,10.566666666666666,2.5083333333333333,149.125,0.17,93.20375,-0.999832969770105,0.018276557681691223,-0.8660254037844386,0.5000000000000001,11
2022-10-03,2575,2249,1783,16.529166666666665,73.35375,11.262500000000001,2.0083333333333333,292.6666666666667,0.17,93.53041666666667,-0.9993706508539969,0.03547255575312556,-0.8660254037844386,0.5000000000000001,11
2022-10-04,3564,4868,1498,15.525,71.94666666666667,9.816666666666666,1.7000000000000002,309.0833333333333,0.17,93.85666666666667,-0.9986126020839734,0.052658056924614005,-0.8660254037844386,0.5000000000000001,11
2022-10-05,3673,5704,1267,16.566666666666666,61.248333333333335,8.075000000000001,4.004166666666667,242.0,0.17,94.18166666666667,-0.9975590477788613,0.06982797572987089,-0.8660254037844386,0.5000000000000001,11
2022-10-06,4080,6433,1020,5.075,52.946666666666665,-4.254166666666667,3.5500000000000003,41.833333333333336,0.17,94.5025,-0.9962102997023297,0.0869772313136861,-0.8660254037844386,0.5000000000000001,11
2022-10-07,4554,9082,610,4.791666666666667,50.08916666666667,-5.7124999999999995,2.1208333333333336,218.75,0.17,94.8275,-0.9945667569706337,0.1041007489354256,-0.8660254037844386,0.5000000000000001,11
2022-10-08,4036,7032,966,11.495833333333332,54.35958333333334,2.1125000000000003,3.2750000000000004,291.9166666666667,0.17,95.14875,-0.9926289059345095,0.121193461470736,-0.8660254037844386,0.5000000000000001,11
2022-10-09,3469,4293,1496,12.679166666666667,61.17291666666667,4.929166666666667,2.6375,155.29166666666666,0.17,95.46875,-0.9903973200352558,0.1382503109109819,-0.8660254037844386,0.5000000000000001,11
2022-10-10,4172,8335,612,14.279166666666667,55.83208333333334,4.566666666666667,3.295833333333334,182.91666666666666,0.17,95.78791666666666,-0.9878726596350429,0.15526624985999563,-0.8660254037844386,0.5000000000000001,11
2022-10-11,2840,3384,1515,12.4125,49.56,1.8625,5.216666666666667,282.5833333333333,0.17,96.10541666666667,-0.9850556718215013,0.172236243027682,-0.8660254037844386,0.5000000000000001,11
2022-10-12,2647,3953,1189,9.070833333333335,39.18,-4.670833333333333,7.895833333333333,310.0833333333333,0.1729166666666667,96.42125,-0.981947190186646,0.18915526872004093,-0.8660254037844386,0.5000000000000001,11
2022-10-13,4173,9054,486,6.666666666666667,35.996249999999996,-8.0,7.808333333333334,317.0833333333333,0.18000000000000002,96.735,-0.9785481345802031,0.20601832032517084,-0.8660254037844386,0.5000000000000001,11
2022-10-14,3966,7919,551,5.795833333333333,48.42333333333334,-4.520833333333333,4.575,312.0833333333333,0.18000000000000002,97.04791666666667,-0.9748595108374125,0.22282040779479959,-0.8660254037844386,0.5000000000000001,11
2022-10-15,2859,3438,1299,8.479166666666666,59.45416666666667,0.3291666666666667,4.920833333333333,318.7083333333333,0.18000000000000002,97.35833333333333,-0.9708824104813836,0.23955655912092708,-0.8660254037844386,0.5000000000000001,11
2022-10-16,3396,6003,1169,2.1875,46.57208333333333,-9.0375,3.720833333333333,251.45833333333334,0.18000000000000002,97.66583333333334,-0.9666180104000972,0.2562218218071163,-0.8660254037844386,0.5000000000000001,11
2022-10-17,2136,1893,1580,0.5041666666666668,40.11416666666667,-12.258333333333333,1.8208333333333335,77.375,0.18000000000000002,97.97208333333333,-0.9620675724981452,0.27281126433401914,-0.8660254037844386,0.5000000000000001,11
2022-10-18,3775,8241,523,2.120833333333333,41.97625,-10.2375,2.2708333333333335,177.58333333333334,0.18000000000000002,98.27708333333334,-0.957232443323312,0.28931997761869527,-0.8660254037844386,0.5000000000000001,11
2022-10-19,3589,7040,661,9.991666666666667,59.541666666666664,1.7666666666666666,3.3083333333333336,289.5,0.18000000000000002,98.58083333333333,-0.9521140536681102,0.3057430764672831,-0.8660254037844386,0.5000000000000001,11
2022-10-20,3194,5018,1048,13.625,55.923750000000005,3.5125000000000006,3.4125,278.1666666666667,0.18000000000000002,98.88166666666666,-0.9467139181463862,0.3220757010206104,-0.8660254037844386,0.5000000000000001,11
2022-10-21,1543,1111,1142,11.070833333333333,62.04708333333334,3.3541666666666665,2.404166666666667,221.91666666666666,0.18000000000000002,99.17916666666667,-0.9410336347451197,0.3383130181923076,-0.8660254037844386,0.5000000000000001,11
2022-10-22,825,383,711,8.970833333333333,72.49333333333333,4.108333333333333,3.0375,59.5,0.18000000000000002,99.47333333333334,-0.9350748843515574,0.3544502230989869,-0.8660254037844386,0.5000000000000001,11
2022-10-23,1523,365,1350,10.6,86.41625,8.183333333333334,4.4875,114.79166666666667,0.18000000000000002,99.76625000000001,-0.9288394302558068,0.3704825404820963,-0.8660254037844386,0.5000000000000001,11
2022-10-24,645,68,626,1.325,78.34083333333334,-2.1458333333333335,6.8999999999999995,293.0416666666667,0.18291666666666664,100.05375,-0.9223291176290545,0.3864052261209853,-0.8660254037844386,0.5000000000000001,11
2022-10-25,3270,7219,607,1.8,74.75291666666668,-2.416666666666667,3.216666666666667,262.6666666666667,0.19000000000000003,100.34083333333332,-0.9155458729775467,0.40221356823680365,-0.8660254037844386,0.5000000000000001,11
2022-10-26,3285,6926,613,5.091666666666667,68.51583333333333,-1.0083333333333335,2.0833333333333335,200.91666666666666,0.18708333333333335,100.62458333333332,-0.9084917035725082,0.41790288888678667,-0.8660254037844386,0.5000000000000001,11
2022-10-27,3247,6900,572,7.258333333333334,70.15125,1.4208333333333334,2.704166666666667,212.0,0.18291666666666664,100.90458333333333,-0.9011686968561569,0.4334685453485363,-0.8660254037844386,0.5000000000000001,11
2022-10-28,2694,3759,1103,8.466666666666667,52.65208333333334,-1.3333333333333333,2.9583333333333335,219.0,0.19000000000000003,101.18291666666666,-0.8935790198239952,0.4489059314938798,-0.8660254037844386,0.5000000000000001,11
2022-10-29,2468,3780,1095,8.295833333333333,59.55666666666667,0.47500000000000003,2.379166666666667,311.2916666666667,0.19000000000000003,101.45666666666666,-0.8857249183835637,0.4642104791518923,-0.8660254037844386,0.5000000000000001,11
2022-10-30,3131,7075,539,8.845833333333333,57.54791666666667,-0.08333333333333333,2.6125000000000003,252.0,0.19000000000000003,101.72666666666667,-0.8776087166898392,0.4793776594606945,-0.8660254037844386,0.5000000000000001,10
2022-10-31,2097,2743,1164,9.916666666666666,58.05458333333333,1.6541666666666668,2.529166666666667,245.41666666666666,0.19000000000000003,102.02,-0.8692328164574792,0.49440298420761813,-0.8660254037844386,0.5000000000000001,10
2022-11-01,2403,3496,1032,12.424999999999999,51.910833333333336,2.0125,3.5375,183.16666666666666,0.18708333333333335,102.28458333333333,-0.8605996962501181,0.5092820071573356,-0.5000000000000004,0.8660254037844384,10
2022-11-02,2450,4096,923,12.6625,50.85125,1.8833333333333335,4.9750000000000005,235.04166666666666,0.18000000000000002,102.5475,-0.8517119107469189,0.5240103253675756,-0.5000000000000004,0.8660254037844384,10
2022-11-03,836,216,788,1.7,53.65625,-6.8875,5.425000000000001,325.0833333333333,0.18291666666666664,102.80375,-0.8425720899866032,0.5385835804920232,-0.5000000000000004,0.8660254037844384,9
2022-11-04,2976,7301,466,0.5875,54.23291666666666,-8.4125,3.454166666666667,208.54166666666666,0.19000000000000003,103.05874999999999,-0.8331829385891785,0.5529974600700271,-0.5000000000000004,0.8660254037844384,9
2022-11-05,951,261,858,3.1833333333333336,54.30708333333334,-5.608333333333333,5.425000000000001,203.0,0.18708333333333335,103.33708333333334,-0.8235472349556007,0.5672476988027229,-0.5000000000000004,0.8660254037844384,9
2022-11-06,2555,5256,707,-1.5416666666666667,48.98,-11.029166666666667,8.966666666666667,293.2916666666667,0.18000000000000002,103.58333333333333,-0.8136678304455991,0.5813300798152042,-0.5000000000000004,0.8660254037844384,9
2022-11-07,278,0,278,-3.454166666666667,61.96625,-9.7125,5.391666666666667,157.75,0.18291666666666664,103.82708333333333,-0.8035476485339116,0.5952404359043674,-0.5000000000000004,0.8660254037844384,9
2022-11-08,1314,436,1170,-0.01666666666666668,68.10291666666667,-5.370833333333334,4.0875,231.95833333333334,0.3416666666666666,104.06791666666668,-0.7931896839451843,0.6089746507720486,-0.5000000000000004,0.8660254037844384,9
2022-11-09,469,298,423,-2.225,68.93791666666667,-7.2250000000000005,4.3,128.79166666666666,0.73625,104.30458333333333,-0.7825970017677834,0.6225286602431057,-0.5000000000000004,0.8660254037844384,9
2022-11-10,225,5,224,-8.229166666666666,79.7775,-11.15,6.258333333333334,272.8333333333333,0.8000000000000002,104.53666666666668,-0.7717727365467837,0.6358984534680745,-0.5000000000000004,0.8660254037844384,9
2022-11-11,479,20,477,-13.029166666666667,81.80375,-15.504166666666668,3.3833333333333333,322.625,0.8000000000000002,104.7625,-0.7607200913564104,0.6490800741100398,-0.5000000000000004,0.8660254037844384,9
2022-11-12,370,12,368,-15.070833333333333,82.86916666666667,-17.341666666666665,1.5458333333333334,203.41666666666666,0.8000000000000002,104.98583333333333,-0.7494423368521953,0.6620696215153815,-0.5000000000000004,0.8660254037844384,9
2022-11-13,2010,1915,1327,-10.725,80.98875,-13.362499999999999,1.7375,130.79166666666666,0.8000000000000002,105.20625,-0.7379428103031386,0.6748632518680403,-0.5000000000000004,0.8660254037844384,9
2022-11-14,1724,551,1513,-11.116666666666667,84.56958333333334,-13.2125,1.1708333333333334,195.875,0.8000000000000002,105.42208333333333,-0.7262249146041543,0.6874571793269664,-0.5000000000000004,0.8660254037844384,9
2022-11-15,566,274,502,-11.533333333333333,84.72125,-13.6,2.779166666666667,338.2916666666667,0.8000000000000002,105.63083333333334,-0.7142921172691032,0.699847677146407,-0.5000000000000004,0.8660254037844384,9
2022-11-16,365,3,365,-8.799999999999999,85.10791666666667,-10.841666666666667,4.033333333333334,288.2916666666667,0.8000000000000002,105.83625,-0.7021479494046978,0.7120310787787131,-0.5000000000000004,0.8660254037844384,9
2022-11-17,499,35,491,-10.808333333333332,81.03791666666667,-13.424999999999999,6.445833333333334,311.1666666666667,0.8000000000000002,106.03583333333334,-0.6897960046655887,0.7240037789593305,-0.5000000000000004,0.8660254037844384,9
2022-11-18,409,1,409,-10.945833333333333,77.33166666666666,-14.158333333333333,6.0249999999999995,289.9166666666667,0.8000000000000002,106.23166666666667,-0.6772399381909491,0.7357622347736527,-0.5000000000000004,0.8660254037844384,9
2022-11-19,423,28,415,-9.5875,78.75333333333333,-12.612499999999999,3.991666666666667,273.9583333333333,0.8000000000000002,106.42333333333333,-0.6644834655228552,0.7473029667054297,-0.5000000000000004,0.8660254037844384,9
2022-11-20,356,18,353,-5.895833333333333,82.30041666666666,-8.429166666666667,4.058333333333334,282.7083333333333,0.8000000000000002,106.60875,-0.6515303615068021,0.75862255966641,-0.5000000000000004,0.8660254037844384,9
2022-11-21,388,65,378,-6.1625000000000005,84.65958333333333,-8.3625,2.0875,228.0,0.8000000000000002,106.79,-0.6383844591746642,0.769717664006921,-0.5000000000000004,0.8660254037844384,9
2022-11-22,985,2185,362,-2.9250000000000003,87.12583333333333,-4.766666666666667,2.7875,240.04166666666666,0.77375,106.96541666666667,-0.6250496486104377,0.7805849965070866,-0.5000000000000004,0.8660254037844384,9
2022-11-23,2217,6423,407,-1.4791666666666667,89.31375000000001,-3.0416666666666665,2.691666666666667,262.9583333333333,0.6983333333333333,107.13625,-0.6115298757991053,0.7912213413483807,-0.5000000000000004,0.8660254037844384,9
2022-11-24,1488,3732,345,-0.6958333333333334,87.17625,-2.625,3.7458333333333336,279.8333333333333,0.6641666666666667,107.30041666666666,-0.5978291414589552,0.801623551065242,-0.5000000000000004,0.8660254037844384,9
2022-11-25,300,6,300,1.2666666666666668,82.46375,-1.5166666666666668,3.408333333333333,243.75,0.65,107.46125,-0.5839514998576998,0.8117885474764613,-0.5000000000000004,0.8660254037844384,9
2022-11-26,462,13,458,0.1208333333333333,86.10791666666667,-2.0208333333333335,3.8708333333333336,318.4166666666667,0.6704166666666667,107.61541666666666,-0.5699010576127624,0.821713322596059,-0.5000000000000004,0.8660254037844384,9
2022-11-27,1262,1845,882,-1.4666666666666668,78.30916666666667,-4.966666666666667,3.4458333333333333,212.16666666666666,0.7141666666666667,107.76416666666667,-0.5556819724760489,0.8313949395234058,-0.5000000000000004,0.8660254037844384,9
2022-11-28,1472,2822,711,-2.8541666666666665,63.91708333333333,-8.950000000000001,5.587500000000001,281.625,0.7291666666666666,107.90708333333333,-0.5412984521036173,0.8408305333122887,-0.5000000000000004,0.8660254037844384,9
2022-11-29,1848,4173,722,-8.512500000000001,59.20166666666666,-15.070833333333333,7.800000000000001,296.5416666666667,0.8000000000000002,108.04291666666667,-0.5267547528105542,0.8500173118187018,-0.5000000000000004,0.8660254037844384,9
2022-11-30,2132,6024,402,-10.25,59.37916666666666,-16.729166666666668,4.729166666666667,236.0,0.8000000000000002,108.17458333333333,-0.5120551783114646,0.8589525565270845,-0.5000000000000004,0.8660254037844384,9
2022-12-01,1473,1394,1050,-4.229166666666667,66.75833333333334,-9.6125,3.154166666666667,165.04166666666666,0.8000000000000002,108.30208333333333,-0.4972040784469378,0.8676336233547726,-2.4492935982947064e-16,1.0,9
2022-12-02,899,361,845,-11.833333333333334,63.54833333333334,-17.45,6.716666666666668,321.5833333333333,0.8000000000000002,108.42083333333333,-0.4822058478963526,0.8760579434344281,-2.4492935982947064e-16,1.0,9
2022-12-03,1849,4490,810,-11.108333333333334,61.93,-17.087500000000002,2.829166666666667,251.16666666666666,0.8000000000000002,108.53500000000001,-0.46706492487743034,0.8842230238742036,-2.4492935982947064e-16,1.0,9
2022-12-04,2032,6314,398,-5.233333333333333,69.385,-10.141666666666667,4.3375,275.25,0.8000000000000002,108.64541666666666,-0.451785789832884,0.8921264484954345,-2.4492935982947064e-16,1.0,9
2022-12-05,1464,1645,1030,-8.608333333333333,65.71291666666667,-13.970833333333333,3.4958333333333336,247.25,0.8000000000000002,108.74624999999999,-0.4363729641045924,0.8997658785476209,-2.4492935982947064e-16,1.0,9
2022-12-06,1772,3688,701,-10.895833333333334,67.95416666666667,-15.758333333333333,3.920833333333334,195.66666666666666,0.8000000000000002,108.84208333333333,-0.42083100859565564,0.9071390534005044,-2.4492935982947064e-16,1.0,9
2022-12-07,1923,5687,470,-13.854166666666666,68.89125,-18.400000000000002,3.6041666666666665,144.25,0.8000000000000002,108.93208333333332,-0.4051645224207563,0.9142437912130223,-2.4492935982947064e-16,1.0,9
2022-12-08,1939,6109,388,-9.25,87.39291666666666,-11.020833333333334,1.5,203.66666666666666,0.8000000000000002,109.0175,-0.3893781415452015,0.9210779895789526,-2.4492935982947064e-16,1.0,9
2022-12-09,1354,2528,754,-6.316666666666666,86.94625,-8.200000000000001,3.0208333333333335,166.58333333333334,0.7941666666666668,109.09541666666667,-0.37347653741307074,0.9276396261490467,-2.4492935982947064e-16,1.0,9
2022-12-10,1935,6207,366,-4.2875000000000005,84.66875,-6.558333333333334,2.2208333333333337,238.70833333333334,0.7858333333333333,109.16875,-0.3574644155648614,0.9339267592294762,-2.4492935982947064e-16,1.0,9
2022-12-11,1742,4575,479,-4.245833333333334,86.63208333333334,-6.208333333333333,4.141666666666667,128.45833333333334,0.7941666666666668,109.23666666666666,-0.34134651424503615,0.9399375283564133,-2.4492935982947064e-16,1.0,9
2022-12-12,715,62,698,-3.4458333333333333,91.99208333333333,-4.5625,2.9000000000000004,117.79166666666667,0.7683333333333334,109.29666666666667,-0.3251276029999093,0.9456701548465688,-2.4492935982947064e-16,1.0,9
2022-12-13,670,62,652,-2.7125000000000004,91.51,-3.904166666666667,4.766666666666667,37.083333333333336,0.7487499999999999,109.35041666666666,-0.30881248126625377,0.9511229423235357,-2.4492935982947064e-16,1.0,9
2022-12-14,203,2,203,-4.958333333333333,91.82333333333332,-6.079166666666667,5.2875000000000005,248.29166666666666,0.77875,109.39875,-0.29240597695107734,0.9562942772197719,-2.4492935982947064e-16,1.0,9
2022-12-15,179,0,179,-10.354166666666666,84.20333333333333,-12.512500000000001,8.625,318.625,0.8000000000000002,109.43666666666667,-0.27591294500296043,0.9611826292540837,-2.4492935982947064e-16,1.0,9
2022-12-16,1054,213,994,-11.762500000000001,83.55625,-13.991666666666667,7.304166666666667,321.7083333333333,0.8000000000000002,109.47291666666666,-0.2593382659754056,0.9657865518844574,-2.4492935982947064e-16,1.0,9
2022-12-17,1489,1973,960,-18.4375,80.16625,-21.033333333333335,3.366666666666667,236.54166666666666,0.8000000000000002,109.5,-0.2426868445825954,0.9701046827361175,-2.4492935982947064e-16,1.0,9
2022-12-18,1561,3287,718,-20.8625,76.58833333333334,-23.895833333333332,1.5958333333333334,23.958333333333332,0.8000000000000002,109.52208333333334,-0.22596360824801906,0.974135744004672,-2.4492935982947064e-16,1.0,9
2022-12-19,1481,3034,717,-21.283333333333335,76.1725,-24.375,2.216666666666667,229.79166666666666,0.8000000000000002,109.53666666666668,-0.20917350564635637,0.9778785428342386,-2.4492935982947064e-16,1.0,9
2022-12-20,1556,2810,830,-23.983333333333334,72.635,-27.520833333333332,3.1374999999999997,274.0416666666667,0.8000000000000002,109.54583333333333,-0.19232150523909483,0.9813319716704275,-2.4492935982947064e-16,1.0,9
2022-12-21,614,8,612,-25.49166666666667,71.72,-29.108333333333334,4.420833333333333,238.5,0.8000000000000002,109.55,-0.17541259380427843,0.9844950085880858,-2.4492935982947064e-16,1.0,9
2022-12-22,1534,2004,1028,-24.662499999999998,71.62166666666667,-28.325000000000003,7.9750000000000005,310.0416666666667,0.8000000000000002,109.54583333333333,-0.15845177496083632,0.9873667175937016,-2.4492935982947064e-16,1.0,9
2022-12-23,1921,5882,382,-26.5,72.79125,-29.9375,5.458333333333333,319.0,0.8000000000000002,109.53708333333333,-0.14144406768794202,0.9899462489023779,-2.4492935982947064e-16,1.0,9
2022-12-24,1739,4492,521,-24.291666666666668,70.39208333333333,-28.15416666666667,1.7000000000000002,280.5,0.8000000000000002,109.52208333333334,-0.12439450483979998,0.9922328391893008,-2.4492935982947064e-16,1.0,9
2022-12-25,727,546,641,-14.762500000000001,81.21541666666667,-17.283333333333335,5.120833333333334,206.5,0.8000000000000002,109.50291666666668,-0.10730813165636247,0.9942258118156161,-2.4492935982947064e-16,1.0,9
2022-12-26,1073,1555,777,-16.154166666666665,81.57958333333333,-18.579166666666666,4.041666666666667,217.95833333333334,0.7941666666666668,109.47291666666666,-0.09019000427034513,0.9959245770286599,-2.4492935982947064e-16,1.0,9
2022-12-27,926,613,764,-0.9,94.92208333333333,-1.6083333333333334,2.4083333333333337,158.66666666666666,0.7420833333333334,109.44458333333334,-0.07304518821104743,0.9973286321364752,-2.4492935982947064e-16,1.0,9
2022-12-28,1415,2644,666,-0.4583333333333333,94.2475,-1.2750000000000001,2.3541666666666665,265.0,0.6937500000000001,109.40416666666665,-0.05587875690537313,0.9984375616565666,-2.4492935982947064e-16,1.0,9
2022-12-29,1233,1937,823,-11.641666666666666,84.72250000000001,-13.720833333333333,2.8708333333333336,302.9166666666667,0.8000000000000002,109.35333333333334,-0.03869579017652689,0.9992510374388481,-2.4492935982947064e-16,1.0,9
2022-12-30,1817,5313,372,-6.270833333333333,91.90416666666665,-7.383333333333333,2.6583333333333337,182.66666666666666,0.8000000000000002,109.30083333333333,-0.021501372740813793,0.999768818762748,-2.4492935982947064e-16,1.0,9
2022-12-31,1537,3424,739,-12.529166666666667,84.00791666666667,-14.637500000000001,2.125,233.91666666666666,0.8000000000000002,109.23458333333333,-0.004300592702981974,0.9999907524084426,-2.4492935982947064e-16,1.0,9
2023-01-01,1772,4722,553,-8.154166666666667,91.22000000000001,-9.341666666666667,2.6041666666666665,299.0416666666667,0.8000000000000002,109.17666666666668,0.017201575418260506,0.9998520419557735,0.49999999999999994,0.8660254037844387,9
2023-01-02,1620,3466,751,-7.433333333333334,91.12,-8.641666666666667,1.5833333333333333,271.5416666666667,0.8000000000000002,109.10416666666667,0.03439806061360801,0.9994082116062598,0.49999999999999994,0.8660254037844387,9
2023-01-03,1410,1143,1056,-10.5875,89.73083333333334,-11.954166666666666,2.125,337.75,0.8000000000000002,109.02625,0.051584366869408364,0.9986686402879997,0.49999999999999994,0.8660254037844387,9
2023-01-04,1748,4269,502,-9.262500000000001,89.51208333333334,-10.679166666666667,2.5000000000000004,331.5833333333333,0.8000000000000002,108.94166666666666,0.06875540848113941,0.9976335468520451,0.49999999999999994,0.8660254037844387,9
2023-01-05,1932,5597,448,-8.841666666666667,88.19083333333333,-10.466666666666667,1.679166666666667,306.7916666666667,0.8000000000000002,108.8525,0.08590610426133272,0.9963032375991965,0.49999999999999994,0.8660254037844387,9
2023-01-06,834,243,808,-13.816666666666668,81.87708333333333,-16.266666666666666,1.1375,196.125,0.8000000000000002,108.75541666666668,0.10303137904317879,0.9946781061893646,0.49999999999999994,0.8660254037844387,9
2023-01-07,1951,5712,421,-7.625,89.79625,-9.012500000000001,3.7458333333333336,201.5,0.7970833333333335,108.65500000000002,0.1201261651823505,0.9927586335250793,0.49999999999999994,0.8660254037844387,9
2023-01-08,1987,6049,387,-4.770833333333333,91.85708333333334,-5.891666666666667,1.8833333333333335,228.66666666666666,0.7841666666666667,108.5475,0.13718540405660057,0.9905453876091833,0.49999999999999994,0.8660254037844387,9
2023-01-09,1490,2775,773,-2.8125,89.79375,-4.245833333333334,1.9708333333333334,273.75,0.7758333333333334,108.43333333333334,0.1542040475626894,0.988039023376751,0.49999999999999994,0.8660254037844387,9
2023-01-10,1547,2158,946,-4.379166666666667,91.06875000000001,-5.629166666666666,2.3041666666666667,213.5,0.7929166666666667,108.31375000000001,0.17117705961019986,0.985240282501282,0.49999999999999994,0.8660254037844387,9
2023-01-11,810,12,808,-8.883333333333335,89.82458333333334,-10.258333333333333,3.841666666666667,325.0416666666667,0.8000000000000002,108.18541666666665,0.18809941761179758,0.9821499931752291,0.49999999999999994,0.8660254037844387,9
2023-01-12,2029,5313,472,-12.804166666666667,85.27541666666667,-14.766666666666666,2.1666666666666665,246.91666666666666,0.8000000000000002,108.05416666666667,0.20496611396949532,0.9787690698649216,0.49999999999999994,0.8660254037844387,9
2023-01-13,1358,1366,986,-5.604166666666667,89.63625,-7.0375000000000005,4.420833333333333,188.5,0.77375,107.91875,0.22177215755648186,0.975098513039961,0.49999999999999994,0.8660254037844387,9
2023-01-14,1263,2645,516,-0.65,94.88791666666667,-1.3708333333333333,3.0583333333333336,212.33333333333334,0.6925,107.77749999999999,0.23851257519407648,0.9711394088771653,0.49999999999999994,0.8660254037844387,9
2023-01-15,1712,2734,999,-0.10416666666666667,96.78666666666668,-0.5499999999999999,1.675,150.125,0.6733333333333333,107.62833333333333,0.2551824131233728,0.9668929289391521,0.49999999999999994,0.8660254037844387,9
2023-01-16,1398,366,1276,-4.266666666666667,93.1825,-5.208333333333333,3.420833333333334,204.04166666666666,0.7504166666666667,107.47375,0.2717767384711357,0.9623603298276545,0.49999999999999994,0.8660254037844387,9
2023-01-17,1168,1029,855,-8.579166666666667,85.35958333333333,-10.604166666666666,1.8458333333333334,234.33333333333334,0.8000000000000002,107.31291666666668,0.2882906407095177,0.9575429528116719,0.49999999999999994,0.8660254037844387,9
2023-01-18,1350,182,1288,-8.695833333333333,87.32625,-10.429166666666667,1.1625,111.375,0.8000000000000002,107.14833333333333,0.3047192331091634,0.9524422234305676,0.49999999999999994,0.8660254037844387,9
2023-01-19,1254,67,1230,-7.75,90.30125,-9.070833333333335,1.1,269.7083333333333,0.8000000000000002,106.97708333333333,0.321057654185271,0.9470596510722283,0.49999999999999994,0.8660254037844387,9
2023-01-20,1157,38,1144,-6.720833333333334,88.04625,-8.387500000000001,2.4625,292.4583333333333,0.8000000000000002,106.80000000000001,0.3373010691361842,0.9413968285264122,0.49999999999999994,0.8660254037844387,9
2023-01-21,2330,6070,474,-5.766666666666667,90.125,-7.158333333333334,2.566666666666667,289.875,0.8000000000000002,106.59500000000001,0.3534446712740877,0.9354554315134164,0.49999999999999994,0.8660254037844387,9
2023-01-22,2323,6036,486,-3.5208333333333335,89.08875,-5.075,2.6666666666666665,250.04166666666666,0.7766666666666667,106.41041666666666,0.3694836834473831,0.9292372181882051,0.49999999999999994,0.8660254037844387,9
2023-01-23,2384,5974,571,-3.5250000000000004,84.105,-5.866666666666667,4.1375,280.5416666666667,0.7287499999999999,106.21958333333333,0.38541335945432564,0.9227440286201427,0.49999999999999994,0.8660254037844387,10
2023-01-24,1560,1924,899,-3.475,85.44,-5.595833333333334,5.2,293.9166666666667,0.7645833333333334,106.02541666666667,0.4012289854475009,0.9159777842484877,0.49999999999999994,0.8660254037844387,10
2023-01-25,1259,119,1217,-10.066666666666668,84.415,-12.216666666666667,2.404166666666667,329.5833333333333,0.8000000000000002,105.82291666666667,0.4169258813287287,0.908940487313808,0.49999999999999994,0.8660254037844387,10
2023-01-26,1079,95,1046,-3.279166666666667,85.355,-5.395833333333333,6.008333333333334,274.0,0.8000000000000002,105.62041666666666,0.4324994021339788,0.901634220265486,0.49999999999999994,0.8660254037844387,10
2023-01-27,1215,89,1189,-10.1,80.37541666666667,-12.862499999999999,4.316666666666667,203.45833333333334,0.8000000000000002,105.40666666666668,0.44794493940789115,0.8940611451454876,0.49999999999999994,0.8660254037844387,10
2023-01-28,2207,2798,1215,-19.183333333333334,71.82375,-23.0125,2.733333333333334,240.875,0.8000000000000002,105.19041666666668,0.4632579225674917,0.88622350294858,0.49999999999999994,0.8660254037844387,10
2023-01-29,2709,6193,653,-18.6375,63.84916666666667,-23.795833333333334,4.383333333333334,298.6666666666667,0.8000000000000002,104.97083333333335,0.4784338202547012,0.8781236129591848,0.49999999999999994,0.8660254037844387,10
2023-01-30,2770,6215,662,-19.008333333333336,63.71,-24.316666666666666,3.35,259.5833333333333,0.8000000000000002,104.74666666666667,0.49346814167723735,0.8697638720650646,0.49999999999999994,0.8660254037844387,10
2023-01-31,2232,2219,1451,-13.674999999999999,73.61875,-17.45416666666667,2.3458333333333337,254.75,0.8000000000000002,104.51916666666666,0.5083564379375122,0.8611467540480452,0.49999999999999994,0.8660254037844387,10
2023-02-01,2776,6790,508,-6.941666666666666,80.41041666666666,-9.775,3.125,268.75,0.8000000000000002,104.28666666666668,0.5230943033491326,0.8522748088519838,0.8660254037844386,0.5000000000000001,10
2023-02-02,2841,6585,648,-18.020833333333332,66.28583333333333,-22.8625,4.058333333333334,256.625,0.8000000000000002,104.04541666666667,0.5376773767406141,0.8431506618282,0.8660254037844386,0.5000000000000001,10
2023-02-03,2525,4430,1127,-9.495833333333334,74.45833333333333,-13.237499999999999,4.845833333333334,191.0,0.7620833333333334,103.80541666666666,0.5521013427459208,0.8337770129585915,0.8660254037844386,0.5000000000000001,10
2023-02-04,2874,7102,486,0.5833333333333334,82.38458333333334,-2.125,3.904166666666667,284.0,0.6787500000000001,103.56041666666665,0.5663619330814524,0.8241566360566663,0.8660254037844386,0.5000000000000001,10
2023-02-05,2982,7258,539,-1.2375,89.29958333333333,-2.85,3.529166666666667,215.79166666666666,0.6854166666666668,103.31125000000002,0.580454927809098,0.8142923779467267,0.8660254037844386,0.5000000000000001,10
2023-02-06,2021,2410,1343,-0.07083333333333335,80.90291666666667,-3.033333333333333,5.370833333333334,273.7916666666667,0.65,103.05541666666666,0.5943761565849831,0.804187157621448,0.8660254037844386,0.5000000000000001,10
2023-02-07,2880,5793,714,1.3333333333333333,73.94791666666667,-2.975,3.9083333333333337,266.0833333333333,0.65,102.79666666666667,0.6081214998935418,0.7938439653781019,0.8660254037844386,0.5000000000000001,10
2023-02-08,2630,5036,1077,1.0791666666666668,84.16333333333334,-1.4083333333333332,3.3208333333333333,268.0833333333333,0.6616666666666667,102.53500000000001,0.6216868902665479,0.7832658619336791,0.8660254037844386,0.5000000000000001,10
2023-02-09,3247,7675,500,-2.529166666666667,66.41166666666666,-8.4125,4.6625000000000005,318.5,0.6958333333333333,102.26791666666666,0.6350683134867438,0.7724559775191742,0.8660254037844386,0.5000000000000001,10
2023-02-10,2979,5678,828,0.03749999999999996,58.106249999999996,-7.608333333333333,4.154166666666667,226.625,0.6925,101.99875000000002,0.6482618097757122,0.7614175109532997,0.8660254037844386,0.5000000000000001,10
2023-02-11,2591,3282,1421,2.5583333333333336,71.85916666666667,-2.2833333333333337,2.625,289.0833333333333,0.65,101.72583333333334,0.6612634749656386,0.7501537286959042,0.8660254037844386,0.5000000000000001,10
2023-02-12,3325,7623,572,0.9833333333333334,71.50291666666666,-4.175,3.5625,276.4583333333333,0.65,101.44958333333334,0.6740694616546161,0.7386679638813748,0.8660254037844386,0.5000000000000001,10
2023-02-13,3243,7197,648,3.0208333333333335,68.10875,-2.75,3.4291666666666667,215.125,0.65,101.16916666666667,0.6866759803451553,0.726963615332308,0.8660254037844386,0.5000000000000001,10
2023-02-14,2301,3722,936,-1.3125,74.50041666666667,-5.458333333333333,8.041666666666666,156.33333333333334,0.6937500000000001,100.88666666666667,0.6990793005655562,0.7150441465537444,0.8660254037844386,0.5000000000000001,10
2023-02-15,3510,7023,754,-7.141666666666667,52.635416666666664,-15.6,5.183333333333334,308.7083333333333,0.8000000000000002,100.59791666666666,0.7112757519738152,0.7029130847082615,0.8660254037844386,0.5000000000000001,10
2023-02-16,3425,6170,933,-7.220833333333334,69.65041666666667,-12.0875,2.4791666666666665,160.625,0.7854166666666668,100.30874999999999,0.7232617254437388,0.6905740195722294,0.8660254037844386,0.5000000000000001,10
2023-02-17,2956,4336,1347,-0.975,69.64333333333333,-6.4750000000000005,5.120833333333334,258.3333333333333,0.7208333333333333,100.01583333333333,0.7350336741329412,0.6780306024735382,0.8660254037844386,0.5000000000000001,10
2023-02-18,2799,4734,1172,1.2625,68.75916666666667,-4.579166666666667,3.0875000000000004,264.7083333333333,0.6616666666666667,99.72166666666668,0.746588114532413,0.6652865452111116,0.8660254037844386,0.5000000000000001,10
2023-02-19,1651,988,1323,-1.2208333333333334,72.07291666666667,-5.966666666666668,3.2375000000000003,259.0833333333333,0.69875,99.4225,0.7579216274973472,0.6523456189565257,0.8660254037844386,0.5000000000000001,10
2023-02-20,3398,5550,1451,-4.675,67.26625,-10.283333333333333,5.95,305.625,0.7433333333333333,99.12166666666667,0.7690308592589181,0.6392116531380588,0.8660254037844386,0.5000000000000001,10
2023-02-21,2385,818,2066,-11.783333333333333,66.03125,-16.879166666666666,5.591666666666668,86.5,0.8000000000000002,98.81916666666666,0.7799125224167177,0.6258885343075018,0.8660254037844386,0.5000000000000001,10
2023-02-22,3074,1682,2314,-18.745833333333334,56.784166666666664,-25.262500000000003,6.641666666666667,37.416666666666664,0.8000000000000002,98.51333333333334,0.7905633969115482,0.612380204990065,0.8660254037844386,0.5000000000000001,10
2023-02-23,3574,4156,1930,-19.9125,58.95208333333333,-25.900000000000002,3.7625000000000006,117.08333333333333,0.8000000000000002,98.20416666666667,0.8009803309782905,0.5986906625177214,0.8660254037844386,0.5000000000000001,10
2023-02-24,3321,3035,2173,-17.991666666666667,63.846666666666664,-23.27916666666667,3.1041666666666665,188.41666666666666,0.8000000000000002,97.89333333333333,0.8111602420785621,0.5848239578463322,0.8660254037844386,0.5000000000000001,10
2023-02-25,3861,6033,1286,-8.095833333333333,70.86458333333333,-12.683333333333332,3.254166666666667,262.9583333333333,0.8000000000000002,97.58166666666666,0.8211001178128892,0.5707841943569036,0.8660254037844386,0.5000000000000001,10
2023-02-26,4033,7266,939,-3.3000000000000003,87.6925,-5.245833333333334,2.8041666666666667,171.08333333333334,0.7562500000000001,97.24416666666667,0.8307970168121247,0.5565755266413303,0.8660254037844386,0.5000000000000001,10
2023-02-27,3945,6951,821,-0.45,71.01125,-5.995833333333334,4.65,300.6666666666667,0.6791666666666667,96.92958333333333,0.8402480696078469,0.5422021592729844,0.8660254037844386,0.5000000000000001,11
2023-02-28,2078,722,1812,-3.216666666666667,75.2975,-7.195833333333334,5.420833333333333,119.375,0.7645833333333334,96.61416666666666,0.8494504794814806,0.527668345562516,0.8660254037844386,0.5000000000000001,11
2023-03-01,4199,6874,1077,-9.116666666666667,67.25083333333333,-14.191666666666668,4.145833333333333,62.666666666666664,0.8000000000000002,96.29416666666667,0.8584015232918917,0.512978386299228,1.0,6.123233995736766e-17,11
2023-03-02,2678,2567,1422,-4.808333333333334,69.41625,-9.625,4.3500000000000005,202.16666666666666,0.7620833333333334,95.95041666666667,0.8670985522812081,0.4981366284784055,1.0,6.123233995736766e-17,11
2023-03-03,4342,7259,1004,-0.4791666666666667,69.76291666666667,-5.6499999999999995,4.029166666666667,288.0416666666667,0.6816666666666666,95.63333333333333,0.8755389928586302,0.4831474640149687,1.0,6.123233995736766e-17,12
2023-03-04,4602,8666,752,-1.2166666666666668,59.07458333333333,-8.754166666666666,2.716666666666667,247.29166666666666,0.7070833333333333,95.31,0.8837203473619977,0.4680153284438345,1.0,6.123233995736766e-17,12
2023-03-05,2740,534,2469,-1.6500000000000001,80.27708333333334,-4.658333333333334,4.7,98.95833333333333,0.7291666666666666,94.98541666666667,0.8916401947968874,0.45274469960737107,1.0,6.123233995736766e-17,12
2023-03-06,4662,7852,908,-7.708333333333333,65.29875,-13.391666666666667,5.170833333333333,48.541666666666664,0.8000000000000002,94.65875,0.8992961915530253,0.4373400963303323,1.0,6.123233995736766e-17,12
2023-03-07,3683,1556,2859,-11.016666666666666,72.56916666666667,-15.041666666666666,3.754166666666667,90.625,0.8000000000000002,94.33208333333333,0.9066860720977985,0.4218060770826634,1.0,6.123233995736766e-17,12
2023-03-08,3018,294,2855,-8.204166666666667,79.49791666666667,-11.1875,2.5208333333333335,46.875,0.8000000000000002,94.00541666666668,0.9138076496466615,0.40614723863057883,1.0,6.123233995736766e-17,12
2023-03-09,3439,1050,2845,-6.25,86.61125,-8.133333333333333,3.6041666666666665,50.458333333333336,0.8000000000000002,93.67750000000001,0.9206588168102428,0.3903682146763026,1.0,6.123233995736766e-17,12
2023-03-10,2358,185,2258,-4.570833333333334,86.42041666666667,-6.5249999999999995,6.341666666666668,116.66666666666667,0.7883333333333334,93.34916666666668,0.9272375462179537,0.374473674486883,1.0,6.123233995736766e-17,12
2023-03-11,4385,5134,1746,-4.133333333333334,86.41666666666667,-6.095833333333334,6.033333333333334,242.95833333333334,0.7716666666666666,93.01791666666666,0.9335418911179212,0.35846832151248087,1.0,6.123233995736766e-17,12
2023-03-12,4679,6142,1558,-9.1875,83.60416666666667,-11.483333333333334,4.804166666666667,342.4583333333333,0.8000000000000002,92.68541666666665,0.9395699859530622,0.342356891994542,1.0,6.123233995736766e-17,12
2023-03-13,5016,7400,1141,-9.691666666666666,83.29458333333334,-12.045833333333334,3.875,192.79166666666666,0.8000000000000002,92.35416666666667,0.945320046913132,0.3261441535642696,1.0,6.123233995736766e-17,12
2023-03-14,5138,9491,752,-3.5583333333333336,82.84791666666668,-6.0874999999999995,3.7875,218.79166666666666,0.77375,92.02166666666666,0.9507903724625832,0.3098349038318025,1.0,6.123233995736766e-17,12
2023-03-15,3288,2578,1669,-1.875,86.99416666666667,-3.8125,4.879166666666667,102.95833333333333,0.7245833333333334,91.68833333333333,0.9559793438440766,0.2934339689665273,1.0,6.123233995736766e-17,12
2023-03-16,4967,5592,1965,-3.6833333333333336,73.74,-7.929166666666667,6.183333333333334,334.0,0.7716666666666666,91.35458333333334,0.9608854255574977,0.27694620226893646,1.0,6.123233995736766e-17,12
2023-03-17,5352,7732,1422,-11.716666666666667,67.0225,-16.729166666666668,7.029166666666666,337.8333333333333,0.8000000000000002,91.01958333333334,0.9655071658143364,0.2603764827344581,1.0,6.123233995736766e-17,12
2023-03-18,5589,8752,950,-8.954166666666667,59.45458333333334,-16.025000000000002,3.5541666666666667,271.875,0.8000000000000002,90.68416666666667,0.969843196967294,0.24372971360968387,1.0,6.123233995736766e-17,12
2023-03-19,5354,7206,1570,-2.8000000000000003,68.70958333333333,-8.158333333333333,3.691666666666667,204.41666666666666,0.7883333333333334,90.35125000000001,0.9738922359149924,0.22701082094141847,1.0,6.123233995736766e-17,12
2023-03-20,5358,6937,1400,-3.8833333333333333,67.18708333333333,-9.4625,4.229166666666667,100.45833333333333,0.7716666666666666,90.01708333333333,0.9776530844816641,0.2102247521189836,1.0,6.123233995736766e-17,12
2023-03-21,3372,818,2855,-4.841666666666667,79.07291666666667,-7.991666666666667,4.15,129.875,0.8000000000000002,89.68333333333334,0.981124629771712,0.19337647441020586,1.0,6.123233995736766e-17,12
2023-03-22,5305,5816,2045,-4.966666666666667,77.31625000000001,-8.612499999999999,2.516666666666667,258.625,0.7912500000000001,89.34875,0.984305844499033,0.17647097349152166,1.0,6.123233995736766e-17,12
2023-03-23,5934,10133,913,-2.733333333333333,74.67,-7.1499999999999995,3.2916666666666665,203.5,0.7379166666666667,89.01541666666667,0.9871957872910085,0.15951325197263655,1.0,6.123233995736766e-17,12
2023-03-24,4068,2531,2784,0.5458333333333334,69.05125,-5.191666666666667,2.0416666666666665,192.16666666666666,0.6629166666666667,88.68208333333332,0.9897936029670716,0.14250832791617088,1.0,6.123233995736766e-17,12
2023-03-25,3179,1920,2476,-1.4375,70.49374999999999,-6.441666666666667,3.366666666666667,100.70833333333333,0.6816666666666666,88.34958333333333,0.992098522791769,0.12546123335273648,1.0,6.123233995736766e-17,12
2023-03-26,4439,1547,3548,-1.1166666666666667,59.96958333333333,-8.520833333333334,1.3916666666666666,281.2916666666667,0.7158333333333333,88.01791666666666,0.9941098647022418,0.10837701279187609,1.0,6.123233995736766e-17,12
2023-03-27,4578,4039,2393,-2.9375,60.39000000000001,-9.825000000000001,3.3458333333333337,182.83333333333334,0.73875,87.68458333333335,0.9958270335100595,0.09126072172931188,1.0,6.123233995736766e-17,12
2023-03-28,6179,9087,1100,-4.3125,57.15708333333333,-12.020833333333334,4.8125,309.7083333333333,0.7716666666666666,87.35416666666667,0.9972495210773451,0.07411742515094437,1.0,6.123233995736766e-17,12
2023-03-29,6257,9276,1139,-4.716666666666667,59.17666666666667,-11.9,2.9291666666666667,202.91666666666666,0.7708333333333334,86.99916666666667,0.998376906467142,0.056952196034039754,1.0,6.123233995736766e-17,12
2023-03-30,4879,4632,2559,-0.75,62.46208333333333,-7.566666666666666,4.1000000000000005,103.45833333333333,0.6970833333333334,86.675,0.9992088560679753,0.03977011384605572,1.0,6.123233995736766e-17,13
2023-03-31,3211,407,3019,-1.1458333333333333,63.70250000000001,-7.425,5.4375,114.70833333333333,0.6783333333333333,86.34916666666668,0.9997451236925734,0.022576263041545485,1.0,6.123233995736766e-17,13
2023-04-01,6031,7987,1523,1.8625,62.925000000000004,-5.075,3.8833333333333333,201.625,0.65,86.02458333333334,0.9999855506507186,0.005375731557583884,0.8660254037844387,-0.4999999999999998,13
2023-04-02,6465,10262,921,4.4375,60.25,-3.875,6.333333333333333,270.625,0.65,85.70291666666667,0.9999300657962057,-0.011826390691832589,0.8660254037844387,-0.4999999999999998,13
2023-04-03,3243,509,2911,0.41250000000000003,69.57416666666667,-5.091666666666667,2.8125,222.33333333333334,0.67625,85.3775,0.9995786855478958,-0.029025013321975237,0.8660254037844387,-0.4999999999999998,13
2023-04-04,3964,950,3308,-3.491666666666667,74.07916666666667,-7.487500000000001,6.279166666666668,106.08333333333333,0.7487499999999999,85.05666666666666,0.9989315138848577,-0.046215046983708354,0.8660254037844387,-0.4999999999999998,13
2023-04-05,6495,8524,1615,-3.8458333333333337,60.467083333333335,-10.529166666666667,7.533333333333334,310.2916666666667,0.7641666666666667,84.73666666666666,0.9979887423155984,-0.06339140486951038,0.8660254037844387,-0.4999999999999998,13
2023-04-06,6639,9262,1175,-2.1666666666666665,58.40833333333333,-9.65,2.4208333333333334,208.45833333333334,0.7208333333333333,84.4175,0.9967506498213929,-0.08054900421874167,0.8660254037844387,-0.4999999999999998,13
2023-04-07,6700,9997,1108,0.9625,64.34333333333333,-5.533333333333334,3.816666666666667,127.375,0.65,84.10125000000001,0.9952176027737294,-0.09768276782171598,0.8660254037844387,-0.4999999999999998,13
2023-04-08,6331,8044,1839,4.1625000000000005,70.01625,-1.2958333333333334,3.3083333333333336,160.0,0.65,83.78541666666666,0.9933900548258936,-0.11478762552212701,0.8660254037844387,-0.4999999999999998,13
2023-04-09,6654,9700,1257,9.620833333333334,56.96083333333333,0.23750000000000002,3.1333333333333333,259.9166666666667,0.65,83.47333333333333,0.9912685467787256,-0.13185851571739118,0.8660254037844387,-0.4999999999999998,13
2023-04-10,6453,8217,1613,13.208333333333334,53.46666666666667,2.7208333333333337,3.5125000000000006,217.20833333333334,0.65,83.16083333333334,0.9888537064205885,-0.1488903868564548,0.8660254037844387,-0.4999999999999998,13
2023-04-11,6810,10252,1073,16.4125,53.10333333333333,5.566666666666666,3.4499999999999997,213.125,0.65,82.85083333333334,0.986146248341595,-0.16587819893463143,0.8660254037844387,-0.4999999999999998,13
2023-04-12,6506,8221,1710,10.770833333333334,60.815416666666664,2.404166666666667,5.070833333333334,212.45833333333334,0.65,82.54375,0.9831469737221499,-0.1828169249850199,0.8660254037844387,-0.4999999999999998,13
2023-04-13,3910,1140,3198,6.9624999999999995,70.905,1.7083333333333333,4.295833333333333,96.79166666666667,0.65,82.23708333333333,0.9798567700958665,-0.1997015525660636,0.8660254037844387,-0.4999999999999998,13
2023-04-14,4225,1318,3394,4.854166666666667,71.02458333333334,-0.34166666666666673,4.770833333333333,326.5,0.65,81.93333333333334,0.9762766110869321,-0.21652708524481437,0.8660254037844387,-0.4999999999999998,13
2023-04-15,3987,1768,3011,4.041666666666667,68.03375,-2.0375,4.833333333333333,337.125,0.65,81.60708333333334,0.9724075561219968,-0.23328854407545518,0.8660254037844387,-0.4999999999999998,13
2023-04-16,7332,10826,1155,5.116666666666666,55.129999999999995,-4.6625000000000005,3.004166666666667,265.7083333333333,0.5216666666666666,81.31125,0.9682507501166718,-0.2499809690726521,0.8660254037844387,-0.4999999999999998,14
2023-04-17,6912,9667,1159,7.004166666666666,47.48333333333333,-4.15,3.3249999999999997,131.66666666666666,0.21,81.015,0.9638074231367307,-0.26659942067929354,0.8660254037844387,-0.4999999999999998,14
2023-04-18,5223,3426,3035,7.329166666666667,49.1025,-3.4458333333333333,5.866666666666667,117.95833333333333,0.21,80.72458333333334,0.9590788900341131,-0.28313898122818354,0.8660254037844387,-0.4999999999999998,14
2023-04-19,5081,4265,2724,8.416666666666666,62.02875,0.24166666666666672,4.216666666666667,208.04166666666666,0.21,80.43333333333334,0.9540665500578387,-0.2995947563972602,0.8660254037844387,-0.4999999999999998,14
2023-04-20,2158,483,2002,2.0083333333333333,68.72625000000001,-3.4958333333333336,5.329166666666667,304.25,0.3383333333333333,80.14541666666666,0.9487718864399473,-0.31596187665790293,0.8660254037844387,-0.4999999999999998,14
2023-04-21,2699,603,2459,0.5833333333333334,69.73166666666667,-4.470833333333334,6.6375,340.0833333333333,0.65,79.86041666666667,0.9431964659565866,-0.33223549871590435,0.8660254037844387,-0.4999999999999998,14
2023-04-22,5915,2989,4111,1.5041666666666667,62.94,-5.3,4.025,334.7083333333333,0.5129166666666667,79.57833333333333,0.9373419384643772,-0.3484108069446808,0.8660254037844387,-0.4999999999999998,14
2023-04-23,7509,10813,1115,2.7624999999999997,59.736250000000005,-5.425000000000001,2.495833333333333,250.0,0.18000000000000002,79.29875,0.9312100364121947,-0.3644830148102912,0.8660254037844387,-0.4999999999999998,14
2023-04-24,7527,10627,1100,4.604166666666667,54.61041666666667,-5.029166666666667,3.2416666666666667,110.45833333333333,0.18000000000000002,79.0225,0.9248025743285089,-0.38044736628785164,0.8660254037844387,-0.4999999999999998,14
2023-04-25,6504,7108,2092,4.054166666666666,57.520833333333336,-4.470833333333334,3.2583333333333333,137.875,0.18000000000000002,78.75,0.9181214482844365,-0.39629913726891813,0.8660254037844387,-0.4999999999999998,14
2023-04-26,4335,2860,2868,8.483333333333333,57.128750000000004,-0.2125,3.625,222.66666666666666,0.18000000000000002,78.48083333333334,0.9111686353326631,-0.41203363695942635,0.8660254037844387,-0.4999999999999998,14
2023-04-27,2009,210,1870,7.441666666666666,75.45041666666667,3.170833333333334,3.7625000000000006,218.125,0.18000000000000002,78.21458333333334,0.9039461929224011,-0.42764620926777464,0.8660254037844387,-0.4999999999999998,14
2023-04-28,5343,3911,3098,7.9750000000000005,61.38375,-0.03333333333333335,2.9333333333333336,289.1666666666667,0.18000000000000002,77.95041666666667,0.8964562582905575,-0.44313223418263453,0.8660254037844387,-0.4999999999999998,14
2023-04-29,7538,9684,1449,8.458333333333334,53.74458333333334,-1.4625000000000001,5.670833333333333,274.8333333333333,0.18000000000000002,77.69125,0.8887010478292915,-0.45848712914008766,0.8660254037844387,-0.4999999999999998,14
2023-04-30,7470,10160,1692,6.675,58.04291666666666,-2.3333333333333335,3.754166666666667,249.66666666666666,0.18000000000000002,77.435,0.8806828564301475,-0.47370635037968,0.8660254037844387,-0.4999999999999998,14
2023-05-01,7875,11299,1028,7.758333333333333,52.01541666666666,-2.779166666666667,2.9708333333333337,78.5,0.18000000000000002,77.15875,0.8724040568049612,-0.48878539428899265,0.49999999999999994,-0.8660254037844387,14
2023-05-02,7874,11403,1026,10.762500000000001,42.963750000000005,-2.4916666666666667,1.2583333333333335,195.41666666666666,0.18000000000000002,76.91166666666668,0.8638670987837349,-0.503719798736334,0.49999999999999994,-0.8660254037844387,15
2023-05-03,7907,11509,1003,15.037500000000001,43.58083333333334,0.875,2.2,151.0,0.18000000000000002,76.66791666666667,0.8550745085896932,-0.518505144391157,0.49999999999999994,-0.8660254037844387,15
2023-05-04,7907,11117,1107,15.495833333333335,49.67125000000001,3.3708333333333336,3.108333333333333,66.33333333333333,0.18000000000000002,76.42708333333333,0.8460288880917339,-0.533137056031809,0.49999999999999994,-0.8660254037844387,15
2023-05-05,7659,9732,1302,14.279166666666667,55.90291666666667,4.425,3.2458333333333336,67.5,0.18000000000000002,76.19083333333333,0.8367329140344921,-0.5476112038402312,0.49999999999999994,-0.8660254037844387,15
2023-05-06,1313,39,1292,10.079166666666667,87.065,7.9624999999999995,4.020833333333333,48.083333333333336,0.18000000000000002,75.9575,0.8271893372462497,-0.5619233046832195,0.49999999999999994,-0.8660254037844387,15
2023-05-07,2656,462,2469,11.549999999999999,80.86666666666666,7.9125000000000005,2.1083333333333334,180.875,0.18000000000000002,75.72791666666667,0.8174009818249189,-0.5760691233798758,0.49999999999999994,-0.8660254037844387,15
2023-05-08,3670,2424,2488,11.966666666666667,74.54916666666666,6.983333333333334,1.8291666666666668,247.125,0.18000000000000002,75.50416666666666,0.8073707443023492,-0.5900444739548627,0.49999999999999994,-0.8660254037844387,15
2023-05-09,4429,2289,2893,13.204166666666667,80.01791666666666,9.479166666666666,2.1,139.54166666666666,0.18000000000000002,75.28333333333333,0.7971015927871943,-0.6038452208771035,0.49999999999999994,-0.8660254037844387,15
2023-05-10,6923,6793,2433,18.241666666666667,72.59666666666666,12.279166666666667,2.7375000000000003,168.625,0.18000000000000002,75.06708333333334,0.7865965660866021,-0.6174672802835514,0.49999999999999994,-0.8660254037844387,15
2023-05-11,3449,1337,2731,17.670833333333334,85.68541666666665,14.908333333333333,3.504166666666667,120.375,0.18000000000000002,74.85208333333334,0.7758587728069828,-0.6309066211876704,0.49999999999999994,-0.8660254037844387,15
2023-05-12,1214,174,1078,17.995833333333334,89.94791666666667,16.195833333333333,2.266666666666667,59.666666666666664,0.18000000000000002,74.64375,0.7648913904341226,-0.6441592666722685,0.49999999999999994,-0.8660254037844387,15
2023-05-13,848,7,845,16.104166666666668,86.09708333333333,13.612499999999999,5.133333333333334,60.125,0.18000000000000002,74.43916666666667,0.753697664392914,-0.6572212950663319,0.49999999999999994,-0.8660254037844387,15
2023-05-14,7875,10168,1602,16.870833333333334,65.83708333333333,9.445833333333333,2.8249999999999997,79.29166666666667,0.18000000000000002,74.23875,0.742280907086982,-0.6700888411055113,0.49999999999999994,-0.8660254037844387,15
2023-05-15,8212,11210,1218,17.666666666666668,56.130833333333335,7.654166666666668,1.4500000000000002,269.5416666666667,0.18000000000000002,74.0425,0.7306444969184916,-0.6827580970759147,0.49999999999999994,-0.8660254037844387,15
2023-05-16,8072,10438,1513,18.71666666666667,50.500416666666666,6.883333333333334,1.679166666666667,244.5,0.18291666666666664,73.85375,0.7187918772884232,-0.6952253139408722,0.49999999999999994,-0.8660254037844387,15
2023-05-17,5125,3119,3574,16.491666666666667,60.25833333333333,8.416666666666666,3.5708333333333333,273.4166666666667,0.19000000000000003,73.66625,0.7067265555776158,-0.7074868024503348,0.49999999999999994,-0.8660254037844387,15
2023-05-18,3864,695,3402,10.204166666666667,65.00416666666666,3.3000000000000003,3.795833333333334,322.3333333333333,0.19000000000000003,73.48375,0.6944521021088763,-0.719538934232584,0.49999999999999994,-0.8660254037844387,15
2023-05-19,8519,11685,1145,11.904166666666667,56.11541666666667,2.1666666666666665,2.720833333333333,147.375,0.18708333333333335,73.30541666666666,0.6819721490904629,-0.7313781428679254,0.49999999999999994,-0.8660254037844387,15
2023-05-20,8371,10996,1420,17.170833333333334,51.319583333333334,5.608333333333334,2.9000000000000004,198.54166666666666,0.18000000000000002,73.13333333333334,0.6692903895412567,-0.7430009249440493,0.49999999999999994,-0.8660254037844387,15
2023-05-21,7453,6727,2951,20.0,54.21291666666667,9.325000000000001,1.6333333333333335,145.95833333333334,0.18000000000000002,72.96583333333334,0.6564105761979381,-0.7544038410927472,0.49999999999999994,-0.8660254037844387,15
2023-05-22,7762,8062,2414,20.883333333333336,49.54916666666667,8.533333333333333,1.1458333333333333,141.125,0.18291666666666664,72.80375,0.6433365204044917,-0.765583517007675,0.49999999999999994,-0.8660254037844387,15
2023-05-23,7357,6793,2522,22.991666666666664,61.91291666666667,14.5625,1.9416666666666667,175.20833333333334,0.18708333333333335,72.64541666666666,0.6300720909843687,-0.7765366444428655,0.49999999999999994,-0.8660254037844387,15
2023-05-24,6467,3970,3913,23.05,57.106249999999996,13.266666666666666,4.583333333333333,155.20833333333334,0.18291666666666664,72.49291666666666,0.6166212130956382,-0.7872599821916922,0.49999999999999994,-0.8660254037844387,15
2023-05-25,7667,8022,2467,23.420833333333334,51.76833333333334,12.341666666666667,5.0625,165.5,0.19000000000000003,72.345,0.6029878670694714,-0.7977503570459932,0.49999999999999994,-0.8660254037844387,15
2023-05-26,7240,7828,2487,22.133333333333336,61.08625,13.679166666666667,5.6499999999999995,172.95833333333334,0.19000000000000003,72.2025,0.5891760872322963,-0.8080046647350754,0.49999999999999994,-0.8660254037844387,15
2023-05-27,5822,4840,2955,22.849999999999998,63.35333333333333,14.895833333333334,5.1125,164.58333333333334,0.19000000000000003,72.06416666666667,0.5751899607119775,-0.8180198708443175,0.49999999999999994,-0.8660254037844387,15
2023-05-28,6206,5193,3349,21.1,65.33083333333333,13.791666666666666,4.029166666666667,167.70833333333334,0.19000000000000003,71.93041666666666,0.5610336262283677,-0.8277930117131022,0.49999999999999994,-0.8660254037844387,15
2023-05-29,6900,6616,1755,20.491666666666667,69.33541666666666,13.729166666666666,3.045833333333334,250.79166666666666,0.19000000000000003,71.80208333333333,0.5467112728685939,-0.8373211953118121,0.49999999999999994,-0.8660254037844387,15
2023-05-30,8303,10804,1338,22.912499999999998,54.35833333333333,12.083333333333334,2.0375,247.79166666666666,0.19000000000000003,71.68083333333333,0.5322271388474397,-0.8466016020976267,0.49999999999999994,-0.8660254037844387,15
2023-05-31,2659,999,2344,21.2625,64.98708333333333,14.170833333333334,1.7125000000000001,146.20833333333334,0.19000000000000003,71.56458333333333,0.5175855102531889,-0.8556314858488706,0.49999999999999994,-0.8660254037844387,15
2023-06-01,6941,6023,2844,24.0,63.80791666666667,15.966666666666667,2.579166666666667,144.0,0.19000000000000003,71.45208333333333,0.5027907197793043,-0.8644081744776648,1.2246467991473532e-16,-1.0,15
2023-06-02,5108,4099,2228,23.59583333333333,70.66958333333334,17.495833333333334,3.016666666666667,142.70833333333334,0.19000000000000003,71.32291666666667,0.4878471454423119,-0.8729290708206411,1.2246467991473532e-16,-1.0,15
2023-06-03,8154,9825,1677,25.220833333333335,61.22708333333333,16.054166666666667,3.1750000000000003,150.41666666666666,0.19000000000000003,71.22,0.47275920928627757,-0.881191653407483,1.2246467991473532e-16,-1.0,15
2023-06-04,7480,8346,1679,25.6875,58.687916666666666,16.154166666666665,1.5916666666666668,156.79166666666666,0.19000000000000003,71.12708333333333,0.4575313760742512,-0.8891934772070711,1.2246467991473532e-16,-1.0,15
2023-06-05,7504,7700,2367,25.59166666666667,57.67333333333334,15.695833333333333,1.741666666666667,160.83333333333334,0.19000000000000003,71.03625000000001,0.44216815196707204,-0.8969321743510065,1.2246467991473532e-16,-1.0,16
2023-06-06,8378,10655,1447,26.945833333333336,50.54750000000001,14.366666666666667,1.8083333333333333,200.70833333333334,0.19000000000000003,70.9525,0.42667408318992467,-0.9044054548343001,1.2246467991473532e-16,-1.0,16
2023-06-07,7961,9469,2077,27.604166666666668,45.76666666666667,13.575000000000001,1.6291666666666667,176.41666666666666,0.19000000000000003,70.87333333333333,0.4110537546870351,-0.9116111071930239,1.2246467991473532e-16,-1.0,16
2023-06-08,7240,7538,1869,27.395833333333332,54.98791666666667,16.2,1.9333333333333336,102.875,0.19000000000000003,70.79916666666666,0.3953117887649151,-0.9185469991587165,1.2246467991473532e-16,-1.0,16
2023-06-09,4574,2833,2487,23.512500000000003,72.06958333333334,17.629166666666666,2.1875,78.79166666666667,0.19000000000000003,70.73,0.37945284372454435,-0.925211078289358,1.2246467991473532e-16,-1.0,16
2023-06-10,7446,8302,2440,18.8125,54.934583333333336,8.637500000000001,4.416666666666667,44.375,0.19000000000000003,70.66625,0.36348161248290634,-0.9316013725767187,1.2246467991473532e-16,-1.0,16
2023-06-11,8806,11638,1301,18.375,48.227916666666665,6.004166666666666,1.7750000000000001,105.54166666666667,0.19000000000000003,70.60833333333333,0.3474028211842774,-0.9377159910299093,1.2246467991473532e-16,-1.0,16
2023-06-12,8078,7678,2653,21.366666666666664,44.26208333333333,7.5249999999999995,1.7000000000000002,287.0833333333333,0.19000000000000003,70.55833333333334,0.3312212278016865,-0.9435531242349544,1.2246467991473532e-16,-1.0,16
2023-06-13,7950,7805,2811,23.55,44.8325,9.75,2.4166666666666665,206.04166666666666,0.19000000000000003,70.51166666666667,0.31494162072895193,-0.9491110448902284,1.2246467991473532e-16,-1.0,16
2023-06-14,7778,7278,3017,24.1875,45.88916666666666,10.758333333333333,3.079166666666667,134.25,0.19000000000000003,70.47041666666667,0.2985688173637202,-0.9543881083175908,1.2246467991473532e-16,-1.0,16
2023-06-15,5969,2602,4112,21.516666666666666,65.68416666666667,13.895833333333334,2.983333333333334,164.33333333333334,0.19291666666666665,70.43708333333333,0.2821076626819194,-0.9593827529490743,1.2246467991473532e-16,-1.0,16
2023-06-16,3663,491,3311,16.5,72.7625,11.141666666666666,2.9416666666666664,263.0,0.19708333333333336,70.40583333333333,0.26556302780405594,-0.9640935007889755,1.2246467991473532e-16,-1.0,16
2023-06-17,8344,8969,2015,19.404166666666665,53.502916666666664,8.266666666666667,1.7708333333333333,241.45833333333334,0.19291666666666665,70.38208333333334,0.24893980855376657,-0.9685189578512204,1.2246467991473532e-16,-1.0,16
2023-06-18,8144,9416,1920,23.6375,48.34916666666667,11.225,3.4166666666666665,179.16666666666666,0.19416666666666668,70.36458333333333,0.23224292400907015,-0.9726578145718654,1.2246467991473532e-16,-1.0,16
2023-06-19,7870,8790,1761,25.05,52.22,13.9125,1.9208333333333334,144.16666666666666,0.18000000000000002,70.35208333333334,0.21547731504673012,-0.976508846196619,1.2246467991473532e-16,-1.0,16
2023-06-20,6860,7270,1867,27.412499999999998,60.20791666666667,18.316666666666666,4.008333333333334,206.08333333333334,0.18000000000000002,70.34458333333333,0.19864794288017112,-0.9800709131432666,1.2246467991473532e-16,-1.0,16
2023-06-21,5067,1845,3714,21.633333333333336,75.33749999999999,16.475,3.1125000000000003,118.70833333333333,0.18000000000000002,70.34083333333334,0.18175978759137534,-0.9833429613388902,1.2246467991473532e-16,-1.0,16
2023-06-22,3508,1140,2704,19.900000000000002,76.91916666666667,15.341666666666667,2.9333333333333336,87.5,0.18000000000000002,70.345,0.16481784665719793,-0.9863240225317866,1.2246467991473532e-16,-1.0,16
2023-06-23,2647,1106,2043,17.508333333333336,87.16958333333334,15.266666666666666,3.375,74.5,0.18000000000000002,70.35333333333334,0.14782713347053048,-0.9890132145779883,1.2246467991473532e-16,-1.0,16
2023-06-24,792,121,771,15.016666666666666,86.75791666666667,12.779166666666667,6.6375,201.41666666666666,0.18291666666666664,70.36833333333334,0.13079267585675922,-0.9914097417023038,1.2246467991473532e-16,-1.0,16
2023-06-25,7497,7481,2479,19.604166666666668,61.62708333333333,11.358333333333334,3.5375,329.9166666666667,0.18708333333333335,70.38958333333333,0.11371951458594969,-0.9935128947338007,1.2246467991473532e-16,-1.0,16
2023-06-26,7142,6937,3111,21.104166666666668,57.81125,11.758333333333333,1.679166666666667,200.08333333333334,0.18000000000000002,70.41625,0.0966127018812031,-0.9953220513156602,1.2246467991473532e-16,-1.0,16
2023-06-27,6927,5537,2917,20.454166666666666,74.68625,15.466666666666667,2.579166666666667,185.66666666666666,0.18000000000000002,70.44875,0.07947729992362097,-0.9968366760893436,1.2246467991473532e-16,-1.0,16
2023-06-28,7916,8710,1975,22.28333333333333,69.25541666666668,15.600000000000001,2.004166666666667,284.25,0.18000000000000002,70.48708333333333,0.062318379354325076,-0.998056320853012,1.2246467991473532e-16,-1.0,16
2023-06-29,8439,10434,1513,22.595833333333335,63.37375,14.408333333333333,2.125,244.29166666666666,0.18000000000000002,70.52916666666667,0.04514101777397193,-0.9989806246941579,1.2246467991473532e-16,-1.0,16
2023-06-30,6691,4504,3333,22.958333333333332,59.63833333333333,14.041666666666666,0.9083333333333333,208.0,0.18291666666666664,70.57833333333333,0.02795029824021032,-0.999609314096404,1.2246467991473532e-16,-1.0,16
2023-07-01,7382,8385,2490,24.77916666666667,62.23583333333334,16.004166666666666,1.55,234.0,0.18708333333333335,70.63083333333334,0.01075130776352193,-0.9999422030204416,-0.4999999999999997,-0.8660254037844388,16
2023-07-02,8373,10719,1250,26.3625,56.50541666666667,15.987499999999999,3.0625,254.875,0.18000000000000002,70.69166666666666,-0.00645086419810515,-0.9999791929590823,-0.4999999999999997,-0.8660254037844388,16
2023-07-03,4742,2187,3027,20.462500000000002,61.55083333333334,12.154166666666667,2.1708333333333334,84.95833333333333,0.18291666666666664,70.75416666666666,-0.023651127245231586,-0.9997202729664083,-0.4999999999999997,-0.8660254037844388,16
2023-07-04,6616,5614,2642,17.01666666666667,68.29041666666667,10.612499999999999,3.5333333333333337,250.95833333333334,0.19000000000000003,70.82291666666667,-0.04084439154329611,-0.9991655196610109,-0.4999999999999997,-0.8660254037844388,16
2023-07-05,6963,7395,2992,15.695833333333333,54.501666666666665,5.6000000000000005,2.1583333333333337,284.375,0.19000000000000003,70.89916666666666,-0.05802556932878035,-0.9983150972033183,-0.4999999999999997,-0.8660254037844388,16
2023-07-06,8298,10362,1553,19.866666666666667,56.29791666666667,10.145833333333334,3.204166666666667,204.625,0.19000000000000003,70.98041666666667,-0.07518957641475855,-0.9971692572470178,-0.4999999999999997,-0.8660254037844388,16
2023-07-07,7681,7660,2408,20.01666666666667,61.459583333333335,11.5,2.579166666666667,188.58333333333334,0.19000000000000003,71.06625,-0.09233133369539122,-0.9957283388645872,-0.4999999999999997,-0.8660254037844388,16
2023-07-08,7949,9154,2121,20.304166666666667,54.685833333333335,9.8125,2.125,203.08333333333334,0.19000000000000003,71.15916666666666,-0.10944576864891556,-0.993992768446958,-0.4999999999999997,-0.8660254037844388,16
2023-07-09,7217,7194,2378,24.058333333333334,54.657916666666665,13.245833333333332,3.929166666666667,252.95833333333334,0.18708333333333335,71.25541666666668,-0.12652781683868314,-0.9919630595773397,-0.4999999999999997,-0.8660254037844388,16
2023-07-10,7891,8457,2239,21.483333333333334,59.22833333333333,12.75,2.754166666666667,107.20833333333333,0.18000000000000002,71.35625,-0.1435724234118113,-0.9896398128792412,-0.4999999999999997,-0.8660254037844388,16
2023-07-11,3288,1992,2059,14.4375,69.19875,8.766666666666667,3.3083333333333336,112.70833333333333,0.18291666666666664,71.46333333333332,-0.16057454459499376,-0.9870237158387383,-0.4999999999999997,-0.8660254037844388,16
2023-07-12,7473,8722,1919,19.4875,68.49666666666667,12.983333333333334,2.3708333333333336,227.375,0.19000000000000003,71.57708333333333,-0.17752914918703497,-0.984115542601034,-0.4999999999999997,-0.8660254037844388,16
2023-07-13,8090,9861,1663,22.72083333333333,57.87083333333334,12.924999999999999,3.2583333333333333,292.125,0.19000000000000003,71.69416666666667,-0.19443122004766195,-0.9809161537413774,-0.4999999999999997,-0.8660254037844388,16
2023-07-14,7215,5360,3563,21.429166666666664,56.98333333333334,11.887500000000001,3.375,303.9166666666667,0.19000000000000003,71.81666666666666,-0.2112757555821793,-0.9774264960104055,-0.4999999999999997,-0.8660254037844388,16
2023-07-15,6656,4651,3765,18.754166666666666,57.70208333333333,9.408333333333333,3.4708333333333337,307.9166666666667,0.19000000000000003,71.94416666666667,-0.2280577712215198,-0.9736476020539838,-0.4999999999999997,-0.8660254037844388,16
2023-07-16,6937,5271,3331,18.070833333333333,59.96,9.570833333333335,2.9583333333333335,243.20833333333334,0.19000000000000003,72.07583333333334,-0.24477230089725957,-0.9695805901076308,-0.4999999999999997,-0.8660254037844388,16
2023-07-17,7377,7565,2322,19.108333333333334,52.35333333333333,8.358333333333333,1.5083333333333335,175.25,0.19000000000000003,72.21375,-0.2614143985111562,-0.965226663665613,-0.4999999999999997,-0.8660254037844388,15
2023-07-18,7057,7151,2480,23.133333333333336,55.718333333333334,13.329166666666666,2.9250000000000003,168.58333333333334,0.19000000000000003,72.35666666666667,-0.2779791393987801,-0.9605871111248129,-0.4999999999999997,-0.8660254037844388,15
2023-07-19,6782,7346,2404,21.15416666666667,55.76416666666666,11.191666666666668,4.4750000000000005,307.5833333333333,0.19000000000000003,72.52791666666667,-0.2944616217868012,-0.9556633054034704,-0.4999999999999997,-0.8660254037844388,15
2023-07-20,5410,4218,3114,20.979166666666668,62.221666666666664,12.7875,1.7708333333333333,317.0833333333333,0.19000000000000003,72.68041666666666,-0.3108569682435036,-0.9504567035349151,-0.4999999999999997,-0.8660254037844388,15
2023-07-21,7336,8112,1900,23.683333333333334,53.49,12.770833333333334,1.6125,263.125,0.19000000000000003,72.83708333333333,-0.3271603271220951,-0.9449688462364056,-0.4999999999999997,-0.8660254037844388,15
2023-07-22,7419,8185,2198,23.925,52.055416666666666,12.725,2.0541666666666667,253.0,0.19000000000000003,73.00208333333333,-0.34336687399638804,-0.939201357453208,-0.4999999999999997,-0.8660254037844388,15
2023-07-23,7400,8735,1495,25.825000000000003,52.41916666666666,14.275,2.2083333333333335,138.83333333333334,0.19000000000000003,73.16875,-0.3594718130884232,-0.9331559438780432,-0.4999999999999997,-0.8660254037844388,15
2023-07-24,7369,8762,2035,27.879166666666666,51.23833333333334,15.816666666666668,2.379166666666667,141.33333333333334,0.19000000000000003,73.34083333333334,-0.3754703786876202,-0.9268343944460494,-0.4999999999999997,-0.8660254037844388,15
2023-07-25,3689,3412,1920,26.650000000000002,66.14291666666666,19.5625,3.1750000000000003,218.5,0.18708333333333335,73.51791666666666,-0.3913578365610259,-0.9202385798054075,-0.4999999999999997,-0.8660254037844388,15
2023-07-26,6717,7582,1808,28.3,49.33041666666667,15.445833333333333,1.9041666666666668,109.25,0.18000000000000002,73.69875,-0.4071294853542516,-0.9133704517637858,-0.4999999999999997,-0.8660254037844388,15
2023-07-27,7407,8256,1866,25.791666666666668,47.090833333333336,12.733333333333334,2.970833333333333,52.875,0.18000000000000002,73.88416666666667,-0.4227806579826773,-0.9062320427107697,-0.4999999999999997,-0.8660254037844388,15
2023-07-28,6282,6462,2060,21.587500000000002,61.115,13.316666666666668,2.920833333333334,53.958333333333336,0.18000000000000002,74.07333333333334,-0.4383067230125192,-0.898825465016444,-0.4999999999999997,-0.8660254037844388,15
2023-07-29,7608,9539,1485,21.599999999999998,61.479166666666664,13.379166666666668,2.191666666666667,136.25,0.18000000000000002,74.26583333333333,-0.45370308603134424,-0.8911529104063088,-0.4999999999999997,-0.8660254037844388,15
2023-07-30,6922,8434,1137,23.770833333333332,61.702916666666674,15.229166666666666,2.8375000000000004,143.79166666666666,0.18000000000000002,74.46541666666667,-0.46896519100763184,-0.8832166493127127,-0.4999999999999997,-0.8660254037844388,15
2023-07-31,5945,5620,2341,25.958333333333332,65.40625,18.479166666666668,2.7083333333333335,160.20833333333334,0.18000000000000002,74.66791666666667,-0.48408852163897587,-0.8750190302029955,-0.4999999999999997,-0.8660254037844388,15
2023-08-01,7050,8080,1785,26.508333333333336,72.34416666666667,20.666666666666668,2.4583333333333335,182.25,0.18000000000000002,74.87666666666667,-0.4990686026885319,-0.8665624788845385,-0.8660254037844384,-0.5000000000000004,15
2023-08-02,6888,7329,2386,26.545833333333334,66.36625,19.133333333333336,1.2708333333333333,186.08333333333334,0.18000000000000002,75.08749999999999,-0.5139010013093103,-0.8578494977869301,-0.8660254037844384,-0.5000000000000004,15
2023-08-03,5651,4640,2693,26.095833333333335,68.96541666666667,19.475,1.9041666666666668,138.70833333333334,0.18000000000000002,75.30125,-0.5285813283559292,-0.8488826652214553,-0.8660254037844384,-0.5000000000000004,15
2023-08-04,1856,154,1726,21.020833333333332,77.24375,16.7625,2.9791666666666665,81.875,0.18291666666666664,75.52,-0.5431052396834317,-0.8396646346181327,-0.8660254037844384,-0.5000000000000004,15
2023-08-05,1449,99,1395,19.14166666666667,80.28041666666667,15.616666666666667,3.0833333333333335,75.91666666666667,0.19000000000000003,75.74333333333333,-0.5574684374327892,-0.8301981337405212,-0.8660254037844384,-0.5000000000000004,14
2023-08-06,6897,6821,2310,20.620833333333334,57.055,11.145833333333334,2.9291666666666667,159.5,0.19000000000000003,75.96958333333333,-0.5716666713027052,-0.8204859638785327,-0.8660254037844384,-0.5000000000000004,14
2023-08-07,6316,4659,3347,20.662499999999998,60.715833333333336,12.079166666666666,1.741666666666667,254.75,0.19000000000000003,76.22541666666667,-0.5856957398073508,-0.8105309990194823,-0.8660254037844384,-0.5000000000000004,14
2023-08-08,6527,6490,2300,21.995833333333334,61.31041666666667,13.275,2.2708333333333335,219.125,0.18708333333333335,76.46083333333333,-0.5995514915196489,-0.8003361849976323,-0.8660254037844384,-0.5000000000000004,14
2023-08-09,5202,3958,3058,21.083333333333332,64.75875,13.6875,2.6750000000000003,97.25,0.18000000000000002,76.69875,-0.6132298262997502,-0.7899045386224707,-0.8660254037844384,-0.5000000000000004,14
2023-08-10,4843,4194,2443,21.275000000000002,70.0,15.154166666666667,2.766666666666667,233.5,0.18000000000000002,76.94416666666666,-0.6267266965083301,-0.7792391467859886,-0.8660254037844384,-0.5000000000000004,14
2023-08-11,7174,9606,1274,21.483333333333334,57.79791666666667,11.833333333333334,3.254166666666667,311.25,0.18291666666666664,77.19041666666666,-0.6400381082043503,-0.7683431655492202,-0.8660254037844384,-0.5000000000000004,14
2023-08-12,6574,7945,1538,21.2,59.577916666666674,11.983333333333334,2.1083333333333334,261.8333333333333,0.18416666666666667,77.43916666666667,-0.65316012232693,-0.7572198192083127,-0.8660254037844384,-0.5000000000000004,14
2023-08-13,1894,266,1748,16.8,84.43375,14.025,3.0250000000000004,241.16666666666666,0.16416666666666668,77.69166666666666,-0.666088855860977,-0.7458723993404063,-0.8660254037844384,-0.5000000000000004,14
2023-08-14,7262,10470,910,20.641666666666666,64.75625000000001,12.970833333333333,2.141666666666667,295.9166666666667,0.15291666666666667,77.94958333333334,-0.6788204829862355,-0.734304263829602,-0.8660254037844384,-0.5000000000000004,14
2023-08-15,6900,9763,1244,23.6875,55.58791666666667,12.979166666666666,2.6333333333333333,217.66666666666666,0.16,78.21124999999999,-0.6913512362094071,-0.722518835873311,-0.8660254037844384,-0.5000000000000004,14
2023-08-16,6207,6615,2174,21.858333333333334,54.18,11.137500000000001,5.3374999999999995,292.1666666666667,0.16,78.47416666666668,-0.7036774074790128,-0.7105196029692745,-0.8660254037844384,-0.5000000000000004,14
2023-08-17,7002,9423,1206,19.720833333333335,55.04458333333333,9.508333333333335,2.25,247.625,0.16,78.74041666666666,-0.7157953492826642,-0.6983101158835584,-0.8660254037844384,-0.5000000000000004,14
2023-08-18,5764,5184,2310,25.229166666666668,59.14625,16.004166666666666,3.0833333333333335,211.25,0.16,79.00916666666667,-0.7277014757264236,-0.6858939875998223,-0.8660254037844384,-0.5000000000000004,14
2023-08-19,6270,6094,2258,22.912499999999998,55.501666666666665,12.779166666666667,3.7750000000000004,257.625,0.16,79.28166666666667,-0.7393922635959241,-0.673274892250183,-0.8660254037844384,-0.5000000000000004,14
2023-08-20,968,8,964,17.279166666666665,68.62166666666667,11.245833333333332,2.9458333333333333,74.70833333333333,0.16,79.5575,-0.7508642533989489,-0.6604565640279754,-0.8660254037844384,-0.5000000000000004,14
2023-08-21,1538,985,1245,20.191666666666666,71.19416666666667,14.366666666666667,3.6750000000000003,83.125,0.16,79.83541666666666,-0.7621140503891487,-0.6474427960827475,-0.8660254037844384,-0.5000000000000004,14
2023-08-22,6200,8229,1309,24.704166666666666,73.59958333333334,18.900000000000002,1.4833333333333334,160.29166666666666,0.16,80.11541666666666,-0.7731383255706026,-0.6342374393978054,-0.8660254037844384,-0.5000000000000004,14
2023-08-23,4772,5661,1433,26.229166666666668,68.79958333333333,19.07916666666667,2.4083333333333337,204.5,0.16,80.39999999999999,-0.7839338166829201,-0.620844401650647,-0.8660254037844384,-0.5000000000000004,14
2023-08-24,5890,6602,2118,26.24166666666667,65.19833333333334,17.754166666666666,1.5291666666666668,144.66666666666666,0.16,80.68625,-0.7944973291665992,-0.6072676460566135,-0.8660254037844384,-0.5000000000000004,14
2023-08-25,6721,9675,1134,20.333333333333332,62.99625,11.9125,3.216666666666667,230.04166666666666,0.16,80.97250000000001,-0.8048257371083452,-0.593511190196115,-0.8660254037844384,-0.5000000000000004,14
2023-08-26,6491,8647,1301,19.39166666666667,62.713750000000005,11.291666666666666,2.4125,141.45833333333334,0.16,81.26333333333334,-0.8149159841660791,-0.5795791048257612,-0.8660254037844384,-0.5000000000000004,14
2023-08-27,6622,9855,959,23.566666666666666,54.47,12.916666666666666,3.108333333333334,215.375,0.16,81.55583333333333,-0.8247650844733614,-0.5654755126737576,-0.8660254037844384,-0.5000000000000004,14
2023-08-28,6029,7047,2015,23.11666666666667,53.77916666666667,12.3375,2.2833333333333337,324.8333333333333,0.16,81.84958333333334,-0.8343701235229537,-0.5512045872199277,-0.8660254037844384,-0.5000000000000004,13
2023-08-29,5833,6204,2126,22.525000000000002,56.43833333333333,12.645833333333334,2.2625,167.91666666666666,0.16,82.17083333333333,-0.8437282590292712,-0.5367705514607103,-0.8660254037844384,-0.5000000000000004,13
2023-08-30,5726,6477,1902,22.708333333333332,57.4,13.158333333333333,5.145833333333333,143.95833333333334,0.16291666666666668,82.47208333333333,-0.8528367217694595,-0.522177676659508,-0.8660254037844384,-0.5000000000000004,13
2023-08-31,6092,8244,1369,23.30416666666667,51.86833333333334,11.329166666666666,3.2583333333333333,246.5,0.17,82.77624999999999,-0.8616928164028521,-0.5074302810827518,-0.8660254037844384,-0.5000000000000004,13
2023-09-01,4869,5019,2239,25.05,48.47416666666667,12.158333333333333,1.6916666666666667,216.20833333333334,0.17,83.08166666666666,-0.8702939222685674,-0.49253272872205434,-1.0,-1.8369701987210297e-16,13
2023-09-02,6140,9234,876,27.2375,48.72541666666667,14.566666666666668,2.475,216.5,0.17,83.38666666666667,-0.8786374941610001,-0.4774894280028391,-1.0,-1.8369701987210297e-16,13
2023-09-03,5857,8137,1365,26.575000000000003,47.88375,13.545833333333334,2.191666666666667,132.29166666666666,0.17,83.69708333333334,-0.886721063082993,-0.46230483047981086,-1.0,-1.8369701987210297e-16,13
2023-09-04,5862,8213,941,26.087500000000002,60.14416666666667,17.058333333333334,3.233333333333334,229.625,0.17,84.00750000000001,-0.8945422369764496,-0.4469834295196741,-1.0,-1.8369701987210297e-16,13
2023-09-05,2462,1362,1941,15.525,75.39208333333333,10.916666666666666,4.483333333333333,285.1666666666667,0.17,84.31916666666667,-0.9020987014301837,-0.43152975897147144,-1.0,-1.8369701987210297e-16,13
2023-09-06,5875,7984,1423,15.608333333333334,56.24541666666667,6.145833333333333,1.5125000000000002,159.625,0.17,84.63250000000001,-0.9093882203647925,-0.4159483918249421,-1.0,-1.8369701987210297e-16,13
2023-09-07,5581,6868,1591,19.558333333333334,57.334583333333335,10.095833333333333,2.7708333333333335,182.58333333333334,0.17,84.94791666666667,-0.9164086366943458,-0.4002439388573056,-1.0,-1.8369701987210297e-16,13
2023-09-08,4671,4753,1909,18.679166666666667,62.081250000000004,10.283333333333333,2.6,202.58333333333334,0.17,85.265,-0.9231578729647039,-0.38442104726885545,-1.0,-1.8369701987210297e-16,13
2023-09-09,3287,1871,1955,16.545833333333334,67.40375,9.920833333333333,1.9208333333333334,78.04166666666667,0.17,85.58291666666666,-0.9296339319682695,-0.3684843993077793,-1.0,-1.8369701987210297e-16,13
2023-09-10,5334,6531,1392,17.116666666666667,55.275,7.1625000000000005,1.3916666666666668,134.45833333333334,0.17,85.90125,-0.9358348973349941,-0.35243871088460327,-1.0,-1.8369701987210297e-16,13
2023-09-11,3590,2910,1900,16.029166666666665,64.06666666666666,8.170833333333333,2.016666666666667,194.16666666666666,0.17,86.22208333333333,-0.9417589340994617,-0.33628873017668287,-1.0,-1.8369701987210297e-16,13
2023-09-12,5827,9088,904,15.9,67.03916666666667,8.916666666666666,3.1,125.625,0.17,86.54416666666667,-0.9474042892438845,-0.32003923622313857,-1.0,-1.8369701987210297e-16,13
2023-09-13,5426,7746,1178,18.51666666666667,57.835,9.35,3.6208333333333336,158.5,0.17,86.86708333333333,-0.9527692922168511,-0.30369503751065885,-1.0,-1.8369701987210297e-16,13
2023-09-14,4111,3097,2145,18.858333333333334,66.14416666666666,12.058333333333332,2.795833333333334,298.375,0.17,87.19041666666668,-0.9578523554276669,-0.28726097055059635,-1.0,-1.8369701987210297e-16,13
2023-09-15,5221,6674,1617,15.666666666666666,57.4025,6.704166666666667,2.9375,320.3333333333333,0.1729166666666667,87.515,-0.9626519747161487,-0.2707418984477642,-1.0,-1.8369701987210297e-16,13
2023-09-16,5358,7696,1302,15.283333333333333,62.47666666666667,7.416666666666667,1.4791666666666667,197.95833333333334,0.18000000000000002,87.83958333333334,-0.9671667297977312,-0.2541427094613622,-1.0,-1.8369701987210297e-16,13
2023-09-17,5504,8976,881,17.483333333333334,58.1475,7.670833333333334,4.045833333333333,171.04166666666666,0.18000000000000002,88.165,-0.97139528468375,-0.23746831555846842,-1.0,-1.8369701987210297e-16,13
2023-09-18,4756,5419,1741,21.0625,50.57416666666666,9.020833333333334,2.5958333333333337,236.625,0.18000000000000002,88.4925,-0.9753363880767837,-0.2207236509605022,-1.0,-1.8369701987210297e-16,13
2023-09-19,5147,7573,1098,20.816666666666666,51.71291666666667,9.362499999999999,2.5333333333333337,301.2083333333333,0.17708333333333334,88.81916666666666,-0.9789888737409319,-0.20391367068311472,-1.0,-1.8369701987210297e-16,13
2023-09-20,3287,2496,2093,16.695833333333333,59.69541666666667,7.595833333333334,3.0208333333333335,43.916666666666664,0.17,89.14416666666666,-0.9823516608469237,-0.18704334906991657,-1.0,-1.8369701987210297e-16,13
2023-09-21,3869,3503,1802,18.204166666666666,81.62666666666667,14.758333333333333,2.9625000000000004,103.04166666666667,0.17,89.47083333333335,-0.9854237542919524,-0.17011767832049052,-1.0,-1.8369701987210297e-16,12
2023-09-22,1232,495,1102,16.416666666666668,87.88625,14.25,2.8625000000000003,99.25,0.17,89.79708333333333,-0.9882042449941422,-0.15314166701312007,-1.0,-1.8369701987210297e-16,12
2023-09-23,855,10,850,15.612499999999999,90.94625,14.0625,2.4250000000000003,181.20833333333334,0.17,90.14999999999999,-0.9906923101615609,-0.13612033862266704,-1.0,-1.8369701987210297e-16,12
2023-09-24,619,7,616,16.379166666666666,86.71541666666667,13.933333333333332,3.9000000000000004,326.875,0.17,90.47833333333334,-0.9928872135356962,-0.11905873003404988,-1.0,-1.8369701987210297e-16,12
2023-09-25,2654,2071,1660,16.354166666666668,82.91000000000001,13.075000000000001,2.091666666666667,228.375,0.16708333333333333,90.80458333333333,-0.994788305609327,-0.10196189005174576,-1.0,-1.8369701987210297e-16,12
2023-09-26,3114,4954,1081,16.058333333333334,79.21041666666666,11.987499999999999,2.6958333333333333,130.70833333333334,0.16291666666666668,91.13208333333334,-0.9963950238187231,-0.08483487790576538,-1.0,-1.8369701987210297e-16,12
2023-09-27,4814,8520,722,17.3625,75.60541666666667,12.470833333333333,4.895833333333333,147.04166666666666,0.17,91.46,-0.9977068927101168,-0.06768276175455162,-1.0,-1.8369701987210297e-16,11
2023-09-28,2642,1792,1764,17.2,70.50458333333333,11.354166666666666,3.266666666666667,260.25,0.17,91.81208333333335,-0.9987235240803972,-0.050510617185222886,-1.0,-1.8369701987210297e-16,11
2023-09-29,4665,7747,993,16.533333333333335,58.36625,7.291666666666667,1.8458333333333334,183.91666666666666,0.17,92.13958333333333,-0.9994446170919858,-0.033323525711631344,-1.0,-1.8369701987210297e-16,11
2023-09-30,4613,8010,838,17.658333333333335,73.64458333333333,11.854166666666666,3.7000000000000006,126.83333333333333,0.17,92.46791666666667,-0.9998699583618592,-0.016126573270657762,-1.0,-1.8369701987210297e-16,11
2023-10-01,4444,7644,801,21.866666666666664,73.81458333333333,16.14166666666667,3.7125000000000004,187.20833333333334,0.17,92.7975,-0.9999994220246925,0.001075151282798226,-0.8660254037844386,0.5000000000000001,11
2023-10-02,2945,4462,762,19.179166666666667,83.9375,16.183333333333334,1.4375,211.45833333333334,0.17,93.12458333333332,-0.999832969770105,0.018276557681691223,-0.8660254037844386,0.5000000000000001,11
2023-10-03,4104,6071,851,17.825,72.45916666666666,12.095833333333333,5.108333333333333,240.5,0.17,93.45,-0.9993706508539969,0.03547255575312556,-0.8660254037844386,0.5000000000000001,11
2023-10-04,3514,5193,1092,13.054166666666667,69.46833333333333,7.141666666666667,4.516666666666667,281.3333333333333,0.17,93.77625,-0.9986126020839734,0.052658056924614005,-0.8660254037844386,0.5000000000000001,11
2023-10-05,2349,1807,1689,9.620833333333334,50.81583333333333,-0.5041666666666667,7.954166666666667,305.2083333333333,0.17,94.10125,-0.9975590477788613,0.06982797572987089,-0.8660254037844386,0.5000000000000001,11
2023-10-06,2643,3979,1040,5.275,62.85041666666667,-1.5166666666666668,5.020833333333333,310.375,0.17,94.42458333333333,-0.9962102997023297,0.0869772313136861,-0.8660254037844386,0.5000000000000001,11
2023-10-07,4050,7088,1024,10.375,59.272083333333335,1.5583333333333336,2.7375000000000003,278.0833333333333,0.17,94.7475,-0.9945667569706337,0.1041007489354256,-0.8660254037844386,0.5000000000000001,11
2023-10-08,4300,8680,553,11.4625,70.11791666666666,5.195833333333334,2.216666666666667,191.25,0.17,95.06958333333334,-0.9926289059345095,0.121193461470736,-0.8660254037844386,0.5000000000000001,11
2023-10-09,4332,8787,577,8.695833333333335,70.13958333333333,2.7916666666666665,1.625,94.83333333333333,0.17,95.39,-0.9903973200352558,0.1382503109109819,-0.8660254037844386,0.5000000000000001,11
2023-10-10,4305,8875,559,8.4875,67.05875,1.9333333333333333,2.7875,128.25,0.17,95.71,-0.9878726596350429,0.15526624985999563,-0.8660254037844386,0.5000000000000001,11
2023-10-11,3961,7493,765,9.262500000000001,60.31333333333333,1.1958333333333335,4.733333333333333,97.16666666666667,0.17,96.02791666666667,-0.9850556718215013,0.172236243027682,-0.8660254037844386,0.5000000000000001,11
2023-10-12,1594,886,1231,8.058333333333334,74.33125,3.5375,5.645833333333333,52.875,0.1729166666666667,96.34375,-0.981947190186646,0.18915526872004093,-0.8660254037844386,0.5000000000000001,11
2023-10-13,1445,343,1311,7.895833333333333,68.81125,2.191666666666667,4.695833333333334,20.5,0.18000000000000002,96.65833333333335,-0.9785481345802031,0.20601832032517084,-0.8660254037844386,0.5000000000000001,11
2023-10-14,1958,478,1703,7.925000000000001,69.04041666666667,2.141666666666667,1.5374999999999999,65.0,0.18000000000000002,96.97166666666668,-0.9748595108374125,0.22282040779479959,-0.8660254037844386,0.5000000000000001,11
2023-10-15,3829,7427,886,8.066666666666666,63.002916666666664,0.9208333333333334,1.1083333333333334,270.4583333333333,0.18000000000000002,97.28291666666667,-0.9708824104813836,0.23955655912092708,-0.8660254037844386,0.5000000000000001,11
2023-10-16,3711,7259,651,10.804166666666667,69.95708333333333,4.866666666666667,2.6999999999999997,207.75,0.18000000000000002,97.59249999999999,-0.9666180104000972,0.2562218218071163,-0.8660254037844386,0.5000000000000001,11
2023-10-17,2275,2181,1396,13.133333333333333,74.59416666666667,8.345833333333333,2.970833333333333,217.54166666666666,0.18000000000000002,97.90083333333332,-0.9620675724981452,0.27281126433401914,-0.8660254037844386,0.5000000000000001,11
2023-10-18,3350,6038,717,11.141666666666666,82.90416666666667,8.241666666666667,4.8375,310.9166666666667,0.18000000000000002,98.2075,-0.957232443323312,0.28931997761869527,-0.8660254037844386,0.5000000000000001,11
2023-10-19,3558,7492,620,13.270833333333334,67.36083333333333,6.745833333333334,2.8249999999999997,291.4166666666667,0.18000000000000002,98.50875,-0.9521140536681102,0.3057430764672831,-0.8660254037844386,0.5000000000000001,11
2023-10-20,3593,7988,489,13.4625,59.342083333333335,4.866666666666667,4.195833333333334,300.5416666666667,0.18000000000000002,98.81125000000002,-0.9467139181463862,0.3220757010206104,-0.8660254037844386,0.5000000000000001,11
2023-10-21,3526,7674,574,9.758333333333335,66.08,3.316666666666667,2.8083333333333336,238.625,0.18000000000000002,99.10708333333334,-0.9410336347451197,0.3383130181923076,-0.8660254037844386,0.5000000000000001,11
2023-10-22,3438,7436,539,10.65,68.2375,4.45,4.354166666666667,166.20833333333334,0.18000000000000002,99.40249999999999,-0.9350748843515574,0.3544502230989869,-0.8660254037844386,0.5000000000000001,11
2023-10-23,1666,995,1239,7.991666666666667,87.51666666666667,5.8500000000000005,3.316666666666667,163.41666666666666,0.18000000000000002,99.69666666666667,-0.9288394302558068,0.3704825404820963,-0.8660254037844386,0.5000000000000001,11
2023-10-24,1036,871,762,6.0874999999999995,81.61833333333334,2.966666666666667,1.6666666666666667,131.54166666666666,0.18291666666666664,99.985,-0.9223291176290545,0.3864052261209853,-0.8660254037844386,0.5000000000000001,11
2023-10-25,300,197,241,4.8500000000000005,86.35000000000001,2.6875,3.5708333333333333,101.16666666666667,0.32416666666666666,100.27125000000001,-0.9155458729775467,0.40221356823680365,-0.8660254037844386,0.5000000000000001,11
2023-10-26,402,84,392,-1.9833333333333334,83.02416666666667,-4.504166666666667,5.345833333333334,105.45833333333333,0.6937500000000001,100.55333333333334,-0.9084917035725082,0.41790288888678667,-0.8660254037844386,0.5000000000000001,11
2023-10-27,1211,1527,705,-7.3500000000000005,74.71916666666667,-11.2125,4.679166666666667,294.7916666666667,0.8000000000000002,100.83416666666666,-0.9011686968561569,0.4334685453485363,-0.8660254037844386,0.5000000000000001,11
2023-10-28,1838,2916,775,-7.179166666666667,71.19166666666668,-11.641666666666666,3.5583333333333336,275.9166666666667,0.8000000000000002,101.11125,-0.8935790198239952,0.4489059314938798,-0.8660254037844386,0.5000000000000001,11
2023-10-29,726,138,685,-4.8875,74.28375,-8.795833333333333,4.1000000000000005,290.75,0.8000000000000002,101.38583333333334,-0.8857249183835637,0.4642104791518923,-0.8660254037844386,0.5000000000000001,11
2023-10-30,722,4,721,-5.383333333333333,72.27625,-9.633333333333333,6.1000000000000005,294.1666666666667,0.8000000000000002,101.65875,-0.8776087166898392,0.4793776594606945,-0.8660254037844386,0.5000000000000001,10
2023-10-31,1086,375,944,-7.445833333333334,60.043749999999996,-14.004166666666668,3.3874999999999997,242.08333333333334,0.7883333333333334,101.95041666666667,-0.8692328164574792,0.49440298420761813,-0.8660254037844386,0.5000000000000001,10
2023-11-01,1684,1980,1074,-2.0833333333333335,84.81458333333333,-4.4,2.620833333333333,250.5,0.7395833333333334,102.21958333333333,-0.8605996962501181,0.5092820071573356,-0.5000000000000004,0.8660254037844384,10
2023-11-02,2599,4037,1160,0.16250000000000006,88.63875,-1.5999999999999999,2.4583333333333335,223.29166666666666,0.6783333333333333,102.48291666666667,-0.8517119107469189,0.5240103253675756,-0.5000000000000004,0.8660254037844384,10
2023-11-03,2728,4862,865,0.4041666666666666,89.47041666666667,-1.2666666666666668,2.0958333333333337,168.95833333333334,0.65,102.74041666666666,-0.8425720899866032,0.5385835804920232,-0.5000000000000004,0.8660254037844384,10
2023-11-04,1990,4141,671,1.8916666666666666,91.90416666666665,0.6333333333333334,2.579166666666667,200.83333333333334,0.5158333333333334,102.99624999999999,-0.8331829385891785,0.5529974600700271,-0.5000000000000004,0.8660254037844384,9
2023-11-05,1098,327,957,5.033333333333334,96.07875,4.445833333333334,3.529166666666667,227.20833333333334,0.18708333333333335,103.27458333333334,-0.8235472349556007,0.5672476988027229,-0.5000000000000004,0.8660254037844384,9
2023-11-06,1107,1962,464,3.975,89.80083333333333,2.3083333333333336,3.0250000000000004,234.91666666666666,0.18000000000000002,103.52458333333334,-0.8136678304455991,0.5813300798152042,-0.5000000000000004,0.8660254037844384,9
2023-11-07,709,756,581,2.5416666666666665,89.52791666666667,0.9500000000000001,3.004166666666667,186.33333333333334,0.18291666666666664,103.77041666666666,-0.8035476485339116,0.5952404359043674,-0.5000000000000004,0.8660254037844384,9
2023-11-08,2350,5159,649,3.2916666666666665,73.25458333333334,-1.6541666666666668,5.379166666666666,290.5833333333333,0.19000000000000003,104.01041666666667,-0.7931896839451843,0.6089746507720486,-0.5000000000000004,0.8660254037844384,9
2023-11-09,800,244,752,-0.11249999999999998,68.55083333333333,-5.504166666666667,4.641666666666667,301.5416666666667,0.19000000000000003,104.24708333333332,-0.7825970017677834,0.6225286602431057,-0.5000000000000004,0.8660254037844384,9
2023-11-10,2626,6473,506,-0.9250000000000002,72.89708333333333,-5.5125,1.616666666666667,187.83333333333334,0.19000000000000003,104.48083333333334,-0.7717727365467837,0.6358984534680745,-0.5000000000000004,0.8660254037844384,9
2023-11-11,2589,6650,461,0.45416666666666666,78.09541666666667,-3.204166666666667,3.1125000000000003,156.54166666666666,0.19000000000000003,104.71083333333333,-0.7607200913564104,0.6490800741100398,-0.5000000000000004,0.8660254037844384,9
2023-11-12,2586,6905,414,5.5,64.64125,-1.1875,4.6000000000000005,277.75,0.19000000000000003,104.935,-0.7494423368521953,0.6620696215153815,-0.5000000000000004,0.8660254037844384,9
2023-11-13,1163,456,992,5.070833333333334,66.0975,-0.9166666666666666,3.5125000000000006,183.91666666666666,0.19000000000000003,105.15583333333335,-0.7379428103031386,0.6748632518680403,-0.5000000000000004,0.8660254037844384,9
2023-11-14,1962,2857,915,5.954166666666667,63.390416666666674,-0.9500000000000001,2.8833333333333333,285.25,0.19291666666666665,105.37208333333335,-0.7262249146041543,0.6874571793269664,-0.5000000000000004,0.8660254037844384,9
2023-11-15,2189,4408,713,6.0,64.83208333333333,-0.4416666666666667,2.7458333333333336,200.33333333333334,0.19708333333333336,105.58375000000001,-0.7142921172691032,0.699847677146407,-0.5000000000000004,0.8660254037844384,9
2023-11-16,1648,2746,889,1.4750000000000003,70.84958333333334,-3.454166666666667,4.179166666666666,289.2916666666667,0.19000000000000003,105.78958333333333,-0.7021479494046978,0.7120310787787131,-0.5000000000000004,0.8660254037844384,9
2023-11-17,2349,6674,362,2.0083333333333333,70.22083333333333,-3.254166666666667,3.2875,260.2083333333333,0.19291666666666665,105.99083333333334,-0.6897960046655887,0.7240037789593305,-0.5000000000000004,0.8660254037844384,9
2023-11-18,2323,6675,358,4.108333333333333,74.81791666666668,-0.37083333333333335,1.6708333333333334,196.58333333333334,0.19708333333333336,106.1875,-0.6772399381909491,0.7357622347736527,-0.5000000000000004,0.8660254037844384,9
2023-11-19,1784,2758,973,3.6666666666666665,83.82541666666667,0.9833333333333334,2.0708333333333333,141.70833333333334,0.18708333333333335,106.37916666666666,-0.6644834655228552,0.7473029667054297,-0.5000000000000004,0.8660254037844384,9
2023-11-20,1553,2668,669,4.970833333333333,73.56291666666667,0.2708333333333333,4.383333333333334,275.2083333333333,0.18000000000000002,106.56791666666668,-0.6515303615068021,0.75862255966641,-0.5000000000000004,0.8660254037844384,9
2023-11-21,2156,5503,475,0.00416666666666671,55.21208333333333,-8.525,3.829166666666667,270.9166666666667,0.18000000000000002,106.74833333333333,-0.6383844591746642,0.769717664006921,-0.5000000000000004,0.8660254037844384,9
2023-11-22,1049,839,848,1.6458333333333333,68.23583333333333,-3.891666666666667,4.116666666666667,226.25,0.18000000000000002,106.92541666666666,-0.6250496486104377,0.7805849965070866,-0.5000000000000004,0.8660254037844384,9
2023-11-23,2221,6334,354,-5.720833333333334,45.364583333333336,-16.475,3.375,259.4166666666667,0.17708333333333334,107.09416666666668,-0.6115298757991053,0.7912213413483807,-0.5000000000000004,0.8660254037844384,9
2023-11-24,2137,5214,519,-6.550000000000001,48.419999999999995,-15.950000000000001,1.866666666666667,166.91666666666666,0.17,107.26041666666667,-0.5978291414589552,0.801623551065242,-0.5000000000000004,0.8660254037844384,9
2023-11-25,2213,6720,366,-3.283333333333333,66.31208333333333,-8.975,4.345833333333334,252.875,0.17,107.42291666666667,-0.5839514998576998,0.8117885474764613,-0.5000000000000004,0.8660254037844384,9
2023-11-26,1186,1090,971,-5.454166666666667,60.48041666666666,-12.070833333333333,5.591666666666668,314.5,0.16708333333333333,107.57666666666667,-0.5699010576127624,0.821713322596059,-0.5000000000000004,0.8660254037844384,9
2023-11-27,1402,2411,754,-4.825,76.98208333333334,-8.375,2.8875000000000006,291.4583333333333,0.16291666666666668,107.72791666666667,-0.5556819724760489,0.8313949395234058,-0.5000000000000004,0.8660254037844384,9
2023-11-28,2052,6313,361,0.05416666666666669,77.24916666666667,-3.691666666666667,4.445833333333334,263.4166666666667,0.17,107.87333333333333,-0.5412984521036173,0.8408305333122887,-0.5000000000000004,0.8660254037844384,9
2023-11-29,1987,5434,503,0.14583333333333334,75.61083333333333,-3.8000000000000003,2.716666666666667,284.9166666666667,0.17,108.01166666666667,-0.5267547528105542,0.8500173118187018,-0.5000000000000004,0.8660254037844384,9
2023-11-30,1844,4793,494,-3.0625,77.60666666666667,-6.583333333333333,2.5500000000000003,297.2083333333333,0.17,108.14458333333334,-0.5120551783114646,0.8589525565270845,-0.5000000000000004,0.8660254037844384,9
2023-12-01,1499,2207,769,-2.329166666666667,72.6375,-6.7250000000000005,3.233333333333334,177.54166666666666,0.17,108.27166666666666,-0.4972040784469378,0.8676336233547726,-2.4492935982947064e-16,1.0,9
2023-12-02,1646,4101,718,-2.1833333333333336,81.44208333333334,-5.05,3.1041666666666665,187.29166666666666,0.16708333333333333,108.39416666666666,-0.4822058478963526,0.8760579434344281,-2.4492935982947064e-16,1.0,9
2023-12-03,1236,2069,803,-0.6666666666666666,83.09041666666667,-3.3208333333333333,2.3958333333333335,271.75,0.16,108.51,-0.46706492487743034,0.8842230238742036,-2.4492935982947064e-16,1.0,9
2023-12-04,814,376,687,-0.12083333333333333,81.6575,-2.9499999999999997,3.6,282.2083333333333,0.16291666666666668,108.61958333333332,-0.451785789832884,0.8921264484954345,-2.4492935982947064e-16,1.0,9
2023-12-05,1343,1976,858,-0.09166666666666669,84.23958333333333,-2.5458333333333334,3.4499999999999997,221.54166666666666,0.17583333333333337,108.72291666666666,-0.4363729641045924,0.8997658785476209,-2.4492935982947064e-16,1.0,9
2023-12-06,1600,3434,541,4.470833333333333,94.18208333333332,3.5375,2.908333333333333,256.1666666666667,0.19000000000000003,108.82208333333334,-0.42083100859565564,0.9071390534005044,-2.4492935982947064e-16,1.0,9
2023-12-07,1547,3232,562,2.766666666666667,92.18291666666666,1.554166666666667,3.566666666666667,213.875,0.32416666666666666,108.91583333333334,-0.4051645224207563,0.9142437912130223,-2.4492935982947064e-16,1.0,9
2023-12-08,197,1,197,0.8000000000000002,86.07000000000001,-1.2833333333333334,8.4,308.125,0.6645833333333334,109.00125000000001,-0.3893781415452015,0.9210779895789526,-2.4492935982947064e-16,1.0,9
2023-12-09,1441,4016,360,-2.5375,73.42,-6.770833333333333,6.0249999999999995,311.9166666666667,0.7145833333333335,109.07833333333333,-0.37347653741307074,0.9276396261490467,-2.4492935982947064e-16,1.0,9
2023-12-10,1471,2461,796,-2.6750000000000003,84.99583333333334,-4.925,2.216666666666667,204.875,0.74125,109.15416666666668,-0.3574644155648614,0.9339267592294762,-2.4492935982947064e-16,1.0,9
2023-12-11,1200,1681,915,-2.8041666666666667,71.18124999999999,-7.595833333333334,4.583333333333333,299.7916666666667,0.7433333333333333,109.22041666666667,-0.34134651424503615,0.9399375283564133,-2.4492935982947064e-16,1.0,9
2023-12-12,1323,1412,993,-5.2749999999999995,67.29958333333333,-10.720833333333333,3.379166666666667,244.70833333333334,0.7795833333333334,109.28250000000001,-0.3251276029999093,0.9456701548465688,-2.4492935982947064e-16,1.0,9
2023-12-13,1843,5483,444,-1.0791666666666668,87.05416666666667,-3.016666666666667,3.6500000000000004,221.33333333333334,0.7066666666666667,109.33791666666667,-0.30881248126625377,0.9511229423235357,-2.4492935982947064e-16,1.0,9
2023-12-14,1496,3463,581,0.4375,90.20291666666667,-1.0541666666666667,3.704166666666667,198.375,0.6529166666666667,109.3875,-0.29240597695107734,0.9562942772197719,-2.4492935982947064e-16,1.0,9
2023-12-15,583,215,528,-0.8250000000000001,83.45375,-3.3458333333333337,3.266666666666667,93.16666666666667,0.6833333333333335,109.42958333333333,-0.27591294500296043,0.9611826292540837,-2.4492935982947064e-16,1.0,9
2023-12-16,1255,964,996,-2.1750000000000003,74.5725,-6.316666666666666,2.8333333333333335,245.375,0.7225,109.46708333333333,-0.2593382659754056,0.9657865518844574,-2.4492935982947064e-16,1.0,9
2023-12-17,1697,4345,539,-2.0375,80.99833333333333,-5.029166666666667,4.7,306.875,0.715,109.49666666666667,-0.2426868445825954,0.9701046827361175,-2.4492935982947064e-16,1.0,9
2023-12-18,1532,2928,709,-4.658333333333333,73.69916666666667,-8.929166666666667,3.7083333333333335,213.04166666666666,0.7708333333333334,109.51875000000001,-0.22596360824801906,0.974135744004672,-2.4492935982947064e-16,1.0,9
2023-12-19,1214,1241,818,-0.9750000000000001,85.17625,-3.1875,1.8291666666666668,152.16666666666666,0.7029166666666667,109.53875,-0.20917350564635637,0.9778785428342386,-2.4492935982947064e-16,1.0,9
2023-12-20,1140,699,950,-1.5791666666666668,82.5125,-4.295833333333333,3.4875000000000003,136.0,0.7012499999999999,109.54875,-0.19232150523909483,0.9813319716704275,-2.4492935982947064e-16,1.0,9
2023-12-21,1555,3900,514,0.19999999999999998,92.64375,-0.9291666666666667,2.2708333333333335,227.54166666666666,0.67125,109.55458333333333,-0.17541259380427843,0.9844950085880858,-2.4492935982947064e-16,1.0,9
2023-12-22,1733,5454,372,1.4125000000000003,97.19166666666666,0.9833333333333334,2.0458333333333334,225.125,0.5158333333333334,109.55333333333334,-0.15845177496083632,0.9873667175937016,-2.4492935982947064e-16,1.0,9
2023-12-23,1594,4152,489,0.6208333333333333,93.30583333333334,-0.37916666666666665,2.7625000000000006,179.41666666666666,0.19000000000000003,109.54583333333333,-0.14144406768794202,0.9899462489023779,-2.4492935982947064e-16,1.0,9
2023-12-24,987,509,830,-2.125,69.30833333333334,-7.066666666666666,6.595833333333334,331.7916666666667,0.19000000000000003,109.53041666666667,-0.12439450483979998,0.9922328391893008,-2.4492935982947064e-16,1.0,9
2023-12-25,437,59,424,-5.466666666666666,69.99208333333333,-10.174999999999999,5.7875000000000005,295.6666666666667,0.19000000000000003,109.50916666666666,-0.10730813165636247,0.9942258118156161,-2.4492935982947064e-16,1.0,9
2023-12-26,143,2,143,-2.5958333333333337,78.83666666666666,-5.775000000000001,5.550000000000001,144.25,0.35041666666666665,109.48416666666667,-0.09019000427034513,0.9959245770286599,-2.4492935982947064e-16,1.0,9
2023-12-27,1701,4638,650,-3.3875000000000006,77.24666666666667,-6.995833333333334,3.2083333333333335,341.1666666666667,0.7487499999999999,109.45125,-0.07304518821104743,0.9973286321364752,-2.4492935982947064e-16,1.0,9
2023-12-28,1879,6134,354,-3.2708333333333335,89.69875,-4.804166666666667,2.1125000000000003,291.125,0.7466666666666667,109.41125,-0.05587875690537313,0.9984375616565666,-2.4492935982947064e-16,1.0,9
2023-12-29,1813,5862,342,-0.24583333333333335,90.62374999999999,-1.6958333333333335,3.975,298.75,0.7075,109.36583333333334,-0.03869579017652689,0.9992510374388481,-2.4492935982947064e-16,1.0,9
2023-12-30,1107,2888,412,-5.2,78.81458333333333,-8.470833333333333,4.279166666666667,331.1666666666667,0.7645833333333334,109.31583333333333,-0.021501372740813793,0.999768818762748,-2.4492935982947064e-16,1.0,9
2023-12-31,1743,5379,424,-6.608333333333333,81.7,-9.470833333333333,1.5791666666666668,244.04166666666666,0.8000000000000002,109.24708333333332,-0.004300592702981974,0.9999907524084426,-2.4492935982947064e-16,1.0,9
2024-01-01,1837,5647,419,-3.108333333333334,87.37958333333334,-4.995833333333334,4.045833333333333,248.66666666666666,0.7766666666666667,109.19375000000001,0.017201575418260506,0.9998520419557735,0.49999999999999994,0.8660254037844387,9
2024-01-02,1227,2311,794,-2.625,90.03208333333333,-4.125,3.004166666666667,264.6666666666667,0.7433333333333333,109.12458333333335,0.03439806061360801,0.9994082116062598,0.49999999999999994,0.8660254037844387,9
2024-01-03,691,776,615,-8.35,78.79125,-11.5375,1.8500000000000003,71.79166666666667,0.8000000000000002,109.04583333333333,0.051584366869408364,0.9986686402879997,0.49999999999999994,0.8660254037844387,9
2024-01-04,1713,4963,426,-7.441666666666666,83.93208333333334,-9.75,3.391666666666667,173.08333333333334,0.8000000000000002,108.96416666666666,0.06875540848113941,0.9976335468520451,0.49999999999999994,0.8660254037844387,9
2024-01-05,545,200,481,-3.754166666666667,88.01208333333334,-5.525000000000001,1.075,250.95833333333334,0.8000000000000002,108.87541666666668,0.08590610426133272,0.9963032375991965,0.49999999999999994,0.8660254037844387,9
2024-01-06,462,236,444,-6.745833333333334,83.40708333333333,-9.15,3.1291666666666664,260.3333333333333,0.8000000000000002,108.78000000000002,0.10303137904317879,0.9946781061893646,0.49999999999999994,0.8660254037844387,9
2024-01-07,536,31,528,-9.858333333333333,80.77708333333334,-12.5625,3.35,124.04166666666667,0.8000000000000002,108.67958333333333,0.1201261651823505,0.9927586335250793,0.49999999999999994,0.8660254037844387,9
2024-01-08,1251,2434,745,-11.858333333333334,77.67083333333333,-15.025,1.4041666666666668,180.125,0.8000000000000002,108.57166666666667,0.13718540405660057,0.9905453876091833,0.49999999999999994,0.8660254037844387,9
2024-01-09,1064,700,952,-8.208333333333334,81.3275,-10.966666666666667,3.4375,191.125,0.8000000000000002,108.46041666666667,0.1542040475626894,0.988039023376751,0.49999999999999994,0.8660254037844387,9
2024-01-10,1593,3938,655,-9.904166666666667,75.8425,-13.504166666666668,5.7124999999999995,287.8333333333333,0.8000000000000002,108.34291666666667,0.17117705961019986,0.985240282501282,0.49999999999999994,0.8660254037844387,9
2024-01-11,1895,4794,588,-17.279166666666665,61.806666666666665,-22.883333333333336,5.141666666666667,330.8333333333333,0.8000000000000002,108.21541666666667,0.18809941761179758,0.9821499931752291,0.49999999999999994,0.8660254037844387,9
2024-01-12,1051,1678,541,-21.745833333333334,59.62416666666667,-27.516666666666666,5.575,340.25,0.8000000000000002,108.08458333333334,0.20496611396949532,0.9787690698649216,0.49999999999999994,0.8660254037844387,9
2024-01-13,1331,1991,899,-26.6125,52.107499999999995,-33.525,7.554166666666667,312.75,0.8000000000000002,107.94708333333334,0.22177215755648186,0.975098513039961,0.49999999999999994,0.8660254037844387,9
2024-01-14,2164,6288,462,-25.420833333333334,58.956250000000004,-31.166666666666668,5.045833333333333,311.6666666666667,0.8000000000000002,107.80624999999999,0.23851257519407648,0.9711394088771653,0.49999999999999994,0.8660254037844387,9
2024-01-15,2194,6164,479,-22.25,55.91416666666667,-28.712500000000002,8.004166666666666,301.9583333333333,0.8000000000000002,107.65875,0.2551824131233728,0.9668929289391521,0.49999999999999994,0.8660254037844387,9
2024-01-16,2320,6975,374,-17.654166666666665,56.35458333333333,-24.34166666666667,5.1125,286.5,0.8000000000000002,107.50791666666667,0.2717767384711357,0.9623603298276545,0.49999999999999994,0.8660254037844387,9
2024-01-17,918,870,818,-14.7125,63.044999999999995,-20.283333333333335,3.1333333333333333,288.4583333333333,0.8000000000000002,107.35041666666666,0.2882906407095177,0.9575429528116719,0.49999999999999994,0.8660254037844387,9
2024-01-18,903,760,707,-17.395833333333332,64.94375000000001,-22.450000000000003,5.554166666666667,260.0416666666667,0.8000000000000002,107.185,0.3047192331091634,0.9524422234305676,0.49999999999999994,0.8660254037844387,9
2024-01-19,1318,2633,703,-17.45416666666667,67.69416666666667,-22.02916666666667,3.9166666666666665,275.0,0.8000000000000002,107.01583333333333,0.321057654185271,0.9470596510722283,0.49999999999999994,0.8660254037844387,9
2024-01-20,1957,5155,473,-15.141666666666667,75.77416666666666,-18.504166666666666,5.904166666666668,162.45833333333334,0.8000000000000002,106.84083333333332,0.3373010691361842,0.9413968285264122,0.49999999999999994,0.8660254037844387,9
2024-01-21,674,248,652,-9.049999999999999,87.68791666666668,-10.741666666666667,2.129166666666667,229.25,0.8000000000000002,106.63833333333334,0.3534446712740877,0.9354554315134164,0.49999999999999994,0.8660254037844387,9
2024-01-22,956,1717,585,-7.779166666666668,85.36708333333333,-9.816666666666666,2.5833333333333335,66.04166666666667,0.8000000000000002,106.45291666666667,0.3694836834473831,0.9292372181882051,0.49999999999999994,0.8660254037844387,9
2024-01-23,1112,2258,485,-5.520833333333333,89.19333333333333,-7.050000000000001,4.395833333333333,158.58333333333334,0.7912500000000001,106.26541666666667,0.38541335945432564,0.9227440286201427,0.49999999999999994,0.8660254037844387,10
2024-01-24,1478,3193,636,-2.65,93.91833333333334,-3.516666666666667,1.7250000000000003,229.79166666666666,0.7466666666666667,106.07291666666667,0.4012289854475009,0.9159777842484877,0.49999999999999994,0.8660254037844387,10
2024-01-25,1239,1883,840,-1.4041666666666668,95.40458333333333,-2.075,1.4458333333333335,150.79166666666666,0.6900000000000001,105.8725,0.4169258813287287,0.908940487313808,0.49999999999999994,0.8660254037844387,10
2024-01-26,1721,2656,948,-0.9125000000000001,92.1925,-2.0749999999999997,2.4958333333333336,275.3333333333333,0.6900000000000001,105.66958333333334,0.4324994021339788,0.901634220265486,0.49999999999999994,0.8660254037844387,10
2024-01-27,2543,7087,392,-0.5541666666666666,84.30624999999999,-3.0208333333333335,2.3541666666666665,249.04166666666666,0.6783333333333333,105.46,0.44794493940789115,0.8940611451454876,0.49999999999999994,0.8660254037844387,10
2024-01-28,2527,6939,399,1.5958333333333334,92.37041666666666,0.4125000000000001,3.0625,261.75,0.65,105.24708333333332,0.4632579225674917,0.88622350294858,0.49999999999999994,0.8660254037844387,10
2024-01-29,2532,6051,512,2.3666666666666667,90.94625,0.8291666666666667,3.7875,308.0833333333333,0.65,105.02833333333332,0.4784338202547012,0.8781236129591848,0.49999999999999994,0.8660254037844387,10
2024-01-30,2079,3466,1085,3.4291666666666667,92.65375,2.2333333333333334,3.091666666666667,253.0,0.51875,104.80458333333333,0.49346814167723735,0.8697638720650646,0.49999999999999994,0.8660254037844387,10
2024-01-31,2391,5957,620,4.55,86.14541666666668,2.2416666666666667,1.6708333333333334,224.625,0.20000000000000004,104.5775,0.5083564379375122,0.8611467540480452,0.49999999999999994,0.8660254037844387,10
2024-02-01,2680,7192,393,2.075,87.51333333333334,-0.08333333333333333,3.1041666666666665,121.70833333333333,0.20291666666666666,104.34333333333332,0.5230943033491326,0.8522748088519838,0.8660254037844386,0.5000000000000001,10
2024-02-02,2451,5665,575,1.8416666666666668,91.84458333333333,0.6041666666666666,4.9625,141.54166666666666,0.21291666666666664,104.10708333333334,0.5376773767406141,0.8431506618282,0.8660254037844386,0.5000000000000001,10
2024-02-03,2058,4211,591,3.6166666666666667,93.00166666666667,2.529166666666667,3.816666666666667,137.375,0.22,103.86583333333334,0.5521013427459208,0.8337770129585915,0.8660254037844386,0.5000000000000001,10
2024-02-04,541,314,517,2.154166666666667,91.29791666666667,0.8458333333333333,2.3666666666666667,139.58333333333334,0.22,103.62083333333334,0.5663619330814524,0.8241566360566663,0.8660254037844386,0.5000000000000001,10
2024-02-05,1856,3602,978,2.5208333333333335,82.995,-0.37916666666666665,3.1999999999999997,193.54166666666666,0.22,103.37041666666666,0.580454927809098,0.8142923779467267,0.8660254037844386,0.5000000000000001,10
2024-02-06,716,758,500,1.9333333333333333,83.93166666666667,-0.6791666666666667,2.725,132.875,0.22,103.11708333333333,0.5943761565849831,0.804187157621448,0.8660254037844386,0.5000000000000001,10
2024-02-07,509,571,395,1.3125,93.34708333333333,0.32916666666666666,3.0833333333333335,131.58333333333334,0.34833333333333333,102.85916666666667,0.6081214998935418,0.7938439653781019,0.8660254037844386,0.5000000000000001,10
2024-02-08,430,0,430,-0.9208333333333334,85.31791666666668,-3.1374999999999997,6.533333333333334,312.4583333333333,0.6775000000000001,102.59750000000001,0.6216868902665479,0.7832658619336791,0.8660254037844386,0.5000000000000001,10
2024-02-09,828,6,826,-2.2708333333333335,70.95333333333333,-6.895833333333333,4.95,318.4166666666667,0.7258333333333332,102.33125,0.6350683134867438,0.7724559775191742,0.8660254037844386,0.5000000000000001,10
2024-02-10,2638,5087,737,-3.3375000000000004,71.04333333333334,-8.033333333333333,3.3958333333333335,293.0416666666667,0.5883333333333333,102.06291666666668,0.6482618097757122,0.7614175109532997,0.8660254037844386,0.5000000000000001,10
2024-02-11,2647,4866,834,-1.1916666666666669,71.17625,-6.079166666666667,4.116666666666667,265.9166666666667,0.22,101.79041666666667,0.6612634749656386,0.7501537286959042,0.8660254037844386,0.5000000000000001,10
2024-02-12,2605,4163,1098,-0.7791666666666667,72.94,-5.370833333333334,2.5583333333333336,242.125,0.22,101.51416666666667,0.6740694616546161,0.7386679638813748,0.8660254037844386,0.5000000000000001,10
2024-02-13,1618,1578,1178,-0.4666666666666666,74.74791666666667,-4.5,3.641666666666667,259.0,0.21708333333333332,101.23541666666667,0.6866759803451553,0.726963615332308,0.8660254037844386,0.5000000000000001,10
2024-02-14,1284,2179,726,-5.0375000000000005,67.1425,-10.375,2.816666666666667,327.1666666666667,0.21,100.95125,0.6990793005655562,0.7150441465537444,0.8660254037844386,0.5000000000000001,10
2024-02-15,1909,1094,1421,-6.9375,59.178333333333335,-13.816666666666668,3.7291666666666674,324.0,0.21,100.665,0.7112757519738152,0.7029130847082615,0.8660254037844386,0.5000000000000001,10
2024-02-16,2882,4747,1101,-10.420833333333333,51.20916666666667,-18.720833333333335,5.504166666666667,312.0,0.2070833333333333,100.37625000000001,0.7232617254437388,0.6905740195722294,0.8660254037844386,0.5000000000000001,10
2024-02-17,3583,8548,413,-3.983333333333333,53.57125,-12.6,6.954166666666667,285.4166666666667,0.20291666666666666,100.085,0.7350336741329412,0.6780306024735382,0.8660254037844386,0.5000000000000001,10
2024-02-18,3399,6957,767,-3.0625,70.86041666666667,-8.108333333333333,2.5125,217.16666666666666,0.21,99.79166666666667,0.746588114532413,0.6652865452111116,0.8660254037844386,0.5000000000000001,10
2024-02-19,3210,5318,1154,-1.5166666666666668,75.03833333333334,-5.704166666666667,1.5999999999999999,233.54166666666666,0.21,99.49458333333332,0.7579216274973472,0.6523456189565257,0.8660254037844386,0.5000000000000001,10
2024-02-20,3014,4525,1157,0.42916666666666653,69.51458333333333,-4.95,1.75,252.125,0.2070833333333333,99.19375000000001,0.7690308592589181,0.6392116531380588,0.8660254037844386,0.5000000000000001,10
2024-02-21,3658,7979,508,4.033333333333333,78.75083333333333,0.020833333333333332,2.875,288.7916666666667,0.20000000000000004,98.89208333333333,0.7799125224167177,0.6258885343075018,0.8660254037844386,0.5000000000000001,10
2024-02-22,3767,7921,569,2.9333333333333336,77.7825,-1.0791666666666668,4.958333333333333,301.25,0.20000000000000004,98.58708333333334,0.7905633969115482,0.612380204990065,0.8660254037844386,0.5000000000000001,10
2024-02-23,3250,5562,970,0.40416666666666673,76.35083333333334,-3.4250000000000003,3.7291666666666665,258.2083333333333,0.20000000000000004,98.27916666666665,0.8009803309782905,0.5986906625177214,0.8660254037844386,0.5000000000000001,10
2024-02-24,3184,5491,1020,4.641666666666667,66.58958333333334,-1.7208333333333334,5.054166666666667,280.9166666666667,0.33125,97.97041666666667,0.8111602420785621,0.5848239578463322,0.8660254037844386,0.5000000000000001,10
2024-02-25,1239,555,1144,1.3208333333333335,81.11416666666666,-1.7041666666666666,2.5333333333333337,186.91666666666666,0.5216666666666666,97.65708333333333,0.8211001178128892,0.5707841943569036,0.8660254037844386,0.5000000000000001,10
2024-02-26,2940,3019,1648,5.920833333333333,70.5775,0.21250000000000005,5.633333333333334,286.0833333333333,0.38208333333333333,97.32333333333334,0.8307970168121247,0.5565755266413303,0.8660254037844386,0.5000000000000001,10
2024-02-27,1741,1410,1045,-11.079166666666666,51.23083333333333,-19.270833333333332,7.0375000000000005,341.8333333333333,0.8000000000000002,97.005,0.8402480696078469,0.5422021592729844,0.8660254037844386,0.5000000000000001,11
2024-02-28,3318,5595,983,-8.012500000000001,55.775,-15.4625,2.5375,224.33333333333334,0.765,96.68875000000001,0.8494504794814806,0.527668345562516,0.8660254037844386,0.5000000000000001,11
2024-02-29,3546,4921,1621,1.7749999999999997,71.33624999999999,-3.1458333333333335,3.545833333333334,190.125,0.67125,96.37291666666665,0.8584015232918917,0.512978386299228,0.8660254037844386,0.5000000000000001,11
2024-03-01,3620,4179,1671,3.329166666666667,70.68375,-1.7583333333333335,3.3541666666666665,193.875,0.65,96.05416666666667,0.8670985522812081,0.4981366284784055,1.0,6.123233995736766e-17,11
2024-03-02,2691,1213,2038,0.26250000000000007,76.43958333333333,-3.6041666666666665,5.304166666666667,85.16666666666667,0.6587500000000001,95.70875,0.8755389928586302,0.4831474640149687,1.0,6.123233995736766e-17,11
2024-03-03,1122,267,1037,-2.1833333333333336,74.51833333333333,-6.304166666666667,7.2,244.25,0.5429166666666667,95.38708333333334,0.8837203473619977,0.4680153284438345,1.0,6.123233995736766e-17,12
2024-03-04,4406,7719,869,-5.3999999999999995,57.98916666666667,-12.616666666666667,3.2375000000000003,224.5,0.38208333333333333,95.06291666666668,0.8916401947968874,0.45274469960737107,1.0,6.123233995736766e-17,12
2024-03-05,2740,1024,2400,-6.166666666666667,75.70875,-9.795833333333333,4.216666666666667,73.875,0.8000000000000002,94.73791666666666,0.8992961915530253,0.4373400963303323,1.0,6.123233995736766e-17,12
2024-03-06,3220,3336,1945,-5.4125000000000005,74.98583333333333,-9.220833333333333,4.9375,224.08333333333334,0.8000000000000002,94.41375,0.9066860720977985,0.4218060770826634,1.0,6.123233995736766e-17,12
2024-03-07,4878,9138,793,-7.795833333333333,66.8975,-13.254166666666668,2.8791666666666664,231.75,0.8000000000000002,94.085,0.9138076496466615,0.40614723863057883,1.0,6.123233995736766e-17,12
2024-03-08,4944,9176,824,-3.591666666666667,63.63708333333333,-9.854166666666666,2.1333333333333333,302.4166666666667,0.765,93.75666666666666,0.9206588168102428,0.3903682146763026,1.0,6.123233995736766e-17,12
2024-03-09,4827,8436,924,0.44583333333333325,60.86000000000001,-6.7,2.841666666666667,195.125,0.5458333333333334,93.42791666666666,0.9272375462179537,0.374473674486883,1.0,6.123233995736766e-17,12
2024-03-10,4483,6882,1052,5.304166666666666,57.278333333333336,-2.9708333333333337,3.1458333333333335,205.79166666666666,0.21708333333333332,93.09750000000001,0.9335418911179212,0.35846832151248087,1.0,6.123233995736766e-17,12
2024-03-11,3491,2929,2042,6.175000000000001,62.67791666666667,-0.8208333333333334,2.7291666666666665,277.25,0.21,92.76666666666667,0.9395699859530622,0.342356891994542,1.0,6.123233995736766e-17,12
2024-03-12,3580,2899,2163,8.208333333333334,55.928333333333335,-0.6375000000000001,2.1083333333333334,173.04166666666666,0.21,92.43416666666667,0.945320046913132,0.3261441535642696,1.0,6.123233995736766e-17,12
2024-03-13,4853,8422,871,6.358333333333333,67.90708333333333,0.008333333333333368,2.1791666666666667,83.625,0.21,92.10208333333333,0.9507903724625832,0.3098349038318025,1.0,6.123233995736766e-17,12
2024-03-14,1262,1022,1083,1.1416666666666668,82.79125,-1.8291666666666666,3.6833333333333336,296.0,0.21,91.76666666666667,0.9559793438440766,0.2934339689665273,1.0,6.123233995736766e-17,12
2024-03-15,4400,5980,1379,4.933333333333334,57.98791666666667,-4.05,5.9375,275.3333333333333,0.21291666666666664,91.43374999999999,0.9608854255574977,0.27694620226893646,1.0,6.123233995736766e-17,12
2024-03-16,4137,4447,2222,0.23333333333333348,63.75333333333333,-6.504166666666666,6.6375,329.4166666666667,0.22,91.09958333333333,0.9655071658143364,0.2603764827344581,1.0,6.123233995736766e-17,12
2024-03-17,2496,738,2320,-4.7375,48.145833333333336,-14.458333333333334,5.658333333333334,288.6666666666667,0.22,90.76583333333333,0.969843196967294,0.24372971360968387,1.0,6.123233995736766e-17,12
2024-03-18,4608,6785,1528,2.6083333333333334,54.276250000000005,-6.504166666666666,4.441666666666667,263.4166666666667,0.22,90.43208333333332,0.9738922359149924,0.22701082094141847,1.0,6.123233995736766e-17,12
2024-03-19,3402,2163,2247,2.316666666666667,65.21208333333333,-4.3374999999999995,4.6375,227.16666666666666,0.22,90.09708333333333,0.9776530844816641,0.2102247521189836,1.0,6.123233995736766e-17,12
2024-03-20,2186,1641,1662,-4.083333333333333,53.68416666666667,-12.450000000000001,2.341666666666667,79.08333333333333,0.3833333333333333,89.76166666666667,0.981124629771712,0.19337647441020586,1.0,6.123233995736766e-17,12
2024-03-21,1523,275,1482,-4.308333333333334,71.68083333333334,-8.754166666666666,3.720833333333333,97.5,0.7858333333333333,89.42916666666667,0.984305844499033,0.17647097349152166,1.0,6.123233995736766e-17,12
2024-03-22,4036,3636,2296,-4.891666666666667,62.61083333333334,-11.066666666666668,2.0583333333333336,119.375,0.8000000000000002,89.09416666666668,0.9871957872910085,0.15951325197263655,1.0,6.123233995736766e-17,12
2024-03-23,3601,1234,3084,-5.516666666666667,70.15916666666666,-10.179166666666667,4.258333333333334,122.125,0.8000000000000002,88.76125,0.9897936029670716,0.14250832791617088,1.0,6.123233995736766e-17,12
2024-03-24,3945,1738,3121,-4.945833333333334,80.01791666666666,-7.8875,6.304166666666667,65.5,0.8000000000000002,88.42875,0.992098522791769,0.12546123335273648,1.0,6.123233995736766e-17,12
2024-03-25,5960,8912,1231,-7.370833333333334,59.54791666666667,-14.116666666666667,5.933333333333334,94.875,0.8000000000000002,88.09708333333333,0.9941098647022418,0.10837701279187609,1.0,6.123233995736766e-17,12
2024-03-26,6242,10378,950,-10.458333333333334,61.77541666666667,-16.545833333333334,4.9375,327.0,0.8000000000000002,87.76458333333333,0.9958270335100595,0.09126072172931188,1.0,6.123233995736766e-17,12
2024-03-27,6227,10282,971,-7.154166666666666,56.757083333333334,-14.633333333333333,2.795833333333334,261.4166666666667,0.7912500000000001,87.43458333333332,0.9972495210773451,0.07411742515094437,1.0,6.123233995736766e-17,12
2024-03-28,5560,7042,1838,-1.8374999999999997,65.00208333333333,-7.7625,4.004166666666667,135.45833333333334,0.735,87.08,0.998376906467142,0.056952196034039754,1.0,6.123233995736766e-17,12
2024-03-29,3128,447,2957,0.7666666666666667,76.28208333333333,-3.0958333333333337,3.6041666666666665,256.25,0.5216666666666666,86.75416666666666,0.9992088560679753,0.03977011384605572,1.0,6.123233995736766e-17,13
2024-03-30,1070,470,1005,0.5375000000000001,74.19333333333334,-3.983333333333334,1.8791666666666667,239.70833333333334,0.3383333333333333,86.42750000000001,0.9997451236925734,0.022576263041545485,1.0,6.123233995736766e-17,13
2024-03-31,2913,860,2555,0.41250000000000003,63.08166666666667,-6.258333333333334,2.4916666666666667,68.70833333333333,0.5216666666666666,86.10416666666667,0.9999855506507186,0.005375731557583884,1.0,6.123233995736766e-17,13
2024-04-01,4185,3386,2343,1.6583333333333334,60.87625,-5.770833333333333,1.4833333333333334,188.125,0.21,85.78000000000002,0.9999300657962057,-0.011826390691832589,0.8660254037844387,-0.4999999999999998,13
2024-04-02,6089,9013,1256,3.391666666666667,59.19916666666666,-4.829166666666667,5.283333333333334,232.33333333333334,0.21,85.45666666666666,0.9995786855478958,-0.029025013321975237,0.8660254037844387,-0.4999999999999998,13
2024-04-03,6283,10120,876,4.229166666666667,57.62375,-4.454166666666667,1.625,124.125,0.21,85.13541666666667,0.9989315138848577,-0.046215046983708354,0.8660254037844387,-0.4999999999999998,13
2024-04-04,5756,7007,1633,5.870833333333334,50.01291666666666,-4.8,3.454166666666667,133.875,0.21,84.81333333333333,0.9979887423155984,-0.06339140486951038,0.8660254037844387,-0.4999999999999998,13
2024-04-05,4435,3042,2669,8.049999999999999,48.07583333333333,-3.5875000000000004,6.508333333333334,136.45833333333334,0.21291666666666664,84.495,0.9967506498213929,-0.08054900421874167,0.8660254037844387,-0.4999999999999998,13
2024-04-06,5540,5664,1884,10.237499999999999,53.889166666666675,0.6541666666666667,7.7875000000000005,118.08333333333333,0.22,84.17833333333333,0.9952176027737294,-0.09768276782171598,0.8660254037844387,-0.4999999999999998,13
2024-04-07,909,122,892,3.6125000000000003,83.16583333333334,0.9249999999999999,4.033333333333334,88.83333333333333,0.22291666666666665,83.8625,0.9933900548258936,-0.11478762552212701,0.8660254037844387,-0.4999999999999998,13
2024-04-08,2624,743,2274,4.0875,83.10791666666667,1.304166666666667,3.266666666666667,293.5,0.23,83.54708333333333,0.9912685467787256,-0.13185851571739118,0.8660254037844387,-0.4999999999999998,13
2024-04-09,4978,4307,2806,9.262500000000001,65.56666666666666,2.0458333333333334,4.3625,276.2916666666667,0.23,83.23458333333333,0.9888537064205885,-0.1488903868564548,0.8660254037844387,-0.4999999999999998,13
2024-04-10,4442,3431,2676,7.754166666666666,62.567083333333336,0.6250000000000001,5.5375000000000005,301.2083333333333,0.23,82.92416666666666,0.986146248341595,-0.16587819893463143,0.8660254037844387,-0.4999999999999998,13
2024-04-11,6061,7800,2073,5.9125000000000005,55.47125,-3.0500000000000003,4.683333333333334,265.0,0.23,82.61583333333333,0.9831469737221499,-0.1828169249850199,0.8660254037844387,-0.4999999999999998,13
2024-04-12,6814,10518,918,10.245833333333334,44.837916666666665,-2.3833333333333333,3.845833333333333,193.54166666666666,0.22708333333333333,82.31,0.9798567700958665,-0.1997015525660636,0.8660254037844387,-0.4999999999999998,13
2024-04-13,6058,7855,1732,14.391666666666667,63.666666666666664,6.7625,3.4375,257.6666666666667,0.22291666666666665,82.00625000000001,0.9762766110869321,-0.21652708524481437,0.8660254037844387,-0.4999999999999998,13
2024-04-14,6245,7417,1929,12.941666666666668,51.99416666666667,2.1583333333333337,2.3625000000000003,86.625,0.23,81.68041666666666,0.9724075561219968,-0.23328854407545518,0.8660254037844387,-0.4999999999999998,13
2024-04-15,3373,2434,2150,13.191666666666668,53.13458333333333,2.9458333333333333,6.95,113.0,0.23,81.38291666666667,0.9682507501166718,-0.2499809690726521,0.8660254037844387,-0.4999999999999998,14
2024-04-16,797,5,795,8.0875,84.65958333333333,5.608333333333334,4.666666666666667,211.91666666666666,0.22708333333333333,81.08666666666666,0.9638074231367307,-0.26659942067929354,0.8660254037844387,-0.4999999999999998,14
2024-04-17,4746,2310,3608,5.9624999999999995,58.48666666666667,-2.4375,7.0375000000000005,295.6666666666667,0.22,80.79291666666667,0.9590788900341131,-0.28313898122818354,0.8660254037844387,-0.4999999999999998,14
2024-04-18,2699,1008,2383,0.7208333333333333,50.65,-8.725,7.8125,295.7916666666667,0.22,80.5025,0.9540665500578387,-0.2995947563972602,0.8660254037844387,-0.4999999999999998,14
2024-04-19,2526,436,2424,-1.125,55.25208333333333,-9.225,6.729166666666667,306.75,0.22,80.21291666666666,0.9487718864399473,-0.31596187665790293,0.8660254037844387,-0.4999999999999998,14
2024-04-20,7237,9752,1505,2.0708333333333333,50.77541666666667,-8.420833333333333,3.891666666666667,306.9166666666667,0.22,79.92999999999999,0.9431964659565866,-0.33223549871590435,0.8660254037844387,-0.4999999999999998,14
2024-04-21,7350,10045,1219,8.804166666666667,39.81125,-5.641666666666667,4.075,227.45833333333334,0.22,79.64791666666666,0.9373419384643772,-0.3484108069446808,0.8660254037844387,-0.4999999999999998,14
2024-04-22,6766,7671,1793,11.758333333333333,47.99,-0.3333333333333333,6.616666666666667,294.1666666666667,0.22,79.36916666666666,0.9312100364121947,-0.3644830148102912,0.8660254037844387,-0.4999999999999998,14
2024-04-23,7497,10932,1013,9.020833333333334,53.372083333333336,-1.1958333333333335,4.2250000000000005,247.875,0.22,79.09041666666667,0.9248025743285089,-0.38044736628785164,0.8660254037844387,-0.4999999999999998,14
2024-04-24,6847,8119,1971,11.645833333333334,47.59291666666667,-0.3416666666666666,3.9125,151.5,0.22,78.81791666666668,0.9181214482844365,-0.39629913726891813,0.8660254037844387,-0.4999999999999998,14
2024-04-25,5804,5365,2575,14.975,69.12958333333334,8.695833333333333,5.670833333333333,161.58333333333334,0.21708333333333332,78.54791666666667,0.9111686353326631,-0.41203363695942635,0.8660254037844387,-0.4999999999999998,14
2024-04-26,1365,63,1340,9.3375,90.21541666666667,7.7625,3.8000000000000003,140.41666666666666,0.21,78.28,0.9039461929224011,-0.42764620926777464,0.8660254037844387,-0.4999999999999998,14
2024-04-27,5435,6668,1822,8.675,67.98833333333333,2.2916666666666665,4.533333333333334,127.16666666666667,0.21,78.01583333333333,0.8964562582905575,-0.44313223418263453,0.8660254037844387,-0.4999999999999998,14
2024-04-28,1564,408,1491,3.9791666666666665,77.4375,0.19166666666666668,2.845833333333333,56.458333333333336,0.21291666666666664,77.75541666666668,0.8887010478292915,-0.45848712914008766,0.8660254037844387,-0.4999999999999998,14
2024-04-29,6131,7160,1613,7.995833333333334,71.03083333333333,2.216666666666667,2.620833333333333,260.9166666666667,0.22,77.49791666666667,0.8806828564301475,-0.47370635037968,0.8660254037844387,-0.4999999999999998,14
2024-04-30,1959,359,1835,7.229166666666667,77.80833333333334,3.4291666666666667,4.0375000000000005,216.83333333333334,0.21708333333333332,77.22083333333333,0.8724040568049612,-0.48878539428899265,0.8660254037844387,-0.4999999999999998,14
2024-05-01,5524,5359,2308,8.875,61.97291666666666,0.45,3.3708333333333336,223.375,0.2070833333333333,76.97166666666666,0.8638670987837349,-0.503719798736334,0.49999999999999994,-0.8660254037844387,15
2024-05-02,2222,550,1993,8.7375,68.42291666666667,2.4625,3.4583333333333335,244.125,0.20000000000000004,76.7275,0.8550745085896932,-0.518505144391157,0.49999999999999994,-0.8660254037844387,15
2024-05-03,4918,3821,2910,7.554166666666667,61.98041666666666,-0.037500000000000006,4.433333333333334,271.6666666666667,0.20000000000000004,76.48458333333333,0.8460288880917339,-0.533137056031809,0.49999999999999994,-0.8660254037844387,15
2024-05-04,6569,7480,2877,9.329166666666667,57.32666666666666,0.34166666666666673,2.766666666666667,232.41666666666666,0.20000000000000004,76.24833333333333,0.8367329140344921,-0.5476112038402312,0.49999999999999994,-0.8660254037844387,15
2024-05-05,7418,8593,1800,13.416666666666666,54.471666666666664,3.4500000000000006,5.841666666666668,145.5,0.20000000000000004,76.01333333333334,0.8271893372462497,-0.5619233046832195,0.49999999999999994,-0.8660254037844387,15
2024-05-06,748,28,747,14.237499999999999,83.77875,11.4625,6.991666666666667,131.58333333333334,0.19708333333333336,75.78625,0.8174009818249189,-0.5760691233798758,0.49999999999999994,-0.8660254037844387,15
2024-05-07,2646,1182,2271,11.666666666666666,78.88291666666667,7.808333333333334,3.2291666666666665,158.91666666666666,0.19000000000000003,75.55916666666667,0.8073707443023492,-0.5900444739548627,0.49999999999999994,-0.8660254037844387,15
2024-05-08,4880,3408,3211,11.583333333333334,69.61874999999999,5.4125000000000005,2.4708333333333337,120.83333333333333,0.19000000000000003,75.335,0.7971015927871943,-0.6038452208771035,0.49999999999999994,-0.8660254037844387,15
2024-05-09,6847,7094,2723,15.020833333333334,66.45125,7.7875000000000005,3.4583333333333335,234.16666666666666,0.19000000000000003,75.11749999999999,0.7865965660866021,-0.6174672802835514,0.49999999999999994,-0.8660254037844387,15
2024-05-10,7944,10759,1350,15.495833333333335,52.5225,4.525,4.154166666666667,316.2916666666667,0.19000000000000003,74.90166666666667,0.7758587728069828,-0.6309066211876704,0.49999999999999994,-0.8660254037844387,15
2024-05-11,7233,8293,2316,18.491666666666667,53.24875,7.708333333333333,3.0750000000000006,271.4166666666667,0.19000000000000003,74.69375000000001,0.7648913904341226,-0.6441592666722685,0.49999999999999994,-0.8660254037844387,15
2024-05-12,7818,9575,1693,16.120833333333334,51.2075,4.508333333333334,3.129166666666667,205.0,0.19000000000000003,74.48916666666666,0.753697664392914,-0.6572212950663319,0.49999999999999994,-0.8660254037844387,15
2024-05-13,7718,9175,1852,15.441666666666668,56.69,5.716666666666668,2.8541666666666665,129.91666666666666,0.19000000000000003,74.28625,0.742280907086982,-0.6700888411055113,0.49999999999999994,-0.8660254037844387,15
2024-05-14,5353,2954,3199,15.458333333333334,68.10708333333334,9.295833333333333,3.5208333333333335,181.125,0.19000000000000003,74.09041666666667,0.7306444969184916,-0.6827580970759147,0.49999999999999994,-0.8660254037844387,15
2024-05-15,1852,762,1617,12.799999999999999,76.67791666666666,8.454166666666667,2.8000000000000003,273.5833333333333,0.19000000000000003,73.89791666666666,0.7187918772884232,-0.6952253139408722,0.49999999999999994,-0.8660254037844387,15
2024-05-16,6057,4918,2447,16.8625,62.668749999999996,8.783333333333333,1.8791666666666667,228.16666666666666,0.19291666666666665,73.71083333333333,0.7067265555776158,-0.7074868024503348,0.49999999999999994,-0.8660254037844387,15
2024-05-17,7116,8525,1285,19.358333333333334,63.614583333333336,10.716666666666667,3.0958333333333337,243.95833333333334,0.20000000000000004,73.52833333333334,0.6944521021088763,-0.719538934232584,0.49999999999999994,-0.8660254037844387,15
2024-05-18,6571,6693,3108,13.674999999999999,50.87875,2.9333333333333336,5.704166666666667,285.3333333333333,0.20000000000000004,73.34958333333334,0.6819721490904629,-0.7313781428679254,0.49999999999999994,-0.8660254037844387,15
2024-05-19,3891,1991,2585,15.804166666666667,60.018750000000004,7.095833333333334,3.2624999999999997,146.70833333333334,0.20291666666666666,73.17583333333333,0.6692903895412567,-0.7430009249440493,0.49999999999999994,-0.8660254037844387,15
2024-05-20,5487,3599,3034,13.125,64.8725,5.8999999999999995,2.75,286.125,0.21,73.00666666666667,0.6564105761979381,-0.7544038410927472,0.49999999999999994,-0.8660254037844387,15
2024-05-21,5270,2969,3543,13.216666666666667,60.53583333333333,5.270833333333333,2.575,243.95833333333334,0.21,72.84291666666667,0.6433365204044917,-0.765583517007675,0.49999999999999994,-0.8660254037844387,15
2024-05-22,8048,9439,1763,15.029166666666667,55.35,5.079166666666667,2.2875,232.70833333333334,0.2070833333333333,72.68375,0.6300720909843687,-0.7765366444428655,0.49999999999999994,-0.8660254037844387,15
2024-05-23,4843,2920,3288,13.362499999999999,76.40333333333334,8.9625,4.879166666666667,64.54166666666667,0.19416666666666668,72.52875,0.6166212130956382,-0.7872599821916922,0.49999999999999994,-0.8660254037844387,15
2024-05-24,2722,1066,2253,7.766666666666667,75.76166666666667,3.466666666666667,6.0874999999999995,294.7083333333333,0.18000000000000002,72.38041666666668,0.6029878670694714,-0.7977503570459932,0.49999999999999994,-0.8660254037844387,15
2024-05-25,8264,10204,1586,12.9,63.87041666666667,5.275,1.8291666666666668,169.29166666666666,0.18000000000000002,72.23541666666667,0.5891760872322963,-0.8080046647350754,0.49999999999999994,-0.8660254037844387,15
2024-05-26,3329,919,2663,13.170833333333334,78.38583333333334,9.216666666666667,1.5458333333333334,218.29166666666666,0.18291666666666664,72.09791666666666,0.5751899607119775,-0.8180198708443175,0.49999999999999994,-0.8660254037844387,15
2024-05-27,7383,8390,1920,15.083333333333334,65.03166666666667,7.779166666666668,3.7708333333333335,304.5833333333333,0.19000000000000003,71.9625,0.5610336262283677,-0.8277930117131022,0.49999999999999994,-0.8660254037844387,15
2024-05-28,8658,11751,1214,14.424999999999999,61.62416666666667,5.958333333333333,2.5416666666666665,48.541666666666664,0.19000000000000003,71.83333333333333,0.5467112728685939,-0.8373211953118121,0.49999999999999994,-0.8660254037844387,15
2024-05-29,8216,9827,1716,18.39166666666667,59.39458333333334,9.333333333333334,6.275000000000001,149.25,0.19000000000000003,71.70916666666666,0.5322271388474397,-0.8466016020976267,0.49999999999999994,-0.8660254037844387,15
2024-05-30,7112,7573,1964,17.433333333333334,50.70083333333333,5.629166666666666,4.908333333333334,267.0416666666667,0.19000000000000003,71.59208333333333,0.5175855102531889,-0.8556314858488706,0.49999999999999994,-0.8660254037844387,15
2024-05-31,7295,7862,2598,15.770833333333334,47.857499999999995,3.5625,3.0708333333333333,239.25,0.19000000000000003,71.47708333333334,0.5027907197793043,-0.8644081744776648,0.49999999999999994,-0.8660254037844387,15
2024-06-01,8758,11939,1149,17.55,50.13583333333333,5.3999999999999995,2.6833333333333336,233.25,0.19000000000000003,71.37166666666667,0.4878471454423119,-0.8729290708206411,1.2246467991473532e-16,-1.0,15
2024-06-02,6642,5351,2780,18.837500000000002,74.75208333333333,13.9,2.9458333333333333,246.125,0.19000000000000003,71.24416666666667,0.47275920928627757,-0.881191653407483,1.2246467991473532e-16,-1.0,15
2024-06-03,6606,5710,3030,21.291666666666668,60.68416666666667,11.7875,2.879166666666667,186.16666666666666,0.18708333333333335,71.14958333333333,0.4575313760742512,-0.8891934772070711,1.2246467991473532e-16,-1.0,15
2024-06-04,5727,5924,1666,19.254166666666666,49.705000000000005,6.933333333333334,5.6000000000000005,274.5,0.18000000000000002,71.05708333333332,0.44216815196707204,-0.8969321743510065,1.2246467991473532e-16,-1.0,16
2024-06-05,8327,10537,1909,18.966666666666665,41.025416666666665,4.795833333333333,7.075,291.125,0.18000000000000002,70.97166666666666,0.42667408318992467,-0.9044054548343001,1.2246467991473532e-16,-1.0,16
2024-06-06,8855,12374,1033,17.75,41.015,3.3375000000000004,5.5625,314.4166666666667,0.18000000000000002,70.89,0.4110537546870351,-0.9116111071930239,1.2246467991473532e-16,-1.0,16
2024-06-07,6892,7033,2969,19.054166666666667,48.8425,6.791666666666667,1.7958333333333334,156.20833333333334,0.18000000000000002,70.81458333333333,0.3953117887649151,-0.9185469991587165,1.2246467991473532e-16,-1.0,16
2024-06-08,8061,9665,2049,18.7625,47.52375,5.429166666666667,2.1666666666666665,221.5,0.18000000000000002,70.74541666666667,0.37945284372454435,-0.925211078289358,1.2246467991473532e-16,-1.0,16
2024-06-09,8302,10330,1692,18.6625,49.232916666666675,6.679166666666667,2.1125000000000003,44.875,0.18000000000000002,70.68124999999999,0.36348161248290634,-0.9316013725767187,1.2246467991473532e-16,-1.0,16
2024-06-10,2198,214,2109,17.404166666666665,67.87833333333333,10.912500000000001,4.395833333333333,170.875,0.18000000000000002,70.62166666666667,0.3474028211842774,-0.9377159910299093,1.2246467991473532e-16,-1.0,16
2024-06-11,8718,11814,1135,22.09166666666667,52.22708333333333,10.566666666666666,3.8833333333333333,267.1666666666667,0.18000000000000002,70.56833333333334,0.3312212278016865,-0.9435531242349544,1.2246467991473532e-16,-1.0,16
2024-06-12,8664,11021,1262,23.608333333333334,44.41166666666667,8.7875,4.116666666666667,281.1666666666667,0.18000000000000002,70.52333333333333,0.31494162072895193,-0.9491110448902284,1.2246467991473532e-16,-1.0,16
2024-06-13,8963,12496,1029,20.283333333333335,47.05291666666667,6.875,3.216666666666667,249.45833333333334,0.18000000000000002,70.48041666666667,0.2985688173637202,-0.9543881083175908,1.2246467991473532e-16,-1.0,16
2024-06-14,7811,8752,2118,22.474999999999998,52.00625,10.858333333333334,4.325,142.95833333333334,0.18000000000000002,70.44333333333334,0.2821076626819194,-0.9593827529490743,1.2246467991473532e-16,-1.0,16
2024-06-15,6692,6733,1799,25.1125,62.20666666666667,16.8125,3.816666666666667,165.33333333333334,0.18000000000000002,70.41291666666667,0.26556302780405594,-0.9640935007889755,1.2246467991473532e-16,-1.0,16
2024-06-16,8196,9334,2078,18.8875,44.56625,4.025,4.879166666666667,285.6666666666667,0.18000000000000002,70.38791666666667,0.24893980855376657,-0.9685189578512204,1.2246467991473532e-16,-1.0,16
2024-06-17,4638,1901,3253,18.104166666666668,60.47291666666667,9.4625,3.7583333333333333,126.5,0.18000000000000002,70.36749999999999,0.23224292400907015,-0.9726578145718654,1.2246467991473532e-16,-1.0,16
2024-06-18,3372,2196,2259,13.058333333333332,76.92666666666666,8.804166666666667,4.670833333333333,305.25,0.18000000000000002,70.35208333333334,0.21547731504673012,-0.976508846196619,1.2246467991473532e-16,-1.0,16
2024-06-19,8267,9358,1852,15.808333333333335,54.14875,4.9,2.3208333333333333,206.54166666666666,0.18000000000000002,70.34375,0.19864794288017112,-0.9800709131432666,1.2246467991473532e-16,-1.0,16
2024-06-20,6564,6274,3066,18.541666666666668,70.00541666666668,12.4375,3.045833333333334,136.375,0.18000000000000002,70.34166666666667,0.18175978759137534,-0.9833429613388902,1.2246467991473532e-16,-1.0,16
2024-06-21,1381,288,1335,18.625,86.71833333333335,16.129166666666666,2.85,105.0,0.17708333333333334,70.34375,0.16481784665719793,-0.9863240225317866,1.2246467991473532e-16,-1.0,16
2024-06-22,5866,5878,1791,21.295833333333334,72.22958333333334,15.516666666666667,1.8,216.375,0.17,70.35208333333334,0.14782713347053048,-0.9890132145779883,1.2246467991473532e-16,-1.0,16
2024-06-23,8594,11540,1080,23.55,58.63125,13.6875,2.1375,102.08333333333333,0.17,70.36749999999999,0.13079267585675922,-0.9914097417023038,1.2246467991473532e-16,-1.0,16
2024-06-24,8463,10806,1282,25.36666666666667,59.76208333333333,15.5625,3.079166666666667,211.45833333333334,0.1729166666666667,70.38708333333334,0.11371951458594969,-0.9935128947338007,1.2246467991473532e-16,-1.0,16
2024-06-25,8472,10696,1577,23.325000000000003,52.19916666666666,11.520833333333334,2.8125,252.0,0.18000000000000002,70.40875,0.0966127018812031,-0.9953220513156602,1.2246467991473532e-16,-1.0,16
2024-06-26,8360,10377,1601,20.170833333333334,59.66125,11.391666666666667,2.341666666666667,128.58333333333334,0.18000000000000002,70.44083333333333,0.07947729992362097,-0.9968366760893436,1.2246467991473532e-16,-1.0,16
2024-06-27,2353,1352,1669,19.679166666666667,84.10083333333334,16.804166666666667,4.7125,148.54166666666666,0.18000000000000002,70.47625000000001,0.062318379354325076,-0.998056320853012,1.2246467991473532e-16,-1.0,16
2024-06-28,6957,6434,2590,20.1125,60.145833333333336,10.4875,4.416666666666667,295.4166666666667,0.18000000000000002,70.51708333333333,0.04514101777397193,-0.9989806246941579,1.2246467991473532e-16,-1.0,16
2024-06-29,5833,6224,2794,16.154166666666665,60.45041666666666,7.466666666666666,3.0375,257.2083333333333,0.18000000000000002,70.56375,0.02795029824021032,-0.999609314096404,1.2246467991473532e-16,-1.0,16
2024-06-30,7003,7119,2677,19.404166666666665,56.257083333333334,9.799999999999999,4.845833333333334,141.91666666666666,0.18000000000000002,70.61625,0.01075130776352193,-0.9999422030204416,1.2246467991473532e-16,-1.0,16
2024-07-01,4217,2962,2462,21.129166666666666,75.64416666666666,16.408333333333335,3.966666666666667,211.79166666666666,0.18000000000000002,70.67458333333333,-0.00645086419810515,-0.9999791929590823,-0.4999999999999997,-0.8660254037844388,16
2024-07-02,7315,8861,2054,20.5375,61.31333333333333,12.25,4.1875,283.0833333333333,0.18000000000000002,70.7375,-0.023651127245231586,-0.9997202729664083,-0.4999999999999997,-0.8660254037844388,16
2024-07-03,7671,7718,2519,20.89166666666667,58.880833333333335,11.541666666666666,3.1041666666666665,288.25,0.18000000000000002,70.80624999999999,-0.04084439154329611,-0.9991655196610109,-0.4999999999999997,-0.8660254037844388,16
2024-07-04,2552,707,2241,17.662499999999998,81.5825,14.35,2.9791666666666665,309.0416666666667,0.18000000000000002,70.88,-0.05802556932878035,-0.9983150972033183,-0.4999999999999997,-0.8660254037844388,16
2024-07-05,7071,6399,2919,20.3625,66.23958333333333,13.220833333333333,2.1958333333333333,298.3333333333333,0.18000000000000002,70.96041666666666,-0.07518957641475855,-0.9971692572470178,-0.4999999999999997,-0.8660254037844388,16
2024-07-06,5541,4125,2765,20.366666666666667,61.61041666666667,12.220833333333333,1.3916666666666666,253.45833333333334,0.18000000000000002,71.04583333333333,-0.09233133369539122,-0.9957283388645872,-0.4999999999999997,-0.8660254037844388,16
2024-07-07,5457,3126,3409,19.400000000000002,72.18916666666667,14.083333333333334,2.279166666666667,320.4166666666667,0.17708333333333334,71.13458333333334,-0.10944576864891556,-0.993992768446958,-0.4999999999999997,-0.8660254037844388,16
2024-07-08,7479,8174,2594,22.40833333333333,61.627916666666664,13.841666666666667,1.675,249.0,0.1729166666666667,71.23083333333334,-0.12652781683868314,-0.9919630595773397,-0.4999999999999997,-0.8660254037844388,16
2024-07-09,7998,9170,1931,23.920833333333334,57.7175,14.137500000000001,2.1333333333333333,208.16666666666666,0.18000000000000002,71.33291666666666,-0.1435724234118113,-0.9896398128792412,-0.4999999999999997,-0.8660254037844388,16
2024-07-10,8111,9823,1721,24.641666666666666,56.61041666666667,14.483333333333334,1.4458333333333335,107.0,0.17708333333333334,71.43875,-0.16057454459499376,-0.9870237158387383,-0.4999999999999997,-0.8660254037844388,16
2024-07-11,8344,10679,1430,25.983333333333334,52.67041666666666,14.104166666666666,3.641666666666667,175.54166666666666,0.17,71.54833333333333,-0.17752914918703497,-0.984115542601034,-0.4999999999999997,-0.8660254037844388,16
2024-07-12,7850,9030,1707,27.8625,61.13666666666666,18.7,2.341666666666667,144.70833333333334,0.17,71.66666666666667,-0.19443122004766195,-0.9809161537413774,-0.4999999999999997,-0.8660254037844388,16
2024-07-13,7707,8052,2172,25.733333333333334,65.25666666666667,17.89166666666667,2.7624999999999997,192.70833333333334,0.17,71.78583333333334,-0.2112757555821793,-0.9774264960104055,-0.4999999999999997,-0.8660254037844388,16
2024-07-14,8179,10485,1258,26.724999999999998,49.377916666666664,13.929166666666667,1.9500000000000002,129.16666666666666,0.17,71.91333333333334,-0.2280577712215198,-0.9736476020539838,-0.4999999999999997,-0.8660254037844388,16
2024-07-15,8192,10346,1301,23.579166666666666,53.992916666666666,12.549999999999999,3.6958333333333333,269.0833333333333,0.17,72.04416666666667,-0.24477230089725957,-0.9695805901076308,-0.4999999999999997,-0.8660254037844388,16
2024-07-16,6491,5690,2947,21.995833333333334,57.253750000000004,12.295833333333334,2.0541666666666667,164.75,0.17,72.18041666666666,-0.2614143985111562,-0.965226663665613,-0.4999999999999997,-0.8660254037844388,15
2024-07-17,8153,10601,1397,22.012500000000003,54.35875000000001,11.279166666666667,1.5,82.375,0.17,72.32125,-0.2779791393987801,-0.9605871111248129,-0.4999999999999997,-0.8660254037844388,15
2024-07-18,7793,9343,1790,24.775000000000002,54.013749999999995,13.958333333333334,2.7875,168.20833333333334,0.17,72.46875,-0.2944616217868012,-0.9556633054034704,-0.4999999999999997,-0.8660254037844388,15
2024-07-19,7345,7089,2400,25.166666666666668,59.31041666666667,15.808333333333335,1.4416666666666667,143.54166666666666,0.17,72.6425,-0.3108569682435036,-0.9504567035349151,-0.4999999999999997,-0.8660254037844388,15
2024-07-20,6930,5657,3189,26.258333333333336,54.93000000000001,15.591666666666667,1.2041666666666668,218.45833333333334,0.17,72.8,-0.3271603271220951,-0.9449688462364056,-0.4999999999999997,-0.8660254037844388,15
2024-07-21,7080,5846,3078,25.3625,57.66583333333333,15.841666666666667,1.2625,111.70833333333333,0.1729166666666667,72.96124999999999,-0.34336687399638804,-0.939201357453208,-0.4999999999999997,-0.8660254037844388,15
2024-07-22,7244,6706,2724,26.008333333333336,54.352916666666665,14.862499999999999,1.0458333333333334,188.04166666666666,0.18000000000000002,73.1275,-0.3594718130884232,-0.9331559438780432,-0.4999999999999997,-0.8660254037844388,15
2024-07-23,7174,6333,2922,26.037499999999998,56.100833333333334,15.795833333333334,1.9541666666666668,108.75,0.18291666666666664,73.29708333333333,-0.3754703786876202,-0.9268343944460494,-0.4999999999999997,-0.8660254037844388,15
2024-07-24,6947,6061,2935,26.537499999999998,63.44875,18.283333333333335,3.9291666666666667,149.375,0.19000000000000003,73.47375,-0.3913578365610259,-0.9202385798054075,-0.4999999999999997,-0.8660254037844388,15
2024-07-25,7546,8360,1972,30.054166666666664,53.52916666666667,17.616666666666667,5.345833333333334,169.08333333333334,0.19000000000000003,73.65375,-0.4071294853542516,-0.9133704517637858,-0.4999999999999997,-0.8660254037844388,15
2024-07-26,4401,2242,3020,26.125,51.6275,14.441666666666668,4.033333333333334,250.91666666666666,0.19000000000000003,73.83749999999999,-0.4227806579826773,-0.9062320427107697,-0.4999999999999997,-0.8660254037844388,15
2024-07-27,6813,5765,2596,26.983333333333334,59.98083333333333,17.366666666666667,2.6458333333333335,176.25,0.19000000000000003,74.02708333333334,-0.4383067230125192,-0.898825465016444,-0.4999999999999997,-0.8660254037844388,15
2024-07-28,5640,3219,3542,25.037499999999998,51.124583333333334,12.8125,2.1208333333333336,116.70833333333333,0.19000000000000003,74.21875,-0.45370308603134424,-0.8911529104063088,-0.4999999999999997,-0.8660254037844388,15
2024-07-29,6246,4735,2931,25.208333333333332,56.92916666666667,15.3125,1.8625,172.41666666666666,0.19000000000000003,74.41708333333334,-0.46896519100763184,-0.8832166493127127,-0.4999999999999997,-0.8660254037844388,15
2024-07-30,6142,4411,3282,27.333333333333332,60.190416666666664,17.058333333333334,2.2333333333333334,162.20833333333334,0.19000000000000003,74.61791666666666,-0.48408852163897587,-0.8750190302029955,-0.4999999999999997,-0.8660254037844388,15
2024-07-31,5254,4916,2009,24.358333333333334,64.20125,16.629166666666666,2.2625,133.66666666666666,0.19000000000000003,74.82458333333334,-0.4990686026885319,-0.8665624788845385,-0.4999999999999997,-0.8660254037844388,15
2024-08-01,7263,9530,1687,27.995833333333334,46.88833333333333,13.866666666666667,1.8833333333333335,231.16666666666666,0.19000000000000003,75.03458333333333,-0.5139010013093103,-0.8578494977869301,-0.8660254037844384,-0.5000000000000004,15
2024-08-02,7660,10792,1023,28.954166666666666,44.73,14.454166666666666,2.5208333333333335,105.66666666666667,0.19000000000000003,75.24958333333333,-0.5285813283559292,-0.8488826652214553,-0.8660254037844384,-0.5000000000000004,15
2024-08-03,7002,7535,2106,26.754166666666666,53.043749999999996,15.450000000000001,3.8833333333333333,154.5,0.19000000000000003,75.46791666666667,-0.5431052396834317,-0.8396646346181327,-0.8660254037844384,-0.5000000000000004,15
2024-08-04,2853,1351,2357,20.775000000000002,53.48,10.629166666666666,3.004166666666667,89.25,0.19000000000000003,75.68833333333333,-0.5574684374327892,-0.8301981337405212,-0.8660254037844384,-0.5000000000000004,14
2024-08-05,2157,136,2117,16.866666666666667,79.42125,13.195833333333333,3.875,73.16666666666667,0.19000000000000003,75.91458333333334,-0.5716666713027052,-0.8204859638785327,-0.8660254037844384,-0.5000000000000004,14
2024-08-06,6872,8254,1657,20.595833333333335,65.09291666666667,12.983333333333334,3.3125,168.08333333333334,0.19000000000000003,76.16875,-0.5856957398073508,-0.8105309990194823,-0.8660254037844384,-0.5000000000000004,14
2024-08-07,3624,2240,2065,19.454166666666666,64.125,11.950000000000001,3.6125000000000003,328.7083333333333,0.19000000000000003,76.40333333333334,-0.5995514915196489,-0.8003361849976323,-0.8660254037844384,-0.5000000000000004,14
2024-08-08,6049,5631,2885,15.533333333333333,52.73083333333333,5.270833333333333,3.6208333333333336,322.5833333333333,0.19000000000000003,76.64125,-0.6132298262997502,-0.7899045386224707,-0.8660254037844384,-0.5000000000000004,14
2024-08-09,5989,5905,2783,17.366666666666667,49.19833333333333,5.929166666666667,2.225,262.7083333333333,0.18708333333333335,76.885,-0.6267266965083301,-0.7792391467859886,-0.8660254037844384,-0.5000000000000004,14
2024-08-10,6900,8100,2028,19.8125,43.66416666666667,6.233333333333333,1.1208333333333333,197.25,0.18291666666666664,77.12958333333333,-0.6400381082043503,-0.7683431655492202,-0.8660254037844384,-0.5000000000000004,14
2024-08-11,5660,4188,3013,19.45,59.35,10.4375,2.375,143.58333333333334,0.18708333333333335,77.37958333333334,-0.65316012232693,-0.7572198192083127,-0.8660254037844384,-0.5000000000000004,14
2024-08-12,7101,9442,1356,20.6625,64.33333333333333,12.575000000000001,2.404166666666667,158.125,0.18291666666666664,77.63125000000001,-0.666088855860977,-0.7458723993404063,-0.8660254037844384,-0.5000000000000004,14
2024-08-13,4210,3482,2089,21.787499999999998,69.28541666666666,15.504166666666668,4.404166666666667,140.79166666666666,0.19000000000000003,77.88916666666667,-0.6788204829862355,-0.734304263829602,-0.8660254037844384,-0.5000000000000004,14
2024-08-14,1763,325,1548,20.916666666666668,87.17291666666667,18.6,2.6583333333333337,151.33333333333334,0.19000000000000003,78.14708333333333,-0.6913512362094071,-0.722518835873311,-0.8660254037844384,-0.5000000000000004,14
2024-08-15,5866,5381,2446,21.900000000000002,74.24708333333334,16.404166666666665,3.141666666666667,318.875,0.19000000000000003,78.41041666666668,-0.7036774074790128,-0.7105196029692745,-0.8660254037844384,-0.5000000000000004,14
2024-08-16,4580,2061,3324,21.375,74.81083333333333,16.191666666666666,2.370833333333333,202.58333333333334,0.19000000000000003,78.67583333333333,-0.7157953492826642,-0.6983101158835584,-0.8660254037844384,-0.5000000000000004,14
2024-08-17,6162,6070,2483,21.77916666666667,71.19625,15.633333333333333,1.5083333333333335,102.41666666666667,0.19000000000000003,78.94416666666667,-0.7277014757264236,-0.6858939875998223,-0.8660254037844384,-0.5000000000000004,14
2024-08-18,6883,9356,1243,23.516666666666666,65.83291666666666,15.854166666666666,2.6041666666666665,140.875,0.19000000000000003,79.21625,-0.7393922635959241,-0.673274892250183,-0.8660254037844384,-0.5000000000000004,14
2024-08-19,6416,7665,1613,24.204166666666666,66.85625,16.833333333333332,3.7083333333333335,146.66666666666666,0.19000000000000003,79.49,-0.7508642533989489,-0.6604565640279754,-0.8660254037844384,-0.5000000000000004,14
2024-08-20,6138,6987,1642,22.566666666666666,74.74041666666666,17.479166666666668,4.604166666666667,151.625,0.18708333333333335,79.76708333333333,-0.7621140503891487,-0.6474427960827475,-0.8660254037844384,-0.5000000000000004,14
2024-08-21,3438,3315,1838,22.845833333333335,72.87875,16.995833333333334,4.629166666666667,145.25,0.18000000000000002,80.04666666666667,-0.7731383255706026,-0.6342374393978054,-0.8660254037844384,-0.5000000000000004,14
2024-08-22,6678,9180,1228,24.95,66.88333333333334,17.270833333333332,2.1833333333333336,204.125,0.17708333333333334,80.32875,-0.7839338166829201,-0.620844401650647,-0.8660254037844384,-0.5000000000000004,14
2024-08-23,5577,6229,1912,25.166666666666668,60.4075,15.879166666666668,3.35,129.20833333333334,0.17,80.61375,-0.7944973291665992,-0.6072676460566135,-0.8660254037844384,-0.5000000000000004,14
2024-08-24,6236,8280,1229,28.266666666666666,62.05125,19.2875,4.716666666666667,150.33333333333334,0.17,80.90249999999999,-0.8048257371083452,-0.593511190196115,-0.8660254037844384,-0.5000000000000004,14
2024-08-25,5033,5921,1791,25.879166666666666,58.028333333333336,16.129166666666666,3.2458333333333336,175.29166666666666,0.17,81.19083333333333,-0.8149159841660791,-0.5795791048257612,-0.8660254037844384,-0.5000000000000004,14
2024-08-26,2769,2176,1669,19.212500000000002,64.05,12.045833333333334,2.1958333333333333,81.25,0.16708333333333333,81.48166666666667,-0.8247650844733614,-0.5654755126737576,-0.8660254037844384,-0.5000000000000004,14
2024-08-27,5630,6466,1758,18.708333333333332,59.68333333333334,9.858333333333333,1.9958333333333336,93.0,0.16,81.77666666666667,-0.8343701235229537,-0.5512045872199277,-0.8660254037844384,-0.5000000000000004,13
2024-08-28,4716,5138,1780,21.825000000000003,59.24458333333334,13.133333333333333,4.720833333333333,197.79166666666666,0.16,82.09791666666666,-0.8437282590292712,-0.5367705514607103,-0.8660254037844384,-0.5000000000000004,13
2024-08-29,6398,9438,1206,18.433333333333334,48.378750000000004,6.704166666666667,4.241666666666667,297.0,0.16,82.39958333333333,-0.8528367217694595,-0.522177676659508,-0.8660254037844384,-0.5000000000000004,13
2024-08-30,6494,10176,821,22.087500000000002,47.5625,9.2875,3.1500000000000004,260.4583333333333,0.16,82.70125,-0.8616928164028521,-0.5074302810827518,-0.8660254037844384,-0.5000000000000004,13
2024-08-31,6356,9994,840,21.279166666666665,45.14833333333333,7.845833333333334,4.283333333333334,240.29166666666666,0.16291666666666668,83.00625000000001,-0.8702939222685674,-0.49253272872205434,-0.8660254037844384,-0.5000000000000004,13
2024-09-01,6433,10274,788,19.441666666666666,44.111250000000005,5.704166666666667,1.4333333333333333,154.58333333333334,0.17,83.3125,-0.8786374941610001,-0.4774894280028391,-1.0,-1.8369701987210297e-16,13
2024-09-02,5830,7589,1590,23.84583333333333,47.16916666666666,10.916666666666666,5.158333333333334,164.58333333333334,0.17,83.62208333333334,-0.886721063082993,-0.46230483047981086,-1.0,-1.8369701987210297e-16,13
2024-09-03,5260,5618,2123,25.691666666666666,49.42208333333334,13.075000000000001,3.4875000000000003,185.79166666666666,0.17,83.93291666666667,-0.8945422369764496,-0.4469834295196741,-1.0,-1.8369701987210297e-16,13
2024-09-04,3112,1745,2222,21.75,57.83041666666667,12.779166666666667,3.5958333333333337,200.54166666666666,0.17,84.24458333333332,-0.9020987014301837,-0.43152975897147144,-1.0,-1.8369701987210297e-16,13
2024-09-05,5900,8441,1572,17.25,55.03,6.983333333333333,2.9250000000000003,273.7083333333333,0.17,84.55791666666667,-0.9093882203647925,-0.4159483918249421,-1.0,-1.8369701987210297e-16,13
2024-09-06,6217,10161,793,16.829166666666666,45.057500000000005,3.7375000000000003,2.1375,205.125,0.17,84.8725,-0.9164086366943458,-0.4002439388573056,-1.0,-1.8369701987210297e-16,13
2024-09-07,6136,9549,811,18.758333333333333,46.11000000000001,5.045833333333333,2.3000000000000003,174.33333333333334,0.17,85.18958333333335,-0.9231578729647039,-0.38442104726885545,-1.0,-1.8369701987210297e-16,13
2024-09-08,6039,9713,855,21.604166666666668,47.81875,8.629166666666666,2.025,180.45833333333334,0.17,85.50750000000001,-0.9296339319682695,-0.3684843993077793,-1.0,-1.8369701987210297e-16,13
2024-09-09,5643,8166,1129,23.395833333333332,54.16458333333333,12.566666666666668,2.9333333333333336,163.375,0.17,85.82541666666667,-0.9358348973349941,-0.35243871088460327,-1.0,-1.8369701987210297e-16,13
2024-09-10,5190,6031,1846,23.470833333333335,53.30583333333334,12.5875,2.6333333333333333,224.70833333333334,0.17,86.14666666666666,-0.9417589340994617,-0.33628873017668287,-1.0,-1.8369701987210297e-16,13
2024-09-11,3497,2251,2267,21.45,60.805,13.15,4.895833333333334,99.75,0.17,86.46833333333332,-0.9474042892438845,-0.32003923622313857,-1.0,-1.8369701987210297e-16,13
2024-09-12,5060,6795,1171,24.712500000000002,43.64083333333334,10.700000000000001,7.220833333333334,151.66666666666666,0.17,86.79124999999999,-0.9527692922168511,-0.30369503751065885,-1.0,-1.8369701987210297e-16,13
2024-09-13,1568,1542,1024,20.929166666666667,63.77166666666667,13.295833333333334,2.3208333333333333,185.08333333333334,0.17,87.11291666666666,-0.9578523554276669,-0.28726097055059635,-1.0,-1.8369701987210297e-16,13
2024-09-14,5041,6774,1244,22.387500000000003,56.79416666666666,12.141666666666666,3.095833333333333,154.875,0.17,87.4375,-0.9626519747161487,-0.2707418984477642,-1.0,-1.8369701987210297e-16,13
2024-09-15,5533,8721,881,23.070833333333336,55.43958333333333,11.049999999999999,1.9083333333333334,154.04166666666666,0.17,87.76125,-0.9671667297977312,-0.2541427094613622,-1.0,-1.8369701987210297e-16,13
2024-09-16,4249,5298,1364,24.883333333333336,63.1675,16.6875,3.116666666666667,154.08333333333334,0.17,88.08749999999999,-0.97139528468375,-0.23746831555846842,-1.0,-1.8369701987210297e-16,13
2024-09-17,5142,8008,988,24.895833333333332,65.96625,17.233333333333334,3.7750000000000004,130.95833333333334,0.17,88.41416666666667,-0.9753363880767837,-0.2207236509605022,-1.0,-1.8369701987210297e-16,13
2024-09-18,4634,5747,1283,22.675,51.92250000000001,10.691666666666668,5.058333333333334,195.70833333333334,0.17,88.73875,-0.9789888737409319,-0.20391367068311472,-1.0,-1.8369701987210297e-16,13
2024-09-19,3093,3640,1669,19.920833333333334,54.58833333333334,9.979166666666666,5.220833333333334,268.8333333333333,0.17,89.06458333333335,-0.9823516608469237,-0.18704334906991657,-1.0,-1.8369701987210297e-16,13
2024-09-20,5171,8365,825,20.470833333333335,47.61083333333334,7.808333333333334,2.704166666666667,222.41666666666666,0.17,89.39041666666667,-0.9854237542919524,-0.17011767832049052,-1.0,-1.8369701987210297e-16,12
2024-09-21,4819,6826,1180,14.495833333333332,59.67333333333334,5.858333333333333,4.7,328.2916666666667,0.17,89.71708333333333,-0.9882042449941422,-0.15314166701312007,-1.0,-1.8369701987210297e-16,12
2024-09-22,5211,8646,842,14.708333333333334,50.692499999999995,3.4458333333333333,2.575,230.625,0.17,90.06833333333333,-0.9906923101615609,-0.13612033862266704,-1.0,-1.8369701987210297e-16,12
2024-09-23,2362,1276,1904,15.341666666666667,61.423750000000005,7.675,3.7375000000000003,259.5833333333333,0.17,90.39666666666666,-0.9928872135356962,-0.11905873003404988,-1.0,-1.8369701987210297e-16,12
2024-09-24,4373,6614,1314,18.2625,56.09458333333333,8.470833333333333,2.5125,258.7916666666667,0.17,90.72500000000001,-0.994788305609327,-0.10196189005174576,-1.0,-1.8369701987210297e-16,12
2024-09-25,4960,9009,638,21.25,47.093333333333334,8.433333333333334,3.716666666666667,183.20833333333334,0.17,91.05333333333334,-0.9963950238187231,-0.08483487790576538,-1.0,-1.8369701987210297e-16,12
2024-09-26,4861,8695,691,22.900000000000002,43.41083333333333,8.862499999999999,4.8875,238.29166666666666,0.17,91.38125000000001,-0.9977068927101168,-0.06768276175455162,-1.0,-1.8369701987210297e-16,11
2024-09-27,4871,8815,698,19.991666666666667,42.464999999999996,4.916666666666667,2.3875,144.91666666666666,0.17,91.73208333333334,-0.9987235240803972,-0.050510617185222886,-1.0,-1.8369701987210297e-16,11
2024-09-28,4789,8651,693,22.041666666666668,45.42458333333334,8.504166666666666,2.2208333333333337,147.375,0.17,92.06041666666665,-0.9994446170919858,-0.033323525711631344,-1.0,-1.8369701987210297e-16,11
2024-09-29,4720,8563,700,25.191666666666666,37.28916666666667,7.408333333333334,7.120833333333334,165.125,0.1729166666666667,92.38958333333333,-0.9998699583618592,-0.016126573270657762,-1.0,-1.8369701987210297e-16,11
2024-09-30,4056,5812,1367,14.9625,41.395833333333336,1.8083333333333333,6.862500000000001,303.2916666666667,0.18000000000000002,92.71749999999999,-0.9999994220246925,0.001075151282798226,-1.0,-1.8369701987210297e-16,11
2024-10-01,3450,3415,1992,14.566666666666668,35.51125,-1.8708333333333333,3.841666666666667,240.08333333333334,0.17708333333333334,93.045,-0.999832969770105,0.018276557681691223,-0.8660254037844386,0.5000000000000001,11
2024-10-02,4430,7894,810,15.6,40.26375,1.7875000000000003,4.170833333333333,310.7083333333333,0.17,93.3725,-0.9993706508539969,0.03547255575312556,-0.8660254037844386,0.5000000000000001,11
2024-10-03,4474,7635,753,11.670833333333334,46.681666666666665,-0.3541666666666667,2.2875,271.8333333333333,0.17,93.69708333333334,-0.9986126020839734,0.052658056924614005,-0.8660254037844386,0.5000000000000001,11
2024-10-04,4451,8128,706,15.554166666666667,46.1175,3.233333333333334,5.841666666666668,178.25,0.17,94.02333333333333,-0.9975590477788613,0.06982797572987089,-0.8660254037844386,0.5000000000000001,11
2024-10-05,4131,7072,747,15.983333333333334,40.920833333333334,1.7750000000000001,8.2875,282.9166666666667,0.17,94.34791666666666,-0.9962102997023297,0.0869772313136861,-0.8660254037844386,0.5000000000000001,11
2024-10-06,4330,8227,769,11.470833333333333,48.08083333333334,0.1208333333333333,3.033333333333333,281.4166666666667,0.17,94.67041666666667,-0.9945667569706337,0.1041007489354256,-0.8660254037844386,0.5000000000000001,11
2024-10-07,4177,7709,664,14.633333333333333,43.18291666666667,1.2666666666666668,1.6083333333333334,177.54166666666666,0.16708333333333333,94.99374999999999,-0.9926289059345095,0.121193461470736,-0.8660254037844386,0.5000000000000001,11
2024-10-08,4235,8152,683,16.77916666666667,45.76083333333333,3.75,2.441666666666667,190.5,0.16,95.31375000000001,-0.9903973200352558,0.1382503109109819,-0.8660254037844386,0.5000000000000001,11
2024-10-09,4220,8280,648,18.975,40.220416666666665,3.6625,1.8541666666666667,241.29166666666666,0.16,95.63499999999999,-0.9878726596350429,0.15526624985999563,-0.8660254037844386,0.5000000000000001,11
2024-10-10,3017,2643,1797,18.3125,43.74583333333334,4.7250000000000005,3.5583333333333336,254.66666666666666,0.16,95.95291666666667,-0.9850556718215013,0.172236243027682,-0.8660254037844386,0.5000000000000001,11
2024-10-11,3734,5787,1056,13.533333333333333,54.81666666666666,3.9000000000000004,2.25,130.54166666666666,0.16,96.26916666666666,-0.981947190186646,0.18915526872004093,-0.8660254037844386,0.5000000000000001,11
2024-10-12,4014,8126,635,12.737499999999999,53.278333333333336,2.9375,4.175,254.79166666666666,0.16,96.58458333333334,-0.9785481345802031,0.20601832032517084,-0.8660254037844386,0.5000000000000001,11
2024-10-13,3352,4784,1357,7.541666666666667,59.84125,-0.3875,2.941666666666667,245.5,0.16,96.89708333333334,-0.9748595108374125,0.22282040779479959,-0.8660254037844386,0.5000000000000001,11
2024-10-14,3939,8385,554,8.516666666666667,53.87291666666667,-1.366666666666667,2.929166666666667,130.66666666666666,0.16,97.20791666666666,-0.9708824104813836,0.23955655912092708,-0.8660254037844386,0.5000000000000001,11
2024-10-15,3264,5360,1097,5.862500000000001,56.467083333333335,-3.279166666666667,5.270833333333333,160.08333333333334,0.16,97.5175,-0.9666180104000972,0.2562218218071163,-0.8660254037844386,0.5000000000000001,11
2024-10-16,3769,7517,686,11.600000000000001,41.94166666666667,-1.5583333333333336,5.1125,175.125,0.16,97.82583333333334,-0.9620675724981452,0.27281126433401914,-0.8660254037844386,0.5000000000000001,11
2024-10-17,3537,6562,741,13.9125,54.194583333333334,4.220833333333334,4.879166666666667,260.7083333333333,0.16,98.13291666666667,-0.957232443323312,0.28931997761869527,-0.8660254037844386,0.5000000000000001,11
2024-10-18,460,172,418,7.454166666666667,71.16791666666667,2.2375000000000003,2.9083333333333337,188.20833333333334,0.16,98.43333333333334,-0.9521140536681102,0.3057430764672831,-0.8660254037844386,0.5000000000000001,11
2024-10-19,2803,3723,1279,10.066666666666666,61.04125,1.5958333333333334,3.670833333333334,220.16666666666666,0.16,98.73541666666667,-0.9467139181463862,0.3220757010206104,-0.8660254037844386,0.5000000000000001,11
2024-10-20,3463,7621,503,15.450000000000001,50.70458333333334,4.741666666666666,2.3000000000000003,217.625,0.16,99.03500000000001,-0.9410336347451197,0.3383130181923076,-0.8660254037844386,0.5000000000000001,11
2024-10-21,2681,3305,1418,16.2375,54.16625,5.9624999999999995,1.8958333333333333,196.20833333333334,0.16,99.3325,-0.9350748843515574,0.3544502230989869,-0.8660254037844386,0.5000000000000001,11
2024-10-22,751,434,682,9.25,72.19208333333334,4.054166666666666,4.420833333333333,292.5833333333333,0.16,99.62291666666665,-0.9288394302558068,0.3704825404820963,-0.8660254037844386,0.5000000000000001,11
2024-10-23,3471,7548,543,9.579166666666667,57.06125,-0.3666666666666667,2.7624999999999997,256.5,0.16,99.91416666666667,-0.9223291176290545,0.3864052261209853,-0.8660254037844386,0.5000000000000001,11
2024-10-24,2388,3291,1301,9.004166666666666,52.41041666666667,-0.7999999999999999,3.1333333333333333,219.20833333333334,0.16,100.20208333333333,-0.9155458729775467,0.40221356823680365,-0.8660254037844386,0.5000000000000001,11
2024-10-25,3235,6548,689,6.929166666666667,53.71333333333333,-2.6875,1.6666666666666667,235.375,0.16,100.48625,-0.9084917035725082,0.41790288888678667,-0.8660254037844386,0.5000000000000001,11
2024-10-26,2789,4800,1036,8.225,56.90708333333333,-0.25416666666666665,3.2208333333333337,178.79166666666666,0.16,100.76916666666666,-0.9011686968561569,0.4334685453485363,-0.8660254037844386,0.5000000000000001,11
2024-10-27,2440,2881,1279,12.620833333333335,49.57416666666666,1.5,2.8541666666666665,214.875,0.16,101.04833333333333,-0.8935790198239952,0.4489059314938798,-0.8660254037844386,0.5000000000000001,11
2024-10-28,2378,3461,1236,10.512500000000001,60.124583333333334,2.2416666666666667,3.0124999999999997,280.625,0.16,101.32375,-0.8857249183835637,0.4642104791518923,-0.8660254037844386,0.5000000000000001,11
2024-10-29,754,205,670,8.424999999999999,78.64375,4.758333333333334,3.5083333333333333,85.20833333333333,0.16,101.59625,-0.8776087166898392,0.4793776594606945,-0.8660254037844386,0.5000000000000001,10
2024-10-30,2445,4338,832,4.908333333333334,65.3225,-1.5583333333333333,2.591666666666667,134.58333333333334,0.16,101.88958333333333,-0.8692328164574792,0.49440298420761813,-0.8660254037844386,0.5000000000000001,10
2024-10-31,2333,2448,1457,2.891666666666667,53.74458333333334,-6.025000000000001,1.1041666666666667,169.33333333333334,0.16,102.15625,-0.8605996962501181,0.5092820071573356,-0.8660254037844386,0.5000000000000001,10
2024-11-01,1034,1448,624,2.3125,67.95541666666666,-3.4958333333333336,2.2125,126.70833333333333,0.16,102.42,-0.8517119107469189,0.5240103253675756,-0.5000000000000004,0.8660254037844384,10
2024-11-02,1940,2460,1070,5.870833333333334,76.48583333333333,1.4708333333333334,5.1000000000000005,150.41666666666666,0.16,102.67916666666667,-0.8425720899866032,0.5385835804920232,-0.5000000000000004,0.8660254037844384,10
2024-11-03,232,65,223,8.383333333333333,93.41458333333333,7.366666666666667,3.4125,218.54166666666666,0.16,102.93666666666667,-0.8331829385891785,0.5529974600700271,-0.5000000000000004,0.8660254037844384,9
2024-11-04,1296,2752,608,3.8083333333333336,69.10708333333334,-2.15,3.5083333333333333,272.1666666666667,0.16,103.21458333333334,-0.8235472349556007,0.5672476988027229,-0.5000000000000004,0.8660254037844384,9
2024-11-05,1786,1646,1179,3.483333333333333,70.33375,-1.9375,2.8249999999999997,183.5,0.16,103.46541666666667,-0.8136678304455991,0.5813300798152042,-0.5000000000000004,0.8660254037844384,9
2024-11-06,1436,2504,673,2.575,83.37791666666666,-0.10833333333333339,3.0083333333333333,281.4166666666667,0.16,103.71125,-0.8035476485339116,0.5952404359043674,-0.5000000000000004,0.8660254037844384,9
2024-11-07,2731,7020,422,3.3958333333333335,61.223749999999995,-4.316666666666667,3.8083333333333336,249.125,0.16,103.95416666666667,-0.7931896839451843,0.6089746507720486,-0.5000000000000004,0.8660254037844384,9
2024-11-08,2535,5622,569,5.154166666666667,68.74958333333333,-0.6625,2.0708333333333333,200.08333333333334,0.16,104.19291666666668,-0.7825970017677834,0.6225286602431057,-0.5000000000000004,0.8660254037844384,9
2024-11-09,583,120,560,6.508333333333334,81.485,3.3833333333333333,2.391666666666667,175.79166666666666,0.16,104.42666666666668,-0.7717727365467837,0.6358984534680745,-0.5000000000000004,0.8660254037844384,9
2024-11-10,2431,5839,572,6.354166666666667,79.935,2.7875,3.858333333333334,287.7916666666667,0.16,104.65541666666667,-0.7607200913564104,0.6490800741100398,-0.5000000000000004,0.8660254037844384,9
2024-11-11,2113,4744,720,0.9791666666666666,73.20708333333333,-3.741666666666667,3.9958333333333336,143.625,0.16,104.88083333333333,-0.7494423368521953,0.6620696215153815,-0.5000000000000004,0.8660254037844384,9
2024-11-12,1811,2610,1085,5.829166666666667,71.50083333333333,0.8750000000000001,5.575,180.75,0.16,105.1025,-0.7379428103031386,0.6748632518680403,-0.5000000000000004,0.8660254037844384,9
2024-11-13,2524,6863,384,5.233333333333333,70.27291666666666,-0.3083333333333334,3.4458333333333333,276.5833333333333,0.16,105.32041666666667,-0.7262249146041543,0.6874571793269664,-0.5000000000000004,0.8660254037844384,9
2024-11-14,2468,6825,389,5.083333333333333,63.25958333333333,-1.8333333333333333,2.6999999999999997,208.91666666666666,0.16,105.53208333333333,-0.7142921172691032,0.699847677146407,-0.5000000000000004,0.8660254037844384,9
2024-11-15,1438,1501,1128,5.891666666666667,68.41583333333334,0.3166666666666667,2.858333333333334,164.33333333333334,0.16,105.73958333333333,-0.7021479494046978,0.7120310787787131,-0.5000000000000004,0.8660254037844384,9
2024-11-16,1709,4142,458,3.4250000000000003,87.87124999999999,1.4875,4.395833333333333,236.375,0.16,105.94208333333334,-0.6897960046655887,0.7240037789593305,-0.5000000000000004,0.8660254037844384,9
2024-11-17,2331,6541,417,3.420833333333334,71.33416666666666,-2.075,3.3833333333333333,239.70833333333334,0.16,106.14041666666667,-0.6772399381909491,0.7357622347736527,-0.5000000000000004,0.8660254037844384,9
2024-11-18,1701,3126,712,5.158333333333334,68.6875,-0.5791666666666667,2.125,180.54166666666666,0.16,106.33333333333333,-0.6644834655228552,0.7473029667054297,-0.5000000000000004,0.8660254037844384,9
2024-11-19,833,1327,616,0.4291666666666667,70.39791666666666,-4.595833333333334,9.466666666666667,297.7083333333333,0.335,106.52083333333333,-0.6515303615068021,0.75862255966641,-0.5000000000000004,0.8660254037844384,9
2024-11-20,1366,2655,751,-4.1625000000000005,62.34875,-10.35,9.870833333333334,313.2083333333333,0.7716666666666666,106.70375,-0.6383844591746642,0.769717664006921,-0.5000000000000004,0.8660254037844384,9
2024-11-21,1836,3869,807,-4.2125,64.91958333333334,-9.883333333333333,2.591666666666667,233.54166666666666,0.77375,106.88083333333333,-0.6250496486104377,0.7805849965070866,-0.5000000000000004,0.8660254037844384,9
2024-11-22,1225,1165,983,-1.0541666666666667,69.0275,-6.170833333333333,2.6125000000000003,140.375,0.71875,107.05375,-0.6115298757991053,0.7912213413483807,-0.5000000000000004,0.8660254037844384,9
2024-11-23,652,744,589,-2.966666666666667,65.89333333333333,-8.520833333333334,3.7916666666666665,78.79166666666667,0.7516666666666666,107.22125,-0.5978291414589552,0.801623551065242,-0.5000000000000004,0.8660254037844384,9
2024-11-24,823,545,704,-5.275,67.19,-10.5,4.320833333333334,256.5833333333333,0.6020833333333334,107.38375,-0.5839514998576998,0.8117885474764613,-0.5000000000000004,0.8660254037844384,9
2024-11-25,2188,6769,350,-9.566666666666666,60.663333333333334,-15.875,3.7916666666666665,310.4583333333333,0.17,107.53958333333333,-0.5699010576127624,0.821713322596059,-0.5000000000000004,0.8660254037844384,9
2024-11-26,1318,1868,802,-8.479166666666666,63.572916666666664,-14.254166666666668,1.6083333333333334,112.91666666666667,0.17,107.69166666666666,-0.5556819724760489,0.8313949395234058,-0.5000000000000004,0.8660254037844384,9
2024-11-27,920,756,847,-6.191666666666666,72.81291666666667,-10.295833333333333,2.975,264.4166666666667,0.35375,107.83833333333332,-0.5412984521036173,0.8408305333122887,-0.5000000000000004,0.8660254037844384,9
2024-11-28,1138,1934,817,-10.420833333333333,57.28333333333333,-17.320833333333333,5.025,323.2916666666667,0.8000000000000002,107.97583333333334,-0.5267547528105542,0.8500173118187018,-0.5000000000000004,0.8660254037844384,9
2024-11-29,2120,6127,453,-12.604166666666666,49.76958333333334,-21.045833333333334,2.375,345.875,0.8000000000000002,108.11125,-0.5120551783114646,0.8589525565270845,-0.5000000000000004,0.8660254037844384,9
2024-11-30,1672,2664,931,-11.125,58.99041666666667,-17.587500000000002,1.554166666666667,149.375,0.8000000000000002,108.24083333333334,-0.4972040784469378,0.8676336233547726,-0.5000000000000004,0.8660254037844384,9
2024-12-01,1090,436,993,-10.216666666666667,69.99916666666667,-14.6625,3.858333333333334,232.83333333333334,0.8000000000000002,108.36333333333333,-0.4822058478963526,0.8760579434344281,-2.4492935982947064e-16,1.0,9
2024-12-02,1637,3274,793,-12.883333333333333,69.43458333333334,-17.375,2.6083333333333334,238.125,0.8000000000000002,108.48041666666667,-0.46706492487743034,0.8842230238742036,-2.4492935982947064e-16,1.0,9
2024-12-03,1927,5398,422,-5.254166666666667,80.79583333333333,-8.125,4.304166666666667,248.70833333333334,0.8000000000000002,108.59333333333335,-0.451785789832884,0.8921264484954345,-2.4492935982947064e-16,1.0,9
2024-12-04,2057,6420,400,-9.820833333333335,63.180416666666666,-15.733333333333334,6.941666666666666,331.7916666666667,0.8000000000000002,108.69791666666667,-0.4363729641045924,0.8997658785476209,-2.4492935982947064e-16,1.0,9
2024-12-05,1235,3185,480,-11.049999999999999,57.7725,-17.904166666666665,3.0958333333333337,219.33333333333334,0.7941666666666668,108.79666666666667,-0.42083100859565564,0.9071390534005044,-2.4492935982947064e-16,1.0,9
2024-12-06,1658,4068,583,-1.0666666666666667,87.38541666666667,-3.0124999999999997,2.908333333333333,262.75,0.6020833333333334,108.89208333333333,-0.4051645224207563,0.9142437912130223,-2.4492935982947064e-16,1.0,9
2024-12-07,1297,2119,705,3.204166666666667,79.61125,-0.11666666666666664,3.4583333333333335,269.875,0.17,108.98125,-0.3893781415452015,0.9210779895789526,-2.4492935982947064e-16,1.0,9
2024-12-08,1286,2812,535,3.6958333333333333,74.37791666666666,-0.7166666666666667,5.408333333333334,252.79166666666666,0.17,109.0625,-0.37347653741307074,0.9276396261490467,-2.4492935982947064e-16,1.0,9
2024-12-09,466,81,453,-2.6875,66.50708333333334,-8.216666666666667,6.4125000000000005,320.25,0.17,109.13708333333334,-0.3574644155648614,0.9339267592294762,-2.4492935982947064e-16,1.0,9
2024-12-10,319,629,248,-6.516666666666667,61.70541666666667,-12.716666666666667,5.45,318.125,0.1729166666666667,109.205,-0.34134651424503615,0.9399375283564133,-2.4492935982947064e-16,1.0,9
2024-12-11,1097,2297,699,-16.258333333333333,48.88375,-24.575000000000003,3.7000000000000006,229.29166666666666,0.18000000000000002,109.26583333333333,-0.3251276029999093,0.9456701548465688,-2.4492935982947064e-16,1.0,9
2024-12-12,1552,3782,463,-14.029166666666667,54.26333333333333,-21.36666666666667,2.4458333333333333,125.45833333333333,0.18000000000000002,109.32208333333334,-0.30881248126625377,0.9511229423235357,-2.4492935982947064e-16,1.0,9
2024-12-13,1118,1887,747,-10.620833333333334,65.67666666666666,-15.924999999999999,5.591666666666668,147.0,0.18000000000000002,109.37416666666667,-0.29240597695107734,0.9562942772197719,-2.4492935982947064e-16,1.0,9
2024-12-14,1124,2666,493,-7.254166666666666,84.54,-9.458333333333334,3.6875,162.20833333333334,0.18000000000000002,109.41833333333334,-0.27591294500296043,0.9611826292540837,-2.4492935982947064e-16,1.0,9
2024-12-15,830,1593,487,-3.725,89.89708333333334,-5.191666666666667,3.2083333333333335,213.04166666666666,0.18000000000000002,109.45791666666668,-0.2593382659754056,0.9657865518844574,-2.4492935982947064e-16,1.0,9
2024-12-16,749,767,646,-4.070833333333334,74.87833333333333,-8.0375,5.825,305.6666666666667,0.18000000000000002,109.48958333333333,-0.2426868445825954,0.9701046827361175,-2.4492935982947064e-16,1.0,9
2024-12-17,653,724,576,-7.754166666666666,68.75541666666668,-12.604166666666666,2.1958333333333333,323.0,0.36083333333333334,109.51416666666667,-0.22596360824801906,0.974135744004672,-2.4492935982947064e-16,1.0,9
2024-12-18,728,527,675,-9.179166666666667,60.47833333333333,-15.5625,3.8541666666666665,150.45833333333334,0.8000000000000002,109.53166666666668,-0.20917350564635637,0.9778785428342386,-2.4492935982947064e-16,1.0,9
2024-12-19,1048,1901,622,-10.508333333333333,72.44500000000001,-14.545833333333334,6.770833333333333,316.875,0.8000000000000002,109.545,-0.19232150523909483,0.9813319716704275,-2.4492935982947064e-16,1.0,9
2024-12-20,301,16,298,-12.720833333333333,73.27166666666666,-16.545833333333334,3.879166666666667,152.5,0.8000000000000002,109.55166666666666,-0.17541259380427843,0.9844950085880858,-2.4492935982947064e-16,1.0,9
2024-12-21,1611,4246,664,-6.991666666666667,82.48166666666667,-9.541666666666666,3.2000000000000006,185.04166666666666,0.7941666666666668,109.55166666666668,-0.15845177496083632,0.9873667175937016,-2.4492935982947064e-16,1.0,9
2024-12-22,1163,1038,878,-3.225,93.8075,-4.129166666666667,1.5750000000000002,311.3333333333333,0.7654166666666667,109.54833333333333,-0.14144406768794202,0.9899462489023779,-2.4492935982947064e-16,1.0,9
2024-12-23,1326,2768,613,-2.3041666666666667,93.48166666666667,-3.2708333333333335,2.4875000000000003,180.70833333333334,0.7183333333333333,109.53458333333333,-0.12439450483979998,0.9922328391893008,-2.4492935982947064e-16,1.0,9
2024-12-24,1759,4955,439,-0.23333333333333336,93.78583333333334,-1.1708333333333334,3.1166666666666667,201.375,0.54125,109.51666666666667,-0.10730813165636247,0.9942258118156161,-2.4492935982947064e-16,1.0,9
2024-12-25,878,908,756,-0.18333333333333335,91.98375,-1.3583333333333334,4.195833333333334,182.83333333333334,0.32583333333333336,109.49291666666666,-0.09019000427034513,0.9959245770286599,-2.4492935982947064e-16,1.0,9
2024-12-26,1842,5902,367,-0.5666666666666667,82.49875,-3.3874999999999997,3.35,190.79166666666666,0.5341666666666667,109.46166666666666,-0.07304518821104743,0.9973286321364752,-2.4492935982947064e-16,1.0,9
2024-12-27,1732,5590,312,0.9333333333333335,87.86791666666666,-0.9125,2.704166666666667,227.95833333333334,0.18000000000000002,109.42333333333333,-0.05587875690537313,0.9984375616565666,-2.4492935982947064e-16,1.0,9
2024-12-28,1558,3986,551,0.8208333333333334,73.92916666666666,-3.5125000000000006,2.279166666666667,241.54166666666666,0.18000000000000002,109.37958333333334,-0.03869579017652689,0.9992510374388481,-2.4492935982947064e-16,1.0,9
2024-12-29,1775,5866,302,0.7625000000000001,92.31708333333334,-0.39999999999999997,1.3333333333333333,220.58333333333334,0.18000000000000002,109.33083333333333,-0.021501372740813793,0.999768818762748,-2.4492935982947064e-16,1.0,9
2024-12-30,774,160,729,-2.479166666666667,84.83,-4.766666666666667,4.0875,272.7083333333333,0.18000000000000002,109.27333333333333,-0.004300592702981974,0.9999907524084426,-2.4492935982947064e-16,1.0,9
2024-12-31,591,103,573,-6.741666666666667,72.5925,-11.0375,4.7,272.5416666666667,0.36083333333333334,109.23708333333333,0.012901459949419653,0.9999167727021953,-2.4492935982947064e-16,1.0,8
